forecast_id,forecast_kst_dtm,kpx_group_1,kpx_group_2,kpx_group_3
forecast_0001,2025-01-01 1:00,18199.076,19459.611,16308.18
forecast_0002,2025-01-01 2:00,18140.346,19473.033,16257.505
forecast_0003,2025-01-01 3:00,18166.79,19565.613,16085.638
forecast_0004,2025-01-01 4:00,17976.062,19195.486,15849.8545
forecast_0005,2025-01-01 5:00,17618.45,18932.03,15402.586
forecast_0006,2025-01-01 6:00,17127.768,18466.865,14862.271
forecast_0007,2025-01-01 7:00,16333.736,17709.05,13792.491
forecast_0008,2025-01-01 8:00,15451.928,16869.22,13051.714
forecast_0009,2025-01-01 9:00,14867.377,15576.032,12623.689
forecast_0010,2025-01-01 10:00,15531.895,15702.644,13175.506
forecast_0011,2025-01-01 11:00,15358.034,15972.108,13157.331
forecast_0012,2025-01-01 12:00,15073.593,15357.009,12971.532
forecast_0013,2025-01-01 13:00,15275.756,15175.734,12886.314
forecast_0014,2025-01-01 14:00,15101.186,15206.532,12726.243
forecast_0015,2025-01-01 15:00,14525.565,14915.837,12153.523
forecast_0016,2025-01-01 16:00,14671.803,14683.658,11939.6455
forecast_0017,2025-01-01 17:00,14260.238,14338.063,11642.18
forecast_0018,2025-01-01 18:00,14353.331,15004.507,11982.315
forecast_0019,2025-01-01 19:00,14053.726,15194.958,11450.021
forecast_0020,2025-01-01 20:00,15038.433,15886.237,12501.661
forecast_0021,2025-01-01 21:00,15782.3545,16467.729,13033.713
forecast_0022,2025-01-01 22:00,15829.665,16819.92,13175.635
forecast_0023,2025-01-01 23:00,16172.337,17150.037,13384.83
forecast_0024,2025-01-02 0:00,15768.842,16834.377,12851.707
forecast_0025,2025-01-02 1:00,14433.475,15756.135,10607.212
forecast_0026,2025-01-02 2:00,13642.464,15173.7295,10405.123
forecast_0027,2025-01-02 3:00,12822.307,14483.269,10246.064
forecast_0028,2025-01-02 4:00,12184.882,13685.523,9756.318
forecast_0029,2025-01-02 5:00,11543.423,12608.535,8592.944
forecast_0030,2025-01-02 6:00,10255.812,11066.432,7814.4927
forecast_0031,2025-01-02 7:00,9843.08,10075.426,7295.708
forecast_0032,2025-01-02 8:00,8661.954,9258.223,6245.1553
forecast_0033,2025-01-02 9:00,7604.372,7936.071,4921.619
forecast_0034,2025-01-02 10:00,5693.8237,5958.294,4295.854499999998
forecast_0035,2025-01-02 11:00,4711.625,5115.1997,3987.3126999999977
forecast_0036,2025-01-02 12:00,5241.7905,5586.6875,4826.994099999998
forecast_0037,2025-01-02 13:00,5628.9233,5696.495,4845.807599999998
forecast_0038,2025-01-02 14:00,6828.6733,5910.0054,4745.462999999998
forecast_0039,2025-01-02 15:00,7831.179,6957.3667,4607.5776
forecast_0040,2025-01-02 16:00,9289.778,8101.324,5747.606
forecast_0041,2025-01-02 17:00,10163.488,8845.177,6167.227
forecast_0042,2025-01-02 18:00,11396.583,10955.7295,8437.11
forecast_0043,2025-01-02 19:00,12174.769,11956.913,9372.9
forecast_0044,2025-01-02 20:00,12272.333,12541.204,9379.487
forecast_0045,2025-01-02 21:00,12718.085,13124.142,10123.671
forecast_0046,2025-01-02 22:00,12874.775,13832.401,10596.18
forecast_0047,2025-01-02 23:00,13128.384,14148.524,11064.39
forecast_0048,2025-01-03 0:00,13734.598,15004.43,12055.1875
forecast_0049,2025-01-03 1:00,13414.486,14529.124,11378.255
forecast_0050,2025-01-03 2:00,14023.957,15136.307,11958.066
forecast_0051,2025-01-03 3:00,13863.604,14699.705,11878.632
forecast_0052,2025-01-03 4:00,13875.998,14620.79,11806.599
forecast_0053,2025-01-03 5:00,13918.287,14393.213,11572.246
forecast_0054,2025-01-03 6:00,13873.955,14032.446,10946.353
forecast_0055,2025-01-03 7:00,13235.312,13613.552,10491.204
forecast_0056,2025-01-03 8:00,13159.3,13789.691,10868.657
forecast_0057,2025-01-03 9:00,12805.442,12731.213,9625.545
forecast_0058,2025-01-03 10:00,12292.76,12338.203,9312.853
forecast_0059,2025-01-03 11:00,12295.869,11561.041,8961.839
forecast_0060,2025-01-03 12:00,12065.511,10841.674,8370.026
forecast_0061,2025-01-03 13:00,12399.547,11100.426,8979.386
forecast_0062,2025-01-03 14:00,12901.115,12553.4795,9585.76
forecast_0063,2025-01-03 15:00,13254.344,13072.123,10110.76
forecast_0064,2025-01-03 16:00,13849.937,13737.652,11485.132
forecast_0065,2025-01-03 17:00,13602.209,13467.404,10651.744
forecast_0066,2025-01-03 18:00,11821.351,11790.81,9915.336
forecast_0067,2025-01-03 19:00,12425.246,12722.363,10474.1875
forecast_0068,2025-01-03 20:00,13672.888,13976.549,11759.391
forecast_0069,2025-01-03 21:00,13841.421,13970.088,12362.432
forecast_0070,2025-01-03 22:00,13920.399,14260.409,12777.477
forecast_0071,2025-01-03 23:00,14051.848,14412.568,12652.588
forecast_0072,2025-01-04 0:00,13378.709,14153.786,11799.363
forecast_0073,2025-01-04 1:00,15358.149,15905.191,13332.358
forecast_0074,2025-01-04 2:00,15422.515,16340.878,13339.415
forecast_0075,2025-01-04 3:00,15249.522,15901.162,13085.289
forecast_0076,2025-01-04 4:00,15697.082,16470.125,13132.172
forecast_0077,2025-01-04 5:00,15995.525,17084.73,13474.459
forecast_0078,2025-01-04 6:00,16520.781,17529.729,13086.777
forecast_0079,2025-01-04 7:00,16112.486,17102.506,12756.14
forecast_0080,2025-01-04 8:00,15000.048,16045.13,12014.89
forecast_0081,2025-01-04 9:00,14387.303,15072.41,11662.49
forecast_0082,2025-01-04 10:00,12381.184,13325.454,9906.037
forecast_0083,2025-01-04 11:00,10533.428,12027.406,8881.113
forecast_0084,2025-01-04 12:00,11927.966,12935.428,9994.536
forecast_0085,2025-01-04 13:00,13050.644,13297.456,10305.562
forecast_0086,2025-01-04 14:00,13093.284,13308.3,10362.285
forecast_0087,2025-01-04 15:00,12749.991,12133.197,9932.806
forecast_0088,2025-01-04 16:00,12840.739,12322.212,9655.158
forecast_0089,2025-01-04 17:00,12463.5205,12637.976,10172.971
forecast_0090,2025-01-04 18:00,14121.842,15000.758,11790.832
forecast_0091,2025-01-04 19:00,14305.375,15477.685,12013.522
forecast_0092,2025-01-04 20:00,14879.987,16280.012,12691.211
forecast_0093,2025-01-04 21:00,15707.07,17026.254,13628.101
forecast_0094,2025-01-04 22:00,17340.375,18240.47,15009.984
forecast_0095,2025-01-04 23:00,17960.87,18827.846,15965.052
forecast_0096,2025-01-05 0:00,17462.848,18100.549,14941.226
forecast_0097,2025-01-05 1:00,16882.162,17877.287,13510.023
forecast_0098,2025-01-05 2:00,16613.48,17299.473,13132.469
forecast_0099,2025-01-05 3:00,15598.954,16714.44,12184.723
forecast_0100,2025-01-05 4:00,15245.399,16776.445,12035.975
forecast_0101,2025-01-05 5:00,13832.938,15455.644,11110.703
forecast_0102,2025-01-05 6:00,12747.843,14667.102,10106.047
forecast_0103,2025-01-05 7:00,11881.978,13570.552,9724.415
forecast_0104,2025-01-05 8:00,13112.641,15148.156,11167.9795
forecast_0105,2025-01-05 9:00,13787.517,15756.863,12568.913
forecast_0106,2025-01-05 10:00,14353.626,16082.158,13831.386
forecast_0107,2025-01-05 11:00,17154.758,18091.14,15768.84
forecast_0108,2025-01-05 12:00,17122.588,18651.863,15844.229
forecast_0109,2025-01-05 13:00,15990.963,17618.1,15533.7
forecast_0110,2025-01-05 14:00,13633.07,15386.948,13540.086
forecast_0111,2025-01-05 15:00,12761.264,14697.767,12371.772
forecast_0112,2025-01-05 16:00,11323.589,13953.898,10812.556
forecast_0113,2025-01-05 17:00,9919.213,12788.1875,9665.421
forecast_0114,2025-01-05 18:00,10295.528,13312.011,10307.112
forecast_0115,2025-01-05 19:00,12308.15,13568.931,10574.04
forecast_0116,2025-01-05 20:00,13111.616,14392.999,11946.692
forecast_0117,2025-01-05 21:00,13350.351,14171.198,12034.711
forecast_0118,2025-01-05 22:00,13464.792,14208.013,11772.831
forecast_0119,2025-01-05 23:00,12655.818,13701.877,10868.975
forecast_0120,2025-01-06 0:00,12047.924,13517.774,10500.103
forecast_0121,2025-01-06 1:00,11310.033,12300.239,9656.405
forecast_0122,2025-01-06 2:00,11524.996,12527.163,9699.637
forecast_0123,2025-01-06 3:00,11457.867,12375.83,8924.482
forecast_0124,2025-01-06 4:00,10110.927,11141.005,7802.8535
forecast_0125,2025-01-06 5:00,7804.6323,7850.7207,4609.6846
forecast_0126,2025-01-06 6:00,5814.538,6806.3433,4800.987799999998
forecast_0127,2025-01-06 7:00,5207.512999999998,4794.130399999999,3401.6269999999977
forecast_0128,2025-01-06 8:00,4365.2324,5154.4346,4255.074699999998
forecast_0129,2025-01-06 9:00,4923.589799999998,4373.088599999999,3159.453099999998
forecast_0130,2025-01-06 10:00,4579.705,4890.365,4242.188999999998
forecast_0131,2025-01-06 11:00,5574.2593,5867.245,5065.469699999998
forecast_0132,2025-01-06 12:00,6105.896,6395.776,5015.9575
forecast_0133,2025-01-06 13:00,7433.7646,7585.356,5815.3696
forecast_0134,2025-01-06 14:00,7245.9556,6811.186,5704.2363
forecast_0135,2025-01-06 15:00,8520.67,8239.287,6605.918
forecast_0136,2025-01-06 16:00,9773.359,9325.147,8039.1787
forecast_0137,2025-01-06 17:00,10613.605,10497.203,9191.915
forecast_0138,2025-01-06 18:00,11833.792,12109.292,10304.572
forecast_0139,2025-01-06 19:00,12930.413,13640.566,12123.567
forecast_0140,2025-01-06 20:00,13331.161,14396.094,12750.205
forecast_0141,2025-01-06 21:00,13255.607,14667.271,12955.971
forecast_0142,2025-01-06 22:00,13897.476,15303.452,13588.526
forecast_0143,2025-01-06 23:00,14567.8125,16158.403,14163.149
forecast_0144,2025-01-07 0:00,15804.694,17166.469,15261.784
forecast_0145,2025-01-07 1:00,17301.16,18057.42,15687.332
forecast_0146,2025-01-07 2:00,17617.86,18677.158,15886.124
forecast_0147,2025-01-07 3:00,17435.58,18548.73,15818.053
forecast_0148,2025-01-07 4:00,17377.021,18371.865,15719.247
forecast_0149,2025-01-07 5:00,17014.428,17579.182,15365.162
forecast_0150,2025-01-07 6:00,16857.0,17525.537,14941.193
forecast_0151,2025-01-07 7:00,17154.316,18037.271,14959.923
forecast_0152,2025-01-07 8:00,17294.23,18958.506,15108.889
forecast_0153,2025-01-07 9:00,17024.842,18946.258,15754.372
forecast_0154,2025-01-07 10:00,17143.338,18698.602,15305.98
forecast_0155,2025-01-07 11:00,17087.521,18785.361,15340.382
forecast_0156,2025-01-07 12:00,16658.402,18401.934,14540.722
forecast_0157,2025-01-07 13:00,16456.965,17581.371,14382.181
forecast_0158,2025-01-07 14:00,16335.577,17399.232,14103.286
forecast_0159,2025-01-07 15:00,16515.467,17184.139,14291.881
forecast_0160,2025-01-07 16:00,16583.09,16949.043,14393.46
forecast_0161,2025-01-07 17:00,16441.47,17821.848,14933.591
forecast_0162,2025-01-07 18:00,17155.416,18474.64,15669.889
forecast_0163,2025-01-07 19:00,17094.156,18540.658,16006.095
forecast_0164,2025-01-07 20:00,17581.434,19041.385,16158.748
forecast_0165,2025-01-07 21:00,17551.176,19026.086,16312.784
forecast_0166,2025-01-07 22:00,17727.77,19173.43,16373.263
forecast_0167,2025-01-07 23:00,17552.541,19309.197,16273.107
forecast_0168,2025-01-08 0:00,16659.781,19022.123,16100.525
forecast_0169,2025-01-08 1:00,16639.418,18872.96,16081.786
forecast_0170,2025-01-08 2:00,16578.732,18277.879,15698.438
forecast_0171,2025-01-08 3:00,16218.53,17899.338,15150.858
forecast_0172,2025-01-08 4:00,16369.869,17888.541,14426.28
forecast_0173,2025-01-08 5:00,16101.785,17653.088,14012.721
forecast_0174,2025-01-08 6:00,15572.423,17433.096,14089.9
forecast_0175,2025-01-08 7:00,15248.313,16967.457,14257.124
forecast_0176,2025-01-08 8:00,15578.609,17790.236,14562.842
forecast_0177,2025-01-08 9:00,16237.1045,18196.002,15314.322
forecast_0178,2025-01-08 10:00,16322.537,18093.79,14636.352
forecast_0179,2025-01-08 11:00,16306.592,18316.312,15250.444
forecast_0180,2025-01-08 12:00,17292.256,18764.508,15928.199
forecast_0181,2025-01-08 13:00,17110.217,18454.113,15692.116
forecast_0182,2025-01-08 14:00,17026.674,18221.055,15689.644
forecast_0183,2025-01-08 15:00,16932.045,18114.299,15579.553
forecast_0184,2025-01-08 16:00,16695.344,17856.021,15570.293
forecast_0185,2025-01-08 17:00,16529.402,17411.48,15523.556
forecast_0186,2025-01-08 18:00,16237.309,17233.234,15565.761
forecast_0187,2025-01-08 19:00,16187.345,17356.945,15703.535
forecast_0188,2025-01-08 20:00,16129.818,17823.303,15664.481
forecast_0189,2025-01-08 21:00,15891.193,17471.79,15510.225
forecast_0190,2025-01-08 22:00,15586.397,17613.793,15840.14
forecast_0191,2025-01-08 23:00,15483.497,17319.508,15545.971
forecast_0192,2025-01-09 0:00,15563.084,17411.717,15613.038
forecast_0193,2025-01-09 1:00,14279.63,16668.145,15139.572
forecast_0194,2025-01-09 2:00,14207.042,16484.555,14150.787
forecast_0195,2025-01-09 3:00,14152.799,16194.468,13900.558
forecast_0196,2025-01-09 4:00,14628.641,16618.555,13669.739
forecast_0197,2025-01-09 5:00,14115.072,17088.66,13375.757
forecast_0198,2025-01-09 6:00,14023.398,17105.771,13532.181
forecast_0199,2025-01-09 7:00,14505.556,16236.528,13479.888
forecast_0200,2025-01-09 8:00,13903.666,15633.009,13711.93
forecast_0201,2025-01-09 9:00,14048.8955,15897.852,13751.41
forecast_0202,2025-01-09 10:00,15073.135,16669.041,13788.569
forecast_0203,2025-01-09 11:00,15226.626,16994.299,13455.658
forecast_0204,2025-01-09 12:00,15449.894,17360.32,13064.559
forecast_0205,2025-01-09 13:00,15406.578,17275.588,13691.634
forecast_0206,2025-01-09 14:00,15582.174,16960.45,13601.7705
forecast_0207,2025-01-09 15:00,15809.92,16435.4,13067.424
forecast_0208,2025-01-09 16:00,15358.229,15576.742,12477.941
forecast_0209,2025-01-09 17:00,15506.072,15392.113,12276.106
forecast_0210,2025-01-09 18:00,15497.134,15605.409,11151.811
forecast_0211,2025-01-09 19:00,14837.198,15326.064,10546.608
forecast_0212,2025-01-09 20:00,14247.719,14786.986,9561.663
forecast_0213,2025-01-09 21:00,14674.552,16037.742,10299.838
forecast_0214,2025-01-09 22:00,17907.074,18381.594,10811.252
forecast_0215,2025-01-09 23:00,18877.037,19412.248,11798.569
forecast_0216,2025-01-10 0:00,19470.293,19927.19,12407.95
forecast_0217,2025-01-10 1:00,13857.058,13560.519,10511.613
forecast_0218,2025-01-10 2:00,15070.488,15267.262,11334.856
forecast_0219,2025-01-10 3:00,16804.826,17037.312,11464.969
forecast_0220,2025-01-10 4:00,18759.482,18351.373,12961.861
forecast_0221,2025-01-10 5:00,19052.254,18712.47,13245.629
forecast_0222,2025-01-10 6:00,18323.58,17894.658,13319.036
forecast_0223,2025-01-10 7:00,16392.975,15595.514,11621.866
forecast_0224,2025-01-10 8:00,13999.21,12321.977,10267.869
forecast_0225,2025-01-10 9:00,12428.4795,9995.912,9359.827
forecast_0226,2025-01-10 10:00,8723.329,6431.884,6081.0317
forecast_0227,2025-01-10 11:00,5243.1807,4855.569999999999,3903.232399999998
forecast_0228,2025-01-10 12:00,5299.361799999999,3987.748299999999,2920.458999999998
forecast_0229,2025-01-10 13:00,4504.239499999998,3585.515599999999,2871.290299999998
forecast_0230,2025-01-10 14:00,4949.970199999998,4153.788299999999,3381.7353999999978
forecast_0231,2025-01-10 15:00,4687.1934,4512.203,4585.331799999998
forecast_0232,2025-01-10 16:00,5127.7915,4911.6743,4977.905299999998
forecast_0233,2025-01-10 17:00,6586.4316,5633.3535,4408.2056
forecast_0234,2025-01-10 18:00,8306.873,7242.397,7306.918
forecast_0235,2025-01-10 19:00,9125.818,8998.431,8312.597
forecast_0236,2025-01-10 20:00,9942.898,9219.485,8779.948
forecast_0237,2025-01-10 21:00,9618.243,8998.792,8605.581
forecast_0238,2025-01-10 22:00,9202.642,8583.348,8469.239
forecast_0239,2025-01-10 23:00,9197.762,8566.164,8412.615
forecast_0240,2025-01-11 0:00,9907.447,8992.458,8821.327
forecast_0241,2025-01-11 1:00,9725.715,8903.951,8534.1455
forecast_0242,2025-01-11 2:00,9234.6875,8621.409,7946.231
forecast_0243,2025-01-11 3:00,9309.518,8516.788,7892.8213
forecast_0244,2025-01-11 4:00,10773.003,9802.868,8877.396
forecast_0245,2025-01-11 5:00,10056.202,9025.482,8437.896
forecast_0246,2025-01-11 6:00,7633.2217,6889.5747,6508.505
forecast_0247,2025-01-11 7:00,6286.7075,5768.728,5253.0176
forecast_0248,2025-01-11 8:00,7039.0103,6016.768,5538.0806
forecast_0249,2025-01-11 9:00,6962.8076,6088.4487,5598.992
forecast_0250,2025-01-11 10:00,5459.6978,4957.6523,3796.957299999998
forecast_0251,2025-01-11 11:00,5428.257999999998,4492.403599999999,2925.060699999998
forecast_0252,2025-01-11 12:00,4518.126199999999,3517.6283999999987,2597.8621999999978
forecast_0253,2025-01-11 13:00,4277.851999999998,3518.4228999999987,2782.4379999999983
forecast_0254,2025-01-11 14:00,4184.784699999998,3429.9589999999985,2830.361499999998
forecast_0255,2025-01-11 15:00,4333.302699999998,3596.6635999999985,2832.099499999998
forecast_0256,2025-01-11 16:00,4594.426799999998,3739.4066999999986,2952.734099999998
forecast_0257,2025-01-11 17:00,4727.218,4858.230499999999,3959.1686999999984
forecast_0258,2025-01-11 18:00,7304.661,6520.687,5827.7764
forecast_0259,2025-01-11 19:00,9620.601,8993.323,7510.581
forecast_0260,2025-01-11 20:00,10328.512,9839.321,8523.255
forecast_0261,2025-01-11 21:00,10734.793,10112.321,8698.82
forecast_0262,2025-01-11 22:00,11192.193,10557.236,9018.628
forecast_0263,2025-01-11 23:00,12487.71,12675.963,9772.29
forecast_0264,2025-01-12 0:00,13674.957,13541.497,10871.357
forecast_0265,2025-01-12 1:00,10145.213,10043.15,7831.665
forecast_0266,2025-01-12 2:00,10752.8,11028.441,8352.846
forecast_0267,2025-01-12 3:00,12148.886,12812.6,9258.319
forecast_0268,2025-01-12 4:00,13638.933,14284.196,10620.057
forecast_0269,2025-01-12 5:00,14383.147,15224.468,10942.603
forecast_0270,2025-01-12 6:00,14939.429,15633.222,11163.414
forecast_0271,2025-01-12 7:00,15167.746,15797.847,11312.535
forecast_0272,2025-01-12 8:00,15315.461,15979.901,11904.858
forecast_0273,2025-01-12 9:00,15837.864,16485.848,11856.371
forecast_0274,2025-01-12 10:00,14673.129,15797.313,11012.215
forecast_0275,2025-01-12 11:00,12956.248,14602.745,10112.203
forecast_0276,2025-01-12 12:00,11556.834,13099.803,9259.365
forecast_0277,2025-01-12 13:00,11967.925,12816.017,8846.674
forecast_0278,2025-01-12 14:00,12974.336,13683.395,10407.149
forecast_0279,2025-01-12 15:00,12770.928,13824.464,10345.272
forecast_0280,2025-01-12 16:00,13237.557,14115.361,10555.534
forecast_0281,2025-01-12 17:00,14021.311,14619.901,10916.346
forecast_0282,2025-01-12 18:00,14475.081,14931.231,11331.385
forecast_0283,2025-01-12 19:00,14790.407,15311.807,11891.095
forecast_0284,2025-01-12 20:00,15544.237,16476.818,12128.247
forecast_0285,2025-01-12 21:00,16068.663,17170.264,12658.775
forecast_0286,2025-01-12 22:00,16047.763,16843.43,12785.567
forecast_0287,2025-01-12 23:00,16065.774,16357.618,12868.171
forecast_0288,2025-01-13 0:00,17668.006,17937.02,14246.749
forecast_0289,2025-01-13 1:00,17374.21,17907.334,15158.614
forecast_0290,2025-01-13 2:00,18522.438,18857.014,15805.715
forecast_0291,2025-01-13 3:00,19222.357,19656.924,16208.432
forecast_0292,2025-01-13 4:00,20024.916,20220.67,16815.19
forecast_0293,2025-01-13 5:00,20733.957,20313.436,17008.145
forecast_0294,2025-01-13 6:00,20846.582,20519.469,17103.064
forecast_0295,2025-01-13 7:00,20724.002,20486.904,17788.674
forecast_0296,2025-01-13 8:00,20249.703,20080.273,16629.793
forecast_0297,2025-01-13 9:00,20001.832,20358.752,17031.777
forecast_0298,2025-01-13 10:00,19144.4,20092.602,16727.09
forecast_0299,2025-01-13 11:00,18691.506,19859.178,16523.455
forecast_0300,2025-01-13 12:00,16112.396,17999.137,14750.787
forecast_0301,2025-01-13 13:00,14226.945,15734.056,13126.654
forecast_0302,2025-01-13 14:00,13749.997,14963.372,12252.229
forecast_0303,2025-01-13 15:00,13992.052,15001.086,12366.182
forecast_0304,2025-01-13 16:00,14224.009,15123.964,13068.41
forecast_0305,2025-01-13 17:00,14418.016,14770.281,12340.229
forecast_0306,2025-01-13 18:00,13210.923,13601.3125,10809.384
forecast_0307,2025-01-13 19:00,13893.754,14206.356,12095.266
forecast_0308,2025-01-13 20:00,15676.647,16538.512,14106.913
forecast_0309,2025-01-13 21:00,15573.489,16564.562,14299.541
forecast_0310,2025-01-13 22:00,17050.803,18082.666,15621.332
forecast_0311,2025-01-13 23:00,17576.365,18408.59,15984.166
forecast_0312,2025-01-14 0:00,18133.316,19003.482,16180.583
forecast_0313,2025-01-14 1:00,17864.156,18876.025,16343.947
forecast_0314,2025-01-14 2:00,17417.44,19116.176,16364.053
forecast_0315,2025-01-14 3:00,17718.062,18893.127,16121.2705
forecast_0316,2025-01-14 4:00,17967.95,19029.635,15879.764
forecast_0317,2025-01-14 5:00,18429.254,19191.463,16055.361
forecast_0318,2025-01-14 6:00,18573.293,19352.549,16210.359
forecast_0319,2025-01-14 7:00,18183.25,19215.268,16245.949
forecast_0320,2025-01-14 8:00,18129.33,18934.205,15951.861
forecast_0321,2025-01-14 9:00,18084.955,18698.705,15619.259
forecast_0322,2025-01-14 10:00,17396.422,18107.248,15559.031
forecast_0323,2025-01-14 11:00,16316.626,17093.633,15227.51
forecast_0324,2025-01-14 12:00,15747.462,16505.521,14782.816
forecast_0325,2025-01-14 13:00,15429.947,15819.374,13947.904
forecast_0326,2025-01-14 14:00,14789.579,15114.196,12974.275
forecast_0327,2025-01-14 15:00,14359.235,14499.501,12120.349
forecast_0328,2025-01-14 16:00,13702.851,13644.617,11601.526
forecast_0329,2025-01-14 17:00,13208.715,13399.986,10753.568
forecast_0330,2025-01-14 18:00,12889.446,13296.314,10539.979
forecast_0331,2025-01-14 19:00,12943.484,13632.317,10688.251
forecast_0332,2025-01-14 20:00,13306.894,13706.558,10879.58
forecast_0333,2025-01-14 21:00,13998.853,14735.455,12106.517
forecast_0334,2025-01-14 22:00,15068.268,15598.293,13405.042
forecast_0335,2025-01-14 23:00,15516.46,15841.358,12995.519
forecast_0336,2025-01-15 0:00,15752.301,16168.396,13027.481
forecast_0337,2025-01-15 1:00,15366.838,15466.676,13108.8125
forecast_0338,2025-01-15 2:00,14805.551,14822.735,11729.4375
forecast_0339,2025-01-15 3:00,13421.225,12691.542,9990.637
forecast_0340,2025-01-15 4:00,12716.809,12223.77,9818.255
forecast_0341,2025-01-15 5:00,13149.995,12952.039,10099.234
forecast_0342,2025-01-15 6:00,13853.499,13953.627,10780.029
forecast_0343,2025-01-15 7:00,14633.355,15859.6045,11948.186
forecast_0344,2025-01-15 8:00,14415.232,15052.918,11429.739
forecast_0345,2025-01-15 9:00,14534.753,15327.936,12300.557
forecast_0346,2025-01-15 10:00,13786.295,14041.606,10793.441
forecast_0347,2025-01-15 11:00,13515.347,13853.745,11206.59
forecast_0348,2025-01-15 12:00,13461.923,13530.109,10747.359
forecast_0349,2025-01-15 13:00,13157.667,13197.536,10552.591
forecast_0350,2025-01-15 14:00,12596.353,12416.997,9935.59
forecast_0351,2025-01-15 15:00,12043.797,11978.527,9627.578
forecast_0352,2025-01-15 16:00,12207.715,12476.96,10005.305
forecast_0353,2025-01-15 17:00,13539.969,14204.816,11368.369
forecast_0354,2025-01-15 18:00,15172.203,15659.831,12950.871
forecast_0355,2025-01-15 19:00,15624.339,16221.088,13647.73
forecast_0356,2025-01-15 20:00,16352.017,17010.201,14192.539
forecast_0357,2025-01-15 21:00,17283.197,18434.938,15684.821
forecast_0358,2025-01-15 22:00,18064.105,19546.412,16300.33
forecast_0359,2025-01-15 23:00,18580.594,19852.23,16545.973
forecast_0360,2025-01-16 0:00,18996.986,20180.783,16617.537
forecast_0361,2025-01-16 1:00,18969.127,20095.344,16358.8955
forecast_0362,2025-01-16 2:00,19732.105,20710.2,16832.098
forecast_0363,2025-01-16 3:00,20557.932,20960.39,17236.908
forecast_0364,2025-01-16 4:00,20778.115,20998.281,17506.232
forecast_0365,2025-01-16 5:00,20505.908,21026.95,17484.326
forecast_0366,2025-01-16 6:00,20685.328,20717.262,17005.406
forecast_0367,2025-01-16 7:00,20807.512,20996.406,17362.287
forecast_0368,2025-01-16 8:00,20981.697,20959.525,17791.941
forecast_0369,2025-01-16 9:00,20522.42,21096.803,18059.752
forecast_0370,2025-01-16 10:00,19637.705,20710.832,17571.525
forecast_0371,2025-01-16 11:00,19391.793,20360.352,16898.842
forecast_0372,2025-01-16 12:00,18512.123,19736.633,16418.309
forecast_0373,2025-01-16 13:00,17644.0,18685.203,15931.107
forecast_0374,2025-01-16 14:00,17309.37,17880.713,15249.94
forecast_0375,2025-01-16 15:00,17199.502,17713.646,15549.124
forecast_0376,2025-01-16 16:00,17252.512,17965.873,15368.131
forecast_0377,2025-01-16 17:00,17627.94,18627.297,16075.972
forecast_0378,2025-01-16 18:00,18130.43,19321.602,16170.217
forecast_0379,2025-01-16 19:00,16774.266,17704.729,14601.081
forecast_0380,2025-01-16 20:00,13927.69,14530.3125,10963.257
forecast_0381,2025-01-16 21:00,11275.371,12189.505,9070.51
forecast_0382,2025-01-16 22:00,10369.417,11195.646,8119.5757
forecast_0383,2025-01-16 23:00,8159.4595,8510.394,5753.02
forecast_0384,2025-01-17 0:00,5361.8657,4845.466,3996.941999999998
forecast_0385,2025-01-17 1:00,3653.936499999998,2752.3509999999987,2543.9214999999976
forecast_0386,2025-01-17 2:00,3021.5567999999985,2267.740199999999,2262.861799999998
forecast_0387,2025-01-17 3:00,2966.519699999998,2384.846999999999,2164.004399999998
forecast_0388,2025-01-17 4:00,3091.826399999998,2434.1366999999987,2251.404199999998
forecast_0389,2025-01-17 5:00,3092.196499999998,2499.160199999999,2222.251499999998
forecast_0390,2025-01-17 6:00,3044.631199999998,2485.478499999999,2203.963599999998
forecast_0391,2025-01-17 7:00,3154.372099999998,2490.604699999999,2209.437299999998
forecast_0392,2025-01-17 8:00,3275.1273999999985,2585.795299999999,2318.9016999999976
forecast_0393,2025-01-17 9:00,3080.059199999998,2445.3349999999987,2249.450699999998
forecast_0394,2025-01-17 10:00,2687.9145999999982,2234.893599999999,996.1151
forecast_0395,2025-01-17 11:00,2690.656699999998,2355.912399999999,2123.408599999998
forecast_0396,2025-01-17 12:00,2695.6454999999983,2333.316399999999,989.9686
forecast_0397,2025-01-17 13:00,2932.156199999998,2380.7893999999987,2188.294199999998
forecast_0398,2025-01-17 14:00,3253.476999999998,2512.675699999999,2373.954699999998
forecast_0399,2025-01-17 15:00,3714.388199999998,2985.9623999999985,2648.957899999998
forecast_0400,2025-01-17 16:00,5301.830799999998,4346.109099999999,3260.144299999998
forecast_0401,2025-01-17 17:00,6771.082,6286.0864,4891.000699999998
forecast_0402,2025-01-17 18:00,9268.183,9330.522,7359.2383
forecast_0403,2025-01-17 19:00,11054.228,11586.731,9209.256
forecast_0404,2025-01-17 20:00,12391.423,12715.896,9933.581
forecast_0405,2025-01-17 21:00,14098.946,13956.025,10424.577
forecast_0406,2025-01-17 22:00,14435.309,14215.002,10720.362
forecast_0407,2025-01-17 23:00,14665.634,14108.69,10458.97
forecast_0408,2025-01-18 0:00,15240.91,14298.178,11003.03
forecast_0409,2025-01-18 1:00,13339.847,11758.926,9366.985
forecast_0410,2025-01-18 2:00,13720.265,12402.745,9460.117
forecast_0411,2025-01-18 3:00,15144.425,13862.661,10398.454
forecast_0412,2025-01-18 4:00,17154.83,15937.035,12058.269
forecast_0413,2025-01-18 5:00,17674.863,16197.962,12246.632
forecast_0414,2025-01-18 6:00,16215.126,14519.578,10838.295
forecast_0415,2025-01-18 7:00,14549.713,12871.066,9065.182
forecast_0416,2025-01-18 8:00,11225.96,9362.759,6101.264
forecast_0417,2025-01-18 9:00,7195.311,5442.4062,3712.8021999999983
forecast_0418,2025-01-18 10:00,5738.98,4449.885,3139.776399999998
forecast_0419,2025-01-18 11:00,5133.9053,4727.2515,3558.371299999998
forecast_0420,2025-01-18 12:00,5629.4243,5563.699,4507.153599999998
forecast_0421,2025-01-18 13:00,4699.338,4627.525,3679.5319999999983
forecast_0422,2025-01-18 14:00,5295.9164999999975,4368.530499999999,3279.868699999998
forecast_0423,2025-01-18 15:00,5387.621999999998,4633.395299999999,3350.378999999998
forecast_0424,2025-01-18 16:00,5139.468,5268.9976,4253.503399999998
forecast_0425,2025-01-18 17:00,10179.475,9967.325,7869.1553
forecast_0426,2025-01-18 18:00,13832.992,14172.543,10549.669
forecast_0427,2025-01-18 19:00,16252.508,16499.666,13159.608
forecast_0428,2025-01-18 20:00,17667.4,17907.78,14706.455
forecast_0429,2025-01-18 21:00,18426.57,19060.66,15455.127
forecast_0430,2025-01-18 22:00,18639.555,19340.898,15430.861
forecast_0431,2025-01-18 23:00,18167.102,18841.352,14583.402
forecast_0432,2025-01-19 0:00,18353.084,18685.09,14114.57
forecast_0433,2025-01-19 1:00,16590.219,17022.781,12497.971
forecast_0434,2025-01-19 2:00,17259.709,17469.453,12823.283
forecast_0435,2025-01-19 3:00,18595.63,18568.502,13733.695
forecast_0436,2025-01-19 4:00,19426.361,19509.223,14985.936
forecast_0437,2025-01-19 5:00,19349.44,19472.45,15101.682
forecast_0438,2025-01-19 6:00,19550.906,19740.156,15578.641
forecast_0439,2025-01-19 7:00,19619.928,19588.035,15668.414
forecast_0440,2025-01-19 8:00,18966.613,18673.316,14782.075
forecast_0441,2025-01-19 9:00,17832.484,18363.973,14203.845
forecast_0442,2025-01-19 10:00,16726.586,16802.986,12497.022
forecast_0443,2025-01-19 11:00,13928.845,15079.42,11400.288
forecast_0444,2025-01-19 12:00,11776.847,13892.401,10454.161
forecast_0445,2025-01-19 13:00,11304.333,12560.561,9142.256
forecast_0446,2025-01-19 14:00,10907.209,12087.704,8986.559
forecast_0447,2025-01-19 15:00,9985.383,10051.741,7429.4995
forecast_0448,2025-01-19 16:00,9023.79,9811.636,6157.692
forecast_0449,2025-01-19 17:00,10820.347,11228.895,7816.312
forecast_0450,2025-01-19 18:00,12477.316,12819.291,9810.14
forecast_0451,2025-01-19 19:00,13272.963,13753.934,10378.842
forecast_0452,2025-01-19 20:00,13340.733,14041.592,9989.202
forecast_0453,2025-01-19 21:00,13569.576,14590.117,10752.28
forecast_0454,2025-01-19 22:00,13045.424,14226.005,10536.844
forecast_0455,2025-01-19 23:00,12936.003,14032.432,10651.862
forecast_0456,2025-01-20 0:00,11726.716,12632.929,9689.91
forecast_0457,2025-01-20 1:00,9622.702,9645.01,7129.498
forecast_0458,2025-01-20 2:00,8538.634,8108.5083,6129.287
forecast_0459,2025-01-20 3:00,6996.8237,6018.382,5102.437499999998
forecast_0460,2025-01-20 4:00,6376.84,5592.3486,4512.928999999998
forecast_0461,2025-01-20 5:00,5733.034,5033.24,3862.561999999998
forecast_0462,2025-01-20 6:00,4570.418,4460.171399999999,3137.711699999998
forecast_0463,2025-01-20 7:00,4295.609999999999,3356.7245999999986,2712.960399999998
forecast_0464,2025-01-20 8:00,3432.786599999998,2814.067099999999,2440.768299999998
forecast_0465,2025-01-20 9:00,2772.876999999998,2377.730599999999,2223.319499999998
forecast_0466,2025-01-20 10:00,2452.878899999998,1900.9318999999987,877.2596
forecast_0467,2025-01-20 11:00,2462.490099999998,1853.946199999999,827.4165
forecast_0468,2025-01-20 12:00,2431.9979999999982,1803.3433999999988,750.13947
forecast_0469,2025-01-20 13:00,2417.6336999999985,1828.4633999999987,740.5508
forecast_0470,2025-01-20 14:00,2463.768199999998,1824.3434999999986,759.8882
forecast_0471,2025-01-20 15:00,2507.099099999998,1957.010699999999,740.5508
forecast_0472,2025-01-20 16:00,2554.157699999998,2025.639999999999,837.79987
forecast_0473,2025-01-20 17:00,2618.988299999998,2082.3798999999985,877.8327
forecast_0474,2025-01-20 18:00,2486.9730999999983,1906.883899999999,944.63855
forecast_0475,2025-01-20 19:00,2580.6146999999983,2018.2926999999986,873.81885
forecast_0476,2025-01-20 20:00,2584.220499999998,2059.0559999999987,850.9955
forecast_0477,2025-01-20 21:00,2645.737299999998,2276.729399999999,1038.2981
forecast_0478,2025-01-20 22:00,2907.316499999998,2481.9055999999987,2232.288799999998
forecast_0479,2025-01-20 23:00,3128.1592999999984,2758.1229999999987,2297.8014999999978
forecast_0480,2025-01-21 0:00,3136.579599999998,2647.6256999999987,2365.036099999998
forecast_0481,2025-01-21 1:00,4292.644999999999,3413.1354999999985,2715.6818999999978
forecast_0482,2025-01-21 2:00,4576.236799999999,3579.369899999999,2767.1092999999983
forecast_0483,2025-01-21 3:00,4901.472199999998,3841.0521999999987,2949.405499999998
forecast_0484,2025-01-21 4:00,5288.800799999998,4121.878699999999,3144.429699999998
forecast_0485,2025-01-21 5:00,4345.247,4240.688199999999,3340.4730999999983
forecast_0486,2025-01-21 6:00,5106.423799999999,3767.520999999999,3023.657199999998
forecast_0487,2025-01-21 7:00,4771.633499999998,3535.3141999999984,3003.813199999998
forecast_0488,2025-01-21 8:00,4458.731199999998,3280.7929999999988,2804.274199999998
forecast_0489,2025-01-21 9:00,3696.364999999998,2901.5766999999987,2297.424999999998
forecast_0490,2025-01-21 10:00,3536.996799999998,2724.0365999999985,2252.285499999998
forecast_0491,2025-01-21 11:00,3455.670399999998,2607.038799999999,2232.010299999998
forecast_0492,2025-01-21 12:00,3923.939499999998,3057.0766999999987,2531.695699999998
forecast_0493,2025-01-21 13:00,4185.097699999998,3560.9325999999987,2725.181799999998
forecast_0494,2025-01-21 14:00,4963.979699999998,4159.468499999999,3297.028599999998
forecast_0495,2025-01-21 15:00,5034.66,4611.1284,3858.609599999998
forecast_0496,2025-01-21 16:00,5462.6973,5113.172,4002.8463999999976
forecast_0497,2025-01-21 17:00,5602.119,5422.596,4088.0365999999976
forecast_0498,2025-01-21 18:00,7169.699,6982.6694,4782.136
forecast_0499,2025-01-21 19:00,9628.804,10660.886,7287.3516
forecast_0500,2025-01-21 20:00,11508.7,13125.133,9503.235
forecast_0501,2025-01-21 21:00,12354.68,13950.855,10322.306
forecast_0502,2025-01-21 22:00,12208.518,14139.392,10145.908
forecast_0503,2025-01-21 23:00,12566.398,14613.33,10725.583
forecast_0504,2025-01-22 0:00,11996.555,13790.202,10076.46
forecast_0505,2025-01-22 1:00,10462.453,11797.087,8267.51
forecast_0506,2025-01-22 2:00,11643.557,13190.883,9369.482
forecast_0507,2025-01-22 3:00,11877.652,13724.823,9968.873
forecast_0508,2025-01-22 4:00,12919.845,14314.482,10566.03
forecast_0509,2025-01-22 5:00,13291.512,14201.38,10671.656
forecast_0510,2025-01-22 6:00,13847.179,14252.006,10536.18
forecast_0511,2025-01-22 7:00,13504.799,14012.009,10683.279
forecast_0512,2025-01-22 8:00,12693.817,13377.838,10551.253
forecast_0513,2025-01-22 9:00,11328.299,12512.907,9695.161
forecast_0514,2025-01-22 10:00,10539.66,11913.338,9386.071
forecast_0515,2025-01-22 11:00,10768.151,10807.821,8551.113
forecast_0516,2025-01-22 12:00,9239.205,9351.788,6841.9717
forecast_0517,2025-01-22 13:00,8055.0454,7821.805,5872.701
forecast_0518,2025-01-22 14:00,5710.4795,5384.4795,4878.152299999998
forecast_0519,2025-01-22 15:00,4681.4736,4955.574699999999,3652.835399999998
forecast_0520,2025-01-22 16:00,6245.007,5747.116,4306.384
forecast_0521,2025-01-22 17:00,6585.162,6980.7104,4447.877
forecast_0522,2025-01-22 18:00,8954.301,9363.37,6586.329
forecast_0523,2025-01-22 19:00,9132.113,10089.037,6849.175
forecast_0524,2025-01-22 20:00,10005.601,11336.697,7130.1567
forecast_0525,2025-01-22 21:00,9940.393,11382.674,6553.9575
forecast_0526,2025-01-22 22:00,10239.908,10786.224,6525.1846
forecast_0527,2025-01-22 23:00,10469.349,11334.301,6668.22
forecast_0528,2025-01-23 0:00,11078.75,12177.681,7577.2534
forecast_0529,2025-01-23 1:00,12909.762,14803.841,10447.749
forecast_0530,2025-01-23 2:00,13215.228,15111.421,10605.617
forecast_0531,2025-01-23 3:00,13501.581,15136.62,10493.213
forecast_0532,2025-01-23 4:00,12951.107,14623.335,10060.247
forecast_0533,2025-01-23 5:00,12490.697,14174.999,9829.479
forecast_0534,2025-01-23 6:00,11565.673,13168.3955,8819.702
forecast_0535,2025-01-23 7:00,11177.963,12649.077,7672.2285
forecast_0536,2025-01-23 8:00,10206.953,11643.717,7003.2925
forecast_0537,2025-01-23 9:00,7936.744,9054.422,4615.1816
forecast_0538,2025-01-23 10:00,5512.1025,6125.352,4125.834999999998
forecast_0539,2025-01-23 11:00,5502.078599999998,4678.898,3225.049799999998
forecast_0540,2025-01-23 12:00,5157.302999999998,4343.724599999999,3082.565999999998
forecast_0541,2025-01-23 13:00,4755.876999999999,3699.5683999999987,2876.735999999998
forecast_0542,2025-01-23 14:00,4603.675299999998,3546.9367999999986,2806.8014999999978
forecast_0543,2025-01-23 15:00,4069.933799999998,3128.1303999999986,2444.810399999998
forecast_0544,2025-01-23 16:00,3489.456999999998,2619.718399999999,2132.101999999998
forecast_0545,2025-01-23 17:00,3632.845699999998,2766.3573999999985,1038.199
forecast_0546,2025-01-23 18:00,4241.766799999998,3312.487499999999,2343.297099999998
forecast_0547,2025-01-23 19:00,4910.918699999998,3619.6427999999987,2646.992199999998
forecast_0548,2025-01-23 20:00,4822.578099999999,3654.569799999999,2631.350799999998
forecast_0549,2025-01-23 21:00,4555.984999999999,3606.8769999999986,2651.485099999998
forecast_0550,2025-01-23 22:00,5021.785399999999,3901.060999999999,2781.757899999998
forecast_0551,2025-01-23 23:00,5394.642599999998,4232.958299999998,2873.242299999998
forecast_0552,2025-01-24 0:00,5180.561499999998,3973.947499999999,2751.233799999998
forecast_0553,2025-01-24 1:00,3387.2174999999984,2527.308799999999,1025.9238
forecast_0554,2025-01-24 2:00,3582.4127999999982,2668.7490999999986,2157.309299999998
forecast_0555,2025-01-24 3:00,3598.5209999999984,2727.066199999999,2110.145299999998
forecast_0556,2025-01-24 4:00,3513.117999999998,2603.620799999999,924.46423
forecast_0557,2025-01-24 5:00,3144.397799999998,2389.4253999999987,901.872
forecast_0558,2025-01-24 6:00,2961.889599999998,2378.4851999999987,901.476
forecast_0559,2025-01-24 7:00,3033.1870999999983,2399.105599999999,906.97845
forecast_0560,2025-01-24 8:00,3051.244099999998,2407.455199999999,953.2317
forecast_0561,2025-01-24 9:00,2684.988299999998,2114.3018999999986,824.49194
forecast_0562,2025-01-24 10:00,2389.652299999998,1843.1928999999986,820.64764
forecast_0563,2025-01-24 11:00,2383.965999999998,1793.786999999999,765.0169
forecast_0564,2025-01-24 12:00,2380.338599999998,1779.8400999999985,783.73444
forecast_0565,2025-01-24 13:00,1079.9521,1819.489599999999,888.51825
forecast_0566,2025-01-24 14:00,2390.9732999999983,1860.846799999999,908.2502
forecast_0567,2025-01-24 15:00,1056.1156,1874.3943999999988,932.76184
forecast_0568,2025-01-24 16:00,1050.5913,1833.8134999999988,888.8988
forecast_0569,2025-01-24 17:00,2390.537999999998,1820.222699999999,970.66956
forecast_0570,2025-01-24 18:00,2698.478399999998,2039.2140999999988,993.4004
forecast_0571,2025-01-24 19:00,3089.866799999998,2366.8898999999988,2185.840699999998
forecast_0572,2025-01-24 20:00,3545.243399999998,3016.3375999999985,2497.529999999998
forecast_0573,2025-01-24 21:00,3599.4303999999984,3552.9789999999985,2679.122899999998
forecast_0574,2025-01-24 22:00,3776.283699999998,3724.1444999999985,2412.568699999998
forecast_0575,2025-01-24 23:00,3993.0827999999983,3605.1989999999987,2831.866299999998
forecast_0576,2025-01-25 0:00,4465.000999999998,4347.956799999999,3321.1852999999983
forecast_0577,2025-01-25 1:00,3426.7277999999983,3237.7121999999986,2219.653899999998
forecast_0578,2025-01-25 2:00,4124.035999999998,3823.9247999999984,2753.999099999998
forecast_0579,2025-01-25 3:00,4291.287599999998,4493.102999999999,3076.967899999998
forecast_0580,2025-01-25 4:00,4473.738299999998,4665.527799999999,3681.9874999999984
forecast_0581,2025-01-25 5:00,4444.565999999998,4556.467999999999,3082.867899999998
forecast_0582,2025-01-25 6:00,4399.038299999998,4351.950399999999,3425.362299999998
forecast_0583,2025-01-25 7:00,4162.653799999998,3987.4101999999984,2945.605099999998
forecast_0584,2025-01-25 8:00,4752.054699999999,4630.379599999999,3614.3773999999976
forecast_0585,2025-01-25 9:00,4564.814499999999,4492.928499999999,3322.6647999999977
forecast_0586,2025-01-25 10:00,3484.414999999998,3495.4564999999984,2676.496799999998
forecast_0587,2025-01-25 11:00,3312.048499999998,2993.552699999999,2445.772199999998
forecast_0588,2025-01-25 12:00,3026.1542999999983,2681.9208999999987,2328.999499999998
forecast_0589,2025-01-25 13:00,3065.7545999999984,2175.589099999999,2236.218899999998
forecast_0590,2025-01-25 14:00,3111.565999999998,2281.987299999999,2429.4767999999976
forecast_0591,2025-01-25 15:00,3124.354999999998,2287.693499999999,2299.5266999999976
forecast_0592,2025-01-25 16:00,3200.211999999998,2323.848799999999,2438.5347999999976
forecast_0593,2025-01-25 17:00,3642.1225999999983,3338.4320999999986,2581.268599999998
forecast_0594,2025-01-25 18:00,4212.080299999998,3677.560999999999,2664.133999999998
forecast_0595,2025-01-25 19:00,4515.897999999998,4175.495599999999,2925.773399999998
forecast_0596,2025-01-25 20:00,4788.623999999998,4443.616199999999,3056.0392999999976
forecast_0597,2025-01-25 21:00,5531.304699999998,4938.406,3751.511999999998
forecast_0598,2025-01-25 22:00,4512.5815,5200.9404,3916.1574999999975
forecast_0599,2025-01-25 23:00,5359.044699999999,4617.07,3405.4303999999984
forecast_0600,2025-01-26 0:00,4526.173999999998,4431.396199999999,3073.9893999999977
forecast_0601,2025-01-26 1:00,4688.313,5133.393,4262.636499999998
forecast_0602,2025-01-26 2:00,4331.4272,4647.5967,3990.8454999999976
forecast_0603,2025-01-26 3:00,4507.3105,4584.9927,3855.7191999999977
forecast_0604,2025-01-26 4:00,4935.791699999998,4398.560999999999,2924.465699999998
forecast_0605,2025-01-26 5:00,4659.236999999998,4054.7523999999985,2870.152799999998
forecast_0606,2025-01-26 6:00,4195.659399999999,3650.9457999999986,2725.039899999998
forecast_0607,2025-01-26 7:00,3755.1967999999983,3324.6427999999987,2575.508899999998
forecast_0608,2025-01-26 8:00,3722.7873999999983,3292.4242999999988,2340.8583999999983
forecast_0609,2025-01-26 9:00,3347.7709999999984,2673.097699999999,2209.825399999998
forecast_0610,2025-01-26 10:00,3305.3988999999983,2681.7929999999988,2381.300699999998
forecast_0611,2025-01-26 11:00,3187.731799999998,2513.456999999999,2242.904999999998
forecast_0612,2025-01-26 12:00,2782.9568999999983,2264.3261999999986,2128.659699999998
forecast_0613,2025-01-26 13:00,2536.1310999999982,1891.0856999999987,917.1642
forecast_0614,2025-01-26 14:00,2465.818099999998,1901.5700999999985,843.39453
forecast_0615,2025-01-26 15:00,2443.996599999998,1731.801399999999,855.9695
forecast_0616,2025-01-26 16:00,2444.451799999998,1760.6056999999987,815.2754
forecast_0617,2025-01-26 17:00,2536.070799999998,1063.9581,762.80145
forecast_0618,2025-01-26 18:00,2623.359999999998,1077.2018,727.75085
forecast_0619,2025-01-26 19:00,2708.3140999999982,2036.130099999999,740.5508
forecast_0620,2025-01-26 20:00,2723.229999999998,1844.046899999999,726.47327
forecast_0621,2025-01-26 21:00,3073.1569999999983,2257.0365999999985,901.872
forecast_0622,2025-01-26 22:00,3105.5171999999984,2368.884999999999,901.476
forecast_0623,2025-01-26 23:00,3428.0829999999983,2746.4943999999987,1046.1046
forecast_0624,2025-01-27 0:00,3508.7934999999984,2694.0318999999986,1023.0458
forecast_0625,2025-01-27 1:00,3455.204299999998,2555.714599999999,984.8208
forecast_0626,2025-01-27 2:00,3574.217299999998,2643.132299999999,904.1333
forecast_0627,2025-01-27 3:00,3865.869999999998,2813.1676999999986,1034.714
forecast_0628,2025-01-27 4:00,4195.963099999998,3352.5351999999984,2430.832299999998
forecast_0629,2025-01-27 5:00,4378.233999999999,3500.6837999999984,2421.999999999998
forecast_0630,2025-01-27 6:00,4500.107199999999,3701.5687999999986,2589.8700999999983
forecast_0631,2025-01-27 7:00,4429.459499999998,3841.3981999999987,2706.440999999998
forecast_0632,2025-01-27 8:00,5099.940399999998,4568.307599999999,3053.202399999998
forecast_0633,2025-01-27 9:00,5079.612799999998,4645.746299999999,3007.604699999998
forecast_0634,2025-01-27 10:00,4262.0459999999985,3657.0289999999986,2593.638099999998
forecast_0635,2025-01-27 11:00,4935.873299999998,4365.384499999999,3078.491099999998
forecast_0636,2025-01-27 12:00,7100.4785,7622.043,6035.6016
forecast_0637,2025-01-27 13:00,10411.349,11594.831,9300.361
forecast_0638,2025-01-27 14:00,15039.908,15838.272,13826.055
forecast_0639,2025-01-27 15:00,16393.215,17649.635,15251.201
forecast_0640,2025-01-27 16:00,16280.718,18052.346,15646.678
forecast_0641,2025-01-27 17:00,16491.436,17763.717,15531.56
forecast_0642,2025-01-27 18:00,16612.314,18039.96,15725.158
forecast_0643,2025-01-27 19:00,16312.686,17317.969,14100.624
forecast_0644,2025-01-27 20:00,16349.47,17697.156,15202.926
forecast_0645,2025-01-27 21:00,16145.174,17455.729,15275.383
forecast_0646,2025-01-27 22:00,16202.273,17630.273,15184.934
forecast_0647,2025-01-27 23:00,15954.97,17262.412,15203.967
forecast_0648,2025-01-28 0:00,16129.726,17598.318,14988.339
forecast_0649,2025-01-28 1:00,16795.678,18048.662,15320.641
forecast_0650,2025-01-28 2:00,16410.518,17773.184,15132.553
forecast_0651,2025-01-28 3:00,16522.494,17581.984,14961.4795
forecast_0652,2025-01-28 4:00,16071.434,17112.398,13581.283
forecast_0653,2025-01-28 5:00,15547.16,16939.232,14565.69
forecast_0654,2025-01-28 6:00,15683.649,16723.11,13934.939
forecast_0655,2025-01-28 7:00,15603.642,16456.457,13914.405
forecast_0656,2025-01-28 8:00,15729.129,16565.084,13528.4375
forecast_0657,2025-01-28 9:00,15946.8545,16516.271,13134.121
forecast_0658,2025-01-28 10:00,15872.353,16506.04,13907.525
forecast_0659,2025-01-28 11:00,15551.511,16413.105,14044.336
forecast_0660,2025-01-28 12:00,15111.805,16185.063,13950.42
forecast_0661,2025-01-28 13:00,14846.325,16066.138,14267.0205
forecast_0662,2025-01-28 14:00,14397.826,16214.488,14482.536
forecast_0663,2025-01-28 15:00,14975.799,16126.205,14876.534
forecast_0664,2025-01-28 16:00,15320.461,16152.275,14760.7705
forecast_0665,2025-01-28 17:00,14996.575,16134.761,14011.855
forecast_0666,2025-01-28 18:00,15327.157,16096.416,14242.943
forecast_0667,2025-01-28 19:00,15570.151,16424.24,14748.739
forecast_0668,2025-01-28 20:00,15405.33,16405.988,14829.317
forecast_0669,2025-01-28 21:00,15672.215,16726.314,15189.046
forecast_0670,2025-01-28 22:00,15890.432,17299.154,15297.072
forecast_0671,2025-01-28 23:00,16070.554,17604.88,15493.524
forecast_0672,2025-01-29 0:00,16145.529,17715.871,15455.103
forecast_0673,2025-01-29 1:00,15882.582,17328.793,15239.368
forecast_0674,2025-01-29 2:00,16325.722,17891.096,15266.153
forecast_0675,2025-01-29 3:00,16519.947,18211.684,15179.851
forecast_0676,2025-01-29 4:00,17035.516,18764.25,15330.493
forecast_0677,2025-01-29 5:00,17594.723,19048.186,15682.459
forecast_0678,2025-01-29 6:00,17572.525,19158.053,16201.478
forecast_0679,2025-01-29 7:00,17915.115,19351.506,16297.123
forecast_0680,2025-01-29 8:00,17901.49,19326.428,16327.449
forecast_0681,2025-01-29 9:00,17914.262,19124.594,15970.508
forecast_0682,2025-01-29 10:00,16944.09,17992.797,15244.636
forecast_0683,2025-01-29 11:00,15568.294,16568.756,14467.97
forecast_0684,2025-01-29 12:00,16103.641,16695.816,14469.268
forecast_0685,2025-01-29 13:00,16276.709,17519.66,15328.193
forecast_0686,2025-01-29 14:00,16012.977,17183.205,15114.752
forecast_0687,2025-01-29 15:00,15711.737,16719.596,14513.272
forecast_0688,2025-01-29 16:00,15214.694,15787.722,14188.803
forecast_0689,2025-01-29 17:00,15117.237,15733.327,13766.645
forecast_0690,2025-01-29 18:00,15468.187,16637.951,14095.345
forecast_0691,2025-01-29 19:00,15624.429,17220.252,14472.12
forecast_0692,2025-01-29 20:00,15816.346,17408.393,14240.696
forecast_0693,2025-01-29 21:00,15923.004,17308.658,14495.595
forecast_0694,2025-01-29 22:00,15861.963,17066.303,14009.232
forecast_0695,2025-01-29 23:00,16071.112,16830.023,14190.257
forecast_0696,2025-01-30 0:00,16362.604,17259.385,14065.382
forecast_0697,2025-01-30 1:00,15835.662,17786.777,13863.49
forecast_0698,2025-01-30 2:00,16022.4375,18393.318,13897.746
forecast_0699,2025-01-30 3:00,16230.966,18678.064,14283.575
forecast_0700,2025-01-30 4:00,16069.056,18693.393,13804.221
forecast_0701,2025-01-30 5:00,16165.87,18363.102,13443.216
forecast_0702,2025-01-30 6:00,16028.474,18274.744,12856.903
forecast_0703,2025-01-30 7:00,16444.951,18443.236,12711.8125
forecast_0704,2025-01-30 8:00,16745.197,18759.568,13119.414
forecast_0705,2025-01-30 9:00,16340.522,18065.924,13958.051
forecast_0706,2025-01-30 10:00,15861.771,16942.262,13700.447
forecast_0707,2025-01-30 11:00,15528.764,16088.209,13607.157
forecast_0708,2025-01-30 12:00,15084.737,15264.868,12880.56
forecast_0709,2025-01-30 13:00,14702.301,14620.134,12288.446
forecast_0710,2025-01-30 14:00,14577.046,14573.971,12560.337
forecast_0711,2025-01-30 15:00,14908.566,15075.747,13225.048
forecast_0712,2025-01-30 16:00,14662.76,15134.429,13319.577
forecast_0713,2025-01-30 17:00,14398.837,14943.87,12915.767
forecast_0714,2025-01-30 18:00,14432.896,14851.08,12452.689
forecast_0715,2025-01-30 19:00,14823.824,15189.184,12974.135
forecast_0716,2025-01-30 20:00,15927.007,17139.322,15231.066
forecast_0717,2025-01-30 21:00,16472.709,17754.875,15619.77
forecast_0718,2025-01-30 22:00,16775.49,17594.955,15529.954
forecast_0719,2025-01-30 23:00,16647.328,17475.555,15099.9795
forecast_0720,2025-01-31 0:00,15980.226,16936.18,13799.853
forecast_0721,2025-01-31 1:00,15929.395,17172.379,13823.948
forecast_0722,2025-01-31 2:00,15979.163,16804.764,13486.417
forecast_0723,2025-01-31 3:00,15240.745,16360.329,12764.66
forecast_0724,2025-01-31 4:00,15012.771,16197.326,12698.125
forecast_0725,2025-01-31 5:00,14564.526,15428.541,11492.883
forecast_0726,2025-01-31 6:00,15176.023,16497.764,12744.098
forecast_0727,2025-01-31 7:00,15252.754,16079.411,12196.269
forecast_0728,2025-01-31 8:00,14864.879,16207.694,13358.346
forecast_0729,2025-01-31 9:00,14048.239,15697.272,12057.599
forecast_0730,2025-01-31 10:00,11931.979,13674.182,10546.732
forecast_0731,2025-01-31 11:00,10528.729,12425.472,9771.87
forecast_0732,2025-01-31 12:00,9740.816,11143.938,8732.277
forecast_0733,2025-01-31 13:00,7460.384,8081.451,6077.662
forecast_0734,2025-01-31 14:00,6107.8774,6707.1655,4394.3687
forecast_0735,2025-01-31 15:00,5256.56,5374.09,4377.705799999998
forecast_0736,2025-01-31 16:00,4665.091,4467.11,3931.0729999999976
forecast_0737,2025-01-31 17:00,5375.505999999998,4602.523199999999,3496.470199999998
forecast_0738,2025-01-31 18:00,4650.084,5096.234,3901.9105999999983
forecast_0739,2025-01-31 19:00,4774.7783,5295.5586,3985.4352999999983
forecast_0740,2025-01-31 20:00,4681.3447,5410.958,4143.268599999998
forecast_0741,2025-01-31 21:00,5186.275,5910.79,4552.741199999998
forecast_0742,2025-01-31 22:00,5303.160199999998,4458.6196,3378.149199999998
forecast_0743,2025-01-31 23:00,4559.167,5344.8164,3877.643799999998
forecast_0744,2025-02-01 0:00,5188.8539999999975,4738.0167999999985,3262.0531999999976
forecast_0745,2025-02-01 1:00,6049.4263,7054.243,4500.1664999999975
forecast_0746,2025-02-01 2:00,5674.3896,6188.875,4052.4965999999977
forecast_0747,2025-02-01 3:00,4859.032,4829.36,3559.1618999999982
forecast_0748,2025-02-01 4:00,5247.967299999998,3992.6735999999987,2827.9352999999983
forecast_0749,2025-02-01 5:00,4084.583299999998,3047.492199999999,2225.4097999999976
forecast_0750,2025-02-01 6:00,3231.7877999999982,2315.5539999999987,946.337
forecast_0751,2025-02-01 7:00,2869.4417999999982,2154.520999999999,817.4688
forecast_0752,2025-02-01 8:00,2659.9743999999982,1973.1504999999988,820.01794
forecast_0753,2025-02-01 9:00,2545.2796999999982,1845.1414999999988,791.63025
forecast_0754,2025-02-01 10:00,2467.241699999998,1792.1985999999988,773.0167
forecast_0755,2025-02-01 11:00,2467.5517999999984,1751.5343999999986,740.5508
forecast_0756,2025-02-01 12:00,2507.943999999998,1791.8059999999987,740.5508
forecast_0757,2025-02-01 13:00,2464.845099999998,1758.5338999999985,726.47327
forecast_0758,2025-02-01 14:00,2491.8800999999985,1737.828599999999,740.5508
forecast_0759,2025-02-01 15:00,2406.804399999998,1754.4659999999985,755.22955
forecast_0760,2025-02-01 16:00,2451.4705999999983,1850.2481999999986,926.9336
forecast_0761,2025-02-01 17:00,2533.943699999998,1935.8976999999986,897.00226
forecast_0762,2025-02-01 18:00,2483.2504999999983,1847.031399999999,843.1484
forecast_0763,2025-02-01 19:00,2534.282999999998,1831.349499999999,771.4192
forecast_0764,2025-02-01 20:00,2504.135299999998,1787.8717999999985,727.75085
forecast_0765,2025-02-01 21:00,2553.0108999999984,1806.649199999999,783.3398
forecast_0766,2025-02-01 22:00,2668.2729999999983,1878.7326999999987,810.8598
forecast_0767,2025-02-01 23:00,2555.752699999998,1842.973599999999,930.91504
forecast_0768,2025-02-02 0:00,2692.1979999999985,2026.5565999999985,978.0697
forecast_0769,2025-02-02 1:00,3138.821399999998,2721.2879999999986,2207.1299999999983
forecast_0770,2025-02-02 2:00,2971.897799999998,2348.8841999999986,2140.271399999998
forecast_0771,2025-02-02 3:00,2811.9114999999983,2353.7256999999986,2109.578199999998
forecast_0772,2025-02-02 4:00,2687.1962999999982,2168.1294999999986,926.749
forecast_0773,2025-02-02 5:00,2776.5185999999985,2100.052699999999,858.75726
forecast_0774,2025-02-02 6:00,2834.552499999998,2130.815299999999,888.8368
forecast_0775,2025-02-02 7:00,2834.6472999999983,2183.2159999999985,904.1333
forecast_0776,2025-02-02 8:00,2812.5108999999984,2131.0982999999987,912.8923
forecast_0777,2025-02-02 9:00,2675.9712999999983,2038.3742999999986,825.0487
forecast_0778,2025-02-02 10:00,2636.297499999998,1981.3087999999989,819.0282
forecast_0779,2025-02-02 11:00,2624.488599999998,1915.3471999999988,817.4225
forecast_0780,2025-02-02 12:00,2631.601899999998,2015.8086999999987,875.09625
forecast_0781,2025-02-02 13:00,2662.3831999999984,1946.540599999999,894.5657
forecast_0782,2025-02-02 14:00,2757.6156999999985,2056.961699999999,970.36804
forecast_0783,2025-02-02 15:00,2741.909999999998,2145.1505999999986,964.9991
forecast_0784,2025-02-02 16:00,2849.233599999998,2400.345199999999,2220.884299999998
forecast_0785,2025-02-02 17:00,3458.8183999999983,2853.1896999999985,2380.005699999998
forecast_0786,2025-02-02 18:00,5535.418499999998,4609.672599999999,3352.0589999999984
forecast_0787,2025-02-02 19:00,6952.672,7348.2207,4409.1387
forecast_0788,2025-02-02 20:00,9239.948,9937.29,6608.3916
forecast_0789,2025-02-02 21:00,10786.599,11767.849,8646.936
forecast_0790,2025-02-02 22:00,12465.046,13434.944,9974.223
forecast_0791,2025-02-02 23:00,13992.262,14735.056,10902.02
forecast_0792,2025-02-03 0:00,14443.993,15186.013,11533.774
forecast_0793,2025-02-03 1:00,16446.373,17119.574,13542.413
forecast_0794,2025-02-03 2:00,15858.126,16786.08,13519.644
forecast_0795,2025-02-03 3:00,15563.217,16392.342,12637.511
forecast_0796,2025-02-03 4:00,15294.134,15595.895,13253.3545
forecast_0797,2025-02-03 5:00,15466.339,16102.817,13259.547
forecast_0798,2025-02-03 6:00,15325.767,15864.262,13157.228
forecast_0799,2025-02-03 7:00,16046.945,16462.902,13530.158
forecast_0800,2025-02-03 8:00,16039.23,16450.592,14139.034
forecast_0801,2025-02-03 9:00,16000.597,16372.31,13545.972
forecast_0802,2025-02-03 10:00,15788.784,16306.807,13349.302
forecast_0803,2025-02-03 11:00,15443.238,15543.152,13228.15
forecast_0804,2025-02-03 12:00,14915.223,15189.24,12445.826
forecast_0805,2025-02-03 13:00,14803.477,15146.724,12500.279
forecast_0806,2025-02-03 14:00,14969.445,15424.278,12980.744
forecast_0807,2025-02-03 15:00,14858.872,15359.115,13334.831
forecast_0808,2025-02-03 16:00,14864.164,15154.937,12842.556
forecast_0809,2025-02-03 17:00,15380.191,15481.111,13524.25
forecast_0810,2025-02-03 18:00,15884.913,16011.714,14138.82
forecast_0811,2025-02-03 19:00,16148.745,16653.023,14466.969
forecast_0812,2025-02-03 20:00,16260.683,16805.049,15179.872
forecast_0813,2025-02-03 21:00,15973.105,16683.025,14711.254
forecast_0814,2025-02-03 22:00,16241.005,16870.977,15155.203
forecast_0815,2025-02-03 23:00,15915.9375,16790.125,15343.091
forecast_0816,2025-02-04 0:00,15512.222,16700.076,15267.834
forecast_0817,2025-02-04 1:00,16313.233,16916.3,15416.995
forecast_0818,2025-02-04 2:00,16178.006,17018.314,15292.2
forecast_0819,2025-02-04 3:00,15817.074,16587.33,14215.721
forecast_0820,2025-02-04 4:00,16009.158,16941.12,13285.805
forecast_0821,2025-02-04 5:00,15722.778,17113.768,12694.503
forecast_0822,2025-02-04 6:00,15849.696,16948.908,12731.934
forecast_0823,2025-02-04 7:00,15522.632,17147.363,12557.707
forecast_0824,2025-02-04 8:00,15159.835,16359.323,12109.871
forecast_0825,2025-02-04 9:00,14492.079,15551.278,12152.437
forecast_0826,2025-02-04 10:00,13660.553,15392.634,13131.653
forecast_0827,2025-02-04 11:00,14354.319,15851.99,13706.044
forecast_0828,2025-02-04 12:00,14425.056,15591.243,13865.904
forecast_0829,2025-02-04 13:00,13805.091,14020.587,13381.452
forecast_0830,2025-02-04 14:00,13551.342,13739.9375,12713.0205
forecast_0831,2025-02-04 15:00,14175.608,13958.245,12799.958
forecast_0832,2025-02-04 16:00,14764.772,15187.906,13864.59
forecast_0833,2025-02-04 17:00,15326.777,16038.253,13909.527
forecast_0834,2025-02-04 18:00,15331.336,16271.314,14025.103
forecast_0835,2025-02-04 19:00,15287.119,16601.783,14179.248
forecast_0836,2025-02-04 20:00,15842.148,17201.486,14287.591
forecast_0837,2025-02-04 21:00,15991.119,17300.174,14347.926
forecast_0838,2025-02-04 22:00,15921.407,17392.408,14235.792
forecast_0839,2025-02-04 23:00,15630.94,16418.057,13601.64
forecast_0840,2025-02-05 0:00,15632.909,16587.219,14299.333
forecast_0841,2025-02-05 1:00,15658.246,17162.1,14408.064
forecast_0842,2025-02-05 2:00,15713.907,16792.959,14265.753
forecast_0843,2025-02-05 3:00,15996.966,17162.596,14528.341
forecast_0844,2025-02-05 4:00,16044.658,17658.357,13981.069
forecast_0845,2025-02-05 5:00,15946.328,18021.266,13298.941
forecast_0846,2025-02-05 6:00,15897.918,18023.03,13623.25
forecast_0847,2025-02-05 7:00,15696.825,17626.154,13410.616
forecast_0848,2025-02-05 8:00,15421.235,16594.068,12771.395
forecast_0849,2025-02-05 9:00,15288.557,16603.701,12614.117
forecast_0850,2025-02-05 10:00,15586.297,16967.518,12045.072
forecast_0851,2025-02-05 11:00,15343.746,17183.99,12479.775
forecast_0852,2025-02-05 12:00,16065.515,17569.008,13238.554
forecast_0853,2025-02-05 13:00,15965.867,17545.908,13482.294
forecast_0854,2025-02-05 14:00,15578.554,16955.344,13519.863
forecast_0855,2025-02-05 15:00,15556.452,16909.938,13374.265
forecast_0856,2025-02-05 16:00,15430.453,16853.096,13781.828
forecast_0857,2025-02-05 17:00,15157.44,16482.756,13673.078
forecast_0858,2025-02-05 18:00,15149.017,15833.181,13226.692
forecast_0859,2025-02-05 19:00,15183.1875,15760.443,13537.712
forecast_0860,2025-02-05 20:00,15220.085,15961.032,13713.372
forecast_0861,2025-02-05 21:00,15687.382,16651.877,13837.5625
forecast_0862,2025-02-05 22:00,15924.57,17326.715,14222.706
forecast_0863,2025-02-05 23:00,15681.728,17492.934,14196.2295
forecast_0864,2025-02-06 0:00,15630.89,17302.092,13760.82
forecast_0865,2025-02-06 1:00,16887.932,18445.861,14697.823
forecast_0866,2025-02-06 2:00,16718.213,18114.346,14560.917
forecast_0867,2025-02-06 3:00,17300.043,18701.979,13837.986
forecast_0868,2025-02-06 4:00,17530.215,18893.867,13487.188
forecast_0869,2025-02-06 5:00,17981.604,19065.293,14318.147
forecast_0870,2025-02-06 6:00,17927.912,19207.135,14179.272
forecast_0871,2025-02-06 7:00,16945.219,18613.482,13628.701
forecast_0872,2025-02-06 8:00,16937.367,18236.188,13500.827
forecast_0873,2025-02-06 9:00,16353.333,17618.13,13360.953
forecast_0874,2025-02-06 10:00,14660.222,15320.417,12755.487
forecast_0875,2025-02-06 11:00,14124.363,13983.444,11095.235
forecast_0876,2025-02-06 12:00,14059.514,14112.191,11890.757
forecast_0877,2025-02-06 13:00,14532.824,14454.379,12666.218
forecast_0878,2025-02-06 14:00,13862.718,14057.965,12939.828
forecast_0879,2025-02-06 15:00,13271.222,13774.88,12426.415
forecast_0880,2025-02-06 16:00,13971.425,14351.193,13222.258
forecast_0881,2025-02-06 17:00,13834.046,14472.212,13164.267
forecast_0882,2025-02-06 18:00,14075.825,14379.137,13110.899
forecast_0883,2025-02-06 19:00,14641.606,14880.667,12916.983
forecast_0884,2025-02-06 20:00,15141.294,15402.714,13480.733
forecast_0885,2025-02-06 21:00,14890.165,14860.157,12821.776
forecast_0886,2025-02-06 22:00,14541.105,14412.624,12192.972
forecast_0887,2025-02-06 23:00,14546.72,13815.844,11569.363
forecast_0888,2025-02-07 0:00,13356.872,13048.241,11372.849
forecast_0889,2025-02-07 1:00,9354.448,9837.528,7607.3994
forecast_0890,2025-02-07 2:00,7472.563,9264.377,6187.049
forecast_0891,2025-02-07 3:00,6562.7695,7309.5415,4960.709
forecast_0892,2025-02-07 4:00,7451.697,8817.866,5277.3047
forecast_0893,2025-02-07 5:00,8833.897,10406.377,6183.5054
forecast_0894,2025-02-07 6:00,6701.3955,8165.568,4542.366199999998
forecast_0895,2025-02-07 7:00,5416.5947,6377.247,4863.522199999998
forecast_0896,2025-02-07 8:00,4721.448,5466.605,4167.0360999999975
forecast_0897,2025-02-07 9:00,5765.054,6950.718,4761.513
forecast_0898,2025-02-07 10:00,9605.005,10211.371,8228.276
forecast_0899,2025-02-07 11:00,12256.847,11802.42,10336.38
forecast_0900,2025-02-07 12:00,13275.878,12882.822,12192.408
forecast_0901,2025-02-07 13:00,13679.058,14721.556,12623.519
forecast_0902,2025-02-07 14:00,14608.936,15217.045,12639.217
forecast_0903,2025-02-07 15:00,14570.487,15190.875,12734.026
forecast_0904,2025-02-07 16:00,14665.091,14583.76,12791.861
forecast_0905,2025-02-07 17:00,13894.523,14477.301,11971.541
forecast_0906,2025-02-07 18:00,13247.549,13188.595,11339.088
forecast_0907,2025-02-07 19:00,13381.665,13734.551,11581.898
forecast_0908,2025-02-07 20:00,13488.501,14482.128,11989.666
forecast_0909,2025-02-07 21:00,14642.254,15154.518,12008.42
forecast_0910,2025-02-07 22:00,15269.683,16035.988,11656.534
forecast_0911,2025-02-07 23:00,15471.018,16983.861,11926.556
forecast_0912,2025-02-08 0:00,15070.678,16785.91,10982.474
forecast_0913,2025-02-08 1:00,13837.424,15813.635,10707.162
forecast_0914,2025-02-08 2:00,14793.243,16435.824,11044.543
forecast_0915,2025-02-08 3:00,14786.731,16207.913,11290.746
forecast_0916,2025-02-08 4:00,14935.745,16172.618,10957.412
forecast_0917,2025-02-08 5:00,14799.524,16020.303,11050.42
forecast_0918,2025-02-08 6:00,15350.439,16568.643,11115.427
forecast_0919,2025-02-08 7:00,14592.255,16192.155,10602.74
forecast_0920,2025-02-08 8:00,14415.025,15986.893,10563.314
forecast_0921,2025-02-08 9:00,14133.077,15065.86,11158.956
forecast_0922,2025-02-08 10:00,12522.216,12754.494,10084.39
forecast_0923,2025-02-08 11:00,9741.089,9205.847,8563.868
forecast_0924,2025-02-08 12:00,7260.211,7537.631,6780.6177
forecast_0925,2025-02-08 13:00,5713.862,5345.2085,5065.928
forecast_0926,2025-02-08 14:00,4728.814,4617.3335,4596.4564999999975
forecast_0927,2025-02-08 15:00,4572.544,4614.6147,4751.487799999998
forecast_0928,2025-02-08 16:00,5319.3096,5139.6274,4320.6045
forecast_0929,2025-02-08 17:00,5542.48,5737.2666,5241.551
forecast_0930,2025-02-08 18:00,7226.9927,6988.988,7182.4624
forecast_0931,2025-02-08 19:00,9364.207,8372.111,8996.582
forecast_0932,2025-02-08 20:00,10855.442,10216.305,9886.733
forecast_0933,2025-02-08 21:00,12287.555,11179.251,10452.044
forecast_0934,2025-02-08 22:00,15344.131,14620.247,11850.069
forecast_0935,2025-02-08 23:00,17564.766,16506.795,14895.151
forecast_0936,2025-02-09 0:00,18208.271,18066.438,15635.095
forecast_0937,2025-02-09 1:00,16579.615,15783.436,13370.145
forecast_0938,2025-02-09 2:00,17857.383,17245.066,15180.161
forecast_0939,2025-02-09 3:00,18124.752,17655.31,15229.832
forecast_0940,2025-02-09 4:00,18761.578,18226.143,15647.452
forecast_0941,2025-02-09 5:00,19827.832,19107.969,15993.234
forecast_0942,2025-02-09 6:00,20095.965,19452.652,16139.214
forecast_0943,2025-02-09 7:00,19833.086,19435.018,15995.633
forecast_0944,2025-02-09 8:00,19683.627,19423.146,15607.83
forecast_0945,2025-02-09 9:00,18191.707,18719.656,14586.228
forecast_0946,2025-02-09 10:00,15914.159,16244.676,12245.741
forecast_0947,2025-02-09 11:00,12748.76,14135.955,10855.717
forecast_0948,2025-02-09 12:00,11259.048,12794.8125,10106.379
forecast_0949,2025-02-09 13:00,10765.491,11488.088,9643.09
forecast_0950,2025-02-09 14:00,10939.047,11217.725,9339.289
forecast_0951,2025-02-09 15:00,11175.375,10524.079,8589.049
forecast_0952,2025-02-09 16:00,12357.873,11349.64,9995.245
forecast_0953,2025-02-09 17:00,13472.027,13550.3125,11042.222
forecast_0954,2025-02-09 18:00,14569.47,14859.068,11538.288
forecast_0955,2025-02-09 19:00,15299.273,15119.742,12012.966
forecast_0956,2025-02-09 20:00,15447.59,15311.453,12527.729
forecast_0957,2025-02-09 21:00,15520.28,16343.548,13560.783
forecast_0958,2025-02-09 22:00,16126.245,17196.398,14126.246
forecast_0959,2025-02-09 23:00,16924.29,17766.75,14996.596
forecast_0960,2025-02-10 0:00,17870.258,18724.293,15398.737
forecast_0961,2025-02-10 1:00,17776.146,18775.893,15129.884
forecast_0962,2025-02-10 2:00,17820.34,18640.82,15309.099
forecast_0963,2025-02-10 3:00,18145.16,19125.828,15671.626
forecast_0964,2025-02-10 4:00,18548.812,19391.094,15924.927
forecast_0965,2025-02-10 5:00,19176.816,19952.305,16438.83
forecast_0966,2025-02-10 6:00,18934.912,19973.512,16430.621
forecast_0967,2025-02-10 7:00,19226.121,20072.627,16443.766
forecast_0968,2025-02-10 8:00,19052.572,19824.486,16443.63
forecast_0969,2025-02-10 9:00,17975.436,19245.172,16215.695
forecast_0970,2025-02-10 10:00,16619.947,17923.836,14490.23
forecast_0971,2025-02-10 11:00,14794.68,15384.751,13149.231
forecast_0972,2025-02-10 12:00,13875.402,14419.286,12542.7705
forecast_0973,2025-02-10 13:00,13272.86,13223.689,11285.194
forecast_0974,2025-02-10 14:00,13468.008,13108.244,10801.166
forecast_0975,2025-02-10 15:00,12823.058,12355.379,10392.443
forecast_0976,2025-02-10 16:00,12682.677,12156.649,10384.704
forecast_0977,2025-02-10 17:00,12594.201,11956.219,10028.889
forecast_0978,2025-02-10 18:00,12939.098,12814.953,10581.313
forecast_0979,2025-02-10 19:00,13962.928,13772.117,10990.736
forecast_0980,2025-02-10 20:00,12867.684,13178.654,10556.253
forecast_0981,2025-02-10 21:00,11843.795,12592.792,9923.364
forecast_0982,2025-02-10 22:00,12307.166,13374.032,10431.171
forecast_0983,2025-02-10 23:00,11713.755,12053.712,9834.068
forecast_0984,2025-02-11 0:00,11180.376,11906.585,9614.299
forecast_0985,2025-02-11 1:00,11258.439,11728.401,9650.547
forecast_0986,2025-02-11 2:00,12405.049,12390.247,10329.818
forecast_0987,2025-02-11 3:00,13165.098,13387.298,10503.235
forecast_0988,2025-02-11 4:00,13315.264,13569.568,10564.898
forecast_0989,2025-02-11 5:00,10443.635,10738.065,8129.169
forecast_0990,2025-02-11 6:00,9538.886,9483.996,6225.405
forecast_0991,2025-02-11 7:00,9072.713,8533.196,6207.117
forecast_0992,2025-02-11 8:00,8162.092,7337.148,5450.718
forecast_0993,2025-02-11 9:00,8217.738,7005.396,4913.516
forecast_0994,2025-02-11 10:00,6608.0127,5437.802,4237.554399999998
forecast_0995,2025-02-11 11:00,4500.8716,4525.0149999999985,3145.8395999999975
forecast_0996,2025-02-11 12:00,5464.562999999998,4263.135299999999,3167.444999999998
forecast_0997,2025-02-11 13:00,4246.100999999999,3438.5592999999985,2830.157799999998
forecast_0998,2025-02-11 14:00,4183.277999999998,3285.183999999999,2717.2576999999983
forecast_0999,2025-02-11 15:00,3500.9186999999984,2639.395399999999,2277.501599999998
forecast_1000,2025-02-11 16:00,3341.403199999998,2687.8297999999986,2284.271199999998
forecast_1001,2025-02-11 17:00,3800.2365999999984,3193.6552999999985,2396.0572999999977
forecast_1002,2025-02-11 18:00,5198.6064,4750.5225,4424.966599999998
forecast_1003,2025-02-11 19:00,8252.322,7235.7524,5979.4365
forecast_1004,2025-02-11 20:00,11099.453,10449.63,7443.099
forecast_1005,2025-02-11 21:00,11936.219,12259.423,8514.616
forecast_1006,2025-02-11 22:00,11903.879,12079.986,8018.5425
forecast_1007,2025-02-11 23:00,16374.703,16572.46,13623.0205
forecast_1008,2025-02-12 0:00,17726.424,18003.156,14235.334
forecast_1009,2025-02-12 1:00,15537.891,15637.967,12160.23
forecast_1010,2025-02-12 2:00,15948.021,16797.799,12878.82
forecast_1011,2025-02-12 3:00,15201.666,16521.287,12532.954
forecast_1012,2025-02-12 4:00,15338.507,16612.68,12723.924
forecast_1013,2025-02-12 5:00,14820.739,16136.921,12357.859
forecast_1014,2025-02-12 6:00,13439.132,14563.426,10707.334
forecast_1015,2025-02-12 7:00,9235.356,11421.298,7033.1353
forecast_1016,2025-02-12 8:00,7530.785,9717.171,5320.793
forecast_1017,2025-02-12 9:00,6789.8438,8076.9946,5353.6753
forecast_1018,2025-02-12 10:00,7461.063,9085.949,7428.5977
forecast_1019,2025-02-12 11:00,9555.587,12750.9,9920.406
forecast_1020,2025-02-12 12:00,11531.199,13692.284,10600.656
forecast_1021,2025-02-12 13:00,11896.81,13817.529,11333.898
forecast_1022,2025-02-12 14:00,13290.406,14709.475,12062.435
forecast_1023,2025-02-12 15:00,14633.126,15366.538,13303.24
forecast_1024,2025-02-12 16:00,14981.852,16076.236,14672.313
forecast_1025,2025-02-12 17:00,16261.333,16911.2,15590.134
forecast_1026,2025-02-12 18:00,17034.098,17546.95,15556.592
forecast_1027,2025-02-12 19:00,17433.295,17558.709,15683.124
forecast_1028,2025-02-12 20:00,16899.23,16811.773,14164.136
forecast_1029,2025-02-12 21:00,16515.781,16291.65,13805.004
forecast_1030,2025-02-12 22:00,16242.142,16239.593,13848.503
forecast_1031,2025-02-12 23:00,15741.256,15467.955,12984.219
forecast_1032,2025-02-13 0:00,15292.778,15076.155,12518.323
forecast_1033,2025-02-13 1:00,14164.435,13874.6875,11230.42
forecast_1034,2025-02-13 2:00,14134.278,14381.418,11540.81
forecast_1035,2025-02-13 3:00,14718.864,14640.593,11689.712
forecast_1036,2025-02-13 4:00,13278.3,13296.948,10493.498
forecast_1037,2025-02-13 5:00,13980.215,14446.975,10983.381
forecast_1038,2025-02-13 6:00,15760.833,16279.39,12797.921
forecast_1039,2025-02-13 7:00,17171.908,18059.895,13721.95
forecast_1040,2025-02-13 8:00,18228.096,18653.764,14647.774
forecast_1041,2025-02-13 9:00,18211.182,18726.457,15027.091
forecast_1042,2025-02-13 10:00,17170.787,17671.068,14597.578
forecast_1043,2025-02-13 11:00,15962.235,16368.856,13550.852
forecast_1044,2025-02-13 12:00,15615.824,16227.263,13209.126
forecast_1045,2025-02-13 13:00,15593.9375,15766.409,12992.366
forecast_1046,2025-02-13 14:00,15838.382,16446.719,13866.662
forecast_1047,2025-02-13 15:00,15743.413,16215.546,13709.749
forecast_1048,2025-02-13 16:00,16161.986,16697.95,14274.597
forecast_1049,2025-02-13 17:00,17282.867,17723.805,15757.067
forecast_1050,2025-02-13 18:00,18296.756,19026.945,16558.557
forecast_1051,2025-02-13 19:00,18619.69,19629.117,16713.27
forecast_1052,2025-02-13 20:00,18569.352,19429.66,16640.473
forecast_1053,2025-02-13 21:00,18508.164,19383.277,16615.186
forecast_1054,2025-02-13 22:00,18577.102,19480.01,16679.996
forecast_1055,2025-02-13 23:00,18753.648,19628.248,16686.475
forecast_1056,2025-02-14 0:00,18843.295,19719.79,16672.234
forecast_1057,2025-02-14 1:00,19289.006,20127.709,16763.998
forecast_1058,2025-02-14 2:00,19215.549,20093.617,16432.74
forecast_1059,2025-02-14 3:00,19007.424,19915.621,16534.807
forecast_1060,2025-02-14 4:00,19000.762,19860.516,16619.795
forecast_1061,2025-02-14 5:00,19809.016,20000.523,16761.215
forecast_1062,2025-02-14 6:00,19892.078,20064.064,16804.643
forecast_1063,2025-02-14 7:00,20298.123,20220.332,16820.152
forecast_1064,2025-02-14 8:00,20143.863,20133.809,16697.28
forecast_1065,2025-02-14 9:00,18207.592,19270.389,15316.874
forecast_1066,2025-02-14 10:00,15120.224,15887.796,12385.682
forecast_1067,2025-02-14 11:00,12930.942,13828.557,10438.86
forecast_1068,2025-02-14 12:00,11606.068,12859.042,9849.204
forecast_1069,2025-02-14 13:00,10793.037,11828.235,8890.269
forecast_1070,2025-02-14 14:00,10415.206,10940.009,9123.613
forecast_1071,2025-02-14 15:00,10646.748,11168.37,9387.574
forecast_1072,2025-02-14 16:00,12034.794,12895.066,10673.292
forecast_1073,2025-02-14 17:00,13544.671,14692.208,11699.953
forecast_1074,2025-02-14 18:00,15826.897,16581.064,14099.923
forecast_1075,2025-02-14 19:00,16535.076,17087.281,13469.394
forecast_1076,2025-02-14 20:00,16500.13,16894.03,12325.319
forecast_1077,2025-02-14 21:00,16356.659,16649.732,12480.815
forecast_1078,2025-02-14 22:00,16156.943,15960.418,11387.751
forecast_1079,2025-02-14 23:00,15851.657,15332.001,11102.945
forecast_1080,2025-02-15 0:00,17674.734,16534.518,13526.559
forecast_1081,2025-02-15 1:00,17132.836,15934.192,13014.814
forecast_1082,2025-02-15 2:00,17048.44,16206.068,12754.282
forecast_1083,2025-02-15 3:00,16468.219,15590.737,12189.043
forecast_1084,2025-02-15 4:00,16230.849,15137.387,11635.026
forecast_1085,2025-02-15 5:00,16500.004,15612.159,11868.5
forecast_1086,2025-02-15 6:00,17008.822,15975.784,11394.797
forecast_1087,2025-02-15 7:00,15361.483,14755.211,10350.05
forecast_1088,2025-02-15 8:00,14503.934,14563.387,10098.917
forecast_1089,2025-02-15 9:00,13729.233,14349.078,10000.284
forecast_1090,2025-02-15 10:00,11059.521,11787.389,8299.01
forecast_1091,2025-02-15 11:00,10748.393,11614.812,8488.914
forecast_1092,2025-02-15 12:00,11521.893,12672.529,9281.207
forecast_1093,2025-02-15 13:00,12313.892,13315.339,10725.036
forecast_1094,2025-02-15 14:00,13471.597,14610.26,12188.098
forecast_1095,2025-02-15 15:00,14425.212,15063.339,12750.285
forecast_1096,2025-02-15 16:00,14798.065,14971.929,12556.683
forecast_1097,2025-02-15 17:00,15852.411,16393.535,13571.688
forecast_1098,2025-02-15 18:00,17123.691,17326.902,14576.675
forecast_1099,2025-02-15 19:00,18321.312,18180.047,15672.822
forecast_1100,2025-02-15 20:00,18417.277,18638.428,16090.603
forecast_1101,2025-02-15 21:00,18223.006,18389.023,15694.285
forecast_1102,2025-02-15 22:00,18312.25,18376.412,15600.627
forecast_1103,2025-02-15 23:00,18048.719,18423.791,15545.164
forecast_1104,2025-02-16 0:00,18670.674,18837.45,15876.136
forecast_1105,2025-02-16 1:00,19652.629,19702.9,15986.6455
forecast_1106,2025-02-16 2:00,18825.098,18941.795,15362.273
forecast_1107,2025-02-16 3:00,18598.219,18740.445,14569.732
forecast_1108,2025-02-16 4:00,17780.762,18065.838,14025.232
forecast_1109,2025-02-16 5:00,16431.906,17052.904,12967.325
forecast_1110,2025-02-16 6:00,15741.77,16341.69,12128.167
forecast_1111,2025-02-16 7:00,15050.004,15854.059,11596.436
forecast_1112,2025-02-16 8:00,14552.344,15241.88,10874.3955
forecast_1113,2025-02-16 9:00,14416.471,15744.092,11472.293
forecast_1114,2025-02-16 10:00,11468.776,13100.779,9575.476
forecast_1115,2025-02-16 11:00,10157.146,11951.512,9376.28
forecast_1116,2025-02-16 12:00,9656.675,10421.765,9193.852
forecast_1117,2025-02-16 13:00,11201.759,12392.97,10525.089
forecast_1118,2025-02-16 14:00,13342.218,13985.664,11820.122
forecast_1119,2025-02-16 15:00,15276.805,15916.657,13575.31
forecast_1120,2025-02-16 16:00,16514.469,16843.197,15124.342
forecast_1121,2025-02-16 17:00,17586.176,18392.254,15945.165
forecast_1122,2025-02-16 18:00,16846.912,17964.38,16162.45
forecast_1123,2025-02-16 19:00,17501.107,18289.035,16006.896
forecast_1124,2025-02-16 20:00,17680.557,18751.342,15959.789
forecast_1125,2025-02-16 21:00,17697.35,18584.209,15772.181
forecast_1126,2025-02-16 22:00,17811.062,18312.066,15920.227
forecast_1127,2025-02-16 23:00,17312.404,17818.924,15432.669
forecast_1128,2025-02-17 0:00,16690.982,16662.879,14025.477
forecast_1129,2025-02-17 1:00,15204.286,14884.803,11604.828
forecast_1130,2025-02-17 2:00,15171.834,15073.646,11952.621
forecast_1131,2025-02-17 3:00,15362.897,15597.329,12295.098
forecast_1132,2025-02-17 4:00,14517.56,14179.885,10828.525
forecast_1133,2025-02-17 5:00,13432.874,13126.862,10205.321
forecast_1134,2025-02-17 6:00,12933.07,13030.501,10308.354
forecast_1135,2025-02-17 7:00,13587.0205,13412.515,10480.059
forecast_1136,2025-02-17 8:00,13873.636,13764.229,10499.967
forecast_1137,2025-02-17 9:00,13734.007,13578.98,10693.047
forecast_1138,2025-02-17 10:00,13919.3545,12874.404,10753.797
forecast_1139,2025-02-17 11:00,14115.733,13069.373,10494.597
forecast_1140,2025-02-17 12:00,13622.68,13137.958,10341.1875
forecast_1141,2025-02-17 13:00,13393.209,12808.281,10049.464
forecast_1142,2025-02-17 14:00,13040.022,12396.719,9523.639
forecast_1143,2025-02-17 15:00,12670.392,11831.279,9199.219
forecast_1144,2025-02-17 16:00,11910.859,10786.663,8280.092
forecast_1145,2025-02-17 17:00,10238.877,8677.911,6308.009
forecast_1146,2025-02-17 18:00,9166.856,8201.967,6088.9883
forecast_1147,2025-02-17 19:00,9305.235,8256.472,6077.239
forecast_1148,2025-02-17 20:00,8624.004,7462.545,5149.4146
forecast_1149,2025-02-17 21:00,7038.9673,6357.038,5175.3899999999985
forecast_1150,2025-02-17 22:00,6135.1724,6056.7593,4997.1493999999975
forecast_1151,2025-02-17 23:00,6214.4307,5682.2344,5055.255399999998
forecast_1152,2025-02-18 0:00,6599.922,6406.681,4797.5737
forecast_1153,2025-02-18 1:00,7170.708,7382.1763,5989.525
forecast_1154,2025-02-18 2:00,10770.034,10637.949,8919.698
forecast_1155,2025-02-18 3:00,11960.999,11938.598,10108.238
forecast_1156,2025-02-18 4:00,12900.75,13219.984,10657.549
forecast_1157,2025-02-18 5:00,12831.872,12625.753,10438.134
forecast_1158,2025-02-18 6:00,13473.912,13862.966,11023.693
forecast_1159,2025-02-18 7:00,13805.018,14071.674,11138.771
forecast_1160,2025-02-18 8:00,12887.56,12841.575,10509.303
forecast_1161,2025-02-18 9:00,12793.287,12581.06,10326.644
forecast_1162,2025-02-18 10:00,12551.147,12637.76,10620.062
forecast_1163,2025-02-18 11:00,12727.017,12413.576,10508.09
forecast_1164,2025-02-18 12:00,12829.92,12218.327,10264.833
forecast_1165,2025-02-18 13:00,13630.225,12613.321,10485.993
forecast_1166,2025-02-18 14:00,14164.404,13140.271,10645.655
forecast_1167,2025-02-18 15:00,14110.673,13305.342,10620.19
forecast_1168,2025-02-18 16:00,13627.133,12637.541,10421.147
forecast_1169,2025-02-18 17:00,13285.775,12277.674,10093.831
forecast_1170,2025-02-18 18:00,12614.849,11564.182,9465.9375
forecast_1171,2025-02-18 19:00,11863.263,11139.366,9005.424
forecast_1172,2025-02-18 20:00,11465.436,10126.316,8677.333
forecast_1173,2025-02-18 21:00,11624.651,11241.827,9274.989
forecast_1174,2025-02-18 22:00,11420.197,12051.901,9691.342
forecast_1175,2025-02-18 23:00,10616.621,11442.08,8567.75
forecast_1176,2025-02-19 0:00,11195.979,12277.087,9329.968
forecast_1177,2025-02-19 1:00,8629.535,8949.509,7008.1406
forecast_1178,2025-02-19 2:00,11703.16,13019.28,9580.99
forecast_1179,2025-02-19 3:00,11325.12,12959.404,9598.998
forecast_1180,2025-02-19 4:00,11892.879,13369.366,9992.726
forecast_1181,2025-02-19 5:00,12459.73,13766.799,10322.162
forecast_1182,2025-02-19 6:00,12891.786,14002.104,10501.545
forecast_1183,2025-02-19 7:00,12765.949,13994.774,10754.697
forecast_1184,2025-02-19 8:00,12418.103,13732.037,10502.829
forecast_1185,2025-02-19 9:00,11022.221,12008.433,9536.308
forecast_1186,2025-02-19 10:00,8847.357,9680.983,8020.438
forecast_1187,2025-02-19 11:00,8322.228,8630.145,7115.7974
forecast_1188,2025-02-19 12:00,6638.4155,6937.6914,5899.578
forecast_1189,2025-02-19 13:00,5548.954,5137.0957,4792.567599999998
forecast_1190,2025-02-19 14:00,6163.4863,5424.9136,5024.026399999998
forecast_1191,2025-02-19 15:00,6853.906,6075.892,4381.4253
forecast_1192,2025-02-19 16:00,6849.515,5848.472,4424.7227
forecast_1193,2025-02-19 17:00,6719.031,5756.3438,4620.688
forecast_1194,2025-02-19 18:00,6806.7104,6064.931,5345.7925
forecast_1195,2025-02-19 19:00,6979.0645,6740.3433,5652.5107
forecast_1196,2025-02-19 20:00,7248.603,7277.7886,5641.354
forecast_1197,2025-02-19 21:00,8458.348,8311.113,6306.2383
forecast_1198,2025-02-19 22:00,9047.248,9109.626,8032.02
forecast_1199,2025-02-19 23:00,9907.876,10571.331,8620.357
forecast_1200,2025-02-20 0:00,10162.904,10979.612,9280.729
forecast_1201,2025-02-20 1:00,8480.417,7975.4736,7038.951
forecast_1202,2025-02-20 2:00,8778.252,9105.686,7238.72
forecast_1203,2025-02-20 3:00,9621.494,9947.235,8178.8438
forecast_1204,2025-02-20 4:00,9651.535,10236.767,8219.521
forecast_1205,2025-02-20 5:00,9746.432,10860.098,8647.729
forecast_1206,2025-02-20 6:00,10090.579,11518.789,9388.782
forecast_1207,2025-02-20 7:00,12270.51,13334.171,10222.418
forecast_1208,2025-02-20 8:00,13397.046,14215.655,10829.412
forecast_1209,2025-02-20 9:00,12458.136,13630.041,10597.428
forecast_1210,2025-02-20 10:00,11033.996,12158.552,9991.627
forecast_1211,2025-02-20 11:00,11134.669,11705.114,9726.837
forecast_1212,2025-02-20 12:00,10574.925,11345.991,9705.54
forecast_1213,2025-02-20 13:00,9646.45,9594.872,8221.094
forecast_1214,2025-02-20 14:00,10217.244,9454.317,8866.456
forecast_1215,2025-02-20 15:00,10177.473,9932.846,8961.408
forecast_1216,2025-02-20 16:00,9413.264,8468.844,7451.2944
forecast_1217,2025-02-20 17:00,9558.636,8903.9795,7896.259
forecast_1218,2025-02-20 18:00,10134.524,9877.442,9140.912
forecast_1219,2025-02-20 19:00,11133.574,10594.569,9762.06
forecast_1220,2025-02-20 20:00,10756.762,10829.681,9653.123
forecast_1221,2025-02-20 21:00,9463.213,9515.255,8323.424
forecast_1222,2025-02-20 22:00,8610.909,9284.972,7495.9385
forecast_1223,2025-02-20 23:00,9580.756,10398.782,8337.766
forecast_1224,2025-02-21 0:00,9848.364,10406.042,8511.418
forecast_1225,2025-02-21 1:00,9276.719,10158.018,7504.996
forecast_1226,2025-02-21 2:00,9901.821,10878.159,8822.938
forecast_1227,2025-02-21 3:00,9423.257,10248.372,8453.612
forecast_1228,2025-02-21 4:00,9384.702,9522.629,7970.819
forecast_1229,2025-02-21 5:00,9902.015,10036.53,8651.088
forecast_1230,2025-02-21 6:00,10224.755,10889.366,8566.768
forecast_1231,2025-02-21 7:00,10991.92,11749.028,9497.396
forecast_1232,2025-02-21 8:00,11094.866,11892.81,9151.075
forecast_1233,2025-02-21 9:00,9951.33,10872.531,9210.066
forecast_1234,2025-02-21 10:00,7482.0645,7729.7036,6417.057
forecast_1235,2025-02-21 11:00,6309.1216,6580.743,5559.9033
forecast_1236,2025-02-21 12:00,5390.264,6004.9287,4699.0264
forecast_1237,2025-02-21 13:00,7119.858,6224.767,4657.0654
forecast_1238,2025-02-21 14:00,8060.478,7228.5923,5912.317
forecast_1239,2025-02-21 15:00,8049.032,6554.6177,5344.6504
forecast_1240,2025-02-21 16:00,8154.6934,6583.1924,5493.8203
forecast_1241,2025-02-21 17:00,8531.088,6640.4077,5400.096
forecast_1242,2025-02-21 18:00,10524.33,8819.05,8041.531
forecast_1243,2025-02-21 19:00,11687.711,10331.716,9369.837
forecast_1244,2025-02-21 20:00,11778.672,10924.446,9617.28
forecast_1245,2025-02-21 21:00,12174.554,11805.943,9961.322
forecast_1246,2025-02-21 22:00,12166.955,11993.801,10250.995
forecast_1247,2025-02-21 23:00,12817.853,12508.587,10760.624
forecast_1248,2025-02-22 0:00,12923.962,12701.985,10836.033
forecast_1249,2025-02-22 1:00,14036.792,13169.02,11006.742
forecast_1250,2025-02-22 2:00,14940.652,14390.822,12366.123
forecast_1251,2025-02-22 3:00,15515.877,15433.861,13412.463
forecast_1252,2025-02-22 4:00,14715.975,14784.838,11952.884
forecast_1253,2025-02-22 5:00,13680.493,14062.919,11037.463
forecast_1254,2025-02-22 6:00,11775.979,11520.758,9146.823
forecast_1255,2025-02-22 7:00,11415.246,12257.843,9581.115
forecast_1256,2025-02-22 8:00,10277.662,10006.607,8059.7373
forecast_1257,2025-02-22 9:00,8677.942,7707.5303,6019.537
forecast_1258,2025-02-22 10:00,5282.5547,5055.856,4229.152799999998
forecast_1259,2025-02-22 11:00,4373.885,4313.982199999999,3447.4442999999983
forecast_1260,2025-02-22 12:00,4548.0435,4842.261999999999,3704.5585999999976
forecast_1261,2025-02-22 13:00,7234.2983,6285.6445,5567.6196
forecast_1262,2025-02-22 14:00,7421.4087,6769.719,6026.42
forecast_1263,2025-02-22 15:00,7490.238,6599.111,5771.4043
forecast_1264,2025-02-22 16:00,7464.489,6523.924,5917.502
forecast_1265,2025-02-22 17:00,8095.718,6890.572,6570.001
forecast_1266,2025-02-22 18:00,9938.028,9326.154,8974.214
forecast_1267,2025-02-22 19:00,11658.265,11006.687,10196.807
forecast_1268,2025-02-22 20:00,12469.871,12717.441,11157.391
forecast_1269,2025-02-22 21:00,13782.205,14797.529,12404.72
forecast_1270,2025-02-22 22:00,14547.426,15492.6045,13274.273
forecast_1271,2025-02-22 23:00,15174.435,16246.764,13982.982
forecast_1272,2025-02-23 0:00,15160.976,16589.807,14388.375
forecast_1273,2025-02-23 1:00,14706.426,16111.996,14160.042
forecast_1274,2025-02-23 2:00,15195.212,16631.496,14489.459
forecast_1275,2025-02-23 3:00,15802.507,16957.037,14617.178
forecast_1276,2025-02-23 4:00,16106.049,17250.043,15428.265
forecast_1277,2025-02-23 5:00,16422.598,17207.781,15191.676
forecast_1278,2025-02-23 6:00,16635.04,17592.92,15157.79
forecast_1279,2025-02-23 7:00,16898.838,17733.6,15527.271
forecast_1280,2025-02-23 8:00,17246.146,17598.418,15498.439
forecast_1281,2025-02-23 9:00,16428.623,17363.623,15285.736
forecast_1282,2025-02-23 10:00,15739.565,16916.13,14953.58
forecast_1283,2025-02-23 11:00,15313.527,16161.779,14107.521
forecast_1284,2025-02-23 12:00,15185.392,15881.051,13141.999
forecast_1285,2025-02-23 13:00,14674.85,15069.061,12531.259
forecast_1286,2025-02-23 14:00,14370.47,14637.095,11964.201
forecast_1287,2025-02-23 15:00,14087.035,14008.005,11247.709
forecast_1288,2025-02-23 16:00,13445.736,13313.509,10433.26
forecast_1289,2025-02-23 17:00,12892.754,11948.266,9416.28
forecast_1290,2025-02-23 18:00,12415.752,11003.711,8937.467
forecast_1291,2025-02-23 19:00,11889.063,10802.688,8461.333
forecast_1292,2025-02-23 20:00,10993.807,10857.973,8754.431
forecast_1293,2025-02-23 21:00,11157.241,11329.027,9628.04
forecast_1294,2025-02-23 22:00,11557.603,11373.387,9471.774
forecast_1295,2025-02-23 23:00,11938.604,12698.513,9860.673
forecast_1296,2025-02-24 0:00,12352.827,13365.473,10161.285
forecast_1297,2025-02-24 1:00,13628.411,14281.714,11338.778
forecast_1298,2025-02-24 2:00,15322.885,15871.237,12334.997
forecast_1299,2025-02-24 3:00,16264.295,16822.023,12590.207
forecast_1300,2025-02-24 4:00,16215.307,16816.926,13420.224
forecast_1301,2025-02-24 5:00,15464.344,16211.315,12799.343
forecast_1302,2025-02-24 6:00,15367.672,15505.814,12082.748
forecast_1303,2025-02-24 7:00,15386.23,15563.532,12089.033
forecast_1304,2025-02-24 8:00,14977.277,15359.297,11873.299
forecast_1305,2025-02-24 9:00,14630.143,14164.358,11127.83
forecast_1306,2025-02-24 10:00,12313.64,12080.588,9978.481
forecast_1307,2025-02-24 11:00,10097.749,10560.412,8949.962
forecast_1308,2025-02-24 12:00,9644.082,9610.295,7948.6616
forecast_1309,2025-02-24 13:00,9292.65,9289.152,8153.1694
forecast_1310,2025-02-24 14:00,10372.616,9799.782,9165.031
forecast_1311,2025-02-24 15:00,11105.13,10705.07,9225.075
forecast_1312,2025-02-24 16:00,11156.692,10723.813,9047.66
forecast_1313,2025-02-24 17:00,11487.802,11700.308,9504.76
forecast_1314,2025-02-24 18:00,13254.952,13919.22,11168.66
forecast_1315,2025-02-24 19:00,15680.38,15700.842,13927.049
forecast_1316,2025-02-24 20:00,17516.164,17212.0,15237.026
forecast_1317,2025-02-24 21:00,18524.889,18300.19,16043.162
forecast_1318,2025-02-24 22:00,19502.605,19376.041,16610.426
forecast_1319,2025-02-24 23:00,20165.494,19763.63,16805.658
forecast_1320,2025-02-25 0:00,20402.227,20321.94,17036.035
forecast_1321,2025-02-25 1:00,21062.78,20551.64,17760.295
forecast_1322,2025-02-25 2:00,21189.213,20818.234,18140.88
forecast_1323,2025-02-25 3:00,21411.184,21157.225,18290.938
forecast_1324,2025-02-25 4:00,21509.326,21157.977,17824.404
forecast_1325,2025-02-25 5:00,21305.453,21174.436,18003.79
forecast_1326,2025-02-25 6:00,21344.225,21182.352,17481.736
forecast_1327,2025-02-25 7:00,21542.967,21113.637,17470.23
forecast_1328,2025-02-25 8:00,21539.6,21030.438,18035.076
forecast_1329,2025-02-25 9:00,21262.283,21149.162,18236.264
forecast_1330,2025-02-25 10:00,19833.838,20677.932,17622.787
forecast_1331,2025-02-25 11:00,18435.582,19557.549,16840.736
forecast_1332,2025-02-25 12:00,16529.646,17725.49,14960.046
forecast_1333,2025-02-25 13:00,16467.941,17124.436,14838.655
forecast_1334,2025-02-25 14:00,16352.8,17165.338,14864.716
forecast_1335,2025-02-25 15:00,16926.125,17611.209,15543.716
forecast_1336,2025-02-25 16:00,17552.871,18103.098,15847.322
forecast_1337,2025-02-25 17:00,19023.572,19339.176,16517.568
forecast_1338,2025-02-25 18:00,19642.117,19668.246,17005.15
forecast_1339,2025-02-25 19:00,19759.559,19703.547,17525.973
forecast_1340,2025-02-25 20:00,19963.652,19886.229,18043.797
forecast_1341,2025-02-25 21:00,19978.98,19977.082,17720.201
forecast_1342,2025-02-25 22:00,20301.35,20337.742,18862.809
forecast_1343,2025-02-25 23:00,20217.979,20352.418,18273.756
forecast_1344,2025-02-26 0:00,20086.857,20336.14,18032.24
forecast_1345,2025-02-26 1:00,19800.09,20204.81,17137.768
forecast_1346,2025-02-26 2:00,19799.482,20222.703,16746.797
forecast_1347,2025-02-26 3:00,19530.873,19971.48,16663.906
forecast_1348,2025-02-26 4:00,19174.627,19780.152,16664.488
forecast_1349,2025-02-26 5:00,19122.436,19784.37,16705.244
forecast_1350,2025-02-26 6:00,18453.748,19646.516,16456.951
forecast_1351,2025-02-26 7:00,17955.236,19543.346,16486.984
forecast_1352,2025-02-26 8:00,16875.465,18532.24,15920.93
forecast_1353,2025-02-26 9:00,16010.191,17282.354,14159.428
forecast_1354,2025-02-26 10:00,14066.646,14947.906,12324.163
forecast_1355,2025-02-26 11:00,13005.606,13846.245,11686.86
forecast_1356,2025-02-26 12:00,12756.678,13262.346,10526.501
forecast_1357,2025-02-26 13:00,13167.175,13628.428,10556.771
forecast_1358,2025-02-26 14:00,13737.956,13736.293,10727.636
forecast_1359,2025-02-26 15:00,14478.745,14634.435,11367.16
forecast_1360,2025-02-26 16:00,14739.916,15279.53,12113.76
forecast_1361,2025-02-26 17:00,14559.324,14972.56,11913.856
forecast_1362,2025-02-26 18:00,14888.945,15110.244,12925.894
forecast_1363,2025-02-26 19:00,16135.3,17165.693,15595.143
forecast_1364,2025-02-26 20:00,17811.459,19135.918,16210.081
forecast_1365,2025-02-26 21:00,19316.639,20250.438,16775.514
forecast_1366,2025-02-26 22:00,19038.764,20252.387,16667.209
forecast_1367,2025-02-26 23:00,18304.432,19741.322,16481.342
forecast_1368,2025-02-27 0:00,18924.479,20260.123,16752.049
forecast_1369,2025-02-27 1:00,18980.68,20228.203,16637.463
forecast_1370,2025-02-27 2:00,19269.957,20330.307,16707.521
forecast_1371,2025-02-27 3:00,19928.377,20729.043,16744.125
forecast_1372,2025-02-27 4:00,19756.195,20602.266,16778.457
forecast_1373,2025-02-27 5:00,19520.576,20389.4,16535.348
forecast_1374,2025-02-27 6:00,18767.588,19944.957,16217.127
forecast_1375,2025-02-27 7:00,18543.883,19654.396,16104.901
forecast_1376,2025-02-27 8:00,17614.2,18754.102,14834.938
forecast_1377,2025-02-27 9:00,17166.254,17765.912,13418.997
forecast_1378,2025-02-27 10:00,14717.815,16293.173,12757.919
forecast_1379,2025-02-27 11:00,14094.784,15249.456,11937.971
forecast_1380,2025-02-27 12:00,14309.835,15574.384,12055.946
forecast_1381,2025-02-27 13:00,12596.797,13683.592,10524.191
forecast_1382,2025-02-27 14:00,8421.007,8859.808,7844.633
forecast_1383,2025-02-27 15:00,7851.3154,8459.325,7751.1694
forecast_1384,2025-02-27 16:00,8065.06,8209.65,7013.8394
forecast_1385,2025-02-27 17:00,7810.882,8896.345,6165.9624
forecast_1386,2025-02-27 18:00,8205.535,9573.198,6655.0586
forecast_1387,2025-02-27 19:00,10839.604,12574.81,9312.509
forecast_1388,2025-02-27 20:00,11687.489,13436.927,9534.084
forecast_1389,2025-02-27 21:00,12852.075,14852.242,11146.413
forecast_1390,2025-02-27 22:00,12801.805,14827.282,10801.774
forecast_1391,2025-02-27 23:00,12646.085,14648.365,10694.219
forecast_1392,2025-02-28 0:00,12284.43,14397.553,10753.346
forecast_1393,2025-02-28 1:00,13785.24,15125.966,11171.995
forecast_1394,2025-02-28 2:00,14597.672,15076.961,12408.2
forecast_1395,2025-02-28 3:00,14980.962,15322.72,12134.562
forecast_1396,2025-02-28 4:00,15033.538,15908.726,12660.91
forecast_1397,2025-02-28 5:00,15598.412,16780.965,13763.637
forecast_1398,2025-02-28 6:00,17070.865,18024.27,14589.918
forecast_1399,2025-02-28 7:00,17853.418,18442.059,15101.487
forecast_1400,2025-02-28 8:00,17549.18,18512.37,15049.541
forecast_1401,2025-02-28 9:00,17932.605,18782.19,15800.19
forecast_1402,2025-02-28 10:00,17588.86,18783.654,15717.323
forecast_1403,2025-02-28 11:00,15840.581,17733.354,14575.427
forecast_1404,2025-02-28 12:00,13326.543,14971.456,12280.491
forecast_1405,2025-02-28 13:00,12326.459,13739.813,11033.508
forecast_1406,2025-02-28 14:00,11885.14,12962.261,10643.517
forecast_1407,2025-02-28 15:00,11945.271,12816.617,10614.78
forecast_1408,2025-02-28 16:00,13573.079,14383.477,11412.617
forecast_1409,2025-02-28 17:00,14679.905,15830.957,12578.451
forecast_1410,2025-02-28 18:00,15084.561,16130.388,12978.492
forecast_1411,2025-02-28 19:00,17035.27,17375.74,14035.148
forecast_1412,2025-02-28 20:00,16307.477,15975.493,11318.197
forecast_1413,2025-02-28 21:00,15577.921,14296.591,10379.446
forecast_1414,2025-02-28 22:00,14086.539,12648.072,9415.945
forecast_1415,2025-02-28 23:00,13166.877,11582.464,9352.851
forecast_1416,2025-03-01 0:00,9981.387,8081.1465,6321.518
forecast_1417,2025-03-01 1:00,14881.075,13268.884,9948.976
forecast_1418,2025-03-01 2:00,10357.658,7659.974,5499.066
forecast_1419,2025-03-01 3:00,7055.886,4943.0894,4263.823199999998
forecast_1420,2025-03-01 4:00,4773.3877,4407.247999999999,3301.6403999999984
forecast_1421,2025-03-01 5:00,4792.759299999998,3644.1964999999987,2847.258499999998
forecast_1422,2025-03-01 6:00,4342.369999999998,3577.3639999999987,2799.0359999999982
forecast_1423,2025-03-01 7:00,4516.907699999998,3665.9796999999985,2788.946199999998
forecast_1424,2025-03-01 8:00,3867.6947999999984,3002.5893999999985,2318.4815999999983
forecast_1425,2025-03-01 9:00,3657.9159999999983,2954.6701999999987,2197.068599999998
forecast_1426,2025-03-01 10:00,3388.067599999998,3074.3709999999987,2194.3682999999983
forecast_1427,2025-03-01 11:00,3507.4948999999983,3155.3476999999984,2221.546399999998
forecast_1428,2025-03-01 12:00,3624.302999999998,3342.972199999999,2404.8989999999976
forecast_1429,2025-03-01 13:00,4170.8908999999985,3687.0049999999987,2531.744099999998
forecast_1430,2025-03-01 14:00,5447.259299999998,4951.037999999999,3179.634299999998
forecast_1431,2025-03-01 15:00,5116.33,5438.411,3689.3359999999975
forecast_1432,2025-03-01 16:00,4870.1167,5089.5513,3855.620799999998
forecast_1433,2025-03-01 17:00,5412.2397,5797.1816,4099.058999999998
forecast_1434,2025-03-01 18:00,5073.481,5692.4097,3908.7567999999983
forecast_1435,2025-03-01 19:00,4612.1484,5684.522,3842.6299999999983
forecast_1436,2025-03-01 20:00,4715.104,5245.7993,3566.046599999998
forecast_1437,2025-03-01 21:00,5044.560499999998,4350.067,3330.0675999999976
forecast_1438,2025-03-01 22:00,5015.966599999998,4639.542499999999,3509.478799999998
forecast_1439,2025-03-01 23:00,4924.601299999998,4280.245799999999,3080.8439999999982
forecast_1440,2025-03-02 0:00,4623.491699999999,4135.021999999999,3005.010399999998
forecast_1441,2025-03-02 1:00,5695.2217,6187.6255,4800.956299999998
forecast_1442,2025-03-02 2:00,5759.461,6188.311,4890.243699999998
forecast_1443,2025-03-02 3:00,5559.0483,5838.4727,4594.4164999999975
forecast_1444,2025-03-02 4:00,5363.9385,5590.9165,4028.914999999998
forecast_1445,2025-03-02 5:00,5309.7075,5573.877,4004.6542999999983
forecast_1446,2025-03-02 6:00,4637.960699999998,3855.6239999999984,2703.202599999998
forecast_1447,2025-03-02 7:00,3090.7675999999983,2560.942099999999,909.23987
forecast_1448,2025-03-02 8:00,3224.9119999999984,2702.8012999999987,957.0581
forecast_1449,2025-03-02 9:00,3806.4523999999983,3052.6117999999988,2293.001199999998
forecast_1450,2025-03-02 10:00,4156.932599999998,3916.1461999999988,2501.771699999998
forecast_1451,2025-03-02 11:00,4477.736299999999,4522.643999999998,3158.5409999999983
forecast_1452,2025-03-02 12:00,4842.561299999998,4356.7056,3624.8112999999976
forecast_1453,2025-03-02 13:00,5188.113799999998,4483.65,4012.6422999999977
forecast_1454,2025-03-02 14:00,5376.115499999998,5327.2773,4663.577399999998
forecast_1455,2025-03-02 15:00,4603.6436,6125.95,4351.8477
forecast_1456,2025-03-02 16:00,5854.3154,7359.598,5199.55
forecast_1457,2025-03-02 17:00,6816.5776,9150.556,6736.122
forecast_1458,2025-03-02 18:00,6640.2056,7795.547,6671.9424
forecast_1459,2025-03-02 19:00,9880.012,11644.426,10814.908
forecast_1460,2025-03-02 20:00,8680.033,9869.249,8625.591
forecast_1461,2025-03-02 21:00,8747.833,9699.995,9230.769
forecast_1462,2025-03-02 22:00,11208.757,13300.951,11118.466
forecast_1463,2025-03-02 23:00,10102.236,12539.376,10844.594
forecast_1464,2025-03-03 0:00,10244.212,12521.457,10858.914
forecast_1465,2025-03-03 1:00,13597.227,16333.285,13209.698
forecast_1466,2025-03-03 2:00,13857.65,16568.674,13311.97
forecast_1467,2025-03-03 3:00,12635.659,15635.484,13152.937
forecast_1468,2025-03-03 4:00,13336.217,16051.549,13631.341
forecast_1469,2025-03-03 5:00,13529.048,15380.85,13577.331
forecast_1470,2025-03-03 6:00,14197.972,16311.053,14436.959
forecast_1471,2025-03-03 7:00,13768.66,16843.281,13301.595
forecast_1472,2025-03-03 8:00,12728.556,15982.428,12855.865
forecast_1473,2025-03-03 9:00,11697.651,14873.226,12043.342
forecast_1474,2025-03-03 10:00,10812.55,13983.449,11406.763
forecast_1475,2025-03-03 11:00,10618.504,13682.081,11126.356
forecast_1476,2025-03-03 12:00,9645.917,12921.253,10817.86
forecast_1477,2025-03-03 13:00,11212.074,14172.498,11881.35
forecast_1478,2025-03-03 14:00,10062.596,12695.223,11355.222
forecast_1479,2025-03-03 15:00,10968.494,13836.162,11426.323
forecast_1480,2025-03-03 16:00,10907.162,14056.333,11586.494
forecast_1481,2025-03-03 17:00,11280.165,14233.7295,11662.807
forecast_1482,2025-03-03 18:00,10871.337,14173.344,11644.271
forecast_1483,2025-03-03 19:00,9960.52,12328.3125,9916.197
forecast_1484,2025-03-03 20:00,8963.352,10997.368,9187.9375
forecast_1485,2025-03-03 21:00,10799.943,13316.022,10835.302
forecast_1486,2025-03-03 22:00,11642.286,14677.162,11135.525
forecast_1487,2025-03-03 23:00,11742.72,14291.014,11060.489
forecast_1488,2025-03-04 0:00,11977.609,15232.297,11574.302
forecast_1489,2025-03-04 1:00,12857.71,16537.701,12005.614
forecast_1490,2025-03-04 2:00,12531.049,16292.396,11901.429
forecast_1491,2025-03-04 3:00,12903.786,16457.604,12062.156
forecast_1492,2025-03-04 4:00,11005.417,14562.164,10896.74
forecast_1493,2025-03-04 5:00,10877.6,14394.207,10650.541
forecast_1494,2025-03-04 6:00,11727.682,15627.581,11339.664
forecast_1495,2025-03-04 7:00,11672.888,15767.39,11214.817
forecast_1496,2025-03-04 8:00,11897.435,15695.901,11248.225
forecast_1497,2025-03-04 9:00,12223.602,16057.478,11200.137
forecast_1498,2025-03-04 10:00,12157.899,16068.922,11804.053
forecast_1499,2025-03-04 11:00,12351.461,16075.159,12019.077
forecast_1500,2025-03-04 12:00,12358.388,15891.927,12009.985
forecast_1501,2025-03-04 13:00,12242.897,15802.992,11897.334
forecast_1502,2025-03-04 14:00,12778.36,16088.745,12451.437
forecast_1503,2025-03-04 15:00,13135.83,16652.889,12543.544
forecast_1504,2025-03-04 16:00,13094.57,16747.822,12716.815
forecast_1505,2025-03-04 17:00,12868.021,16118.024,12298.503
forecast_1506,2025-03-04 18:00,12325.928,15948.056,11991.5
forecast_1507,2025-03-04 19:00,11195.391,14458.828,11264.986
forecast_1508,2025-03-04 20:00,10902.689,14039.7,11071.876
forecast_1509,2025-03-04 21:00,11005.068,14425.307,11347.359
forecast_1510,2025-03-04 22:00,10348.52,13488.602,10439.355
forecast_1511,2025-03-04 23:00,9440.447,12907.892,10090.727
forecast_1512,2025-03-05 0:00,7421.4443,9024.385,7830.098
forecast_1513,2025-03-05 1:00,4494.643599999998,4591.801799999999,3384.1164999999983
forecast_1514,2025-03-05 2:00,4305.775399999999,4401.6615999999985,3249.135699999998
forecast_1515,2025-03-05 3:00,4043.6115999999984,4268.166499999998,2932.369999999998
forecast_1516,2025-03-05 4:00,3926.848899999998,4367.953099999999,2858.6112999999978
forecast_1517,2025-03-05 5:00,4498.499999999998,4829.542499999999,2977.1062999999976
forecast_1518,2025-03-05 6:00,4376.175799999998,4863.455999999999,3035.9734999999982
forecast_1519,2025-03-05 7:00,4508.909199999998,4212.757299999999,3140.9726999999975
forecast_1520,2025-03-05 8:00,3902.4716999999982,4239.117199999999,2953.4943999999978
forecast_1521,2025-03-05 9:00,3563.389599999998,3033.1757999999986,2459.006699999998
forecast_1522,2025-03-05 10:00,3013.4919999999984,2995.2946999999986,2188.637499999998
forecast_1523,2025-03-05 11:00,3094.1156999999985,3036.2804999999985,2153.507099999998
forecast_1524,2025-03-05 12:00,2645.4285999999984,2115.729399999999,982.9554
forecast_1525,2025-03-05 13:00,2717.135099999998,2218.9929999999986,2161.593499999998
forecast_1526,2025-03-05 14:00,2614.6942999999983,2113.882799999999,988.7875
forecast_1527,2025-03-05 15:00,2569.117699999998,2027.001699999999,938.4898
forecast_1528,2025-03-05 16:00,2498.5004999999983,2017.0153999999989,970.9499
forecast_1529,2025-03-05 17:00,2499.3750999999984,2041.0015999999987,967.23126
forecast_1530,2025-03-05 18:00,2463.0796999999984,2001.5670999999988,905.3988
forecast_1531,2025-03-05 19:00,3086.3606999999984,2680.6299999999987,959.5303
forecast_1532,2025-03-05 20:00,3993.047899999998,3464.6090999999988,2303.375899999998
forecast_1533,2025-03-05 21:00,4254.1835999999985,3659.668499999999,2351.896199999998
forecast_1534,2025-03-05 22:00,4038.757599999998,3380.201999999999,2385.788599999998
forecast_1535,2025-03-05 23:00,3732.454999999998,2965.5649999999987,2129.795799999998
forecast_1536,2025-03-06 0:00,3696.0573999999983,2949.2577999999985,2127.476099999998
forecast_1537,2025-03-06 1:00,3387.094999999998,2726.6439999999984,901.872
forecast_1538,2025-03-06 2:00,3322.124399999998,2695.3014999999987,957.27277
forecast_1539,2025-03-06 3:00,3177.8900999999983,2508.893099999999,947.93884
forecast_1540,2025-03-06 4:00,3144.587899999998,2608.622399999999,989.4844
forecast_1541,2025-03-06 5:00,3217.885999999998,2712.6525999999985,1048.0961
forecast_1542,2025-03-06 6:00,3013.914299999998,2422.532299999999,1023.7876
forecast_1543,2025-03-06 7:00,2947.2455999999984,2373.0309999999986,1022.10046
forecast_1544,2025-03-06 8:00,2531.140599999998,1877.6321999999986,868.4751
forecast_1545,2025-03-06 9:00,2437.831299999998,1768.1884999999988,761.19415
forecast_1546,2025-03-06 10:00,2398.195599999998,1047.9232,738.74286
forecast_1547,2025-03-06 11:00,1043.804,1042.2429,752.69495
forecast_1548,2025-03-06 12:00,1041.7236,1738.7052999999987,779.0835
forecast_1549,2025-03-06 13:00,2404.798999999998,1790.581999999999,761.01355
forecast_1550,2025-03-06 14:00,2482.2338999999984,1854.2133999999987,824.49194
forecast_1551,2025-03-06 15:00,2402.782299999998,1847.1361999999986,770.3762
forecast_1552,2025-03-06 16:00,2471.2261999999982,1881.398099999999,767.3931
forecast_1553,2025-03-06 17:00,2413.1695999999984,1756.6519999999987,809.1945
forecast_1554,2025-03-06 18:00,2423.2667999999985,1877.268599999999,798.4182
forecast_1555,2025-03-06 19:00,2436.133899999998,1827.0100999999986,893.3311
forecast_1556,2025-03-06 20:00,2824.210799999998,2242.318699999999,884.9272
forecast_1557,2025-03-06 21:00,2911.226999999998,2331.440999999999,951.17664
forecast_1558,2025-03-06 22:00,3009.6310999999982,2339.031399999999,992.6456
forecast_1559,2025-03-06 23:00,3114.6372999999985,2473.079699999999,2149.793299999998
forecast_1560,2025-03-07 0:00,2921.415199999998,2328.7090999999987,2140.1906999999983
forecast_1561,2025-03-07 1:00,2885.918999999998,2405.8754999999987,2199.6193999999978
forecast_1562,2025-03-07 2:00,3097.5742999999984,2607.543699999999,2206.028699999998
forecast_1563,2025-03-07 3:00,2599.280499999998,2111.1332999999986,1043.5276
forecast_1564,2025-03-07 4:00,2505.8147999999983,1964.7689999999989,970.2009
forecast_1565,2025-03-07 5:00,2525.157299999998,1920.5971999999988,927.5735
forecast_1566,2025-03-07 6:00,2550.824999999998,1981.0647999999987,948.1017
forecast_1567,2025-03-07 7:00,2535.1376999999984,2021.2682999999988,894.1411
forecast_1568,2025-03-07 8:00,2385.295199999998,1833.956299999999,881.72235
forecast_1569,2025-03-07 9:00,1058.7479,1756.5341999999987,796.27
forecast_1570,2025-03-07 10:00,1020.5459,1042.2429,727.75085
forecast_1571,2025-03-07 11:00,2383.595099999998,1051.438,727.75085
forecast_1572,2025-03-07 12:00,2400.845499999998,1041.8788,754.0402
forecast_1573,2025-03-07 13:00,2437.251799999998,1035.8212,727.75085
forecast_1574,2025-03-07 14:00,2477.9420999999984,1056.8972,727.75085
forecast_1575,2025-03-07 15:00,2388.224599999998,1072.5447,747.9993
forecast_1576,2025-03-07 16:00,1072.6698,1042.1161,782.23785
forecast_1577,2025-03-07 17:00,2423.184099999998,1061.385,860.71655
forecast_1578,2025-03-07 18:00,2641.248399999998,1924.342999999999,979.0967
forecast_1579,2025-03-07 19:00,2898.7533999999982,2105.776899999999,891.09814
forecast_1580,2025-03-07 20:00,2833.184699999998,2130.548199999999,973.9179
forecast_1581,2025-03-07 21:00,2956.704499999998,2318.5637999999985,957.69604
forecast_1582,2025-03-07 22:00,3393.501999999998,2752.6709999999985,2281.033599999998
forecast_1583,2025-03-07 23:00,4030.0272999999984,3614.9135999999985,2654.231699999998
forecast_1584,2025-03-08 0:00,4354.175499999998,4154.0819999999985,2843.8655999999983
forecast_1585,2025-03-08 1:00,4094.431999999998,3775.4057999999986,2751.973099999998
forecast_1586,2025-03-08 2:00,4698.424299999999,4699.551799999999,3037.297499999998
forecast_1587,2025-03-08 3:00,4437.5146,4756.5225,3364.867199999998
forecast_1588,2025-03-08 4:00,5020.95,5880.285,3694.1713999999984
forecast_1589,2025-03-08 5:00,4776.1353,5610.8623,3603.943599999998
forecast_1590,2025-03-08 6:00,5324.6816,6485.379,4169.661599999998
forecast_1591,2025-03-08 7:00,5224.2666,5720.0527,3927.4969999999976
forecast_1592,2025-03-08 8:00,4970.081,5135.9653,3803.430699999998
forecast_1593,2025-03-08 9:00,5538.523399999998,4456.3994,3444.6547999999975
forecast_1594,2025-03-08 10:00,4595.0034,4554.85,3756.151399999998
forecast_1595,2025-03-08 11:00,5505.153999999999,4566.624,3835.419399999998
forecast_1596,2025-03-08 12:00,5432.365999999998,4405.504,4041.969699999998
forecast_1597,2025-03-08 13:00,4650.6934,4536.3877,4365.710199999998
forecast_1598,2025-03-08 14:00,6270.1953,5715.3535,5189.0547
forecast_1599,2025-03-08 15:00,8199.632,7551.3687,6485.9688
forecast_1600,2025-03-08 16:00,7561.4263,7492.027,6081.1484
forecast_1601,2025-03-08 17:00,7642.4497,7129.1855,5410.5874
forecast_1602,2025-03-08 18:00,8655.63,8081.4336,7152.1367
forecast_1603,2025-03-08 19:00,10043.228,10076.99,7971.3984
forecast_1604,2025-03-08 20:00,10242.069,10560.735,8218.489
forecast_1605,2025-03-08 21:00,10205.179,11051.279,8240.308
forecast_1606,2025-03-08 22:00,10902.452,11612.18,8856.27
forecast_1607,2025-03-08 23:00,10643.053,11391.397,9133.18
forecast_1608,2025-03-09 0:00,10799.265,11079.652,8620.499
forecast_1609,2025-03-09 1:00,7654.715,6954.168,4968.251
forecast_1610,2025-03-09 2:00,7254.7275,6839.8066,4972.8037
forecast_1611,2025-03-09 3:00,7030.338,6403.9253,4466.011
forecast_1612,2025-03-09 4:00,6470.8716,5678.629,4605.404999999998
forecast_1613,2025-03-09 5:00,5749.4487,4630.5796,4032.970199999998
forecast_1614,2025-03-09 6:00,5424.303,4928.929999999999,3791.677499999998
forecast_1615,2025-03-09 7:00,5367.7383,4336.1733,4253.698699999998
forecast_1616,2025-03-09 8:00,4251.599899999998,2984.828999999999,2618.2486999999983
forecast_1617,2025-03-09 9:00,2768.820099999998,2162.7589999999987,935.2546
forecast_1618,2025-03-09 10:00,2533.751199999998,1742.2229999999986,740.5508
forecast_1619,2025-03-09 11:00,2436.804799999998,1054.7483,751.5428
forecast_1620,2025-03-09 12:00,1037.6844,1053.428,752.2146
forecast_1621,2025-03-09 13:00,1022.9726,1032.3119,727.75085
forecast_1622,2025-03-09 14:00,1025.0145,1735.4588999999987,740.5508
forecast_1623,2025-03-09 15:00,2397.3224999999984,1742.6140999999989,740.5508
forecast_1624,2025-03-09 16:00,2410.369799999998,1077.2148,727.75085
forecast_1625,2025-03-09 17:00,2379.8836999999985,1079.9164,738.74286
forecast_1626,2025-03-09 18:00,2392.9281999999985,1757.0219999999986,747.9993
forecast_1627,2025-03-09 19:00,2617.8012999999983,2002.4627999999989,950.61444
forecast_1628,2025-03-09 20:00,2874.250199999998,2196.6769999999988,2118.169799999998
forecast_1629,2025-03-09 21:00,3016.966699999998,2311.6807999999987,2258.6175999999978
forecast_1630,2025-03-09 22:00,3415.055999999998,2875.7685999999985,2436.844399999998
forecast_1631,2025-03-09 23:00,4432.122299999998,3811.5424999999987,3131.5333999999975
forecast_1632,2025-03-10 0:00,4462.371,4470.139,3696.6771999999983
forecast_1633,2025-03-10 1:00,6238.738,6481.9194,5247.737299999998
forecast_1634,2025-03-10 2:00,7589.8423,8021.241,4896.15
forecast_1635,2025-03-10 3:00,7756.5864,8113.812,4788.751
forecast_1636,2025-03-10 4:00,8243.009,8242.713,4752.9155
forecast_1637,2025-03-10 5:00,6893.8013,7500.6714,4373.8696
forecast_1638,2025-03-10 6:00,6537.1455,6874.853,5080.003199999998
forecast_1639,2025-03-10 7:00,7299.92,7508.465,4578.9956
forecast_1640,2025-03-10 8:00,6553.169,6842.817,4947.164599999998
forecast_1641,2025-03-10 9:00,4990.2446,4962.404,3875.2653999999984
forecast_1642,2025-03-10 10:00,5142.703599999998,4262.987299999999,3082.152099999998
forecast_1643,2025-03-10 11:00,4691.677999999998,4339.465599999999,3367.6735999999983
forecast_1644,2025-03-10 12:00,4358.162599999998,3976.9399999999987,3049.322499999998
forecast_1645,2025-03-10 13:00,4613.870999999998,4180.610999999999,3509.462199999998
forecast_1646,2025-03-10 14:00,5557.216299999998,4411.75,4161.283199999998
forecast_1647,2025-03-10 15:00,4908.0513,5247.854,4982.823199999998
forecast_1648,2025-03-10 16:00,5954.517,6180.3125,5101.853
forecast_1649,2025-03-10 17:00,6441.5103,6763.4824,5655.906
forecast_1650,2025-03-10 18:00,6017.372,6398.276,4832.8306
forecast_1651,2025-03-10 19:00,7881.7837,8303.659,6825.2925
forecast_1652,2025-03-10 20:00,9462.556,9965.718,7967.9497
forecast_1653,2025-03-10 21:00,11060.876,12197.337,9150.493
forecast_1654,2025-03-10 22:00,13635.601,14663.951,11688.846
forecast_1655,2025-03-10 23:00,16098.534,16579.945,13361.916
forecast_1656,2025-03-11 0:00,18362.787,19064.184,16355.708
forecast_1657,2025-03-11 1:00,17614.488,17821.793,13844.088
forecast_1658,2025-03-11 2:00,17681.527,17909.676,13739.66
forecast_1659,2025-03-11 3:00,18031.504,18347.629,14308.852
forecast_1660,2025-03-11 4:00,18840.736,19079.832,15511.187
forecast_1661,2025-03-11 5:00,18897.43,18788.186,14739.821
forecast_1662,2025-03-11 6:00,17584.207,16683.176,12902.058
forecast_1663,2025-03-11 7:00,15344.601,13840.247,9770.8125
forecast_1664,2025-03-11 8:00,10729.115,9149.145,6425.4204
forecast_1665,2025-03-11 9:00,4898.9,4386.586399999999,3283.3422999999975
forecast_1666,2025-03-11 10:00,4659.281699999998,3332.4469999999988,2516.4788999999982
forecast_1667,2025-03-11 11:00,3736.1535999999983,2745.1391999999987,2304.6128999999983
forecast_1668,2025-03-11 12:00,3370.5744999999984,2635.9743999999987,2201.378399999998
forecast_1669,2025-03-11 13:00,2871.002999999998,2263.2946999999986,906.97845
forecast_1670,2025-03-11 14:00,2979.0081999999984,2257.4026999999987,954.0809
forecast_1671,2025-03-11 15:00,3108.9408999999982,2421.3419999999987,2137.696199999998
forecast_1672,2025-03-11 16:00,3319.405299999998,2496.406999999999,2161.339399999998
forecast_1673,2025-03-11 17:00,3538.8615999999984,2965.2035999999985,2331.3859999999977
forecast_1674,2025-03-11 18:00,4437.0215,4766.2637,4088.057899999998
forecast_1675,2025-03-11 19:00,5674.989,6235.972,5053.6714
forecast_1676,2025-03-11 20:00,6906.0454,7833.945,5539.2114
forecast_1677,2025-03-11 21:00,9600.161,10269.569,7933.2866
forecast_1678,2025-03-11 22:00,10615.861,11257.443,8527.083
forecast_1679,2025-03-11 23:00,14875.749,15677.698,12707.396
forecast_1680,2025-03-12 0:00,15888.163,17568.574,14355.452
forecast_1681,2025-03-12 1:00,14889.089,16041.538,13244.046
forecast_1682,2025-03-12 2:00,14320.833,15573.125,11756.855
forecast_1683,2025-03-12 3:00,12620.752,13739.322,9800.788
forecast_1684,2025-03-12 4:00,13478.084,15029.932,10570.546
forecast_1685,2025-03-12 5:00,16453.283,17072.459,13608.211
forecast_1686,2025-03-12 6:00,18257.861,18881.291,16221.6045
forecast_1687,2025-03-12 7:00,18874.244,19338.307,16459.25
forecast_1688,2025-03-12 8:00,19629.3,19811.412,16757.648
forecast_1689,2025-03-12 9:00,18878.254,19581.678,16527.043
forecast_1690,2025-03-12 10:00,18647.66,19221.934,16492.344
forecast_1691,2025-03-12 11:00,17618.512,17885.479,15817.451
forecast_1692,2025-03-12 12:00,17595.203,17914.271,15921.468
forecast_1693,2025-03-12 13:00,17208.842,18099.826,15843.415
forecast_1694,2025-03-12 14:00,17429.246,18334.572,15894.865
forecast_1695,2025-03-12 15:00,18020.11,18867.428,16096.911
forecast_1696,2025-03-12 16:00,18734.385,19472.244,16717.61
forecast_1697,2025-03-12 17:00,19520.021,19642.092,16669.537
forecast_1698,2025-03-12 18:00,18945.54,18973.834,16364.317
forecast_1699,2025-03-12 19:00,17312.295,17364.74,15775.691
forecast_1700,2025-03-12 20:00,15319.487,15635.655,13194.523
forecast_1701,2025-03-12 21:00,14375.426,14736.791,12182.209
forecast_1702,2025-03-12 22:00,13579.39,14084.046,11392.003
forecast_1703,2025-03-12 23:00,13123.313,13203.0625,10635.127
forecast_1704,2025-03-13 0:00,13016.11,13912.123,10539.807
forecast_1705,2025-03-13 1:00,13075.914,13984.133,9989.347
forecast_1706,2025-03-13 2:00,13590.619,14412.952,10246.742
forecast_1707,2025-03-13 3:00,14085.859,14602.775,10344.898
forecast_1708,2025-03-13 4:00,14025.35,14666.66,10461.6045
forecast_1709,2025-03-13 5:00,14060.118,14662.235,9860.01
forecast_1710,2025-03-13 6:00,12367.189,13306.75,9293.082
forecast_1711,2025-03-13 7:00,11025.089,12482.5,8300.949
forecast_1712,2025-03-13 8:00,11443.456,12818.927,7544.4424
forecast_1713,2025-03-13 9:00,10885.333,11113.529,7362.778
forecast_1714,2025-03-13 10:00,8088.119,8237.161,5782.345
forecast_1715,2025-03-13 11:00,4672.35,4612.3164,3884.393799999998
forecast_1716,2025-03-13 12:00,5445.438499999998,4353.724599999999,3207.4145999999982
forecast_1717,2025-03-13 13:00,5243.417499999998,4055.1645999999987,3031.755199999998
forecast_1718,2025-03-13 14:00,4486.749999999998,3275.3195999999984,2435.379399999998
forecast_1719,2025-03-13 15:00,3462.0499999999984,2644.200199999999,2218.803799999998
forecast_1720,2025-03-13 16:00,3110.9101999999984,2244.465699999999,2159.4093999999977
forecast_1721,2025-03-13 17:00,2702.726799999998,2061.670499999999,855.21747
forecast_1722,2025-03-13 18:00,3115.3863999999985,2385.528899999999,951.8195
forecast_1723,2025-03-13 19:00,3766.630999999998,3139.2969999999987,2251.2775999999976
forecast_1724,2025-03-13 20:00,5034.854199999998,4111.969199999999,2737.5683999999983
forecast_1725,2025-03-13 21:00,4400.127,4674.078599999999,2990.476899999998
forecast_1726,2025-03-13 22:00,4733.8525,4346.7085,3493.133999999998
forecast_1727,2025-03-13 23:00,4980.9756,4458.9956,3601.104699999998
forecast_1728,2025-03-14 0:00,4598.302,4238.941999999999,3150.8913999999977
forecast_1729,2025-03-14 1:00,4850.897199999998,3473.3573999999985,2587.259399999998
forecast_1730,2025-03-14 2:00,4267.103799999998,3164.7921999999985,2446.4174999999977
forecast_1731,2025-03-14 3:00,4478.091299999998,3434.9044999999987,2389.439599999998
forecast_1732,2025-03-14 4:00,4139.834999999998,3366.346999999999,2302.834799999998
forecast_1733,2025-03-14 5:00,3525.369099999998,2667.0183999999986,954.0809
forecast_1734,2025-03-14 6:00,3287.2252999999982,2703.6299999999987,974.50446
forecast_1735,2025-03-14 7:00,3050.154999999998,2309.562399999999,829.5984
forecast_1736,2025-03-14 8:00,2863.602699999998,2292.478099999999,909.23987
forecast_1737,2025-03-14 9:00,2624.793799999998,2159.5071999999986,900.3852
forecast_1738,2025-03-14 10:00,2672.5060999999982,2240.152799999999,990.63495
forecast_1739,2025-03-14 11:00,2651.3935999999985,2323.184899999999,2279.686899999998
forecast_1740,2025-03-14 12:00,2839.9083999999984,2556.098599999999,2440.1939999999977
forecast_1741,2025-03-14 13:00,2743.010699999998,2380.6507999999985,2308.2982999999977
forecast_1742,2025-03-14 14:00,2762.0984999999982,2377.3864999999987,2323.861499999998
forecast_1743,2025-03-14 15:00,2930.1111999999985,2504.143299999999,2347.997299999998
forecast_1744,2025-03-14 16:00,3018.829499999998,2538.425699999999,2265.587599999998
forecast_1745,2025-03-14 17:00,3052.438699999998,2556.950399999999,2203.644199999998
forecast_1746,2025-03-14 18:00,3023.8377999999984,2295.697299999999,2203.644199999998
forecast_1747,2025-03-14 19:00,3211.664899999998,2343.2627999999986,951.8195
forecast_1748,2025-03-14 20:00,3645.655999999998,2553.6359999999986,1035.9376
forecast_1749,2025-03-14 21:00,3845.490699999998,2742.5856999999987,1032.903
forecast_1750,2025-03-14 22:00,4125.387999999998,2980.882299999999,2150.142599999998
forecast_1751,2025-03-14 23:00,4297.119099999998,2977.7213999999985,2277.878699999998
forecast_1752,2025-03-15 0:00,4662.788799999998,3185.4472999999984,2330.365399999998
forecast_1753,2025-03-15 1:00,5139.534699999998,3983.0414999999985,2562.4677999999976
forecast_1754,2025-03-15 2:00,4827.844699999998,3634.2072999999987,2346.9385999999977
forecast_1755,2025-03-15 3:00,5143.595699999998,4127.449699999999,2405.269899999998
forecast_1756,2025-03-15 4:00,5237.713099999998,4350.678999999999,2626.134499999998
forecast_1757,2025-03-15 5:00,4414.1104,4541.484899999999,2819.422499999998
forecast_1758,2025-03-15 6:00,4691.0117,4802.407699999999,2787.9376999999977
forecast_1759,2025-03-15 7:00,4723.2344,4707.948199999999,2843.392599999998
forecast_1760,2025-03-15 8:00,4826.6177,4327.845,2967.305199999998
forecast_1761,2025-03-15 9:00,4591.469,4706.595,4257.991999999998
forecast_1762,2025-03-15 10:00,5039.999,5095.5366,4849.752999999998
forecast_1763,2025-03-15 11:00,5007.134,5669.807,4209.4663
forecast_1764,2025-03-15 12:00,4965.445799999998,4747.099999999999,3479.6183999999976
forecast_1765,2025-03-15 13:00,4907.597699999998,4612.829799999999,3213.7897999999977
forecast_1766,2025-03-15 14:00,4283.829999999998,4029.4059999999986,3112.171599999998
forecast_1767,2025-03-15 15:00,3447.4730999999983,2655.9824999999987,2469.505199999998
forecast_1768,2025-03-15 16:00,3509.347699999998,2623.2447999999986,2393.802699999998
forecast_1769,2025-03-15 17:00,3361.0834999999984,2546.1894999999986,2425.307099999998
forecast_1770,2025-03-15 18:00,2990.4263999999985,2537.6485999999986,2217.542599999998
forecast_1771,2025-03-15 19:00,3572.9552999999983,2713.1554999999985,2282.989499999998
forecast_1772,2025-03-15 20:00,3750.354499999998,3137.5049999999987,2441.218499999998
forecast_1773,2025-03-15 21:00,3682.167199999998,3062.4035999999987,2408.3994999999977
forecast_1774,2025-03-15 22:00,3729.1645999999982,3061.1217999999985,2417.360699999998
forecast_1775,2025-03-15 23:00,3597.819599999998,2849.3891999999987,2354.039199999998
forecast_1776,2025-03-16 0:00,3537.170399999998,2621.6388999999986,2172.3086999999978
forecast_1777,2025-03-16 1:00,3107.465999999998,2173.570899999999,901.872
forecast_1778,2025-03-16 2:00,3055.2105999999985,2249.754799999999,875.58264
forecast_1779,2025-03-16 3:00,2980.702299999998,2077.4232999999986,975.886
forecast_1780,2025-03-16 4:00,2853.973899999998,1939.3979999999988,878.85834
forecast_1781,2025-03-16 5:00,2711.244599999998,1879.628499999999,894.80255
forecast_1782,2025-03-16 6:00,2744.570999999998,1871.2459999999987,899.166
forecast_1783,2025-03-16 7:00,2649.0766999999983,1840.5490999999988,827.3668
forecast_1784,2025-03-16 8:00,2641.070899999998,1850.9458999999988,968.9591
forecast_1785,2025-03-16 9:00,2543.678299999998,1760.838499999999,810.5807
forecast_1786,2025-03-16 10:00,2430.728799999998,1845.0371999999988,827.2148
forecast_1787,2025-03-16 11:00,2464.3646999999983,2023.0006999999987,972.48987
forecast_1788,2025-03-16 12:00,2688.767499999998,2291.811499999999,1033.3423
forecast_1789,2025-03-16 13:00,3364.9901999999984,2936.8519999999985,2490.1597999999976
forecast_1790,2025-03-16 14:00,4569.884999999998,4529.356699999998,3659.321299999998
forecast_1791,2025-03-16 15:00,5343.245,5335.8447,5106.709999999998
forecast_1792,2025-03-16 16:00,7784.6733,7165.0835,7056.698
forecast_1793,2025-03-16 17:00,9575.928,9837.624,9243.007
forecast_1794,2025-03-16 18:00,10621.61,11038.412,10690.788
forecast_1795,2025-03-16 19:00,10473.748,10846.437,10207.678
forecast_1796,2025-03-16 20:00,11873.644,11997.226,11180.878
forecast_1797,2025-03-16 21:00,13411.01,14009.263,11773.615
forecast_1798,2025-03-16 22:00,12741.233,12537.61,9960.891
forecast_1799,2025-03-16 23:00,9366.079,8830.422,6974.8374
forecast_1800,2025-03-17 0:00,8641.387,8357.38,6706.59
forecast_1801,2025-03-17 1:00,14260.411,15471.894,10880.188
forecast_1802,2025-03-17 2:00,12858.926,13395.675,8957.628
forecast_1803,2025-03-17 3:00,10760.17,11037.695,7678.416
forecast_1804,2025-03-17 4:00,9419.758,9426.368,6929.675
forecast_1805,2025-03-17 5:00,9654.585,8829.954,7194.6133
forecast_1806,2025-03-17 6:00,7451.0176,6803.7656,5122.384299999998
forecast_1807,2025-03-17 7:00,5771.695,5620.621,3895.487299999998
forecast_1808,2025-03-17 8:00,4587.443999999998,3502.3789999999985,2389.696299999998
forecast_1809,2025-03-17 9:00,3790.656199999998,2978.3373999999985,2185.895599999998
forecast_1810,2025-03-17 10:00,3227.6690999999983,2375.799799999999,2294.325599999998
forecast_1811,2025-03-17 11:00,3800.037999999998,3062.0692999999987,2809.9385999999977
forecast_1812,2025-03-17 12:00,4678.027,4838.712,4804.025999999998
forecast_1813,2025-03-17 13:00,7170.211,7369.435,7214.2217
forecast_1814,2025-03-17 14:00,9177.009,9067.445,8686.119
forecast_1815,2025-03-17 15:00,10816.855,10747.76,9368.523
forecast_1816,2025-03-17 16:00,11422.509,10363.454,9447.451
forecast_1817,2025-03-17 17:00,11249.681,10093.662,8966.468
forecast_1818,2025-03-17 18:00,10109.467,9332.428,7755.41
forecast_1819,2025-03-17 19:00,9615.326,9322.612,7494.9385
forecast_1820,2025-03-17 20:00,10553.832,10685.197,8815.819
forecast_1821,2025-03-17 21:00,12140.406,12767.371,10085.442
forecast_1822,2025-03-17 22:00,12821.552,14076.382,10571.375
forecast_1823,2025-03-17 23:00,10968.796,11958.957,8971.281
forecast_1824,2025-03-18 0:00,8124.5073,8780.21,6052.551
forecast_1825,2025-03-18 1:00,7429.9443,9646.014,5279.502
forecast_1826,2025-03-18 2:00,6632.5063,7617.6006,4972.245799999998
forecast_1827,2025-03-18 3:00,4492.639,5501.853,3554.0976999999975
forecast_1828,2025-03-18 4:00,4750.496799999998,4497.630599999999,3109.3646999999983
forecast_1829,2025-03-18 5:00,4905.201399999998,4503.418699999999,2968.5873999999976
forecast_1830,2025-03-18 6:00,3813.937699999998,3883.243999999999,2514.906999999998
forecast_1831,2025-03-18 7:00,3391.6083999999983,2800.0473999999986,2178.845699999998
forecast_1832,2025-03-18 8:00,3395.761199999998,2795.870599999999,2210.6737999999978
forecast_1833,2025-03-18 9:00,3756.1654999999982,3213.321799999999,2756.8589999999976
forecast_1834,2025-03-18 10:00,3197.037199999998,2533.8870999999986,2461.304299999998
forecast_1835,2025-03-18 11:00,2993.2105999999985,2143.034499999999,916.24603
forecast_1836,2025-03-18 12:00,3825.722699999998,2920.8664999999987,2102.247999999998
forecast_1837,2025-03-18 13:00,4390.806599999998,3161.2865999999985,2227.1552999999976
forecast_1838,2025-03-18 14:00,5468.981999999998,4149.539799999999,2608.508399999998
forecast_1839,2025-03-18 15:00,7083.059,6156.216,4403.172899999998
forecast_1840,2025-03-18 16:00,12638.766,11240.716,8861.153
forecast_1841,2025-03-18 17:00,14873.846,14702.863,12455.799
forecast_1842,2025-03-18 18:00,14984.706,15455.737,13701.806
forecast_1843,2025-03-18 19:00,12939.179,13881.5,11552.855
forecast_1844,2025-03-18 20:00,12421.889,14591.101,11099.8
forecast_1845,2025-03-18 21:00,9222.906,10414.844,8489.298
forecast_1846,2025-03-18 22:00,7392.6787,7145.106,5372.159
forecast_1847,2025-03-18 23:00,5496.037,5720.8423,3856.683799999998
forecast_1848,2025-03-19 0:00,4560.8154,5207.5337,3220.775599999998
forecast_1849,2025-03-19 1:00,4675.923599999998,4202.907699999999,2679.576799999998
forecast_1850,2025-03-19 2:00,4552.202999999998,3780.3695999999986,2552.973799999998
forecast_1851,2025-03-19 3:00,4588.424799999998,3645.9857999999986,2642.823199999998
forecast_1852,2025-03-19 4:00,4237.011999999999,3337.441199999999,2645.550799999998
forecast_1853,2025-03-19 5:00,4219.548599999998,3382.4181999999987,2714.710899999998
forecast_1854,2025-03-19 6:00,4218.778799999998,3393.714799999999,2780.171899999998
forecast_1855,2025-03-19 7:00,5197.866699999999,4077.338899999999,3091.886699999998
forecast_1856,2025-03-19 8:00,5288.347999999998,4661.536399999999,3340.367199999998
forecast_1857,2025-03-19 9:00,4686.536,4618.1343,4372.229999999998
forecast_1858,2025-03-19 10:00,5200.699,5226.683,4446.4224
forecast_1859,2025-03-19 11:00,5941.1104,6599.3765,5893.3745
forecast_1860,2025-03-19 12:00,7412.9688,7799.3687,6609.683
forecast_1861,2025-03-19 13:00,7929.404,8214.158,7131.763
forecast_1862,2025-03-19 14:00,8248.034,7701.234,6809.566
forecast_1863,2025-03-19 15:00,10131.777,9986.781,8638.164
forecast_1864,2025-03-19 16:00,11093.713,10613.995,9414.13
forecast_1865,2025-03-19 17:00,11139.783,10557.542,9219.774
forecast_1866,2025-03-19 18:00,12248.8125,12337.316,10302.3955
forecast_1867,2025-03-19 19:00,13004.235,13084.905,10647.158
forecast_1868,2025-03-19 20:00,14015.0,14078.274,10911.258
forecast_1869,2025-03-19 21:00,14867.697,15600.388,12785.551
forecast_1870,2025-03-19 22:00,15780.707,16953.37,13324.829
forecast_1871,2025-03-19 23:00,15641.806,16711.26,13294.122
forecast_1872,2025-03-20 0:00,17143.055,18589.902,15101.633
forecast_1873,2025-03-20 1:00,17006.795,18400.838,14948.211
forecast_1874,2025-03-20 2:00,18270.367,19372.705,15986.144
forecast_1875,2025-03-20 3:00,18893.18,19730.365,16187.108
forecast_1876,2025-03-20 4:00,19251.531,19847.27,16330.051
forecast_1877,2025-03-20 5:00,19522.465,20058.77,16660.557
forecast_1878,2025-03-20 6:00,19816.232,20401.656,17118.537
forecast_1879,2025-03-20 7:00,20164.271,20326.8,17444.51
forecast_1880,2025-03-20 8:00,18974.104,20234.922,17152.824
forecast_1881,2025-03-20 9:00,18164.951,19317.264,16492.963
forecast_1882,2025-03-20 10:00,16852.514,18105.129,15677.011
forecast_1883,2025-03-20 11:00,16553.463,17717.795,15419.299
forecast_1884,2025-03-20 12:00,16225.247,17355.947,14897.654
forecast_1885,2025-03-20 13:00,16536.086,17619.15,15756.954
forecast_1886,2025-03-20 14:00,16583.96,18419.168,15909.338
forecast_1887,2025-03-20 15:00,17788.01,18983.21,16146.775
forecast_1888,2025-03-20 16:00,17893.004,19063.72,16280.281
forecast_1889,2025-03-20 17:00,17906.545,19313.994,16529.973
forecast_1890,2025-03-20 18:00,18095.992,19521.117,16679.514
forecast_1891,2025-03-20 19:00,18989.943,19943.746,16941.232
forecast_1892,2025-03-20 20:00,19064.03,20171.125,17377.572
forecast_1893,2025-03-20 21:00,19772.098,20452.865,18020.86
forecast_1894,2025-03-20 22:00,19095.357,19944.234,17742.904
forecast_1895,2025-03-20 23:00,18608.014,19363.744,16746.934
forecast_1896,2025-03-21 0:00,17811.879,18452.842,16077.53
forecast_1897,2025-03-21 1:00,18267.85,19303.727,17090.156
forecast_1898,2025-03-21 2:00,18961.09,19811.846,17079.861
forecast_1899,2025-03-21 3:00,18506.012,19651.162,16914.504
forecast_1900,2025-03-21 4:00,19145.55,20065.266,17250.828
forecast_1901,2025-03-21 5:00,19639.213,20286.553,17200.88
forecast_1902,2025-03-21 6:00,20065.688,20447.404,17274.7
forecast_1903,2025-03-21 7:00,19912.125,20280.412,17131.285
forecast_1904,2025-03-21 8:00,19786.645,20128.328,17179.967
forecast_1905,2025-03-21 9:00,18599.635,19790.291,16780.574
forecast_1906,2025-03-21 10:00,18807.129,19772.64,16663.355
forecast_1907,2025-03-21 11:00,18442.781,19096.154,16465.45
forecast_1908,2025-03-21 12:00,17790.59,18800.756,16158.073
forecast_1909,2025-03-21 13:00,17119.818,18326.053,15730.323
forecast_1910,2025-03-21 14:00,17186.102,17970.346,15504.252
forecast_1911,2025-03-21 15:00,16322.829,17370.492,14984.145
forecast_1912,2025-03-21 16:00,16686.834,18024.062,14565.819
forecast_1913,2025-03-21 17:00,17388.459,18580.326,15673.767
forecast_1914,2025-03-21 18:00,17956.348,18976.607,16180.165
forecast_1915,2025-03-21 19:00,18194.535,19213.664,16469.084
forecast_1916,2025-03-21 20:00,17845.934,19169.066,16501.01
forecast_1917,2025-03-21 21:00,18080.754,19239.879,16441.938
forecast_1918,2025-03-21 22:00,17297.63,18671.94,16303.957
forecast_1919,2025-03-21 23:00,17974.953,19098.682,16566.2
forecast_1920,2025-03-22 0:00,18087.541,19121.764,16416.46
forecast_1921,2025-03-22 1:00,18733.355,19275.617,16595.287
forecast_1922,2025-03-22 2:00,18865.213,19597.027,16586.574
forecast_1923,2025-03-22 3:00,18369.312,19306.514,16381.207
forecast_1924,2025-03-22 4:00,17981.873,18563.375,15845.343
forecast_1925,2025-03-22 5:00,18170.635,18631.451,15731.887
forecast_1926,2025-03-22 6:00,18335.72,18758.418,15761.385
forecast_1927,2025-03-22 7:00,18632.898,18910.174,15591.67
forecast_1928,2025-03-22 8:00,18331.738,19015.87,15545.065
forecast_1929,2025-03-22 9:00,18081.484,18950.209,16112.482
forecast_1930,2025-03-22 10:00,17718.281,18971.0,16239.562
forecast_1931,2025-03-22 11:00,17685.258,18780.223,15946.026
forecast_1932,2025-03-22 12:00,17430.441,18813.418,15894.91
forecast_1933,2025-03-22 13:00,17151.592,18506.297,15722.247
forecast_1934,2025-03-22 14:00,17215.889,18625.125,16084.903
forecast_1935,2025-03-22 15:00,16743.072,18270.97,15773.867
forecast_1936,2025-03-22 16:00,16605.56,17951.709,15605.985
forecast_1937,2025-03-22 17:00,16566.773,17943.299,15549.932
forecast_1938,2025-03-22 18:00,16972.04,17960.133,15433.562
forecast_1939,2025-03-22 19:00,17583.582,18699.555,15686.31
forecast_1940,2025-03-22 20:00,16864.025,18121.113,15883.319
forecast_1941,2025-03-22 21:00,17104.818,17887.953,15799.274
forecast_1942,2025-03-22 22:00,17376.328,18336.008,16130.886
forecast_1943,2025-03-22 23:00,17711.48,18758.523,15906.956
forecast_1944,2025-03-23 0:00,17984.102,18768.568,15729.715
forecast_1945,2025-03-23 1:00,17133.97,17640.844,14589.872
forecast_1946,2025-03-23 2:00,16723.713,17088.73,13597.663
forecast_1947,2025-03-23 3:00,16861.994,17000.777,13857.449
forecast_1948,2025-03-23 4:00,16382.878,16490.611,13201.398
forecast_1949,2025-03-23 5:00,15445.167,15381.248,12267.7
forecast_1950,2025-03-23 6:00,14493.442,14322.643,10926.494
forecast_1951,2025-03-23 7:00,11968.376,12249.386,8609.059
forecast_1952,2025-03-23 8:00,7754.8384,7611.4766,4717.072799999998
forecast_1953,2025-03-23 9:00,4439.506,4755.121999999999,2760.497399999998
forecast_1954,2025-03-23 10:00,3868.6144999999983,3089.4884999999986,2153.432899999998
forecast_1955,2025-03-23 11:00,3270.0276999999983,2438.5130999999988,2129.887599999998
forecast_1956,2025-03-23 12:00,2953.947799999998,2145.994499999999,900.4061
forecast_1957,2025-03-23 13:00,3156.900399999998,2293.1215999999986,977.3201
forecast_1958,2025-03-23 14:00,3435.552499999998,2636.041299999999,2192.771399999998
forecast_1959,2025-03-23 15:00,4301.458699999998,3423.8178999999986,2778.4779999999982
forecast_1960,2025-03-23 16:00,5196.900599999998,4583.752999999999,3715.401099999998
forecast_1961,2025-03-23 17:00,5421.131999999998,4490.3843,3888.0194999999976
forecast_1962,2025-03-23 18:00,4286.474599999998,4062.6329999999984,2831.115099999998
forecast_1963,2025-03-23 19:00,4418.294,5718.1924,4007.3324999999977
forecast_1964,2025-03-23 20:00,6869.4116,8374.269,5712.5293
forecast_1965,2025-03-23 21:00,9552.456,11877.993,8751.9795
forecast_1966,2025-03-23 22:00,11108.732,13664.639,10513.298
forecast_1967,2025-03-23 23:00,11724.495,14188.865,11515.738
forecast_1968,2025-03-24 0:00,12115.727,14352.881,11134.099
forecast_1969,2025-03-24 1:00,12208.886,14469.039,11077.815
forecast_1970,2025-03-24 2:00,11124.582,13519.979,10288.422
forecast_1971,2025-03-24 3:00,11372.567,13969.095,10892.42
forecast_1972,2025-03-24 4:00,10478.383,13023.669,10195.13
forecast_1973,2025-03-24 5:00,10858.27,13189.105,10266.394
forecast_1974,2025-03-24 6:00,12885.831,15234.645,12766.456
forecast_1975,2025-03-24 7:00,13234.164,14738.501,11253.709
forecast_1976,2025-03-24 8:00,13919.538,15254.1875,12244.763
forecast_1977,2025-03-24 9:00,13656.7,15303.543,12769.455
forecast_1978,2025-03-24 10:00,14703.279,15834.496,13659.765
forecast_1979,2025-03-24 11:00,15220.263,16242.272,13794.555
forecast_1980,2025-03-24 12:00,15925.546,16727.113,14725.655
forecast_1981,2025-03-24 13:00,15926.327,16523.184,14684.167
forecast_1982,2025-03-24 14:00,15666.03,16180.52,13800.439
forecast_1983,2025-03-24 15:00,14819.2,15423.853,13240.622
forecast_1984,2025-03-24 16:00,14761.774,15329.087,13363.278
forecast_1985,2025-03-24 17:00,14304.452,14648.592,12761.0625
forecast_1986,2025-03-24 18:00,12705.387,13402.355,11311.139
forecast_1987,2025-03-24 19:00,13600.59,14486.501,12242.15
forecast_1988,2025-03-24 20:00,13842.993,14766.726,12735.553
forecast_1989,2025-03-24 21:00,13547.3125,13877.377,12377.967
forecast_1990,2025-03-24 22:00,15812.28,16837.408,15465.544
forecast_1991,2025-03-24 23:00,17035.01,17899.738,15919.051
forecast_1992,2025-03-25 0:00,17788.756,17748.88,15862.031
forecast_1993,2025-03-25 1:00,18005.871,18662.896,16388.797
forecast_1994,2025-03-25 2:00,18005.016,18211.676,15919.235
forecast_1995,2025-03-25 3:00,15995.782,15842.337,12628.169
forecast_1996,2025-03-25 4:00,12853.652,13647.891,10704.055
forecast_1997,2025-03-25 5:00,9604.849,10754.185,7594.324
forecast_1998,2025-03-25 6:00,7914.339,8871.502,5777.113
forecast_1999,2025-03-25 7:00,8102.2866,9189.17,5716.177
forecast_2000,2025-03-25 8:00,8945.748,10184.922,6906.479
forecast_2001,2025-03-25 9:00,8504.598,10040.769,6416.9463
forecast_2002,2025-03-25 10:00,8905.445,9989.76,7370.538
forecast_2003,2025-03-25 11:00,9157.731,10731.947,9209.719
forecast_2004,2025-03-25 12:00,10441.65,12103.408,10281.99
forecast_2005,2025-03-25 13:00,12333.764,14483.294,12844.086
forecast_2006,2025-03-25 14:00,14714.791,16449.527,15212.173
forecast_2007,2025-03-25 15:00,15264.2705,16710.332,15250.709
forecast_2008,2025-03-25 16:00,14978.775,17000.53,15372.797
forecast_2009,2025-03-25 17:00,16400.365,17898.658,15615.532
forecast_2010,2025-03-25 18:00,17381.3,18623.63,16149.298
forecast_2011,2025-03-25 19:00,17362.201,18501.432,15567.284
forecast_2012,2025-03-25 20:00,17060.256,17983.012,15261.532
forecast_2013,2025-03-25 21:00,17597.02,18921.74,15334.9795
forecast_2014,2025-03-25 22:00,17889.445,19585.867,14919.618
forecast_2015,2025-03-25 23:00,18458.78,19786.656,15530.689
forecast_2016,2025-03-26 0:00,18433.701,19692.275,15891.902
forecast_2017,2025-03-26 1:00,18906.62,19414.02,16030.69
forecast_2018,2025-03-26 2:00,18690.812,18531.197,16087.021
forecast_2019,2025-03-26 3:00,17716.229,17414.209,15628.832
forecast_2020,2025-03-26 4:00,17090.643,16564.943,14382.518
forecast_2021,2025-03-26 5:00,16021.6,15793.732,12384.044
forecast_2022,2025-03-26 6:00,13794.746,12833.298,8901.22
forecast_2023,2025-03-26 7:00,7775.1914,7961.7773,4327.501
forecast_2024,2025-03-26 8:00,4326.194,4905.250499999999,2838.500399999998
forecast_2025,2025-03-26 9:00,4121.003399999998,3584.9032999999986,2487.890399999998
forecast_2026,2025-03-26 10:00,3277.501799999998,2663.5462999999986,958.7371
forecast_2027,2025-03-26 11:00,3129.229999999998,2501.608299999999,1011.1288
forecast_2028,2025-03-26 12:00,3544.528299999998,3167.5369999999984,2280.469999999998
forecast_2029,2025-03-26 13:00,3738.887499999998,3373.7553999999986,2310.167699999998
forecast_2030,2025-03-26 14:00,3981.123999999998,3702.5941999999986,2686.820099999998
forecast_2031,2025-03-26 15:00,4613.390999999998,4197.3683999999985,2780.523799999998
forecast_2032,2025-03-26 16:00,4455.047599999998,4141.664799999999,2663.501699999998
forecast_2033,2025-03-26 17:00,4514.677699999998,4420.901099999999,2713.4646999999977
forecast_2034,2025-03-26 18:00,4849.139,5908.806,3833.645499999998
forecast_2035,2025-03-26 19:00,7651.0283,9534.014,5693.0127
forecast_2036,2025-03-26 20:00,8811.817,10126.196,7121.1416
forecast_2037,2025-03-26 21:00,10104.3545,11623.548,7739.123
forecast_2038,2025-03-26 22:00,11577.416,13243.402,9623.802
forecast_2039,2025-03-26 23:00,13073.709,15103.29,10876.714
forecast_2040,2025-03-27 0:00,15559.067,17114.906,13559.5
forecast_2041,2025-03-27 1:00,15926.699,18419.154,14215.839
forecast_2042,2025-03-27 2:00,16137.344,18698.06,15071.042
forecast_2043,2025-03-27 3:00,17043.32,18921.28,15457.228
forecast_2044,2025-03-27 4:00,17789.441,19260.084,16424.588
forecast_2045,2025-03-27 5:00,14851.072,16059.97,12395.257
forecast_2046,2025-03-27 6:00,14000.64,15665.754,11187.97
forecast_2047,2025-03-27 7:00,13085.0205,14606.888,10866.627
forecast_2048,2025-03-27 8:00,14749.137,16173.714,12977.161
forecast_2049,2025-03-27 9:00,13813.214,15477.948,12705.838
forecast_2050,2025-03-27 10:00,12681.285,14164.565,11267.031
forecast_2051,2025-03-27 11:00,12259.252,13995.101,11216.39
forecast_2052,2025-03-27 12:00,11121.066,12600.594,9893.936
forecast_2053,2025-03-27 13:00,10191.27,11365.004,8845.1
forecast_2054,2025-03-27 14:00,10555.919,12102.391,9819.593
forecast_2055,2025-03-27 15:00,9938.173,10930.882,8478.831
forecast_2056,2025-03-27 16:00,8163.4175,8474.788,6206.49
forecast_2057,2025-03-27 17:00,8969.928,9518.303,7050.401
forecast_2058,2025-03-27 18:00,10394.881,10632.462,8510.567
forecast_2059,2025-03-27 19:00,11011.238,11131.181,8994.961
forecast_2060,2025-03-27 20:00,10864.677,10779.583,8297.054
forecast_2061,2025-03-27 21:00,12805.035,12762.373,10105.972
forecast_2062,2025-03-27 22:00,13297.706,13092.314,10292.465
forecast_2063,2025-03-27 23:00,12365.319,13099.359,9986.446
forecast_2064,2025-03-28 0:00,11395.443,12284.032,8886.926
forecast_2065,2025-03-28 1:00,4585.423,4810.982999999999,3191.149999999998
forecast_2066,2025-03-28 2:00,5484.739999999998,4223.957799999999,3191.2775999999976
forecast_2067,2025-03-28 3:00,4795.870799999999,4016.0402999999988,2819.446799999998
forecast_2068,2025-03-28 4:00,4858.918999999998,4233.185299999999,3194.5553999999984
forecast_2069,2025-03-28 5:00,4180.903299999998,3222.919399999999,2693.400499999998
forecast_2070,2025-03-28 6:00,3332.336999999998,2612.5170999999987,2227.0824999999977
forecast_2071,2025-03-28 7:00,3083.549699999998,2292.6388999999986,994.36224
forecast_2072,2025-03-28 8:00,2770.677899999998,2081.485699999999,946.32336
forecast_2073,2025-03-28 9:00,2888.889799999998,2127.519699999999,1046.1892
forecast_2074,2025-03-28 10:00,2898.5297999999984,2124.5271999999986,2175.986599999998
forecast_2075,2025-03-28 11:00,3013.674299999998,2221.0496999999987,1013.3705
forecast_2076,2025-03-28 12:00,3299.069999999998,2248.4495999999986,1035.9376
forecast_2077,2025-03-28 13:00,3553.865999999998,2812.5055999999986,2495.275999999998
forecast_2078,2025-03-28 14:00,3791.457299999998,3076.092499999999,2442.7576999999983
forecast_2079,2025-03-28 15:00,4019.768599999998,3203.3485999999984,2456.133499999998
forecast_2080,2025-03-28 16:00,4153.103299999999,3166.618999999999,2427.356999999998
forecast_2081,2025-03-28 17:00,4031.4496999999983,3196.580799999999,2453.770099999998
forecast_2082,2025-03-28 18:00,4953.4623999999985,4376.192099999999,3098.3844999999983
forecast_2083,2025-03-28 19:00,5590.375499999998,4434.902,3731.775099999998
forecast_2084,2025-03-28 20:00,6497.216,6103.641,5062.428199999998
forecast_2085,2025-03-28 21:00,7252.6787,7244.3027,4802.1636
forecast_2086,2025-03-28 22:00,7325.6143,6603.2144,4211.0786
forecast_2087,2025-03-28 23:00,7035.617,6660.4,4857.621599999998
forecast_2088,2025-03-29 0:00,6341.182,6333.7173,4439.183299999998
forecast_2089,2025-03-29 1:00,3120.3413999999984,2075.093899999999,910.7289
forecast_2090,2025-03-29 2:00,2798.664999999998,2093.6425999999988,824.09595
forecast_2091,2025-03-29 3:00,3043.427899999998,2443.338899999999,826.7532
forecast_2092,2025-03-29 4:00,3745.4496999999983,3449.122599999999,2485.564299999998
forecast_2093,2025-03-29 5:00,4775.335,5029.1997,4038.863299999998
forecast_2094,2025-03-29 6:00,6608.1123,7248.991,5135.2
forecast_2095,2025-03-29 7:00,7755.4087,9214.568,6396.937
forecast_2096,2025-03-29 8:00,7961.5293,8325.032,6774.4253
forecast_2097,2025-03-29 9:00,7345.15,7706.6753,6447.677
forecast_2098,2025-03-29 10:00,8183.8413,8317.066,7311.116
forecast_2099,2025-03-29 11:00,10693.195,10458.713,9511.316
forecast_2100,2025-03-29 12:00,12442.707,12858.903,10528.314
forecast_2101,2025-03-29 13:00,13693.82,13944.952,11436.106
forecast_2102,2025-03-29 14:00,13961.709,14556.583,12274.453
forecast_2103,2025-03-29 15:00,14653.3955,14863.139,11928.043
forecast_2104,2025-03-29 16:00,14940.897,14801.691,12544.128
forecast_2105,2025-03-29 17:00,14825.696,14583.613,11410.235
forecast_2106,2025-03-29 18:00,14512.034,14102.045,10716.37
forecast_2107,2025-03-29 19:00,13707.242,13190.086,10016.804
forecast_2108,2025-03-29 20:00,14044.465,12942.424,10262.966
forecast_2109,2025-03-29 21:00,14356.562,13476.087,10519.896
forecast_2110,2025-03-29 22:00,14419.69,13075.576,10391.462
forecast_2111,2025-03-29 23:00,13564.393,11982.123,9240.545
forecast_2112,2025-03-30 0:00,12925.118,11083.698,8582.654
forecast_2113,2025-03-30 1:00,13315.749,11945.937,9191.991
forecast_2114,2025-03-30 2:00,12868.669,11217.881,8776.697
forecast_2115,2025-03-30 3:00,12174.345,10236.194,8332.775
forecast_2116,2025-03-30 4:00,11611.003,10270.037,8308.685
forecast_2117,2025-03-30 5:00,11121.541,10007.657,7943.652
forecast_2118,2025-03-30 6:00,11283.323,10580.277,8362.067
forecast_2119,2025-03-30 7:00,10411.758,9451.546,7164.068
forecast_2120,2025-03-30 8:00,8929.193,7154.81,5949.0693
forecast_2121,2025-03-30 9:00,8995.244,7220.834,5929.1475
forecast_2122,2025-03-30 10:00,9528.254,7325.378,6375.0674
forecast_2123,2025-03-30 11:00,9439.964,7417.324,6782.993
forecast_2124,2025-03-30 12:00,9353.489,7704.832,7352.2314
forecast_2125,2025-03-30 13:00,10023.257,8732.617,7580.0576
forecast_2126,2025-03-30 14:00,10506.083,8665.734,7740.4927
forecast_2127,2025-03-30 15:00,9680.505,8013.923,7017.276
forecast_2128,2025-03-30 16:00,8552.239,7077.46,5451.4517
forecast_2129,2025-03-30 17:00,7793.5063,6389.1274,4900.126
forecast_2130,2025-03-30 18:00,7304.3096,6409.235,4764.6963
forecast_2131,2025-03-30 19:00,7741.95,6928.3145,5530.1807
forecast_2132,2025-03-30 20:00,7450.896,7285.4204,5436.5156
forecast_2133,2025-03-30 21:00,7537.474,7040.4106,5188.9136
forecast_2134,2025-03-30 22:00,8276.345,8284.999,5577.3916
forecast_2135,2025-03-30 23:00,8965.698,9192.806,6724.3276
forecast_2136,2025-03-31 0:00,9970.322,10086.837,7376.332
forecast_2137,2025-03-31 1:00,14903.863,15789.686,13472.688
forecast_2138,2025-03-31 2:00,15285.994,16291.664,13919.08
forecast_2139,2025-03-31 3:00,15351.843,16423.582,13865.318
forecast_2140,2025-03-31 4:00,15756.575,16813.537,13762.492
forecast_2141,2025-03-31 5:00,15762.107,16937.053,14041.802
forecast_2142,2025-03-31 6:00,15333.487,16324.463,12837.246
forecast_2143,2025-03-31 7:00,11465.167,12750.759,8961.143
forecast_2144,2025-03-31 8:00,8136.8,7605.8257,5721.607
forecast_2145,2025-03-31 9:00,6078.9473,5791.4556,4761.716299999998
forecast_2146,2025-03-31 10:00,5378.792499999998,4398.146699999998,3234.418499999998
forecast_2147,2025-03-31 11:00,4594.483599999998,3757.2959999999985,2866.548699999998
forecast_2148,2025-03-31 12:00,5012.603299999999,4071.1691999999985,3432.209999999998
forecast_2149,2025-03-31 13:00,4374.4023,4505.702399999999,4166.237799999998
forecast_2150,2025-03-31 14:00,4551.438,4738.043199999999,3831.3598999999977
forecast_2151,2025-03-31 15:00,4742.853,4865.730999999999,4252.217799999998
forecast_2152,2025-03-31 16:00,4776.742,4596.467499999999,3859.4884999999977
forecast_2153,2025-03-31 17:00,5056.6895,4591.507,4619.915799999998
forecast_2154,2025-03-31 18:00,5182.365,4999.1035,5148.969699999998
forecast_2155,2025-03-31 19:00,7445.015,7222.664,7153.432
forecast_2156,2025-03-31 20:00,9544.241,9248.865,8587.489
forecast_2157,2025-03-31 21:00,9772.663,10442.698,9201.825
forecast_2158,2025-03-31 22:00,11749.37,12488.564,9964.1045
forecast_2159,2025-03-31 23:00,13358.932,13963.461,11169.007
forecast_2160,2025-04-01 0:00,13535.84,14472.424,11188.726
forecast_2161,2025-04-01 1:00,6809.0103,7312.9414,5783.9873
forecast_2162,2025-04-01 2:00,7475.514,7772.1436,6216.3804
forecast_2163,2025-04-01 3:00,7461.184,7561.189,6068.4487
forecast_2164,2025-04-01 4:00,7617.671,7734.529,6171.2363
forecast_2165,2025-04-01 5:00,6551.622,6217.1206,4752.517
forecast_2166,2025-04-01 6:00,6308.088,5560.952,5023.818799999998
forecast_2167,2025-04-01 7:00,4743.2637,4858.381299999999,3878.4057999999977
forecast_2168,2025-04-01 8:00,4477.8049999999985,3474.6789999999987,2750.461199999998
forecast_2169,2025-04-01 9:00,3278.018299999998,2405.1015999999986,2100.4959999999983
forecast_2170,2025-04-01 10:00,2453.7698999999984,1778.2884999999987,798.2026
forecast_2171,2025-04-01 11:00,2412.3053999999984,1063.7102,740.5508
forecast_2172,2025-04-01 12:00,2413.2848999999983,1062.1147,726.47327
forecast_2173,2025-04-01 13:00,2465.2033999999985,1758.4408999999987,740.5508
forecast_2174,2025-04-01 14:00,2604.9555999999984,2013.9800999999989,951.8195
forecast_2175,2025-04-01 15:00,2684.426499999998,2004.4784999999988,954.8542
forecast_2176,2025-04-01 16:00,2617.8772999999983,2055.3261999999986,830.17096
forecast_2177,2025-04-01 17:00,2578.020099999998,1928.478099999999,796.147
forecast_2178,2025-04-01 18:00,2794.6367999999984,2026.2309999999989,754.0402
forecast_2179,2025-04-01 19:00,2953.882099999998,2091.919199999999,766.84015
forecast_2180,2025-04-01 20:00,3163.4959999999983,2354.0685999999987,853.53925
forecast_2181,2025-04-01 21:00,3310.771099999998,2593.8596999999986,933.87427
forecast_2182,2025-04-01 22:00,3540.917499999998,3043.1303999999986,1028.1082
forecast_2183,2025-04-01 23:00,3534.9782999999984,3257.8854999999985,2259.789999999998
forecast_2184,2025-04-02 0:00,3617.955599999998,3377.7206999999985,2350.820599999998
forecast_2185,2025-04-02 1:00,3184.764599999998,2436.179999999999,971.2136
forecast_2186,2025-04-02 2:00,3184.107399999998,2414.0945999999985,925.6011
forecast_2187,2025-04-02 3:00,3028.272799999998,2326.0856999999987,938.1978
forecast_2188,2025-04-02 4:00,2920.982899999998,2286.485699999999,932.8938
forecast_2189,2025-04-02 5:00,2841.856299999998,2276.5503999999987,929.23224
forecast_2190,2025-04-02 6:00,2861.4107999999983,2177.413599999999,961.6326
forecast_2191,2025-04-02 7:00,2812.1961999999985,2254.7681999999986,880.905
forecast_2192,2025-04-02 8:00,2597.0584999999983,2082.9514999999988,844.2203
forecast_2193,2025-04-02 9:00,2585.735799999998,2097.1953999999987,848.0885
forecast_2194,2025-04-02 10:00,2537.0202999999983,2198.0188999999987,824.49194
forecast_2195,2025-04-02 11:00,2799.652799999998,2593.188099999999,2126.483499999998
forecast_2196,2025-04-02 12:00,2580.699099999998,2258.5655999999985,954.8542
forecast_2197,2025-04-02 13:00,2743.563599999998,2421.2499999999986,957.1154
forecast_2198,2025-04-02 14:00,2821.3610999999983,2529.1067999999987,2139.031399999998
forecast_2199,2025-04-02 15:00,3164.2046999999984,2795.6752999999985,2412.848999999998
forecast_2200,2025-04-02 16:00,3457.825699999998,2861.4953999999984,2412.4943999999978
forecast_2201,2025-04-02 17:00,3327.580399999998,2730.7897999999986,2386.612399999998
forecast_2202,2025-04-02 18:00,3321.449499999998,3169.0749999999985,2355.440999999998
forecast_2203,2025-04-02 19:00,2843.1292999999982,2233.0777999999987,901.872
forecast_2204,2025-04-02 20:00,2898.343499999998,2247.466399999999,901.872
forecast_2205,2025-04-02 21:00,3068.382399999998,2381.286999999999,2147.107899999998
forecast_2206,2025-04-02 22:00,3339.0562999999984,2700.5905999999986,2282.413799999998
forecast_2207,2025-04-02 23:00,3065.304199999998,2856.126199999999,2392.064099999998
forecast_2208,2025-04-03 0:00,3328.257399999998,2965.5534999999986,2150.142599999998
forecast_2209,2025-04-03 1:00,3366.3399999999983,2993.9965999999986,2197.124099999998
forecast_2210,2025-04-03 2:00,3396.557899999998,2957.1017999999985,2243.0451999999977
forecast_2211,2025-04-03 3:00,3338.287499999998,2883.9972999999986,2255.851599999998
forecast_2212,2025-04-03 4:00,3389.3302999999983,3021.4455999999986,2307.576999999998
forecast_2213,2025-04-03 5:00,3464.9469999999983,3201.1618999999987,2349.861799999998
forecast_2214,2025-04-03 6:00,3547.4269999999983,3275.1276999999986,2483.897299999998
forecast_2215,2025-04-03 7:00,3558.393999999998,3297.8126999999986,2496.830399999998
forecast_2216,2025-04-03 8:00,3338.654999999998,2983.3900999999987,2313.978999999998
forecast_2217,2025-04-03 9:00,3031.540799999998,2785.777299999999,2152.7348999999977
forecast_2218,2025-04-03 10:00,2637.510099999998,2327.1894999999986,1038.9894
forecast_2219,2025-04-03 11:00,2558.2837999999983,2217.9709999999986,906.97845
forecast_2220,2025-04-03 12:00,2529.249399999998,2147.3987999999986,901.872
forecast_2221,2025-04-03 13:00,2502.733299999998,2118.0039999999985,824.49194
forecast_2222,2025-04-03 14:00,2559.0971999999983,2150.768799999999,906.97845
forecast_2223,2025-04-03 15:00,2494.0531999999985,2106.138399999999,901.872
forecast_2224,2025-04-03 16:00,2543.857399999998,1953.9003999999986,819.19073
forecast_2225,2025-04-03 17:00,2440.9919999999984,1839.724499999999,809.1945
forecast_2226,2025-04-03 18:00,2715.0441999999985,2150.1834999999987,891.09814
forecast_2227,2025-04-03 19:00,2878.798799999998,2391.979199999999,971.18353
forecast_2228,2025-04-03 20:00,3112.1448999999984,2652.411299999999,957.1154
forecast_2229,2025-04-03 21:00,3176.161399999998,2857.8295999999987,2196.395499999998
forecast_2230,2025-04-03 22:00,3431.827099999998,3245.7382999999986,2526.8994999999977
forecast_2231,2025-04-03 23:00,4127.319799999998,3774.9003999999986,2913.782499999998
forecast_2232,2025-04-04 0:00,5224.369099999998,4827.042499999999,3780.0729999999976
forecast_2233,2025-04-04 1:00,4763.523,5250.8403,4483.209699999998
forecast_2234,2025-04-04 2:00,5829.356,6619.1914,4878.4834
forecast_2235,2025-04-04 3:00,6669.339,7584.9175,5876.9653
forecast_2236,2025-04-04 4:00,7338.1836,8323.937,6486.846
forecast_2237,2025-04-04 5:00,8400.299,9379.969,7859.8433
forecast_2238,2025-04-04 6:00,8397.648,9280.373,6771.3833
forecast_2239,2025-04-04 7:00,8046.803,8491.767,5556.3984
forecast_2240,2025-04-04 8:00,7075.7783,7714.1665,4442.0396
forecast_2241,2025-04-04 9:00,6119.7676,5591.7305,4320.259799999998
forecast_2242,2025-04-04 10:00,4062.568999999998,3145.1500999999985,2608.638099999998
forecast_2243,2025-04-04 11:00,3193.9627999999984,2441.139999999999,2303.324199999998
forecast_2244,2025-04-04 12:00,3103.6646999999984,2527.316699999999,2187.4039999999977
forecast_2245,2025-04-04 13:00,2952.173099999998,2271.233899999999,1035.0226
forecast_2246,2025-04-04 14:00,2906.9707999999982,2160.715499999999,1004.6832
forecast_2247,2025-04-04 15:00,3121.5702999999985,2284.0116999999987,2187.607899999998
forecast_2248,2025-04-04 16:00,3829.164999999998,2941.6811999999986,2567.559699999998
forecast_2249,2025-04-04 17:00,4072.5724999999984,3318.1676999999986,2679.8472999999976
forecast_2250,2025-04-04 18:00,4335.258499999998,3785.1139999999987,2776.067399999998
forecast_2251,2025-04-04 19:00,4208.537399999998,3633.6303999999986,2617.090199999998
forecast_2252,2025-04-04 20:00,5112.6835999999985,4941.846699999999,3037.0689999999977
forecast_2253,2025-04-04 21:00,5027.982999999998,4405.107,3272.9325999999983
forecast_2254,2025-04-04 22:00,5034.931999999998,4343.0967,3054.768899999998
forecast_2255,2025-04-04 23:00,4703.1147,5379.267,3641.0351999999975
forecast_2256,2025-04-05 0:00,5947.309,7531.513,4906.627399999998
forecast_2257,2025-04-05 1:00,8946.829,11001.401,7096.2383
forecast_2258,2025-04-05 2:00,9794.469,12405.511,8244.098
forecast_2259,2025-04-05 3:00,9318.288,11746.869,7604.427
forecast_2260,2025-04-05 4:00,9815.065,12324.338,8506.195
forecast_2261,2025-04-05 5:00,9137.861,12381.606,7811.845
forecast_2262,2025-04-05 6:00,8879.943,12002.371,7806.483
forecast_2263,2025-04-05 7:00,6620.2534,9535.016,4704.643
forecast_2264,2025-04-05 8:00,6023.7827,8144.6333,5118.860799999998
forecast_2265,2025-04-05 9:00,5231.855,6577.938,4367.375999999998
forecast_2266,2025-04-05 10:00,4958.385299999998,4507.167499999999,2914.576999999998
forecast_2267,2025-04-05 11:00,5189.041,5967.3237,4433.137999999998
forecast_2268,2025-04-05 12:00,7728.848,9839.385,7300.204
forecast_2269,2025-04-05 13:00,9551.631,11901.812,9416.475
forecast_2270,2025-04-05 14:00,11813.923,13529.897,10780.508
forecast_2271,2025-04-05 15:00,11855.176,13682.251,10582.696
forecast_2272,2025-04-05 16:00,12455.293,13930.2,10685.81
forecast_2273,2025-04-05 17:00,12784.161,14006.33,11222.935
forecast_2274,2025-04-05 18:00,14749.567,15193.836,12901.195
forecast_2275,2025-04-05 19:00,14985.098,15012.999,13257.572
forecast_2276,2025-04-05 20:00,15190.883,15730.057,14596.73
forecast_2277,2025-04-05 21:00,14660.649,15618.121,14047.756
forecast_2278,2025-04-05 22:00,14250.022,15336.027,13428.864
forecast_2279,2025-04-05 23:00,15410.156,16693.977,15041.678
forecast_2280,2025-04-06 0:00,15976.998,16935.777,14710.328
forecast_2281,2025-04-06 1:00,14285.496,15225.61,12748.504
forecast_2282,2025-04-06 2:00,14340.637,15713.927,12916.208
forecast_2283,2025-04-06 3:00,15035.422,16044.063,13469.423
forecast_2284,2025-04-06 4:00,14947.289,15497.033,13296.956
forecast_2285,2025-04-06 5:00,15695.94,16470.418,14549.372
forecast_2286,2025-04-06 6:00,15476.935,15828.791,13576.511
forecast_2287,2025-04-06 7:00,15848.236,16195.917,14306.873
forecast_2288,2025-04-06 8:00,15447.91,15961.597,13786.532
forecast_2289,2025-04-06 9:00,15237.633,15362.622,12795.019
forecast_2290,2025-04-06 10:00,13992.816,14069.871,10802.177
forecast_2291,2025-04-06 11:00,12704.659,12524.976,9936.149
forecast_2292,2025-04-06 12:00,12587.67,13116.429,10396.384
forecast_2293,2025-04-06 13:00,13222.528,13793.621,11409.217
forecast_2294,2025-04-06 14:00,14311.591,14601.831,12209.954
forecast_2295,2025-04-06 15:00,14522.926,14671.192,12087.871
forecast_2296,2025-04-06 16:00,13671.686,13694.05,11602.619
forecast_2297,2025-04-06 17:00,13657.946,13639.896,11213.541
forecast_2298,2025-04-06 18:00,13473.687,13726.029,11328.261
forecast_2299,2025-04-06 19:00,13429.988,14398.5,11969.453
forecast_2300,2025-04-06 20:00,12930.551,13611.106,11770.332
forecast_2301,2025-04-06 21:00,12994.143,13690.721,12035.876
forecast_2302,2025-04-06 22:00,14136.776,14962.271,12864.383
forecast_2303,2025-04-06 23:00,14231.856,14696.863,12488.163
forecast_2304,2025-04-07 0:00,14203.87,15297.806,13295.56
forecast_2305,2025-04-07 1:00,14943.012,16330.058,14048.611
forecast_2306,2025-04-07 2:00,14671.896,16088.368,13457.855
forecast_2307,2025-04-07 3:00,14152.784,15340.07,12114.52
forecast_2308,2025-04-07 4:00,14305.628,15653.161,12462.795
forecast_2309,2025-04-07 5:00,14103.402,15811.274,12591.406
forecast_2310,2025-04-07 6:00,14239.457,15939.531,12349.931
forecast_2311,2025-04-07 7:00,14458.742,15939.925,12149.893
forecast_2312,2025-04-07 8:00,13064.558,14548.1045,11098.784
forecast_2313,2025-04-07 9:00,12448.514,13804.719,10967.415
forecast_2314,2025-04-07 10:00,11037.099,12293.694,10031.269
forecast_2315,2025-04-07 11:00,9904.344,10989.417,9187.327
forecast_2316,2025-04-07 12:00,10141.316,10061.933,8682.082
forecast_2317,2025-04-07 13:00,9710.298,9493.871,7915.6113
forecast_2318,2025-04-07 14:00,11208.8955,11057.138,9708.812
forecast_2319,2025-04-07 15:00,12902.838,13471.724,11729.198
forecast_2320,2025-04-07 16:00,14944.581,15382.8545,13737.14
forecast_2321,2025-04-07 17:00,15413.976,16094.969,13857.195
forecast_2322,2025-04-07 18:00,15187.772,16159.349,14010.103
forecast_2323,2025-04-07 19:00,16128.444,17407.195,15706.431
forecast_2324,2025-04-07 20:00,17356.598,18662.684,16351.45
forecast_2325,2025-04-07 21:00,17679.246,19247.166,16554.139
forecast_2326,2025-04-07 22:00,18130.402,19448.193,16090.944
forecast_2327,2025-04-07 23:00,18578.316,19649.307,14988.78
forecast_2328,2025-04-08 0:00,18284.926,19794.398,14019.471
forecast_2329,2025-04-08 1:00,18414.684,19520.219,14753.503
forecast_2330,2025-04-08 2:00,18579.111,19709.787,14052.318
forecast_2331,2025-04-08 3:00,19132.031,19981.88,13920.627
forecast_2332,2025-04-08 4:00,19455.688,20288.732,16633.896
forecast_2333,2025-04-08 5:00,19033.951,19970.049,16810.047
forecast_2334,2025-04-08 6:00,18462.635,18548.055,15809.35
forecast_2335,2025-04-08 7:00,17932.043,18175.307,15124.323
forecast_2336,2025-04-08 8:00,17384.227,17405.906,14686.293
forecast_2337,2025-04-08 9:00,16092.111,15707.767,12976.423
forecast_2338,2025-04-08 10:00,14244.24,14019.631,12025.279
forecast_2339,2025-04-08 11:00,13844.953,13525.445,10690.413
forecast_2340,2025-04-08 12:00,14127.558,13787.134,10770.678
forecast_2341,2025-04-08 13:00,13696.608,13522.885,10642.7
forecast_2342,2025-04-08 14:00,12988.534,12085.249,9617.016
forecast_2343,2025-04-08 15:00,11810.265,10061.642,7876.94
forecast_2344,2025-04-08 16:00,7966.0913,5856.1675,4735.225599999998
forecast_2345,2025-04-08 17:00,5417.16,4796.797,3603.503999999998
forecast_2346,2025-04-08 18:00,4024.2216999999982,3040.4232999999986,2351.402699999998
forecast_2347,2025-04-08 19:00,3326.7464999999984,2647.922099999999,1025.1188
forecast_2348,2025-04-08 20:00,3105.0711999999985,2307.0802999999987,870.2447
forecast_2349,2025-04-08 21:00,3072.729199999998,2336.403199999999,946.6466
forecast_2350,2025-04-08 22:00,2985.5949999999984,2458.9214999999986,979.128
forecast_2351,2025-04-08 23:00,3072.124999999998,2590.4201999999987,2183.026599999998
forecast_2352,2025-04-09 0:00,2964.9717999999984,2528.334399999999,1025.1711
forecast_2353,2025-04-09 1:00,3041.4024999999983,2536.8920999999987,2101.6166999999978
forecast_2354,2025-04-09 2:00,2990.357399999998,2557.3729999999987,2176.056299999998
forecast_2355,2025-04-09 3:00,2951.1625999999983,2489.2088999999987,2210.812899999998
forecast_2356,2025-04-09 4:00,3183.803799999998,2609.867199999999,2226.473599999998
forecast_2357,2025-04-09 5:00,3221.3853999999983,2735.846999999999,2348.806599999998
forecast_2358,2025-04-09 6:00,3419.6173999999983,2733.8899999999985,2294.012499999998
forecast_2359,2025-04-09 7:00,3729.1803999999984,3128.2868999999987,2336.6737999999978
forecast_2360,2025-04-09 8:00,3527.987999999998,3150.973099999999,2229.129799999998
forecast_2361,2025-04-09 9:00,3587.4381999999982,3204.2843999999986,2384.426999999998
forecast_2362,2025-04-09 10:00,3685.132799999998,3344.8756999999987,2475.967499999998
forecast_2363,2025-04-09 11:00,4022.013199999998,3651.7555999999986,2687.064199999998
forecast_2364,2025-04-09 12:00,5278.640599999999,4917.175299999999,3568.893799999998
forecast_2365,2025-04-09 13:00,5173.793199999998,4833.885299999999,3688.524199999998
forecast_2366,2025-04-09 14:00,4400.806,5172.924,3813.6974999999984
forecast_2367,2025-04-09 15:00,5162.6685,5885.155,5173.863299999998
forecast_2368,2025-04-09 16:00,7263.608,8580.815,6787.2383
forecast_2369,2025-04-09 17:00,8264.981,9412.493,7664.15
forecast_2370,2025-04-09 18:00,7906.2686,8821.281,6115.221
forecast_2371,2025-04-09 19:00,5501.282,6160.975,4386.368999999998
forecast_2372,2025-04-09 20:00,5719.6826,6456.544,4576.178199999998
forecast_2373,2025-04-09 21:00,5661.396,5987.4243,4104.528599999998
forecast_2374,2025-04-09 22:00,7330.8833,8167.0254,4461.2715
forecast_2375,2025-04-09 23:00,7800.5933,9250.984,5549.6216
forecast_2376,2025-04-10 0:00,8096.748,9922.108,6215.068
forecast_2377,2025-04-10 1:00,7355.8916,8508.502,4678.279
forecast_2378,2025-04-10 2:00,8359.798,9665.902,6371.135
forecast_2379,2025-04-10 3:00,9084.202,10601.08,7013.9106
forecast_2380,2025-04-10 4:00,8609.446,10270.173,6266.11
forecast_2381,2025-04-10 5:00,7872.141,8382.651,5154.839
forecast_2382,2025-04-10 6:00,6875.2476,7237.528,4555.206
forecast_2383,2025-04-10 7:00,6081.476,6122.204,4939.496599999998
forecast_2384,2025-04-10 8:00,5664.7583,5841.006,4681.914799999998
forecast_2385,2025-04-10 9:00,5594.103,6180.184,4158.771999999998
forecast_2386,2025-04-10 10:00,5188.3306,5388.879,4059.216999999998
forecast_2387,2025-04-10 11:00,5131.9385,5017.6475,4055.081799999998
forecast_2388,2025-04-10 12:00,5497.890999999998,4426.434999999999,3414.444999999998
forecast_2389,2025-04-10 13:00,5213.3031999999985,4171.643999999998,3184.9452999999976
forecast_2390,2025-04-10 14:00,5419.7802999999985,4545.807999999999,3393.6259999999984
forecast_2391,2025-04-10 15:00,4603.137,4937.024999999999,3497.8269999999984
forecast_2392,2025-04-10 16:00,4434.9526,4888.212399999999,3317.5836999999983
forecast_2393,2025-04-10 17:00,5216.197799999998,4522.809999999999,3026.623799999998
forecast_2394,2025-04-10 18:00,4848.712199999998,3979.4477999999986,2597.156599999998
forecast_2395,2025-04-10 19:00,4931.2055999999975,4220.253699999999,2667.060499999998
forecast_2396,2025-04-10 20:00,4669.305199999998,3989.7902999999988,2582.275099999998
forecast_2397,2025-04-10 21:00,4545.897699999998,3867.118999999999,2627.889199999998
forecast_2398,2025-04-10 22:00,4781.251699999998,4157.950199999999,2915.316399999998
forecast_2399,2025-04-10 23:00,4785.607399999998,4046.8629999999985,2962.826299999998
forecast_2400,2025-04-11 0:00,4816.040299999999,4006.575199999999,2849.7180999999982
forecast_2401,2025-04-11 1:00,3902.7113999999983,3053.156999999999,2679.8895999999977
forecast_2402,2025-04-11 2:00,4091.2531999999983,3116.8246999999988,2711.0939999999982
forecast_2403,2025-04-11 3:00,3930.052999999998,3067.248299999999,2693.3538999999982
forecast_2404,2025-04-11 4:00,3712.527599999998,2912.821799999999,2479.904199999998
forecast_2405,2025-04-11 5:00,3552.833999999998,2835.176799999999,2563.0873999999976
forecast_2406,2025-04-11 6:00,3523.905299999998,2723.5612999999985,2420.707899999998
forecast_2407,2025-04-11 7:00,3233.7765999999983,2638.528399999999,2326.7780999999977
forecast_2408,2025-04-11 8:00,2782.0828999999985,2246.5685999999987,1039.319
forecast_2409,2025-04-11 9:00,2561.993699999998,1951.3046999999988,864.9487
forecast_2410,2025-04-11 10:00,2444.016099999998,1847.3781999999987,727.75085
forecast_2411,2025-04-11 11:00,2427.170399999998,1941.9089999999987,768.07635
forecast_2412,2025-04-11 12:00,2444.470499999998,2092.3538999999987,845.89734
forecast_2413,2025-04-11 13:00,2460.449599999998,2031.6488999999988,848.1473
forecast_2414,2025-04-11 14:00,2532.299399999998,2164.7901999999985,861.3346
forecast_2415,2025-04-11 15:00,2653.1934999999985,2106.683099999999,958.71405
forecast_2416,2025-04-11 16:00,2726.318999999998,2037.0996999999988,899.545
forecast_2417,2025-04-11 17:00,2567.6444999999985,1947.0823999999989,831.7052
forecast_2418,2025-04-11 18:00,2817.4145999999982,2129.393299999999,875.9587
forecast_2419,2025-04-11 19:00,3629.6513999999984,2900.6544999999987,2130.798499999998
forecast_2420,2025-04-11 20:00,4587.975299999998,4517.877999999999,3029.598399999998
forecast_2421,2025-04-11 21:00,4767.085699999998,4421.0503,3065.215299999998
forecast_2422,2025-04-11 22:00,5132.234999999999,4813.8438,3276.929699999998
forecast_2423,2025-04-11 23:00,5405.355499999998,5462.2544,3561.3800999999976
forecast_2424,2025-04-12 0:00,4900.828899999999,4594.2173,3220.339399999998
forecast_2425,2025-04-12 1:00,3660.797999999998,3330.1129999999985,2512.456799999998
forecast_2426,2025-04-12 2:00,4324.761499999999,3865.458499999999,2771.570899999998
forecast_2427,2025-04-12 3:00,4979.997799999998,4750.752399999999,2912.7438999999977
forecast_2428,2025-04-12 4:00,4379.253,5876.665,3469.0539999999983
forecast_2429,2025-04-12 5:00,4524.3203,5726.5215,3553.110999999998
forecast_2430,2025-04-12 6:00,4757.3965,6345.2456,3577.643799999998
forecast_2431,2025-04-12 7:00,5743.7065,7669.013,4345.699499999998
forecast_2432,2025-04-12 8:00,5581.0547,6437.416,3994.3737999999976
forecast_2433,2025-04-12 9:00,7230.2334,8810.694,5089.5522
forecast_2434,2025-04-12 10:00,7184.2705,8823.321,6193.8726
forecast_2435,2025-04-12 11:00,7585.88,9721.821,7009.165
forecast_2436,2025-04-12 12:00,9141.241,10613.527,8562.419
forecast_2437,2025-04-12 13:00,9772.012,11854.2705,9218.327
forecast_2438,2025-04-12 14:00,10050.752,11915.019,9391.734
forecast_2439,2025-04-12 15:00,8727.703,10416.874,8515.121
forecast_2440,2025-04-12 16:00,8745.932,10474.35,8069.9873
forecast_2441,2025-04-12 17:00,8883.105,10616.332,7834.958
forecast_2442,2025-04-12 18:00,11510.944,12911.89,9482.877
forecast_2443,2025-04-12 19:00,12175.369,13518.186,9638.725
forecast_2444,2025-04-12 20:00,14722.447,15568.099,12031.452
forecast_2445,2025-04-12 21:00,15318.008,16171.518,12394.804
forecast_2446,2025-04-12 22:00,15914.141,16946.92,13053.972
forecast_2447,2025-04-12 23:00,16915.775,17917.021,14079.25
forecast_2448,2025-04-13 0:00,17384.432,17959.545,14695.523
forecast_2449,2025-04-13 1:00,16159.481,17557.893,13711.283
forecast_2450,2025-04-13 2:00,14021.43,15536.002,11588.219
forecast_2451,2025-04-13 3:00,15031.938,15870.682,12033.484
forecast_2452,2025-04-13 4:00,14617.583,15960.366,13699.772
forecast_2453,2025-04-13 5:00,16889.111,17235.88,13991.043
forecast_2454,2025-04-13 6:00,17120.398,17523.055,15096.852
forecast_2455,2025-04-13 7:00,18457.873,19480.395,15846.732
forecast_2456,2025-04-13 8:00,18321.584,19254.922,15608.809
forecast_2457,2025-04-13 9:00,18447.725,19582.09,16357.192
forecast_2458,2025-04-13 10:00,16672.105,18756.516,15844.513
forecast_2459,2025-04-13 11:00,15422.704,18165.092,15443.451
forecast_2460,2025-04-13 12:00,15742.7295,18216.02,15681.271
forecast_2461,2025-04-13 13:00,15845.211,18404.662,15937.668
forecast_2462,2025-04-13 14:00,15707.229,18186.654,15915.898
forecast_2463,2025-04-13 15:00,15752.241,18303.512,15908.809
forecast_2464,2025-04-13 16:00,16676.44,18263.537,16002.854
forecast_2465,2025-04-13 17:00,18002.645,19343.834,16299.6875
forecast_2466,2025-04-13 18:00,18284.27,19523.951,16512.742
forecast_2467,2025-04-13 19:00,18127.723,19313.26,16439.58
forecast_2468,2025-04-13 20:00,17870.826,19337.87,16767.994
forecast_2469,2025-04-13 21:00,18240.125,19317.258,16415.467
forecast_2470,2025-04-13 22:00,17813.396,18973.121,16105.241
forecast_2471,2025-04-13 23:00,15968.919,17764.473,15426.777
forecast_2472,2025-04-14 0:00,15590.744,17621.45,15444.666
forecast_2473,2025-04-14 1:00,14111.57,16730.879,14131.975
forecast_2474,2025-04-14 2:00,12405.18,14612.871,11102.618
forecast_2475,2025-04-14 3:00,11035.306,12860.241,9587.739
forecast_2476,2025-04-14 4:00,9562.527,11215.701,7274.2563
forecast_2477,2025-04-14 5:00,8652.627,9726.817,6682.8237
forecast_2478,2025-04-14 6:00,7029.0273,7416.233,4457.927499999998
forecast_2479,2025-04-14 7:00,5420.787,5789.4614,3629.1227999999983
forecast_2480,2025-04-14 8:00,5598.905999999998,4568.349,3409.3512999999975
forecast_2481,2025-04-14 9:00,4383.144299999998,4135.642299999999,2865.893099999998
forecast_2482,2025-04-14 10:00,3833.4813999999983,3445.9423999999985,2670.3423999999977
forecast_2483,2025-04-14 11:00,5210.332299999998,4533.449,4002.9896999999983
forecast_2484,2025-04-14 12:00,4887.427,5772.9097,4430.2199999999975
forecast_2485,2025-04-14 13:00,4543.644999999999,4955.245999999999,3967.893799999998
forecast_2486,2025-04-14 14:00,4245.860399999998,3681.6864999999984,2888.532299999998
forecast_2487,2025-04-14 15:00,3197.892999999998,2300.8311999999987,2157.737399999998
forecast_2488,2025-04-14 16:00,2654.229499999998,2763.1012999999984,2154.3693999999978
forecast_2489,2025-04-14 17:00,3167.2581999999984,2410.9039999999986,2158.2333999999983
forecast_2490,2025-04-14 18:00,4239.810499999998,3668.944999999999,2851.0325999999977
forecast_2491,2025-04-14 19:00,4340.2802999999985,4329.365999999999,2803.058599999998
forecast_2492,2025-04-14 20:00,5029.371299999998,4960.078599999999,3144.7558999999983
forecast_2493,2025-04-14 21:00,4823.8843,5091.454,3602.4582999999975
forecast_2494,2025-04-14 22:00,5025.5977,5308.4263,3610.285399999998
forecast_2495,2025-04-14 23:00,5004.947,4890.385,3369.9406999999983
forecast_2496,2025-04-15 0:00,5370.358,5428.2285,3372.6735999999983
forecast_2497,2025-04-15 1:00,8621.483,8858.798,5668.485
forecast_2498,2025-04-15 2:00,8565.316,8333.115,5075.4609999999975
forecast_2499,2025-04-15 3:00,8241.467,7452.1357,4810.309999999998
forecast_2500,2025-04-15 4:00,7798.0063,7057.085,5033.176299999998
forecast_2501,2025-04-15 5:00,7053.5386,6439.5347,4945.295199999998
forecast_2502,2025-04-15 6:00,6484.928,6240.9355,4720.516399999998
forecast_2503,2025-04-15 7:00,7050.206,7666.987,4880.8286
forecast_2504,2025-04-15 8:00,6856.179,7004.2515,4844.2505
forecast_2505,2025-04-15 9:00,7360.4023,7983.402,5882.2554
forecast_2506,2025-04-15 10:00,9299.171,9920.785,7112.767
forecast_2507,2025-04-15 11:00,9373.101,9099.948,7115.3486
forecast_2508,2025-04-15 12:00,9592.296,8654.05,6473.8774
forecast_2509,2025-04-15 13:00,9482.668,8710.073,6777.2754
forecast_2510,2025-04-15 14:00,10622.153,10001.644,8413.024
forecast_2511,2025-04-15 15:00,11826.492,11637.009,9428.952
forecast_2512,2025-04-15 16:00,12439.641,12190.358,9904.315
forecast_2513,2025-04-15 17:00,12950.339,12531.945,10280.262
forecast_2514,2025-04-15 18:00,13421.449,13533.35,11152.902
forecast_2515,2025-04-15 19:00,13863.799,13823.735,11421.944
forecast_2516,2025-04-15 20:00,14766.818,15033.791,13014.521
forecast_2517,2025-04-15 21:00,15433.935,16258.83,14356.927
forecast_2518,2025-04-15 22:00,16447.266,17607.13,16046.402
forecast_2519,2025-04-15 23:00,16876.682,18088.957,16152.105
forecast_2520,2025-04-16 0:00,17050.475,18306.0,16045.599
forecast_2521,2025-04-16 1:00,16504.586,17767.264,14215.588
forecast_2522,2025-04-16 2:00,15818.848,16978.285,13753.758
forecast_2523,2025-04-16 3:00,16198.52,17188.871,13756.775
forecast_2524,2025-04-16 4:00,15780.337,16465.291,12729.02
forecast_2525,2025-04-16 5:00,17315.365,17913.35,14615.969
forecast_2526,2025-04-16 6:00,17683.72,18595.062,15273.608
forecast_2527,2025-04-16 7:00,16042.413,15909.797,12145.728
forecast_2528,2025-04-16 8:00,13455.791,14771.904,11410.88
forecast_2529,2025-04-16 9:00,12013.124,13386.951,10109.443
forecast_2530,2025-04-16 10:00,10525.299,11468.419,9179.831
forecast_2531,2025-04-16 11:00,10232.801,11239.669,8926.479
forecast_2532,2025-04-16 12:00,11806.584,12597.004,10080.293
forecast_2533,2025-04-16 13:00,13151.916,14095.293,11369.822
forecast_2534,2025-04-16 14:00,14459.645,15189.968,13165.433
forecast_2535,2025-04-16 15:00,15496.73,16667.402,14506.681
forecast_2536,2025-04-16 16:00,16942.215,17895.084,15598.6
forecast_2537,2025-04-16 17:00,17401.912,18384.027,16225.791
forecast_2538,2025-04-16 18:00,17742.732,18760.19,16375.188
forecast_2539,2025-04-16 19:00,18001.422,18924.164,16646.467
forecast_2540,2025-04-16 20:00,18165.451,19031.81,16697.156
forecast_2541,2025-04-16 21:00,18241.816,19370.166,16800.164
forecast_2542,2025-04-16 22:00,17907.914,19241.926,16424.752
forecast_2543,2025-04-16 23:00,17710.652,19149.479,16176.2295
forecast_2544,2025-04-17 0:00,18279.314,19207.309,16175.437
forecast_2545,2025-04-17 1:00,16865.07,18454.607,15674.124
forecast_2546,2025-04-17 2:00,16135.941,18052.463,14842.598
forecast_2547,2025-04-17 3:00,16351.585,18158.568,15378.561
forecast_2548,2025-04-17 4:00,15575.123,17096.932,13210.747
forecast_2549,2025-04-17 5:00,15447.822,17092.04,13530.571
forecast_2550,2025-04-17 6:00,15573.875,17634.867,13892.663
forecast_2551,2025-04-17 7:00,16591.895,18210.896,15548.844
forecast_2552,2025-04-17 8:00,15335.711,16887.38,14744.73
forecast_2553,2025-04-17 9:00,12459.798,14049.826,11291.34
forecast_2554,2025-04-17 10:00,10061.946,12650.944,10013.728
forecast_2555,2025-04-17 11:00,9994.0625,12583.414,10075.649
forecast_2556,2025-04-17 12:00,9517.779,12604.722,10321.711
forecast_2557,2025-04-17 13:00,9425.407,11307.602,9716.307
forecast_2558,2025-04-17 14:00,10615.0205,12648.947,10522.378
forecast_2559,2025-04-17 15:00,9526.154,12053.241,10408.846
forecast_2560,2025-04-17 16:00,11073.101,13900.256,12216.933
forecast_2561,2025-04-17 17:00,11881.992,14348.457,12418.273
forecast_2562,2025-04-17 18:00,12129.646,14432.763,12611.901
forecast_2563,2025-04-17 19:00,12995.1455,14976.396,13247.766
forecast_2564,2025-04-17 20:00,13787.557,15416.386,14236.271
forecast_2565,2025-04-17 21:00,12365.515,14595.442,12284.193
forecast_2566,2025-04-17 22:00,13102.556,15233.723,13034.469
forecast_2567,2025-04-17 23:00,13339.35,15956.234,13195.302
forecast_2568,2025-04-18 0:00,16886.922,18412.762,15513.778
forecast_2569,2025-04-18 1:00,17204.723,18704.959,16057.064
forecast_2570,2025-04-18 2:00,17453.664,18772.8,15976.654
forecast_2571,2025-04-18 3:00,18241.42,19598.797,16399.246
forecast_2572,2025-04-18 4:00,18775.732,19841.635,16693.268
forecast_2573,2025-04-18 5:00,18606.773,19310.395,16406.928
forecast_2574,2025-04-18 6:00,16669.95,17405.137,14517.91
forecast_2575,2025-04-18 7:00,16150.098,16462.762,14298.7705
forecast_2576,2025-04-18 8:00,14045.195,14911.706,12098.18
forecast_2577,2025-04-18 9:00,11710.478,13088.914,10749.933
forecast_2578,2025-04-18 10:00,11755.813,12867.406,10648.131
forecast_2579,2025-04-18 11:00,11266.741,12359.923,10045.424
forecast_2580,2025-04-18 12:00,11967.046,12648.727,10167.665
forecast_2581,2025-04-18 13:00,10495.655,11031.114,9311.307
forecast_2582,2025-04-18 14:00,9926.283,10052.691,8338.662
forecast_2583,2025-04-18 15:00,8415.406,9032.8955,7290.0776
forecast_2584,2025-04-18 16:00,8376.909,8407.223,6690.876
forecast_2585,2025-04-18 17:00,7601.1396,7844.5117,5914.43
forecast_2586,2025-04-18 18:00,8723.917,8832.225,7607.888
forecast_2587,2025-04-18 19:00,8830.329,9717.5,7839.2896
forecast_2588,2025-04-18 20:00,10173.53,11212.189,9322.774
forecast_2589,2025-04-18 21:00,10661.272,11720.933,9381.957
forecast_2590,2025-04-18 22:00,11797.735,13369.632,10463.986
forecast_2591,2025-04-18 23:00,11183.635,13833.825,10658.804
forecast_2592,2025-04-19 0:00,11356.892,13652.431,10459.637
forecast_2593,2025-04-19 1:00,12010.118,14572.183,10959.961
forecast_2594,2025-04-19 2:00,13803.06,15641.979,11962.443
forecast_2595,2025-04-19 3:00,15158.962,16544.277,13671.501
forecast_2596,2025-04-19 4:00,14774.891,16212.693,13940.843
forecast_2597,2025-04-19 5:00,13700.619,15076.233,12081.897
forecast_2598,2025-04-19 6:00,12927.545,15252.448,12276.433
forecast_2599,2025-04-19 7:00,12124.359,14304.207,10938.04
forecast_2600,2025-04-19 8:00,12220.669,14513.59,11722.08
forecast_2601,2025-04-19 9:00,11823.003,14201.876,11683.407
forecast_2602,2025-04-19 10:00,11608.178,13587.23,11365.839
forecast_2603,2025-04-19 11:00,12071.062,13672.577,12167.043
forecast_2604,2025-04-19 12:00,14059.72,16164.181,15077.8
forecast_2605,2025-04-19 13:00,14997.149,16781.979,15402.131
forecast_2606,2025-04-19 14:00,15346.24,17261.674,15719.751
forecast_2607,2025-04-19 15:00,15808.756,17694.766,15826.43
forecast_2608,2025-04-19 16:00,16364.408,18073.793,16071.49
forecast_2609,2025-04-19 17:00,16753.611,18445.598,16379.035
forecast_2610,2025-04-19 18:00,17544.97,18494.28,16015.447
forecast_2611,2025-04-19 19:00,16776.096,17394.783,15085.573
forecast_2612,2025-04-19 20:00,16886.139,16843.035,15409.605
forecast_2613,2025-04-19 21:00,16042.96,16211.1875,14256.811
forecast_2614,2025-04-19 22:00,14506.223,14919.644,12610.336
forecast_2615,2025-04-19 23:00,12207.419,13043.435,10789.147
forecast_2616,2025-04-20 0:00,11043.7,11439.991,9562.479
forecast_2617,2025-04-20 1:00,10688.099,11457.984,9473.65
forecast_2618,2025-04-20 2:00,8768.495,9122.416,7010.0845
forecast_2619,2025-04-20 3:00,5656.8364,5521.822,4102.9074999999975
forecast_2620,2025-04-20 4:00,4612.617,4407.8096,3526.0629999999983
forecast_2621,2025-04-20 5:00,4208.556599999998,3509.506599999999,2541.240699999998
forecast_2622,2025-04-20 6:00,3452.478999999998,2663.7737999999986,942.1205
forecast_2623,2025-04-20 7:00,2963.6273999999985,2175.272199999999,817.4225
forecast_2624,2025-04-20 8:00,2749.7383999999984,1981.0905999999986,798.2026
forecast_2625,2025-04-20 9:00,2629.095999999998,1952.1006999999986,798.2026
forecast_2626,2025-04-20 10:00,2577.044799999998,1836.0283999999988,798.2026
forecast_2627,2025-04-20 11:00,2639.7388999999985,1894.5139999999988,726.47327
forecast_2628,2025-04-20 12:00,2601.051999999998,1832.5922999999989,851.946
forecast_2629,2025-04-20 13:00,2608.3021999999983,1853.5742999999989,822.8506
forecast_2630,2025-04-20 14:00,2662.9339999999984,2012.1364999999987,824.49194
forecast_2631,2025-04-20 15:00,2663.222799999998,2009.9313999999986,904.1333
forecast_2632,2025-04-20 16:00,2624.118499999998,1990.7333999999987,817.4225
forecast_2633,2025-04-20 17:00,2574.291299999998,1870.1774999999989,798.2026
forecast_2634,2025-04-20 18:00,2618.695099999998,1901.0343999999986,777.9702
forecast_2635,2025-04-20 19:00,2760.289799999998,1962.175499999999,818.4509
forecast_2636,2025-04-20 20:00,2886.416599999998,2064.9977999999987,870.4527
forecast_2637,2025-04-20 21:00,2882.063599999998,2172.1503999999986,972.01776
forecast_2638,2025-04-20 22:00,3347.5966999999982,2469.565999999999,2124.1326999999983
forecast_2639,2025-04-20 23:00,3027.232699999998,2296.8156999999987,2115.506299999998
forecast_2640,2025-04-21 0:00,3114.7342999999983,2169.635899999999,1018.49774
forecast_2641,2025-04-21 1:00,3166.595699999998,2542.1447999999987,2222.187499999998
forecast_2642,2025-04-21 2:00,3301.711499999998,2726.842499999999,2273.829699999998
forecast_2643,2025-04-21 3:00,3134.0613999999982,2506.699299999999,2125.855599999998
forecast_2644,2025-04-21 4:00,3219.7396999999983,2590.724899999999,2241.204599999998
forecast_2645,2025-04-21 5:00,3421.148999999998,2661.746299999999,2266.796599999998
forecast_2646,2025-04-21 6:00,3658.866199999998,2904.3375999999985,2385.931599999998
forecast_2647,2025-04-21 7:00,4029.675499999998,3499.9479999999985,2383.5541999999978
forecast_2648,2025-04-21 8:00,4156.255899999998,3686.6149999999984,2485.7240999999976
forecast_2649,2025-04-21 9:00,4014.398999999998,3722.7877999999987,2430.2735999999977
forecast_2650,2025-04-21 10:00,3655.630999999998,2876.8024999999984,2150.142599999998
forecast_2651,2025-04-21 11:00,3603.312499999998,2980.8007999999986,2274.820899999998
forecast_2652,2025-04-21 12:00,3639.646699999998,3032.5534999999986,2288.272599999998
forecast_2653,2025-04-21 13:00,3761.217999999998,3289.2877999999987,2451.064099999998
forecast_2654,2025-04-21 14:00,3757.0834999999984,3301.5172999999986,2388.299799999998
forecast_2655,2025-04-21 15:00,3756.1056999999983,3417.9877999999985,2439.660799999998
forecast_2656,2025-04-21 16:00,3873.6371999999983,3482.7719999999986,2487.183799999998
forecast_2657,2025-04-21 17:00,3756.5649999999982,3365.6909999999984,2514.810799999998
forecast_2658,2025-04-21 18:00,4001.024399999998,3785.2865999999985,2693.011999999998
forecast_2659,2025-04-21 19:00,4441.992,5155.0356,3746.118199999998
forecast_2660,2025-04-21 20:00,6736.42,8249.646,4571.3584
forecast_2661,2025-04-21 21:00,6445.4565,7991.3677,5222.018999999998
forecast_2662,2025-04-21 22:00,8257.442,9559.985,5366.8574
forecast_2663,2025-04-21 23:00,8685.526,10419.167,6440.667
forecast_2664,2025-04-22 0:00,8900.422,10645.56,6355.1367
forecast_2665,2025-04-22 1:00,9652.263,11258.038,7396.6465
forecast_2666,2025-04-22 2:00,10418.607,11427.343,7855.772
forecast_2667,2025-04-22 3:00,7383.5996,9185.33,5330.599
forecast_2668,2025-04-22 4:00,7291.1436,9023.217,5072.955
forecast_2669,2025-04-22 5:00,6016.1113,8276.332,4942.948499999998
forecast_2670,2025-04-22 6:00,5401.1157,7757.3086,5012.325699999998
forecast_2671,2025-04-22 7:00,4959.7095,6478.9814,4447.271999999998
forecast_2672,2025-04-22 8:00,4560.7925,5542.957,4015.2001999999984
forecast_2673,2025-04-22 9:00,6666.612,8197.687,4892.5776
forecast_2674,2025-04-22 10:00,7612.05,10416.244,7815.4
forecast_2675,2025-04-22 11:00,9766.449,12113.635,9742.701
forecast_2676,2025-04-22 12:00,11148.099,13657.751,10953.926
forecast_2677,2025-04-22 13:00,11500.706,13878.806,10600.483
forecast_2678,2025-04-22 14:00,9770.176,11828.308,7945.0073
forecast_2679,2025-04-22 15:00,5868.4214,6904.6167,4558.491499999998
forecast_2680,2025-04-22 16:00,5540.411999999998,4954.027299999999,2929.141999999998
forecast_2681,2025-04-22 17:00,4700.029799999998,3739.230999999999,2532.669199999998
forecast_2682,2025-04-22 18:00,3840.9892999999984,3040.2685999999985,2125.591799999998
forecast_2683,2025-04-22 19:00,5145.183999999998,4662.662799999999,3196.1322999999984
forecast_2684,2025-04-22 20:00,4618.06,5538.929,3546.985999999998
forecast_2685,2025-04-22 21:00,4504.89,4634.706299999999,3167.748999999998
forecast_2686,2025-04-22 22:00,5531.508299999999,4482.138999999999,2984.949699999998
forecast_2687,2025-04-22 23:00,5072.417,5394.663,3807.8544999999976
forecast_2688,2025-04-23 0:00,5098.675,6329.2266,4256.732199999998
forecast_2689,2025-04-23 1:00,6827.1606,8458.733,4637.9033
forecast_2690,2025-04-23 2:00,6756.044,6934.1196,5115.223999999998
forecast_2691,2025-04-23 3:00,6527.777,7158.381,4387.301
forecast_2692,2025-04-23 4:00,5744.271,6210.7393,4565.142299999998
forecast_2693,2025-04-23 5:00,5840.1353,6175.3896,4440.851799999998
forecast_2694,2025-04-23 6:00,5525.7236,5906.793,4044.5612999999976
forecast_2695,2025-04-23 7:00,4893.794,5271.843,3678.6029999999982
forecast_2696,2025-04-23 8:00,5392.707499999999,4659.4805,3155.9520999999977
forecast_2697,2025-04-23 9:00,4341.499299999998,4127.070999999999,2776.414199999998
forecast_2698,2025-04-23 10:00,3228.041599999998,2359.0138999999986,945.86615
forecast_2699,2025-04-23 11:00,2797.773599999998,2180.7949999999987,886.57465
forecast_2700,2025-04-23 12:00,2692.320099999998,2216.7686999999987,875.58264
forecast_2701,2025-04-23 13:00,2534.8112999999985,1983.352899999999,819.4353
forecast_2702,2025-04-23 14:00,2510.9362999999985,1950.7279999999987,796.08453
forecast_2703,2025-04-23 15:00,2858.580799999998,2221.8410999999987,952.59467
forecast_2704,2025-04-23 16:00,3195.411599999998,2462.2481999999986,1002.6586
forecast_2705,2025-04-23 17:00,3712.263199999998,2995.4509999999987,2208.041499999998
forecast_2706,2025-04-23 18:00,4233.699999999998,3444.9147999999986,2399.726099999998
forecast_2707,2025-04-23 19:00,4538.245999999998,3889.9115999999985,2630.2299999999977
forecast_2708,2025-04-23 20:00,5649.8545,5312.5493,4230.376499999998
forecast_2709,2025-04-23 21:00,7090.687,7316.546,4939.5015
forecast_2710,2025-04-23 22:00,10281.341,10132.586,8528.22
forecast_2711,2025-04-23 23:00,11999.276,12879.205,10732.384
forecast_2712,2025-04-24 0:00,15508.146,16096.712,13497.026
forecast_2713,2025-04-24 1:00,16117.062,16360.13,13778.516
forecast_2714,2025-04-24 2:00,16432.625,16624.146,13876.446
forecast_2715,2025-04-24 3:00,17252.39,17129.678,14576.012
forecast_2716,2025-04-24 4:00,17398.32,17061.791,15110.627
forecast_2717,2025-04-24 5:00,17321.297,17522.871,15085.854
forecast_2718,2025-04-24 6:00,17981.156,18126.111,15279.46
forecast_2719,2025-04-24 7:00,16523.672,16650.295,13662.239
forecast_2720,2025-04-24 8:00,14074.026,14961.485,11921.986
forecast_2721,2025-04-24 9:00,11234.052,12189.787,9594.973
forecast_2722,2025-04-24 10:00,8980.865,10511.144,7967.1367
forecast_2723,2025-04-24 11:00,10293.609,11186.326,9434.199
forecast_2724,2025-04-24 12:00,11661.544,12796.574,10570.44
forecast_2725,2025-04-24 13:00,13018.452,13994.673,11801.045
forecast_2726,2025-04-24 14:00,15080.749,15808.597,13776.047
forecast_2727,2025-04-24 15:00,16149.431,16873.955,14773.365
forecast_2728,2025-04-24 16:00,15955.106,17023.83,14824.966
forecast_2729,2025-04-24 17:00,16293.118,17169.727,14982.607
forecast_2730,2025-04-24 18:00,16569.326,17504.527,15568.025
forecast_2731,2025-04-24 19:00,17198.047,18312.12,15422.184
forecast_2732,2025-04-24 20:00,17461.83,18587.398,15271.737
forecast_2733,2025-04-24 21:00,17015.93,18077.217,15305.084
forecast_2734,2025-04-24 22:00,15723.893,16444.572,12758.037
forecast_2735,2025-04-24 23:00,15373.355,15937.11,11910.164
forecast_2736,2025-04-25 0:00,15281.021,15732.42,11925.642
forecast_2737,2025-04-25 1:00,14719.197,14784.389,10679.066
forecast_2738,2025-04-25 2:00,14699.793,14842.518,11424.795
forecast_2739,2025-04-25 3:00,13946.173,14024.662,10045.672
forecast_2740,2025-04-25 4:00,13470.548,13718.215,9928.701
forecast_2741,2025-04-25 5:00,13414.122,13561.28,10009.689
forecast_2742,2025-04-25 6:00,13963.158,14428.164,10533.619
forecast_2743,2025-04-25 7:00,13059.722,13352.86,9779.047
forecast_2744,2025-04-25 8:00,13478.31,13461.668,9480.552
forecast_2745,2025-04-25 9:00,13045.837,12843.2,9569.682
forecast_2746,2025-04-25 10:00,13013.888,13096.298,9985.171
forecast_2747,2025-04-25 11:00,13476.577,13192.437,10126.919
forecast_2748,2025-04-25 12:00,12709.566,12612.346,9591.335
forecast_2749,2025-04-25 13:00,12431.319,11793.3545,8927.241
forecast_2750,2025-04-25 14:00,12161.57,11632.361,9008.467
forecast_2751,2025-04-25 15:00,11890.158,11496.838,9244.415
forecast_2752,2025-04-25 16:00,11664.757,10716.334,8612.005
forecast_2753,2025-04-25 17:00,11844.726,10961.842,8788.742
forecast_2754,2025-04-25 18:00,12128.505,11515.913,9305.145
forecast_2755,2025-04-25 19:00,12344.395,12003.239,9653.604
forecast_2756,2025-04-25 20:00,13046.117,12997.668,10199.384
forecast_2757,2025-04-25 21:00,14744.621,14782.549,11537.1875
forecast_2758,2025-04-25 22:00,14459.276,14376.546,11052.941
forecast_2759,2025-04-25 23:00,13265.57,13107.67,10316.943
forecast_2760,2025-04-26 0:00,12090.101,12792.558,9597.682
forecast_2761,2025-04-26 1:00,10082.354,11088.139,7440.1797
forecast_2762,2025-04-26 2:00,11516.982,12208.295,9019.953
forecast_2763,2025-04-26 3:00,14077.926,15266.421,11213.388
forecast_2764,2025-04-26 4:00,14316.839,15391.011,11396.255
forecast_2765,2025-04-26 5:00,14194.618,15175.251,11234.329
forecast_2766,2025-04-26 6:00,14313.207,15955.025,12443.971
forecast_2767,2025-04-26 7:00,14052.282,15289.447,12263.443
forecast_2768,2025-04-26 8:00,14172.051,14963.116,12261.087
forecast_2769,2025-04-26 9:00,13743.929,14838.935,12366.112
forecast_2770,2025-04-26 10:00,12580.482,13704.567,11512.081
forecast_2771,2025-04-26 11:00,13139.202,14129.517,12166.429
forecast_2772,2025-04-26 12:00,13564.455,14316.05,12354.171
forecast_2773,2025-04-26 13:00,13256.447,13931.567,11981.489
forecast_2774,2025-04-26 14:00,14472.8545,15129.067,13141.52
forecast_2775,2025-04-26 15:00,16005.144,16516.285,14366.808
forecast_2776,2025-04-26 16:00,15524.078,16215.988,14447.955
forecast_2777,2025-04-26 17:00,15824.354,16967.6,15526.652
forecast_2778,2025-04-26 18:00,17043.14,18360.654,15905.862
forecast_2779,2025-04-26 19:00,17829.613,18813.99,16343.18
forecast_2780,2025-04-26 20:00,18171.957,19203.709,16506.463
forecast_2781,2025-04-26 21:00,18552.09,19490.553,16821.514
forecast_2782,2025-04-26 22:00,19408.215,19673.877,16808.639
forecast_2783,2025-04-26 23:00,19640.969,19751.488,16881.229
forecast_2784,2025-04-27 0:00,19551.68,19875.58,16937.914
forecast_2785,2025-04-27 1:00,20090.908,19878.314,16799.85
forecast_2786,2025-04-27 2:00,19711.975,19669.086,16747.807
forecast_2787,2025-04-27 3:00,19533.846,19634.309,16566.348
forecast_2788,2025-04-27 4:00,19269.662,19611.742,16412.652
forecast_2789,2025-04-27 5:00,18578.768,19038.924,15868.051
forecast_2790,2025-04-27 6:00,18108.816,18785.162,15514.337
forecast_2791,2025-04-27 7:00,17080.592,18027.84,15320.874
forecast_2792,2025-04-27 8:00,16126.482,17240.21,15001.802
forecast_2793,2025-04-27 9:00,15465.449,16324.949,14045.452
forecast_2794,2025-04-27 10:00,14783.908,15321.862,13400.884
forecast_2795,2025-04-27 11:00,15455.321,16306.585,14540.81
forecast_2796,2025-04-27 12:00,15735.932,16978.688,15277.072
forecast_2797,2025-04-27 13:00,15890.11,17123.111,15500.748
forecast_2798,2025-04-27 14:00,16070.2295,17160.016,15524.314
forecast_2799,2025-04-27 15:00,15653.494,16605.283,14278.747
forecast_2800,2025-04-27 16:00,15566.51,16540.21,14976.406
forecast_2801,2025-04-27 17:00,15503.036,16628.246,14636.484
forecast_2802,2025-04-27 18:00,15214.247,16159.693,14455.507
forecast_2803,2025-04-27 19:00,15144.101,16481.229,14448.43
forecast_2804,2025-04-27 20:00,15946.711,16989.646,15062.0205
forecast_2805,2025-04-27 21:00,15370.325,16686.047,13964.217
forecast_2806,2025-04-27 22:00,17020.348,18043.686,15572.951
forecast_2807,2025-04-27 23:00,16843.01,18334.414,15910.866
forecast_2808,2025-04-28 0:00,15963.16,16931.643,13945.834
forecast_2809,2025-04-28 1:00,15667.936,16305.814,13707.986
forecast_2810,2025-04-28 2:00,14921.772,16241.464,13480.163
forecast_2811,2025-04-28 3:00,14988.429,16133.427,13248.463
forecast_2812,2025-04-28 4:00,13366.062,14918.867,10947.941
forecast_2813,2025-04-28 5:00,11042.021,12874.978,9419.029
forecast_2814,2025-04-28 6:00,10324.114,11301.581,9070.015
forecast_2815,2025-04-28 7:00,9234.895,10217.907,8211.915
forecast_2816,2025-04-28 8:00,7048.405,7610.3105,4638.1973
forecast_2817,2025-04-28 9:00,4915.7837,4377.1494,3755.970699999998
forecast_2818,2025-04-28 10:00,5514.599,5314.278,4408.561799999998
forecast_2819,2025-04-28 11:00,9217.665,8843.829,7559.579
forecast_2820,2025-04-28 12:00,11825.215,11304.9,9867.862
forecast_2821,2025-04-28 13:00,12879.332,12574.09,9795.457
forecast_2822,2025-04-28 14:00,13242.867,13365.242,9747.005
forecast_2823,2025-04-28 15:00,12916.137,11981.838,9547.208
forecast_2824,2025-04-28 16:00,10144.553,7348.6636,5436.5225
forecast_2825,2025-04-28 17:00,7160.888,4684.516,3924.4619999999977
forecast_2826,2025-04-28 18:00,4788.4263,4322.423299999999,3172.5485999999983
forecast_2827,2025-04-28 19:00,4884.972,4811.8857,3198.5158999999976
forecast_2828,2025-04-28 20:00,5946.8,5400.942,4256.218499999998
forecast_2829,2025-04-28 21:00,6237.072,6566.0366,4567.442899999998
forecast_2830,2025-04-28 22:00,6571.0225,6457.7437,4579.391599999998
forecast_2831,2025-04-28 23:00,5889.555,5920.8447,4086.0136999999977
forecast_2832,2025-04-29 0:00,5411.073,5522.291,3845.803499999998
forecast_2833,2025-04-29 1:00,5248.060999999998,4369.411399999999,2816.787199999998
forecast_2834,2025-04-29 2:00,4882.478499999998,3883.6771999999987,2583.247899999998
forecast_2835,2025-04-29 3:00,4269.636699999998,3344.4279999999985,2367.670399999998
forecast_2836,2025-04-29 4:00,3999.807999999998,3130.5575999999987,2157.221099999998
forecast_2837,2025-04-29 5:00,4990.820799999998,3981.1489999999985,2782.799599999998
forecast_2838,2025-04-29 6:00,4820.967,4832.5386,3633.004399999998
forecast_2839,2025-04-29 7:00,5178.629,5499.0024,3911.662599999998
forecast_2840,2025-04-29 8:00,6274.1235,6701.1743,4491.611
forecast_2841,2025-04-29 9:00,6386.1855,6312.4175,4521.2935
forecast_2842,2025-04-29 10:00,7715.8374,7427.076,5577.2866
forecast_2843,2025-04-29 11:00,7921.346,7718.1084,5733.2773
forecast_2844,2025-04-29 12:00,7469.322,7109.917,5382.425
forecast_2845,2025-04-29 13:00,7608.8633,6497.6274,5356.8037
forecast_2846,2025-04-29 14:00,7136.1772,5942.3677,5383.2935
forecast_2847,2025-04-29 15:00,8468.376,7776.699,7022.019
forecast_2848,2025-04-29 16:00,9128.473,8464.21,6932.5786
forecast_2849,2025-04-29 17:00,8453.629,7872.6323,6151.438
forecast_2850,2025-04-29 18:00,6783.9326,5897.133,5181.542999999998
forecast_2851,2025-04-29 19:00,9999.548,10618.572,8289.084
forecast_2852,2025-04-29 20:00,12966.742,13810.523,11436.387
forecast_2853,2025-04-29 21:00,14999.277,15500.341,13654.666
forecast_2854,2025-04-29 22:00,18004.834,18784.477,16022.519
forecast_2855,2025-04-29 23:00,19273.53,19589.992,17364.248
forecast_2856,2025-04-30 0:00,18844.354,19289.389,16539.043
forecast_2857,2025-04-30 1:00,19448.598,19711.533,16340.885
forecast_2858,2025-04-30 2:00,20273.123,19981.387,16894.703
forecast_2859,2025-04-30 3:00,20302.451,20039.965,17060.729
forecast_2860,2025-04-30 4:00,20215.219,20057.445,17385.963
forecast_2861,2025-04-30 5:00,19976.338,19773.404,16910.352
forecast_2862,2025-04-30 6:00,19383.871,19658.432,16556.773
forecast_2863,2025-04-30 7:00,17743.457,18745.055,15947.83
forecast_2864,2025-04-30 8:00,16512.684,17050.693,15044.578
forecast_2865,2025-04-30 9:00,16440.336,17196.447,14896.636
forecast_2866,2025-04-30 10:00,14456.032,15654.041,13402.316
forecast_2867,2025-04-30 11:00,13526.917,15258.067,13725.209
forecast_2868,2025-04-30 12:00,12863.651,14244.879,12872.388
forecast_2869,2025-04-30 13:00,11740.858,13327.791,11951.276
forecast_2870,2025-04-30 14:00,10687.229,12606.834,11016.505
forecast_2871,2025-04-30 15:00,10398.337,12421.611,10770.775
forecast_2872,2025-04-30 16:00,9409.691,11127.3,9636.52
forecast_2873,2025-04-30 17:00,7461.0415,8739.487,7204.406
forecast_2874,2025-04-30 18:00,6324.161,7066.746,5674.5312
forecast_2875,2025-04-30 19:00,5529.309,6422.447,4290.1
forecast_2876,2025-04-30 20:00,5946.221,7226.827,5311.302
forecast_2877,2025-04-30 21:00,8000.7373,10122.521,6719.942
forecast_2878,2025-04-30 22:00,9548.916,11839.943,8809.809
forecast_2879,2025-04-30 23:00,10402.107,13030.319,9965.417
forecast_2880,2025-05-01 0:00,10475.413,12855.576,9678.343
forecast_2881,2025-05-01 1:00,12261.72,14024.452,10475.398
forecast_2882,2025-05-01 2:00,12780.399,14490.56,11604.934
forecast_2883,2025-05-01 3:00,13612.643,15512.492,12034.547
forecast_2884,2025-05-01 4:00,14509.421,16346.699,13224.165
forecast_2885,2025-05-01 5:00,14487.617,16458.176,13326.385
forecast_2886,2025-05-01 6:00,15178.989,16608.879,13800.789
forecast_2887,2025-05-01 7:00,16005.5,17058.414,13973.636
forecast_2888,2025-05-01 8:00,16043.495,17856.436,15075.092
forecast_2889,2025-05-01 9:00,15964.239,16916.082,14991.087
forecast_2890,2025-05-01 10:00,15381.496,16750.135,14933.141
forecast_2891,2025-05-01 11:00,15123.465,16764.398,14916.171
forecast_2892,2025-05-01 12:00,15637.8545,16429.887,14361.267
forecast_2893,2025-05-01 13:00,14490.111,16500.666,15100.794
forecast_2894,2025-05-01 14:00,14882.552,17060.133,15387.8125
forecast_2895,2025-05-01 15:00,15583.2705,17222.467,15713.884
forecast_2896,2025-05-01 16:00,16062.716,17540.682,16447.955
forecast_2897,2025-05-01 17:00,14638.193,15889.973,14018.633
forecast_2898,2025-05-01 18:00,12365.505,13824.204,11610.399
forecast_2899,2025-05-01 19:00,11533.405,13535.87,10626.857
forecast_2900,2025-05-01 20:00,12434.335,14516.422,12342.043
forecast_2901,2025-05-01 21:00,11320.8955,13389.116,10357.024
forecast_2902,2025-05-01 22:00,12177.182,13967.651,10772.02
forecast_2903,2025-05-01 23:00,16058.677,16965.146,14158.305
forecast_2904,2025-05-02 0:00,17803.262,18113.385,15477.788
forecast_2905,2025-05-02 1:00,17109.885,17331.139,14110.424
forecast_2906,2025-05-02 2:00,15975.032,16544.455,14057.854
forecast_2907,2025-05-02 3:00,16027.791,16467.938,12912.044
forecast_2908,2025-05-02 4:00,15145.444,15802.311,12449.56
forecast_2909,2025-05-02 5:00,15605.512,16208.517,13247.513
forecast_2910,2025-05-02 6:00,15742.931,16735.469,14045.4
forecast_2911,2025-05-02 7:00,15279.867,15413.128,13205.34
forecast_2912,2025-05-02 8:00,14391.507,14619.016,11857.9375
forecast_2913,2025-05-02 9:00,13602.477,13251.19,10657.971
forecast_2914,2025-05-02 10:00,12354.464,11776.48,9750.572
forecast_2915,2025-05-02 11:00,10912.39,10095.308,8185.909
forecast_2916,2025-05-02 12:00,9724.906,8385.456,6940.158
forecast_2917,2025-05-02 13:00,8849.987,7511.267,5348.8076
forecast_2918,2025-05-02 14:00,9553.981,8754.835,6206.9
forecast_2919,2025-05-02 15:00,8480.717,7545.733,4931.573
forecast_2920,2025-05-02 16:00,7734.559,6824.705,4384.2754
forecast_2921,2025-05-02 17:00,7287.615,6695.035,5249.954999999998
forecast_2922,2025-05-02 18:00,9347.726,9766.1455,7112.3076
forecast_2923,2025-05-02 19:00,10378.169,10788.525,8505.483
forecast_2924,2025-05-02 20:00,11340.352,12607.83,9994.167
forecast_2925,2025-05-02 21:00,11709.445,12141.863,9978.424
forecast_2926,2025-05-02 22:00,11916.641,13266.92,10030.054
forecast_2927,2025-05-02 23:00,11593.088,12875.707,9637.12
forecast_2928,2025-05-03 0:00,12115.5205,13406.336,10240.23
forecast_2929,2025-05-03 1:00,11823.205,13755.265,10653.036
forecast_2930,2025-05-03 2:00,12184.649,13455.5205,10701.104
forecast_2931,2025-05-03 3:00,10801.352,12260.098,9227.038
forecast_2932,2025-05-03 4:00,9241.241,10528.233,7399.747
forecast_2933,2025-05-03 5:00,8536.646,10006.171,5702.545
forecast_2934,2025-05-03 6:00,5941.574,6430.028,4646.942999999998
forecast_2935,2025-05-03 7:00,5430.414599999998,4511.933999999999,2830.694999999998
forecast_2936,2025-05-03 8:00,4503.2354,4614.472,3757.787599999998
forecast_2937,2025-05-03 9:00,6205.4956,6530.087,5008.800999999998
forecast_2938,2025-05-03 10:00,8169.172,9646.44,5898.2476
forecast_2939,2025-05-03 11:00,11284.462,13151.157,10236.633
forecast_2940,2025-05-03 12:00,12916.578,14713.53,10917.585
forecast_2941,2025-05-03 13:00,12899.61,14545.195,11373.185
forecast_2942,2025-05-03 14:00,12491.644,13672.017,11145.454
forecast_2943,2025-05-03 15:00,13315.021,13416.418,11136.754
forecast_2944,2025-05-03 16:00,13537.559,13749.488,11108.089
forecast_2945,2025-05-03 17:00,12609.94,12438.96,10182.148
forecast_2946,2025-05-03 18:00,13114.352,12976.792,10732.1
forecast_2947,2025-05-03 19:00,14094.4,14167.2295,12041.33
forecast_2948,2025-05-03 20:00,15107.806,15184.926,13749.149
forecast_2949,2025-05-03 21:00,15509.398,15877.537,13243.544
forecast_2950,2025-05-03 22:00,15530.053,15728.758,12626.614
forecast_2951,2025-05-03 23:00,15389.583,15648.089,13307.8125
forecast_2952,2025-05-04 0:00,15458.32,16187.231,13564.464
forecast_2953,2025-05-04 1:00,14898.555,16162.946,13609.533
forecast_2954,2025-05-04 2:00,14201.388,15122.717,12829.01
forecast_2955,2025-05-04 3:00,14418.161,15514.24,11911.093
forecast_2956,2025-05-04 4:00,15065.518,16069.874,12191.5625
forecast_2957,2025-05-04 5:00,15440.115,16497.0,11538.037
forecast_2958,2025-05-04 6:00,15668.749,16533.379,11912.269
forecast_2959,2025-05-04 7:00,15551.415,16239.95,11605.705
forecast_2960,2025-05-04 8:00,15113.159,15273.7295,10386.47
forecast_2961,2025-05-04 9:00,13663.001,13150.527,9605.526
forecast_2962,2025-05-04 10:00,14065.742,13163.908,10201.597
forecast_2963,2025-05-04 11:00,14285.018,13644.965,10710.869
forecast_2964,2025-05-04 12:00,14803.659,14888.528,11386.592
forecast_2965,2025-05-04 13:00,15340.968,15578.508,13190.624
forecast_2966,2025-05-04 14:00,15402.174,16080.28,13274.299
forecast_2967,2025-05-04 15:00,15657.5205,16393.514,13587.084
forecast_2968,2025-05-04 16:00,16438.113,17004.902,13897.45
forecast_2969,2025-05-04 17:00,16468.908,16808.06,12879.71
forecast_2970,2025-05-04 18:00,16403.227,16609.125,12789.81
forecast_2971,2025-05-04 19:00,15588.368,15820.531,11866.905
forecast_2972,2025-05-04 20:00,14932.273,14674.494,10569.931
forecast_2973,2025-05-04 21:00,12991.441,11950.5205,9509.621
forecast_2974,2025-05-04 22:00,10554.381,10279.2705,6369.8457
forecast_2975,2025-05-04 23:00,5784.94,5965.5503,4064.4196999999976
forecast_2976,2025-05-05 0:00,4922.736,4368.57,3247.6713999999984
forecast_2977,2025-05-05 1:00,5288.452,5313.3027,3649.886499999998
forecast_2978,2025-05-05 2:00,4345.3555,4313.747799999999,3531.0319999999983
forecast_2979,2025-05-05 3:00,5186.839,4620.108,3975.807999999998
forecast_2980,2025-05-05 4:00,5222.3,4927.608399999999,3600.7819999999983
forecast_2981,2025-05-05 5:00,4981.706799999998,3549.9364999999984,2875.825799999998
forecast_2982,2025-05-05 6:00,3719.323499999998,2617.353299999999,2263.970299999998
forecast_2983,2025-05-05 7:00,3333.0054999999984,2515.2512999999985,909.23987
forecast_2984,2025-05-05 8:00,2757.837599999998,2058.023899999999,824.49194
forecast_2985,2025-05-05 9:00,2700.759199999998,1961.9840999999988,818.4509
forecast_2986,2025-05-05 10:00,2497.0576999999985,1827.0482999999986,727.75085
forecast_2987,2025-05-05 11:00,2492.2785999999983,1785.1096999999986,727.75085
forecast_2988,2025-05-05 12:00,2471.899699999998,1883.2145999999989,727.75085
forecast_2989,2025-05-05 13:00,1068.5713,1771.005999999999,757.7647
forecast_2990,2025-05-05 14:00,2533.151899999998,2004.688099999999,971.58215
forecast_2991,2025-05-05 15:00,2593.881299999998,2011.1980999999987,993.4431
forecast_2992,2025-05-05 16:00,2599.807499999998,2049.613399999999,899.7858
forecast_2993,2025-05-05 17:00,3174.2990999999984,2404.0163999999986,994.7401
forecast_2994,2025-05-05 18:00,3937.8554999999983,3168.7550999999985,2282.949999999998
forecast_2995,2025-05-05 19:00,5479.906999999998,4761.729,3152.824199999998
forecast_2996,2025-05-05 20:00,5306.859999999999,4604.1763,3081.646599999998
forecast_2997,2025-05-05 21:00,5324.230199999998,4520.31,3137.760699999998
forecast_2998,2025-05-05 22:00,5017.606,5421.802,3713.097999999998
forecast_2999,2025-05-05 23:00,5450.4969999999985,4822.402299999999,2991.331699999998
forecast_3000,2025-05-06 0:00,4485.481,4781.143,3131.2204999999976
forecast_3001,2025-05-06 1:00,3249.328199999998,2531.3439999999987,2103.327799999998
forecast_3002,2025-05-06 2:00,3107.588499999998,2487.8931999999986,963.32007
forecast_3003,2025-05-06 3:00,3037.551099999998,2433.3268999999987,1002.3192
forecast_3004,2025-05-06 4:00,2956.105999999998,2402.740699999999,2151.757299999998
forecast_3005,2025-05-06 5:00,3427.581499999998,2851.7995999999985,2345.310499999998
forecast_3006,2025-05-06 6:00,3664.094999999998,3207.5219999999986,2381.4313999999977
forecast_3007,2025-05-06 7:00,4018.562499999998,3444.6854999999987,2505.449499999998
forecast_3008,2025-05-06 8:00,3967.490999999998,3420.3632999999986,2502.026199999998
forecast_3009,2025-05-06 9:00,3695.7639999999983,3142.6309999999985,2314.429299999998
forecast_3010,2025-05-06 10:00,3081.4748999999983,2578.711699999999,957.1154
forecast_3011,2025-05-06 11:00,2910.6574999999984,2296.818699999999,901.872
forecast_3012,2025-05-06 12:00,2835.9542999999985,2365.604699999999,901.872
forecast_3013,2025-05-06 13:00,2814.101099999998,2260.5287999999987,951.8195
forecast_3014,2025-05-06 14:00,2890.779199999998,2308.764999999999,954.0809
forecast_3015,2025-05-06 15:00,2987.7369999999983,2535.192099999999,957.1154
forecast_3016,2025-05-06 16:00,2824.664399999998,2304.7310999999986,916.1155
forecast_3017,2025-05-06 17:00,2644.421499999998,2084.512299999999,817.28
forecast_3018,2025-05-06 18:00,2758.5845999999983,1999.2964999999986,914.64734
forecast_3019,2025-05-06 19:00,2779.049799999998,1894.3703999999989,899.2109
forecast_3020,2025-05-06 20:00,2879.479699999998,2249.476999999999,1047.9114
forecast_3021,2025-05-06 21:00,3087.8615999999984,2289.091599999999,2258.230799999998
forecast_3022,2025-05-06 22:00,3611.4213999999984,3143.5469999999987,2683.138899999998
forecast_3023,2025-05-06 23:00,3885.883499999998,3332.6166999999987,2765.288099999998
forecast_3024,2025-05-07 0:00,4191.206499999998,3795.5656999999987,2900.129299999998
forecast_3025,2025-05-07 1:00,5351.138199999998,4108.355999999999,3057.515599999998
forecast_3026,2025-05-07 2:00,5052.9335999999985,3845.9079999999985,2967.838399999998
forecast_3027,2025-05-07 3:00,4605.558999999998,3329.0749999999985,2573.570999999998
forecast_3028,2025-05-07 4:00,4146.023699999998,3273.5399999999986,2843.4556999999977
forecast_3029,2025-05-07 5:00,5350.5216999999975,3952.3375999999985,3128.769799999998
forecast_3030,2025-05-07 6:00,5574.941399999998,4501.110599999999,3215.671599999998
forecast_3031,2025-05-07 7:00,5574.264599999999,4542.750199999999,3099.0746999999983
forecast_3032,2025-05-07 8:00,5240.275999999998,4068.9137999999984,2743.5514999999978
forecast_3033,2025-05-07 9:00,4258.9569999999985,3551.529999999999,2516.824699999998
forecast_3034,2025-05-07 10:00,4428.075999999998,3525.2377999999985,2580.4264999999978
forecast_3035,2025-05-07 11:00,4084.4132999999983,3230.2074999999986,2499.918299999998
forecast_3036,2025-05-07 12:00,4114.297999999998,3177.9437999999986,2497.580199999998
forecast_3037,2025-05-07 13:00,3838.047899999998,2938.223999999999,2357.245399999998
forecast_3038,2025-05-07 14:00,4056.958299999998,3117.4345999999987,2384.0900999999976
forecast_3039,2025-05-07 15:00,3515.195799999998,2520.9813999999988,987.2973
forecast_3040,2025-05-07 16:00,3422.692399999998,2447.107799999999,1005.2185
forecast_3041,2025-05-07 17:00,3316.764299999998,2385.335099999999,954.0809
forecast_3042,2025-05-07 18:00,3131.1436999999983,2289.529999999999,931.6573
forecast_3043,2025-05-07 19:00,3346.533399999998,2766.0453999999986,2235.122899999998
forecast_3044,2025-05-07 20:00,4145.359999999999,3506.5311999999985,2511.606199999998
forecast_3045,2025-05-07 21:00,5313.842,5973.0444,4209.990199999998
forecast_3046,2025-05-07 22:00,5777.5103,6196.174,4747.155299999998
forecast_3047,2025-05-07 23:00,7836.0117,8071.3906,5577.759
forecast_3048,2025-05-08 0:00,5933.519,5926.3784,4287.637699999998
forecast_3049,2025-05-08 1:00,5544.207,6012.7144,4212.493999999998
forecast_3050,2025-05-08 2:00,7517.4487,7428.525,4328.8525
forecast_3051,2025-05-08 3:00,9494.776,9398.601,6395.8516
forecast_3052,2025-05-08 4:00,12166.348,12060.921,8498.344
forecast_3053,2025-05-08 5:00,11172.93,10897.271,7386.987
forecast_3054,2025-05-08 6:00,8987.2,8685.737,5543.8003
forecast_3055,2025-05-08 7:00,5784.0146,5682.212,4440.015599999998
forecast_3056,2025-05-08 8:00,5352.077999999998,4570.264199999999,3040.288999999998
forecast_3057,2025-05-08 9:00,3568.9267999999984,2788.7497999999987,2228.0963999999976
forecast_3058,2025-05-08 10:00,2709.646999999998,2008.6631999999986,824.49194
forecast_3059,2025-05-08 11:00,2516.428499999998,1935.8849999999989,818.9051
forecast_3060,2025-05-08 12:00,2652.347899999998,2194.4124999999985,901.476
forecast_3061,2025-05-08 13:00,2846.562899999998,2307.7099999999987,931.05035
forecast_3062,2025-05-08 14:00,4197.3283999999985,4082.9677999999985,3105.549799999998
forecast_3063,2025-05-08 15:00,3934.9874999999984,3471.154299999999,2753.042099999998
forecast_3064,2025-05-08 16:00,4550.738799999998,4205.526599999999,3278.4349999999977
forecast_3065,2025-05-08 17:00,4508.275399999999,4145.667699999999,3156.7419999999984
forecast_3066,2025-05-08 18:00,5041.489699999998,4908.129399999999,3685.337599999998
forecast_3067,2025-05-08 19:00,4647.5005,5872.523,4522.946499999998
forecast_3068,2025-05-08 20:00,5310.856399999999,4879.636999999999,2964.015399999998
forecast_3069,2025-05-08 21:00,5177.772499999998,4445.3066,3075.753899999998
forecast_3070,2025-05-08 22:00,4751.060799999998,4324.083299999998,2986.4406999999983
forecast_3071,2025-05-08 23:00,4667.130599999999,4003.8014999999987,2815.459099999998
forecast_3072,2025-05-09 0:00,4603.121,5527.633,3594.0912999999982
forecast_3073,2025-05-09 1:00,6121.5635,8176.5166,4751.131999999998
forecast_3074,2025-05-09 2:00,7144.2295,8915.752,4972.339999999998
forecast_3075,2025-05-09 3:00,5216.2925,6328.741,3742.498999999998
forecast_3076,2025-05-09 4:00,5529.0264,7515.48,4090.9137999999975
forecast_3077,2025-05-09 5:00,5170.970499999998,4368.506,2982.6431999999977
forecast_3078,2025-05-09 6:00,4599.715299999998,4313.4542999999985,2690.590299999998
forecast_3079,2025-05-09 7:00,4445.768299999998,3759.0043999999984,2511.0424999999977
forecast_3080,2025-05-09 8:00,4263.355499999998,3594.7145999999984,2502.476599999998
forecast_3081,2025-05-09 9:00,4217.716999999999,3792.3102999999987,2341.554799999998
forecast_3082,2025-05-09 10:00,4466.423,4907.1357,3541.642799999998
forecast_3083,2025-05-09 11:00,4935.714,5460.5337,3562.5487999999978
forecast_3084,2025-05-09 12:00,6963.882,7461.4023,4955.665799999998
forecast_3085,2025-05-09 13:00,8757.115,10388.258,6859.809
forecast_3086,2025-05-09 14:00,11155.726,13574.231,10285.874
forecast_3087,2025-05-09 15:00,11689.195,13405.014,9638.661
forecast_3088,2025-05-09 16:00,12007.226,13661.072,10097.196
forecast_3089,2025-05-09 17:00,12353.283,13751.109,9972.719
forecast_3090,2025-05-09 18:00,11390.3545,13020.057,9420.245
forecast_3091,2025-05-09 19:00,10038.455,10985.94,6940.9683
forecast_3092,2025-05-09 20:00,6898.728,6419.615,3736.751699999998
forecast_3093,2025-05-09 21:00,4677.33,4449.4,2885.045999999998
forecast_3094,2025-05-09 22:00,4665.612299999998,3788.2755999999986,2512.367199999998
forecast_3095,2025-05-09 23:00,4957.863299999998,4253.754999999999,2797.2456999999977
forecast_3096,2025-05-10 0:00,7987.5225,7725.751,5220.214
forecast_3097,2025-05-10 1:00,13044.219,13690.08,10822.597
forecast_3098,2025-05-10 2:00,14174.559,15378.711,12162.513
forecast_3099,2025-05-10 3:00,14710.824,16066.548,13159.254
forecast_3100,2025-05-10 4:00,14885.881,16515.32,13290.663
forecast_3101,2025-05-10 5:00,14906.556,16673.52,13583.879
forecast_3102,2025-05-10 6:00,16341.838,17537.27,14896.638
forecast_3103,2025-05-10 7:00,18428.85,19009.182,16518.293
forecast_3104,2025-05-10 8:00,18754.3,19681.838,16603.947
forecast_3105,2025-05-10 9:00,18889.088,19711.67,16752.848
forecast_3106,2025-05-10 10:00,19065.781,19784.842,16889.307
forecast_3107,2025-05-10 11:00,19075.121,19778.936,16842.445
forecast_3108,2025-05-10 12:00,18809.645,19575.805,16718.05
forecast_3109,2025-05-10 13:00,18583.723,19232.213,16599.115
forecast_3110,2025-05-10 14:00,18622.496,19366.871,16636.396
forecast_3111,2025-05-10 15:00,18172.758,18919.09,16334.476
forecast_3112,2025-05-10 16:00,17430.188,17797.201,16237.936
forecast_3113,2025-05-10 17:00,16312.755,16564.303,14608.306
forecast_3114,2025-05-10 18:00,15133.823,15103.807,13309.907
forecast_3115,2025-05-10 19:00,13328.084,13699.247,11854.845
forecast_3116,2025-05-10 20:00,11983.322,11833.793,9919.797
forecast_3117,2025-05-10 21:00,9845.434,10005.163,7677.2285
forecast_3118,2025-05-10 22:00,10145.838,10941.259,8579.905
forecast_3119,2025-05-10 23:00,9234.719,9866.956,7240.449
forecast_3120,2025-05-11 0:00,7640.0586,7888.249,5314.1255
forecast_3121,2025-05-11 1:00,8875.332,10093.043,7215.729
forecast_3122,2025-05-11 2:00,9271.496,10353.682,7366.014
forecast_3123,2025-05-11 3:00,8523.943,9218.732,6679.578
forecast_3124,2025-05-11 4:00,8213.842,8978.506,6388.1294
forecast_3125,2025-05-11 5:00,8845.763,9598.555,6901.729
forecast_3126,2025-05-11 6:00,6708.222,7205.45,4320.742
forecast_3127,2025-05-11 7:00,5102.4297,5683.693,4275.825999999998
forecast_3128,2025-05-11 8:00,4813.867,4465.427,3874.9857999999977
forecast_3129,2025-05-11 9:00,4347.899999999998,3475.5311999999985,2807.4223999999977
forecast_3130,2025-05-11 10:00,3190.7967999999983,2325.286499999999,2244.372599999998
forecast_3131,2025-05-11 11:00,3172.724599999998,2437.1276999999986,2241.051999999998
forecast_3132,2025-05-11 12:00,3373.972699999998,2454.639999999999,1047.901
forecast_3133,2025-05-11 13:00,3999.5993999999982,3127.1525999999985,2595.272099999998
forecast_3134,2025-05-11 14:00,5589.388999999998,4436.048599999999,3212.480199999998
forecast_3135,2025-05-11 15:00,5322.821299999998,4245.037999999999,3516.6681999999983
forecast_3136,2025-05-11 16:00,4440.5806,4670.868199999999,3555.1083999999983
forecast_3137,2025-05-11 17:00,4857.5215,4576.5703,3581.367199999998
forecast_3138,2025-05-11 18:00,4692.287,4820.758999999999,3348.7239999999983
forecast_3139,2025-05-11 19:00,5455.5073,5544.0254,4150.935499999998
forecast_3140,2025-05-11 20:00,7796.7466,7434.8833,5448.8765
forecast_3141,2025-05-11 21:00,9889.414,10685.803,8215.762
forecast_3142,2025-05-11 22:00,11922.035,12882.49,9946.029
forecast_3143,2025-05-11 23:00,13290.434,14409.739,11143.402
forecast_3144,2025-05-12 0:00,14028.512,15045.447,11753.813
forecast_3145,2025-05-12 1:00,12337.204,13894.041,10481.524
forecast_3146,2025-05-12 2:00,13326.236,14763.129,11411.293
forecast_3147,2025-05-12 3:00,14055.376,15386.569,12274.09
forecast_3148,2025-05-12 4:00,14457.89,15876.987,13113.37
forecast_3149,2025-05-12 5:00,15102.78,16027.163,13805.27
forecast_3150,2025-05-12 6:00,14923.488,15707.483,12784.416
forecast_3151,2025-05-12 7:00,13721.065,15462.956,12683.287
forecast_3152,2025-05-12 8:00,13024.988,14076.033,10672.883
forecast_3153,2025-05-12 9:00,12674.116,13540.482,10375.416
forecast_3154,2025-05-12 10:00,11946.95,12652.639,9874.068
forecast_3155,2025-05-12 11:00,10684.058,11129.2,8837.86
forecast_3156,2025-05-12 12:00,10322.664,10792.427,8720.897
forecast_3157,2025-05-12 13:00,9850.934,9632.316,7425.3677
forecast_3158,2025-05-12 14:00,9066.095,8318.708,6596.273
forecast_3159,2025-05-12 15:00,9129.867,8477.954,6855.336
forecast_3160,2025-05-12 16:00,9523.429,8970.585,7707.081
forecast_3161,2025-05-12 17:00,9864.9375,9442.079,8152.81
forecast_3162,2025-05-12 18:00,10185.043,9751.364,8065.394
forecast_3163,2025-05-12 19:00,11942.144,12233.782,10035.2
forecast_3164,2025-05-12 20:00,14362.683,14401.703,11779.142
forecast_3165,2025-05-12 21:00,16511.22,16309.571,13747.719
forecast_3166,2025-05-12 22:00,17826.047,18188.732,15509.889
forecast_3167,2025-05-12 23:00,18013.922,18414.531,16018.754
forecast_3168,2025-05-13 0:00,19434.453,19264.068,16198.139
forecast_3169,2025-05-13 1:00,20554.477,19710.977,16458.979
forecast_3170,2025-05-13 2:00,20619.414,19907.334,16541.068
forecast_3171,2025-05-13 3:00,20133.002,19819.451,16354.081
forecast_3172,2025-05-13 4:00,19427.604,19466.889,16481.025
forecast_3173,2025-05-13 5:00,20163.123,19903.559,16604.113
forecast_3174,2025-05-13 6:00,19386.475,19606.873,16601.656
forecast_3175,2025-05-13 7:00,18589.516,19348.174,16504.822
forecast_3176,2025-05-13 8:00,17255.225,18226.637,16039.709
forecast_3177,2025-05-13 9:00,16059.746,17089.91,14469.293
forecast_3178,2025-05-13 10:00,15165.251,16341.639,13856.025
forecast_3179,2025-05-13 11:00,15188.372,16469.361,14300.935
forecast_3180,2025-05-13 12:00,15031.826,16312.219,14157.49
forecast_3181,2025-05-13 13:00,14547.526,15575.643,13756.205
forecast_3182,2025-05-13 14:00,14215.863,15257.242,13189.161
forecast_3183,2025-05-13 15:00,14021.099,15072.737,12872.849
forecast_3184,2025-05-13 16:00,14099.72,15101.407,13376.712
forecast_3185,2025-05-13 17:00,13764.954,14899.684,12904.658
forecast_3186,2025-05-13 18:00,13964.247,15320.627,13675.92
forecast_3187,2025-05-13 19:00,15557.241,16647.818,14449.126
forecast_3188,2025-05-13 20:00,17453.936,18147.043,15969.566
forecast_3189,2025-05-13 21:00,18187.742,18713.58,16223.959
forecast_3190,2025-05-13 22:00,19116.932,19232.47,16390.955
forecast_3191,2025-05-13 23:00,19451.158,19640.416,16464.83
forecast_3192,2025-05-14 0:00,19684.652,19770.363,16472.738
forecast_3193,2025-05-14 1:00,19149.982,19525.77,16340.977
forecast_3194,2025-05-14 2:00,19722.8,19598.695,16372.797
forecast_3195,2025-05-14 3:00,19674.77,19620.367,16381.829
forecast_3196,2025-05-14 4:00,19964.78,19721.459,16455.645
forecast_3197,2025-05-14 5:00,20107.406,19616.553,16441.654
forecast_3198,2025-05-14 6:00,19923.975,19446.408,16056.902
forecast_3199,2025-05-14 7:00,18553.21,18558.818,14504.2705
forecast_3200,2025-05-14 8:00,15312.275,15818.453,12246.62
forecast_3201,2025-05-14 9:00,11392.544,11947.811,9628.867
forecast_3202,2025-05-14 10:00,8038.4233,8349.932,6820.7617
forecast_3203,2025-05-14 11:00,6325.8633,6358.0894,4613.927
forecast_3204,2025-05-14 12:00,5238.95,5702.053,5060.798299999998
forecast_3205,2025-05-14 13:00,5379.0464,5531.473,4422.185
forecast_3206,2025-05-14 14:00,5053.818,5339.1577,5225.640599999998
forecast_3207,2025-05-14 15:00,5163.2993,5844.984,4300.4756
forecast_3208,2025-05-14 16:00,5588.111,6655.075,5249.2896
forecast_3209,2025-05-14 17:00,5345.2866,6029.978,4497.766
forecast_3210,2025-05-14 18:00,5841.6245,6711.228,5043.82
forecast_3211,2025-05-14 19:00,8253.884,9826.798,7387.454
forecast_3212,2025-05-14 20:00,9636.299,11628.19,8305.372
forecast_3213,2025-05-14 21:00,10456.096,12464.056,9551.854
forecast_3214,2025-05-14 22:00,10472.713,13231.161,9452.379
forecast_3215,2025-05-14 23:00,10980.424,12770.192,9322.071
forecast_3216,2025-05-15 0:00,11938.656,13476.911,10313.594
forecast_3217,2025-05-15 1:00,12705.533,14910.684,11923.198
forecast_3218,2025-05-15 2:00,13192.37,15616.609,11963.415
forecast_3219,2025-05-15 3:00,12113.636,14771.452,11027.256
forecast_3220,2025-05-15 4:00,12948.322,15262.161,12300.008
forecast_3221,2025-05-15 5:00,12720.501,15446.008,12311.133
forecast_3222,2025-05-15 6:00,14203.862,16234.135,13069.143
forecast_3223,2025-05-15 7:00,15580.414,17349.473,15501.165
forecast_3224,2025-05-15 8:00,16497.064,17891.97,15654.625
forecast_3225,2025-05-15 9:00,15377.874,17288.924,15826.042
forecast_3226,2025-05-15 10:00,15043.0205,16449.164,14919.063
forecast_3227,2025-05-15 11:00,14063.016,15600.174,13218.353
forecast_3228,2025-05-15 12:00,13922.585,15379.537,13348.56
forecast_3229,2025-05-15 13:00,15412.8545,16758.844,14959.817
forecast_3230,2025-05-15 14:00,17022.29,18113.629,16258.185
forecast_3231,2025-05-15 15:00,16377.152,17577.93,15679.436
forecast_3232,2025-05-15 16:00,15590.858,17059.424,15497.827
forecast_3233,2025-05-15 17:00,15438.997,17127.744,15494.783
forecast_3234,2025-05-15 18:00,16773.412,18185.771,16303.165
forecast_3235,2025-05-15 19:00,17107.668,18220.1,16518.795
forecast_3236,2025-05-15 20:00,16965.764,18105.623,16556.502
forecast_3237,2025-05-15 21:00,17448.342,18742.07,16721.646
forecast_3238,2025-05-15 22:00,18615.139,19543.22,17232.145
forecast_3239,2025-05-15 23:00,17419.807,18333.365,16719.992
forecast_3240,2025-05-16 0:00,16643.408,17878.72,16386.193
forecast_3241,2025-05-16 1:00,17661.53,18464.28,16446.023
forecast_3242,2025-05-16 2:00,18274.693,19106.354,16594.928
forecast_3243,2025-05-16 3:00,18309.203,19049.115,16337.659
forecast_3244,2025-05-16 4:00,17849.6,18839.316,16371.904
forecast_3245,2025-05-16 5:00,16941.676,17904.438,15857.816
forecast_3246,2025-05-16 6:00,16438.783,17044.41,15010.784
forecast_3247,2025-05-16 7:00,15014.12,15774.636,13014.441
forecast_3248,2025-05-16 8:00,13686.411,14932.518,12234.622
forecast_3249,2025-05-16 9:00,12589.221,13885.605,10869.466
forecast_3250,2025-05-16 10:00,11340.562,12982.776,10483.248
forecast_3251,2025-05-16 11:00,9838.588,12167.726,9809.119
forecast_3252,2025-05-16 12:00,9816.951,11535.459,9543.142
forecast_3253,2025-05-16 13:00,8065.0337,9056.911,8140.657
forecast_3254,2025-05-16 14:00,7190.795,8046.952,6148.2085
forecast_3255,2025-05-16 15:00,5178.573,6270.335,5149.9061999999985
forecast_3256,2025-05-16 16:00,5485.2134,6610.059,4768.6396
forecast_3257,2025-05-16 17:00,5697.171,7114.73,5027.203999999998
forecast_3258,2025-05-16 18:00,4557.92,5363.7715,4265.541999999998
forecast_3259,2025-05-16 19:00,4806.8643,5541.437,4052.716999999998
forecast_3260,2025-05-16 20:00,4530.6475,5034.098,3583.530999999998
forecast_3261,2025-05-16 21:00,4363.1523,4929.7363,3495.149199999998
forecast_3262,2025-05-16 22:00,5128.903999999999,4443.6914,2783.956799999998
forecast_3263,2025-05-16 23:00,5161.872799999998,4694.7114,3239.5944999999983
forecast_3264,2025-05-17 0:00,4851.380399999998,4418.873999999999,3068.189699999998
forecast_3265,2025-05-17 1:00,5776.8325,5632.6167,3644.029499999998
forecast_3266,2025-05-17 2:00,4628.848,5141.365,3609.5436999999984
forecast_3267,2025-05-17 3:00,5132.0723,6565.2007,4127.377399999998
forecast_3268,2025-05-17 4:00,5530.689999999998,5159.6987,3373.9209999999975
forecast_3269,2025-05-17 5:00,4871.337999999998,4698.098999999999,2961.411099999998
forecast_3270,2025-05-17 6:00,3748.9777999999983,3251.1845999999987,2250.088699999998
forecast_3271,2025-05-17 7:00,3069.9226999999983,2445.2630999999988,2140.320899999998
forecast_3272,2025-05-17 8:00,3954.613999999998,3235.9215999999988,2210.246799999998
forecast_3273,2025-05-17 9:00,4598.045,4839.418,3592.390099999998
forecast_3274,2025-05-17 10:00,5115.265,5223.0957,3903.896999999998
forecast_3275,2025-05-17 11:00,5226.584,5582.8394,4031.548999999998
forecast_3276,2025-05-17 12:00,6096.781,6531.0635,4762.911
forecast_3277,2025-05-17 13:00,9846.137,9930.965,8451.689
forecast_3278,2025-05-17 14:00,11482.609,12368.263,10550.961
forecast_3279,2025-05-17 15:00,12729.774,13647.842,12004.98
forecast_3280,2025-05-17 16:00,14742.164,15533.67,14039.728
forecast_3281,2025-05-17 17:00,16138.049,16730.592,15451.528
forecast_3282,2025-05-17 18:00,17889.24,18810.807,16467.193
forecast_3283,2025-05-17 19:00,18520.756,19249.092,17121.223
forecast_3284,2025-05-17 20:00,18815.68,19205.686,16557.482
forecast_3285,2025-05-17 21:00,18955.354,19282.941,16677.104
forecast_3286,2025-05-17 22:00,19116.932,19257.936,16402.686
forecast_3287,2025-05-17 23:00,19481.182,19466.365,16109.366
forecast_3288,2025-05-18 0:00,18867.652,18953.18,15825.486
forecast_3289,2025-05-18 1:00,18591.691,18494.645,15408.181
forecast_3290,2025-05-18 2:00,17546.85,17402.088,14124.511
forecast_3291,2025-05-18 3:00,15380.43,15823.094,12602.612
forecast_3292,2025-05-18 4:00,13845.816,14122.967,10729.307
forecast_3293,2025-05-18 5:00,11424.893,11690.719,8438.008
forecast_3294,2025-05-18 6:00,8185.573,8449.232,4791.6274
forecast_3295,2025-05-18 7:00,5426.833999999998,4343.807599999999,2821.573099999998
forecast_3296,2025-05-18 8:00,3475.4289999999983,2645.157699999999,2149.957999999998
forecast_3297,2025-05-18 9:00,2909.1983999999984,2123.1815999999985,914.0152
forecast_3298,2025-05-18 10:00,2732.866699999998,2015.1334999999985,802.8143
forecast_3299,2025-05-18 11:00,3134.3629999999985,2446.798499999999,2115.072499999998
forecast_3300,2025-05-18 12:00,3751.925999999998,3063.9987999999985,2367.4983999999977
forecast_3301,2025-05-18 13:00,4854.626999999999,3713.750999999999,2749.908699999998
forecast_3302,2025-05-18 14:00,5443.677199999998,3903.7304999999988,3135.5139999999983
forecast_3303,2025-05-18 15:00,4816.272,4454.286399999999,3526.5392999999976
forecast_3304,2025-05-18 16:00,5268.1113,4875.706499999999,4113.848099999998
forecast_3305,2025-05-18 17:00,7622.404,6221.4624,5358.4
forecast_3306,2025-05-18 18:00,8465.728,7550.2476,6212.7896
forecast_3307,2025-05-18 19:00,10441.128,10417.59,8292.995
forecast_3308,2025-05-18 20:00,12206.549,12499.046,9585.739
forecast_3309,2025-05-18 21:00,12570.84,13605.154,10319.877
forecast_3310,2025-05-18 22:00,13004.365,14321.834,11224.274
forecast_3311,2025-05-18 23:00,13331.367,14603.218,11111.758
forecast_3312,2025-05-19 0:00,13891.14,15125.042,11283.294
forecast_3313,2025-05-19 1:00,11678.784,13398.547,9650.843
forecast_3314,2025-05-19 2:00,10093.048,12442.379,8259.239
forecast_3315,2025-05-19 3:00,9201.729,10716.851,6942.828
forecast_3316,2025-05-19 4:00,9159.746,11243.279,7014.335
forecast_3317,2025-05-19 5:00,9305.2705,11491.603,7788.148
forecast_3318,2025-05-19 6:00,9619.802,11882.668,8124.0747
forecast_3319,2025-05-19 7:00,11090.6,13094.409,9440.309
forecast_3320,2025-05-19 8:00,11781.422,13896.019,10713.844
forecast_3321,2025-05-19 9:00,12061.245,14436.224,10853.578
forecast_3322,2025-05-19 10:00,12669.248,14384.633,12119.2295
forecast_3323,2025-05-19 11:00,14369.847,15597.537,13857.233
forecast_3324,2025-05-19 12:00,15334.671,16524.68,14885.338
forecast_3325,2025-05-19 13:00,15351.23,16853.47,15163.31
forecast_3326,2025-05-19 14:00,15913.338,17580.615,15467.701
forecast_3327,2025-05-19 15:00,16821.047,18154.148,16241.311
forecast_3328,2025-05-19 16:00,17491.99,18000.904,15918.7295
forecast_3329,2025-05-19 17:00,18041.812,18494.727,16211.884
forecast_3330,2025-05-19 18:00,18352.543,19003.334,16505.393
forecast_3331,2025-05-19 19:00,18835.926,19150.889,16758.592
forecast_3332,2025-05-19 20:00,18860.098,19207.613,16798.016
forecast_3333,2025-05-19 21:00,19141.21,19522.684,17071.246
forecast_3334,2025-05-19 22:00,18632.748,18719.76,16557.324
forecast_3335,2025-05-19 23:00,18101.025,18363.09,16129.263
forecast_3336,2025-05-20 0:00,17921.875,18541.031,15991.171
forecast_3337,2025-05-20 1:00,18571.656,19336.96,17576.363
forecast_3338,2025-05-20 2:00,18540.328,19416.385,17442.26
forecast_3339,2025-05-20 3:00,18350.316,19020.592,17162.79
forecast_3340,2025-05-20 4:00,18607.04,19552.326,16867.602
forecast_3341,2025-05-20 5:00,18107.324,19228.934,16519.559
forecast_3342,2025-05-20 6:00,18246.438,18963.387,16526.768
forecast_3343,2025-05-20 7:00,17486.088,17756.69,16430.879
forecast_3344,2025-05-20 8:00,16461.447,17415.068,16375.613
forecast_3345,2025-05-20 9:00,15862.209,16810.936,15908.942
forecast_3346,2025-05-20 10:00,14584.837,14507.464,13386.802
forecast_3347,2025-05-20 11:00,13747.239,14183.798,12745.929
forecast_3348,2025-05-20 12:00,12594.896,13762.814,12001.5205
forecast_3349,2025-05-20 13:00,12856.928,14146.92,12300.446
forecast_3350,2025-05-20 14:00,13674.078,14592.817,12411.58
forecast_3351,2025-05-20 15:00,14798.612,15627.223,14304.58
forecast_3352,2025-05-20 16:00,15125.144,15984.878,15201.873
forecast_3353,2025-05-20 17:00,14615.796,15454.954,15191.001
forecast_3354,2025-05-20 18:00,13890.776,15279.424,15473.791
forecast_3355,2025-05-20 19:00,14944.164,16043.491,15709.016
forecast_3356,2025-05-20 20:00,15413.07,16357.565,16116.078
forecast_3357,2025-05-20 21:00,16333.996,16917.008,16225.006
forecast_3358,2025-05-20 22:00,16808.44,17304.412,16270.984
forecast_3359,2025-05-20 23:00,16367.846,17158.76,16108.611
forecast_3360,2025-05-21 0:00,16188.86,17308.67,15834.962
forecast_3361,2025-05-21 1:00,16240.637,17166.596,15649.006
forecast_3362,2025-05-21 2:00,16525.07,17461.244,16054.495
forecast_3363,2025-05-21 3:00,17098.03,17631.518,15576.814
forecast_3364,2025-05-21 4:00,16470.904,17207.283,14441.787
forecast_3365,2025-05-21 5:00,15188.574,16061.864,13269.985
forecast_3366,2025-05-21 6:00,13018.301,14006.319,10079.345
forecast_3367,2025-05-21 7:00,9338.216,9308.039,5767.731
forecast_3368,2025-05-21 8:00,6426.6074,6734.8394,4805.628699999998
forecast_3369,2025-05-21 9:00,4942.590799999998,4111.452599999999,2930.9379999999983
forecast_3370,2025-05-21 10:00,3264.512999999998,2473.7245999999986,990.32336
forecast_3371,2025-05-21 11:00,2939.1481999999983,2272.543699999999,901.872
forecast_3372,2025-05-21 12:00,2890.3257999999983,2220.8302999999987,901.872
forecast_3373,2025-05-21 13:00,3386.288599999998,2564.3048999999987,2339.1570999999976
forecast_3374,2025-05-21 14:00,3478.374299999998,2679.697999999999,2363.925799999998
forecast_3375,2025-05-21 15:00,3048.334399999998,2356.216199999999,2102.266799999998
forecast_3376,2025-05-21 16:00,2847.1236999999983,2260.5664999999985,929.0733
forecast_3377,2025-05-21 17:00,2722.627599999998,2066.566399999999,880.74567
forecast_3378,2025-05-21 18:00,2920.9588999999983,2071.6038999999987,857.09143
forecast_3379,2025-05-21 19:00,3135.945899999998,2525.0073999999986,971.1931
forecast_3380,2025-05-21 20:00,3299.280799999998,2701.2145999999984,2183.310499999998
forecast_3381,2025-05-21 21:00,3397.993199999998,2835.8832999999986,2297.086799999998
forecast_3382,2025-05-21 22:00,3747.2639999999983,3365.580799999999,2475.778199999998
forecast_3383,2025-05-21 23:00,3563.822299999998,3069.0194999999985,2304.977799999998
forecast_3384,2025-05-22 0:00,3478.249499999998,2810.3866999999987,2352.9995999999983
forecast_3385,2025-05-22 1:00,3966.3669999999984,3453.6647999999986,2150.9118999999982
forecast_3386,2025-05-22 2:00,3710.587599999998,3021.4743999999987,1047.1603
forecast_3387,2025-05-22 3:00,4267.5873999999985,3508.8175999999985,2318.278299999998
forecast_3388,2025-05-22 4:00,4497.250499999998,3710.5889999999986,2284.4331999999977
forecast_3389,2025-05-22 5:00,3881.528999999998,3048.4603999999986,1005.88
forecast_3390,2025-05-22 6:00,3317.2702999999983,2500.2213999999985,930.64764
forecast_3391,2025-05-22 7:00,3075.2824999999984,2378.137299999999,993.0242
forecast_3392,2025-05-22 8:00,3583.8239999999983,3216.4977999999987,2482.512499999998
forecast_3393,2025-05-22 9:00,4506.828599999998,4203.0468999999985,2831.8207999999977
forecast_3394,2025-05-22 10:00,5330.405499999998,4623.5283,3034.636099999998
forecast_3395,2025-05-22 11:00,5146.250499999998,4748.921,3152.5769999999984
forecast_3396,2025-05-22 12:00,4921.939499999999,4407.2715,3023.331399999998
forecast_3397,2025-05-22 13:00,4536.326399999998,4788.455599999999,2984.253999999998
forecast_3398,2025-05-22 14:00,4165.275099999998,4247.778599999999,2886.7321999999976
forecast_3399,2025-05-22 15:00,3709.807899999998,3743.4599999999987,2743.022199999998
forecast_3400,2025-05-22 16:00,3174.743699999998,2794.0243999999984,2302.532699999998
forecast_3401,2025-05-22 17:00,2762.162999999998,2218.840299999999,1030.7709
forecast_3402,2025-05-22 18:00,2669.316999999998,2130.8794999999986,889.0233
forecast_3403,2025-05-22 19:00,2834.286599999998,2316.8562999999986,824.49194
forecast_3404,2025-05-22 20:00,3577.3246999999983,2935.8751999999986,826.7532
forecast_3405,2025-05-22 21:00,3903.389399999998,3143.6593999999986,1035.6238
forecast_3406,2025-05-22 22:00,4714.988999999998,3950.6291999999985,2460.461299999998
forecast_3407,2025-05-22 23:00,4878.382799999998,4104.194799999999,2490.5082999999977
forecast_3408,2025-05-23 0:00,5040.221199999998,4299.235599999999,2550.824199999998
forecast_3409,2025-05-23 1:00,5399.855499999998,4508.308299999999,2527.809799999998
forecast_3410,2025-05-23 2:00,4431.908,4607.691999999999,2740.934199999998
forecast_3411,2025-05-23 3:00,5282.154999999999,4453.872599999999,2582.180299999998
forecast_3412,2025-05-23 4:00,4851.228,4712.273,2850.400599999998
forecast_3413,2025-05-23 5:00,5537.182999999998,4915.462399999999,2703.163999999998
forecast_3414,2025-05-23 6:00,5538.845699999998,4698.479699999999,2640.798499999998
forecast_3415,2025-05-23 7:00,4435.87,4319.332499999999,2516.641599999998
forecast_3416,2025-05-23 8:00,5207.940999999998,4174.815699999999,2549.212599999998
forecast_3417,2025-05-23 9:00,5267.164999999998,4263.400999999999,2613.776499999998
forecast_3418,2025-05-23 10:00,4936.676499999998,3695.3886999999986,2373.838899999998
forecast_3419,2025-05-23 11:00,4565.028599999998,3430.4215999999988,2419.7429999999977
forecast_3420,2025-05-23 12:00,4212.880899999998,3369.6291999999985,2499.902799999998
forecast_3421,2025-05-23 13:00,3928.363999999998,3068.605999999999,2429.883699999998
forecast_3422,2025-05-23 14:00,3760.817899999998,2921.7116999999985,2200.382799999998
forecast_3423,2025-05-23 15:00,3653.429199999998,3147.3609999999985,2321.697399999998
forecast_3424,2025-05-23 16:00,3671.9411999999984,3018.4729999999986,2284.069499999998
forecast_3425,2025-05-23 17:00,4343.0302999999985,3717.2396999999987,2530.926999999998
forecast_3426,2025-05-23 18:00,5172.1664999999975,4278.878699999999,2774.2083999999977
forecast_3427,2025-05-23 19:00,5066.905499999998,4261.217299999998,2525.1741999999977
forecast_3428,2025-05-23 20:00,4330.3003,4350.373,2751.2949999999983
forecast_3429,2025-05-23 21:00,5382.6655,5333.42,3155.1476999999977
forecast_3430,2025-05-23 22:00,5811.8994,6104.0815,3228.3373999999976
forecast_3431,2025-05-23 23:00,5122.389,4853.183,2855.998299999998
forecast_3432,2025-05-24 0:00,4787.1807,4510.5894,2632.8396999999977
forecast_3433,2025-05-24 1:00,5877.4165,5394.2153,3088.326399999998
forecast_3434,2025-05-24 2:00,5630.1514,5435.72,3102.2279999999982
forecast_3435,2025-05-24 3:00,5663.5396,5262.119,2947.370199999998
forecast_3436,2025-05-24 4:00,4806.124,5289.933,3152.5473999999977
forecast_3437,2025-05-24 5:00,5017.0293,5699.066,3137.6452999999983
forecast_3438,2025-05-24 6:00,5265.021,6064.8496,3771.684799999998
forecast_3439,2025-05-24 7:00,5938.871,6899.5093,4004.383499999998
forecast_3440,2025-05-24 8:00,5508.234,6880.8926,4259.282699999998
forecast_3441,2025-05-24 9:00,4976.061,6501.0103,4255.178699999998
forecast_3442,2025-05-24 10:00,5598.364699999998,5728.946,3649.331299999998
forecast_3443,2025-05-24 11:00,5543.267999999998,5477.994,3740.7689999999975
forecast_3444,2025-05-24 12:00,5420.925299999998,5324.0615,3723.858199999998
forecast_3445,2025-05-24 13:00,5204.388399999998,5179.08,3712.009299999998
forecast_3446,2025-05-24 14:00,4892.282999999998,4927.046,3544.5553999999984
forecast_3447,2025-05-24 15:00,5361.897199999998,5390.6953,4220.151099999998
forecast_3448,2025-05-24 16:00,5150.1807,7050.8174,4555.797
forecast_3449,2025-05-24 17:00,5667.679,7516.615,5452.7764
forecast_3450,2025-05-24 18:00,6606.0938,8837.837,6359.508
forecast_3451,2025-05-24 19:00,6379.429,8500.349,5653.18
forecast_3452,2025-05-24 20:00,6400.313,7718.62,5043.1094
forecast_3453,2025-05-24 21:00,5836.79,7592.261,4667.2046
forecast_3454,2025-05-24 22:00,5390.7783,6754.7783,4716.194299999998
forecast_3455,2025-05-24 23:00,4953.1816,5846.7188,4327.363499999998
forecast_3456,2025-05-25 0:00,4884.2397,5707.6035,3950.0377999999982
forecast_3457,2025-05-25 1:00,4545.154,5362.0254,3513.713399999998
forecast_3458,2025-05-25 2:00,4951.571799999998,4321.7026,3079.189199999998
forecast_3459,2025-05-25 3:00,4898.035199999998,4608.106699999998,2786.603299999998
forecast_3460,2025-05-25 4:00,4919.285599999998,4167.614499999999,2771.890999999998
forecast_3461,2025-05-25 5:00,5230.033699999998,4360.857199999999,2804.323599999998
forecast_3462,2025-05-25 6:00,4512.6514,4338.7783,3085.7793999999976
forecast_3463,2025-05-25 7:00,5401.693399999998,4341.088999999999,2806.282699999998
forecast_3464,2025-05-25 8:00,4913.209699999998,3749.1015999999986,2570.503899999998
forecast_3465,2025-05-25 9:00,3741.2052999999983,3000.1937999999986,2279.302499999998
forecast_3466,2025-05-25 10:00,2889.8943999999983,2118.455599999999,864.78564
forecast_3467,2025-05-25 11:00,3020.876699999998,2175.8607999999986,904.1333
forecast_3468,2025-05-25 12:00,3941.941699999998,3007.2072999999987,2308.449599999998
forecast_3469,2025-05-25 13:00,4471.273399999998,3523.6066999999985,2673.038999999998
forecast_3470,2025-05-25 14:00,4367.9749999999985,3400.2624999999985,2593.467999999998
forecast_3471,2025-05-25 15:00,4259.138399999998,3159.6381999999985,2513.5891999999976
forecast_3472,2025-05-25 16:00,3872.405499999998,3295.8356999999987,2582.5620999999983
forecast_3473,2025-05-25 17:00,4548.868199999998,3692.694999999999,2759.681299999998
forecast_3474,2025-05-25 18:00,4210.022999999998,3767.9396999999985,2808.3297999999977
forecast_3475,2025-05-25 19:00,4352.258,4478.276,3587.101999999998
forecast_3476,2025-05-25 20:00,5418.5796,5818.286,4093.065199999998
forecast_3477,2025-05-25 21:00,6702.9404,6756.1245,4764.884299999998
forecast_3478,2025-05-25 22:00,7506.3003,8519.463,6024.979
forecast_3479,2025-05-25 23:00,8741.71,9005.818,6503.5566
forecast_3480,2025-05-26 0:00,8535.57,8728.963,6617.441
forecast_3481,2025-05-26 1:00,9454.699,10356.372,7598.769
forecast_3482,2025-05-26 2:00,9196.167,9812.421,7363.0483
forecast_3483,2025-05-26 3:00,8658.443,8658.147,5941.31
forecast_3484,2025-05-26 4:00,7263.908,6593.717,5034.414999999998
forecast_3485,2025-05-26 5:00,4781.5635,4553.1074,3567.7365999999984
forecast_3486,2025-05-26 6:00,5045.079999999998,3762.3756999999987,2721.830399999998
forecast_3487,2025-05-26 7:00,3451.0119999999984,2582.696399999999,2102.087799999998
forecast_3488,2025-05-26 8:00,2754.037999999998,2139.9424999999987,828.86176
forecast_3489,2025-05-26 9:00,2484.818999999998,1830.5615999999986,780.21423
forecast_3490,2025-05-26 10:00,2428.7361999999985,1805.880099999999,762.91016
forecast_3491,2025-05-26 11:00,2460.047999999998,1767.2083999999986,753.64435
forecast_3492,2025-05-26 12:00,2475.4723999999983,1803.1114999999986,760.2627
forecast_3493,2025-05-26 13:00,2668.718399999998,2048.3952999999988,1023.1068
forecast_3494,2025-05-26 14:00,2556.2522999999983,2116.1013999999986,959.42944
forecast_3495,2025-05-26 15:00,2402.571499999998,1810.5606999999986,810.84375
forecast_3496,2025-05-26 16:00,2567.3228999999983,2001.5546999999988,840.87
forecast_3497,2025-05-26 17:00,2597.595999999998,2207.247899999999,2145.662699999998
forecast_3498,2025-05-26 18:00,2579.714399999998,2076.658599999999,922.03394
forecast_3499,2025-05-26 19:00,2843.822599999998,2319.870599999999,2137.5635999999977
forecast_3500,2025-05-26 20:00,2963.6654999999982,2534.410599999999,2152.3958999999977
forecast_3501,2025-05-26 21:00,3881.541499999998,3603.8519999999985,2627.321399999998
forecast_3502,2025-05-26 22:00,4253.143599999998,4051.540999999999,2835.6543999999976
forecast_3503,2025-05-26 23:00,4481.981,5125.925,3617.054399999998
forecast_3504,2025-05-27 0:00,5511.1836,6303.4287,4560.029499999998
forecast_3505,2025-05-27 1:00,6489.63,7197.4077,4212.151
forecast_3506,2025-05-27 2:00,6980.4487,8068.133,4408.8394
forecast_3507,2025-05-27 3:00,6390.0234,7119.458,5223.347999999998
forecast_3508,2025-05-27 4:00,5786.001,6540.4175,4948.542499999998
forecast_3509,2025-05-27 5:00,5253.1025,5855.0137,4343.880599999998
forecast_3510,2025-05-27 6:00,5261.615199999998,4349.118699999999,3327.074999999998
forecast_3511,2025-05-27 7:00,3448.3239999999983,2687.2268999999987,2287.284999999998
forecast_3512,2025-05-27 8:00,2709.338599999998,2094.1876999999986,943.4438
forecast_3513,2025-05-27 9:00,2507.0890999999983,1874.616599999999,873.3391
forecast_3514,2025-05-27 10:00,2481.616699999998,1892.0764999999988,883.1407
forecast_3515,2025-05-27 11:00,2461.6201999999985,1851.5790999999986,909.644
forecast_3516,2025-05-27 12:00,2683.468499999998,2269.7328999999986,2174.4102999999977
forecast_3517,2025-05-27 13:00,2814.305499999998,2022.2592999999988,986.53827
forecast_3518,2025-05-27 14:00,2775.9416999999985,2049.780499999999,1001.5067
forecast_3519,2025-05-27 15:00,2594.5800999999983,1874.1802999999986,942.6806
forecast_3520,2025-05-27 16:00,2570.7437999999984,1741.9210999999987,866.44006
forecast_3521,2025-05-27 17:00,2506.5041999999985,1753.8146999999985,832.96387
forecast_3522,2025-05-27 18:00,2618.4357999999984,1925.9125999999987,753.64435
forecast_3523,2025-05-27 19:00,2709.2725999999984,2058.399399999999,826.1252
forecast_3524,2025-05-27 20:00,2817.0122999999985,2221.3771999999985,982.0594
forecast_3525,2025-05-27 21:00,3178.415299999998,2564.3855999999987,2151.521199999998
forecast_3526,2025-05-27 22:00,3512.545199999998,2987.4320999999986,2377.150099999998
forecast_3527,2025-05-27 23:00,3981.006299999998,3460.2074999999986,2686.014299999998
forecast_3528,2025-05-28 0:00,4573.669199999998,3829.7047999999986,2820.041499999998
forecast_3529,2025-05-28 1:00,4441.5244,4696.2524,3779.896999999998
forecast_3530,2025-05-28 2:00,5353.1973,5869.517,4296.402799999998
forecast_3531,2025-05-28 3:00,5786.0815,5920.233,4319.995399999998
forecast_3532,2025-05-28 4:00,5698.287,5377.74,3907.739999999998
forecast_3533,2025-05-28 5:00,5503.245,5288.5806,3959.7221999999983
forecast_3534,2025-05-28 6:00,5111.551999999998,3781.2667999999985,2693.6627999999982
forecast_3535,2025-05-28 7:00,3404.309999999998,2384.657699999999,2116.1795999999977
forecast_3536,2025-05-28 8:00,2530.6493999999984,1923.2981999999988,817.4225
forecast_3537,2025-05-28 9:00,2381.026099999998,1822.6148999999987,751.5428
forecast_3538,2025-05-28 10:00,2401.079799999998,1799.128299999999,751.5428
forecast_3539,2025-05-28 11:00,2535.752699999998,1818.1447999999987,766.84015
forecast_3540,2025-05-28 12:00,2583.2109999999984,1874.3914999999988,829.5984
forecast_3541,2025-05-28 13:00,2572.245499999998,1863.5757999999987,824.49194
forecast_3542,2025-05-28 14:00,2688.973899999998,2122.9927999999986,874.43945
forecast_3543,2025-05-28 15:00,3099.032599999998,2239.4776999999985,901.872
forecast_3544,2025-05-28 16:00,2905.3323999999984,2272.0480999999986,1003.8945
forecast_3545,2025-05-28 17:00,3084.520999999998,2318.0777999999987,1020.4699
forecast_3546,2025-05-28 18:00,2794.2329999999984,2022.9071999999987,905.5568
forecast_3547,2025-05-28 19:00,2747.065099999998,1973.2555999999986,993.2933
forecast_3548,2025-05-28 20:00,2929.0766999999983,2209.8776999999986,910.7861
forecast_3549,2025-05-28 21:00,3857.8786999999984,2972.9943999999987,2302.963099999998
forecast_3550,2025-05-28 22:00,3927.805999999998,2966.5023999999985,2544.2832999999982
forecast_3551,2025-05-28 23:00,3943.191999999998,3043.262699999999,2453.6101999999983
forecast_3552,2025-05-29 0:00,3540.8981999999983,2709.7353999999987,2385.415899999998
forecast_3553,2025-05-29 1:00,3265.572399999998,2428.4217999999987,2194.650899999998
forecast_3554,2025-05-29 2:00,3627.329599999998,2718.8061999999986,2182.504599999998
forecast_3555,2025-05-29 3:00,4146.891799999998,3038.9039999999986,2239.118699999998
forecast_3556,2025-05-29 4:00,4139.321299999998,2959.6879999999987,2234.0437999999976
forecast_3557,2025-05-29 5:00,3737.4193999999984,2715.9137999999984,2136.3540999999977
forecast_3558,2025-05-29 6:00,3114.618199999998,2463.3007999999986,927.8317
forecast_3559,2025-05-29 7:00,2853.319599999998,2247.315099999999,826.7532
forecast_3560,2025-05-29 8:00,2685.6155999999983,2130.6654999999987,798.2026
forecast_3561,2025-05-29 9:00,2562.900999999998,1991.6539999999986,809.1945
forecast_3562,2025-05-29 10:00,2457.5198999999984,1929.461699999999,798.2026
forecast_3563,2025-05-29 11:00,2545.4633999999983,2051.3789999999985,906.97845
forecast_3564,2025-05-29 12:00,2611.884299999998,2172.0939999999987,1011.28326
forecast_3565,2025-05-29 13:00,2719.840999999998,2285.1959999999985,1036.9832
forecast_3566,2025-05-29 14:00,2660.820999999998,2311.293499999999,1025.5361
forecast_3567,2025-05-29 15:00,2698.038999999998,2328.2353999999987,1026.6147
forecast_3568,2025-05-29 16:00,2888.762499999998,2465.763199999999,2266.937299999998
forecast_3569,2025-05-29 17:00,3115.295199999998,2643.248299999999,2269.2931999999983
forecast_3570,2025-05-29 18:00,3093.2531999999983,2652.7177999999985,2137.646099999998
forecast_3571,2025-05-29 19:00,3610.015899999998,3486.2243999999987,2276.3664999999983
forecast_3572,2025-05-29 20:00,3928.276099999998,3846.8439999999987,2282.896999999998
forecast_3573,2025-05-29 21:00,4038.909999999998,3700.7499999999986,2309.711799999998
forecast_3574,2025-05-29 22:00,4491.0050999999985,4008.3569999999986,2504.840299999998
forecast_3575,2025-05-29 23:00,4475.808299999999,3736.816399999999,2460.763999999998
forecast_3576,2025-05-30 0:00,4282.401899999998,3546.7707999999984,2266.011499999998
forecast_3577,2025-05-30 1:00,3866.7819999999983,3267.1986999999986,2352.250599999998
forecast_3578,2025-05-30 2:00,4067.189199999998,3397.6391999999987,2382.644399999998
forecast_3579,2025-05-30 3:00,4358.827999999998,3689.078099999999,2554.373799999998
forecast_3580,2025-05-30 4:00,4878.3499999999985,4273.297999999999,2607.400999999998
forecast_3581,2025-05-30 5:00,4933.751999999999,4939.783699999999,2790.903599999998
forecast_3582,2025-05-30 6:00,5175.764999999998,4372.91,2906.692099999998
forecast_3583,2025-05-30 7:00,4887.902599999998,4947.6395999999995,2806.2973999999977
forecast_3584,2025-05-30 8:00,4446.733399999998,4225.527299999999,2830.136099999998
forecast_3585,2025-05-30 9:00,4241.634999999998,4026.8719999999985,2827.1476999999977
forecast_3586,2025-05-30 10:00,3682.297899999998,3392.7306999999987,2596.549999999998
forecast_3587,2025-05-30 11:00,3314.9663999999984,3068.4889999999987,2527.6903999999977
forecast_3588,2025-05-30 12:00,3143.6461999999983,2921.022999999999,2492.104599999998
forecast_3589,2025-05-30 13:00,2908.116199999998,2591.5910999999987,2280.7159999999976
forecast_3590,2025-05-30 14:00,2833.8808999999983,2468.476999999999,2238.0485999999983
forecast_3591,2025-05-30 15:00,2856.4633999999983,2460.169599999999,2245.624499999998
forecast_3592,2025-05-30 16:00,3008.919799999998,2488.2245999999986,2210.517099999998
forecast_3593,2025-05-30 17:00,3028.9137999999984,2532.540999999999,2118.209499999998
forecast_3594,2025-05-30 18:00,3163.9298999999983,2639.050699999999,2107.8778999999977
forecast_3595,2025-05-30 19:00,3495.281699999998,3150.8422999999984,2101.177599999998
forecast_3596,2025-05-30 20:00,3951.7230999999983,3668.221999999999,2241.6795999999977
forecast_3597,2025-05-30 21:00,4191.264599999999,3735.8509999999987,2334.945899999998
forecast_3598,2025-05-30 22:00,4468.568999999998,3770.793699999999,2423.894899999998
forecast_3599,2025-05-30 23:00,4172.761499999999,2965.7130999999986,2269.503399999998
forecast_3600,2025-05-31 0:00,3784.545999999998,2734.4257999999986,2117.846599999998
forecast_3601,2025-05-31 1:00,3180.879399999998,2558.448599999999,2144.4228999999978
forecast_3602,2025-05-31 2:00,3368.286099999998,2827.2409999999986,2128.346799999998
forecast_3603,2025-05-31 3:00,3553.126499999998,3118.5402999999988,2250.204299999998
forecast_3604,2025-05-31 4:00,3765.9069999999983,2994.8909999999987,2242.483499999998
forecast_3605,2025-05-31 5:00,3695.746299999998,2999.0689999999986,2247.627699999998
forecast_3606,2025-05-31 6:00,3687.511699999998,2929.4882999999986,2274.948599999998
forecast_3607,2025-05-31 7:00,3521.985799999998,2959.1957999999986,2278.276399999998
forecast_3608,2025-05-31 8:00,3513.9442999999983,3136.6156999999985,2432.1071999999976
forecast_3609,2025-05-31 9:00,3026.5297999999984,2451.647199999999,2280.975199999998
forecast_3610,2025-05-31 10:00,2854.3948999999984,2299.5565999999985,1041.94
forecast_3611,2025-05-31 11:00,3326.5229999999983,2812.7707999999984,2403.029999999998
forecast_3612,2025-05-31 12:00,3502.760999999998,3157.029999999999,2622.343599999998
forecast_3613,2025-05-31 13:00,3350.2572999999984,2841.4052999999985,2524.953699999998
forecast_3614,2025-05-31 14:00,3325.0930999999982,2980.1237999999985,2583.895599999998
forecast_3615,2025-05-31 15:00,3460.477299999998,2798.0779999999986,2457.606999999998
forecast_3616,2025-05-31 16:00,3544.0607999999984,2866.8344999999986,2520.6876999999977
forecast_3617,2025-05-31 17:00,3413.8424999999984,2754.3353999999986,2363.7946999999976
forecast_3618,2025-05-31 18:00,3341.5333999999984,2759.2851999999984,2315.1723999999977
forecast_3619,2025-05-31 19:00,3542.304399999998,3196.3439999999987,2229.640399999998
forecast_3620,2025-05-31 20:00,3648.944599999998,3387.4559999999988,2364.392799999998
forecast_3621,2025-05-31 21:00,3763.905299999998,3537.8957999999984,2514.983499999998
forecast_3622,2025-05-31 22:00,3956.9145999999982,3470.722199999999,2555.191199999998
forecast_3623,2025-05-31 23:00,4032.307099999998,3454.4679999999985,2754.712999999998
forecast_3624,2025-06-01 0:00,3088.0856999999983,2422.7029999999986,2321.433299999998
forecast_3625,2025-06-01 1:00,3193.859899999998,2271.590299999999,2168.140899999998
forecast_3626,2025-06-01 2:00,3359.255599999998,2619.690999999999,2226.559799999998
forecast_3627,2025-06-01 3:00,4332.303699999999,3466.462999999999,2555.7802999999976
forecast_3628,2025-06-01 4:00,4460.835399999998,3441.3654999999985,2735.840499999998
forecast_3629,2025-06-01 5:00,4176.869899999998,3265.841599999999,2515.963399999998
forecast_3630,2025-06-01 6:00,3695.3451999999984,2792.2355999999986,2188.647299999998
forecast_3631,2025-06-01 7:00,3360.331799999998,2386.6797999999985,1041.5979
forecast_3632,2025-06-01 8:00,2782.896999999998,2071.8048999999987,855.78345
forecast_3633,2025-06-01 9:00,2598.547599999998,1860.5977999999986,766.4442
forecast_3634,2025-06-01 10:00,2516.353599999998,1777.1469999999986,747.9993
forecast_3635,2025-06-01 11:00,2578.9424999999983,1851.4659999999985,761.692
forecast_3636,2025-06-01 12:00,2558.5764999999983,1799.673699999999,753.64435
forecast_3637,2025-06-01 13:00,2576.137099999998,1761.471799999999,746.9708
forecast_3638,2025-06-01 14:00,2522.467999999998,1772.5181999999986,746.9708
forecast_3639,2025-06-01 15:00,2527.9029999999984,1741.6875999999988,746.9708
forecast_3640,2025-06-01 16:00,2414.652599999998,1072.5477,738.74286
forecast_3641,2025-06-01 17:00,1047.5387,1057.0725,764.83777
forecast_3642,2025-06-01 18:00,2840.454499999998,2210.045499999999,1039.7119
forecast_3643,2025-06-01 19:00,3606.0937999999983,3236.492199999999,2567.989499999998
forecast_3644,2025-06-01 20:00,5297.679199999999,4742.1309999999985,3481.2501999999977
forecast_3645,2025-06-01 21:00,5537.178999999998,4967.6894999999995,3613.2531999999983
forecast_3646,2025-06-01 22:00,5850.1665,6063.201,4737.316399999998
forecast_3647,2025-06-01 23:00,4487.487,4411.922,3285.061999999998
forecast_3648,2025-06-02 0:00,5693.958,5985.9473,4456.347399999998
forecast_3649,2025-06-02 1:00,5107.8535,5246.7954,4037.9816999999975
forecast_3650,2025-06-02 2:00,5292.998999999998,4315.565699999999,3105.5019999999977
forecast_3651,2025-06-02 3:00,5166.505,5365.167,3916.2789999999977
forecast_3652,2025-06-02 4:00,4689.790499999998,3788.961199999999,2735.120399999998
forecast_3653,2025-06-02 5:00,4647.463599999998,3903.2639999999988,2941.698199999998
forecast_3654,2025-06-02 6:00,3024.8943999999983,2352.471799999999,2148.691399999998
forecast_3655,2025-06-02 7:00,2739.110999999998,2121.9693999999986,958.13763
forecast_3656,2025-06-02 8:00,2613.812699999998,2148.4215999999988,956.7391
forecast_3657,2025-06-02 9:00,2597.8638999999985,2204.3729999999987,946.11865
forecast_3658,2025-06-02 10:00,2748.867099999998,2385.6190999999985,979.68646
forecast_3659,2025-06-02 11:00,2576.398699999998,2392.0939999999987,983.9371
forecast_3660,2025-06-02 12:00,2743.119399999998,2507.237499999999,2208.848299999998
forecast_3661,2025-06-02 13:00,2674.7016999999983,2575.7364999999986,2212.195699999998
forecast_3662,2025-06-02 14:00,2801.1686999999984,2679.3311999999987,2339.2865999999976
forecast_3663,2025-06-02 15:00,4022.6542999999983,3885.3499999999985,3304.0329999999976
forecast_3664,2025-06-02 16:00,4858.148699999998,4254.3935999999985,3286.593799999998
forecast_3665,2025-06-02 17:00,5168.540299999999,4390.949699999999,3541.512999999998
forecast_3666,2025-06-02 18:00,4378.492,4702.340299999999,3607.203099999998
forecast_3667,2025-06-02 19:00,5059.177699999998,4238.369099999999,3116.2011999999977
forecast_3668,2025-06-02 20:00,4592.397199999998,3826.7831999999985,2748.785799999998
forecast_3669,2025-06-02 21:00,4373.576999999998,4024.9433999999987,2663.361599999998
forecast_3670,2025-06-02 22:00,4049.696499999998,3598.0465999999988,2582.496499999998
forecast_3671,2025-06-02 23:00,3424.9494999999984,3031.8874999999985,2509.3039999999983
forecast_3672,2025-06-03 0:00,3646.237299999998,3121.125999999999,2663.638199999998
forecast_3673,2025-06-03 1:00,3847.963099999998,3443.4093999999986,2587.507599999998
forecast_3674,2025-06-03 2:00,3876.1295999999984,3334.2875999999987,2455.747699999998
forecast_3675,2025-06-03 3:00,4192.641999999998,4089.596999999999,2850.579299999998
forecast_3676,2025-06-03 4:00,4283.755899999998,3700.2155999999986,2722.900099999998
forecast_3677,2025-06-03 5:00,4942.175799999998,4480.329799999999,3302.810999999998
forecast_3678,2025-06-03 6:00,4687.336399999998,4210.015399999999,3171.172999999998
forecast_3679,2025-06-03 7:00,3850.2965999999983,3224.6379999999986,2731.562299999998
forecast_3680,2025-06-03 8:00,3265.4334999999983,2434.8207999999986,2295.5302999999976
forecast_3681,2025-06-03 9:00,3244.219199999998,2483.169399999999,2487.5496999999978
forecast_3682,2025-06-03 10:00,4507.292999999998,3926.0260999999987,3062.333699999998
forecast_3683,2025-06-03 11:00,5454.519999999999,4391.3657,3753.823699999998
forecast_3684,2025-06-03 12:00,6283.4966,5754.771,5240.393999999998
forecast_3685,2025-06-03 13:00,8624.52,7953.6763,5804.7715
forecast_3686,2025-06-03 14:00,10690.045,10260.047,8405.212
forecast_3687,2025-06-03 15:00,11576.536,12011.125,9686.73
forecast_3688,2025-06-03 16:00,11653.376,11103.671,9269.162
forecast_3689,2025-06-03 17:00,12706.657,12442.946,10269.8545
forecast_3690,2025-06-03 18:00,13987.243,13625.148,11272.363
forecast_3691,2025-06-03 19:00,13801.063,13651.561,11851.119
forecast_3692,2025-06-03 20:00,14706.951,15214.576,12793.381
forecast_3693,2025-06-03 21:00,16811.354,17729.154,15301.673
forecast_3694,2025-06-03 22:00,16958.605,18020.213,14218.684
forecast_3695,2025-06-03 23:00,16582.318,17043.047,13103.066
forecast_3696,2025-06-04 0:00,16002.49,15875.293,12252.221
forecast_3697,2025-06-04 1:00,14148.008,14139.391,11079.108
forecast_3698,2025-06-04 2:00,14360.822,13977.36,10753.161
forecast_3699,2025-06-04 3:00,15175.314,15682.359,13071.643
forecast_3700,2025-06-04 4:00,15671.763,16647.24,14327.9
forecast_3701,2025-06-04 5:00,16167.546,16966.898,14125.882
forecast_3702,2025-06-04 6:00,17284.37,17697.291,15578.342
forecast_3703,2025-06-04 7:00,17734.088,18817.64,16032.376
forecast_3704,2025-06-04 8:00,17928.342,18990.477,16209.156
forecast_3705,2025-06-04 9:00,17895.902,18695.527,15982.933
forecast_3706,2025-06-04 10:00,17632.97,18579.09,16125.125
forecast_3707,2025-06-04 11:00,17280.982,18257.207,16019.057
forecast_3708,2025-06-04 12:00,16838.057,17913.264,15727.074
forecast_3709,2025-06-04 13:00,16441.85,17345.342,15599.772
forecast_3710,2025-06-04 14:00,16005.725,16429.79,12913.248
forecast_3711,2025-06-04 15:00,14847.732,14545.054,11962.716
forecast_3712,2025-06-04 16:00,14125.83,13661.628,10710.249
forecast_3713,2025-06-04 17:00,13348.801,12376.55,10191.294
forecast_3714,2025-06-04 18:00,12900.002,11962.061,9959.16
forecast_3715,2025-06-04 19:00,13334.888,12777.2295,9691.725
forecast_3716,2025-06-04 20:00,13857.404,13376.523,10053.96
forecast_3717,2025-06-04 21:00,13312.383,13140.62,10176.791
forecast_3718,2025-06-04 22:00,12324.924,12414.884,9714.647
forecast_3719,2025-06-04 23:00,12957.034,13749.6875,10406.434
forecast_3720,2025-06-05 0:00,13078.792,14152.683,11127.303
forecast_3721,2025-06-05 1:00,10761.42,10665.865,8117.651
forecast_3722,2025-06-05 2:00,13200.494,13869.382,10514.283
forecast_3723,2025-06-05 3:00,15276.985,16091.966,12508.955
forecast_3724,2025-06-05 4:00,15461.683,16501.035,12730.931
forecast_3725,2025-06-05 5:00,14816.691,15755.556,12156.667
forecast_3726,2025-06-05 6:00,14027.139,15139.22,11516.452
forecast_3727,2025-06-05 7:00,15048.0205,16420.688,12739.91
forecast_3728,2025-06-05 8:00,13274.379,14201.819,11035.323
forecast_3729,2025-06-05 9:00,10962.017,12293.342,9369.306
forecast_3730,2025-06-05 10:00,8826.69,9707.186,6966.254
forecast_3731,2025-06-05 11:00,8139.6475,8222.853,5551.953
forecast_3732,2025-06-05 12:00,7363.5796,7667.9697,5233.8486
forecast_3733,2025-06-05 13:00,7332.99,7090.119,4687.789
forecast_3734,2025-06-05 14:00,7626.994,7715.0684,5977.9927
forecast_3735,2025-06-05 15:00,7547.2886,7694.398,5675.25
forecast_3736,2025-06-05 16:00,9471.564,9220.591,7873.54
forecast_3737,2025-06-05 17:00,10611.205,10015.229,8702.728
forecast_3738,2025-06-05 18:00,12684.63,12272.433,10928.206
forecast_3739,2025-06-05 19:00,14945.771,15246.15,13269.643
forecast_3740,2025-06-05 20:00,16001.093,15880.14,15317.196
forecast_3741,2025-06-05 21:00,18095.227,17421.725,15785.812
forecast_3742,2025-06-05 22:00,19746.633,18712.371,16445.855
forecast_3743,2025-06-05 23:00,19974.395,19015.662,16517.84
forecast_3744,2025-06-06 0:00,19522.246,18908.004,16471.146
forecast_3745,2025-06-06 1:00,19816.748,19085.719,16219.616
forecast_3746,2025-06-06 2:00,19550.967,19050.17,16319.436
forecast_3747,2025-06-06 3:00,20031.709,19554.182,16437.871
forecast_3748,2025-06-06 4:00,19943.543,19770.314,16408.32
forecast_3749,2025-06-06 5:00,19466.672,19316.78,16057.382
forecast_3750,2025-06-06 6:00,19225.186,19150.355,16302.967
forecast_3751,2025-06-06 7:00,17997.436,19000.475,16315.173
forecast_3752,2025-06-06 8:00,16628.225,17811.049,15940.207
forecast_3753,2025-06-06 9:00,14613.913,15531.499,13846.172
forecast_3754,2025-06-06 10:00,13795.494,15198.819,12964.527
forecast_3755,2025-06-06 11:00,13857.34,15251.137,13250.768
forecast_3756,2025-06-06 12:00,14024.968,14954.696,13667.593
forecast_3757,2025-06-06 13:00,14263.279,15267.885,14067.22
forecast_3758,2025-06-06 14:00,14723.899,15695.841,14218.07
forecast_3759,2025-06-06 15:00,14902.042,15868.726,15392.539
forecast_3760,2025-06-06 16:00,15080.087,15826.775,15274.991
forecast_3761,2025-06-06 17:00,14700.604,15513.781,15095.912
forecast_3762,2025-06-06 18:00,14408.262,15525.394,14492.824
forecast_3763,2025-06-06 19:00,16158.914,17447.092,16044.876
forecast_3764,2025-06-06 20:00,17030.064,17749.34,16317.769
forecast_3765,2025-06-06 21:00,17423.355,18220.705,16405.812
forecast_3766,2025-06-06 22:00,18051.795,18608.135,16312.217
forecast_3767,2025-06-06 23:00,17821.787,18480.73,16030.371
forecast_3768,2025-06-07 0:00,17977.326,18646.75,16283.189
forecast_3769,2025-06-07 1:00,18108.217,18479.27,15897.256
forecast_3770,2025-06-07 2:00,18087.975,18358.824,15971.003
forecast_3771,2025-06-07 3:00,17827.928,18193.934,15914.926
forecast_3772,2025-06-07 4:00,18076.469,18372.588,15582.205
forecast_3773,2025-06-07 5:00,18550.59,18717.879,15411.951
forecast_3774,2025-06-07 6:00,18485.41,18845.256,16072.026
forecast_3775,2025-06-07 7:00,17464.76,18547.59,16028.079
forecast_3776,2025-06-07 8:00,15134.651,16661.332,14223.129
forecast_3777,2025-06-07 9:00,12121.14,14001.753,10598.538
forecast_3778,2025-06-07 10:00,10667.486,11048.44,9635.209
forecast_3779,2025-06-07 11:00,8898.061,9595.741,8236.536
forecast_3780,2025-06-07 12:00,7369.025,8245.876,6473.9297
forecast_3781,2025-06-07 13:00,6832.9,6681.346,5666.9917
forecast_3782,2025-06-07 14:00,6491.5547,6767.6636,5704.0327
forecast_3783,2025-06-07 15:00,6417.4897,6423.5054,5205.7646
forecast_3784,2025-06-07 16:00,6482.2417,6586.515,5578.282
forecast_3785,2025-06-07 17:00,5881.488,6530.0854,5245.733
forecast_3786,2025-06-07 18:00,6364.164,7377.702,5773.578
forecast_3787,2025-06-07 19:00,8023.9277,8981.236,7068.135
forecast_3788,2025-06-07 20:00,10995.13,12398.128,10135.064
forecast_3789,2025-06-07 21:00,13198.988,14282.115,11753.401
forecast_3790,2025-06-07 22:00,13476.415,14276.259,11191.4375
forecast_3791,2025-06-07 23:00,13935.437,14508.657,12022.514
forecast_3792,2025-06-08 0:00,14193.039,14785.053,12391.597
forecast_3793,2025-06-08 1:00,11935.913,13403.584,10544.428
forecast_3794,2025-06-08 2:00,12000.46,13416.673,10499.372
forecast_3795,2025-06-08 3:00,11165.075,13054.384,9908.398
forecast_3796,2025-06-08 4:00,11288.351,12943.652,9367.983
forecast_3797,2025-06-08 5:00,9742.213,10567.939,6889.061
forecast_3798,2025-06-08 6:00,7080.6655,6507.4087,4785.847999999998
forecast_3799,2025-06-08 7:00,4496.6514,4504.506999999999,3044.883899999998
forecast_3800,2025-06-08 8:00,3980.187699999998,3090.7016999999987,2319.188099999998
forecast_3801,2025-06-08 9:00,3383.635499999998,2601.957199999999,953.63055
forecast_3802,2025-06-08 10:00,2508.7848999999983,1877.9840999999988,759.7707
forecast_3803,2025-06-08 11:00,2417.6416999999983,1776.246999999999,738.74286
forecast_3804,2025-06-08 12:00,1061.6824,1818.6980999999987,727.75085
forecast_3805,2025-06-08 13:00,1030.9075,1740.7248999999988,727.75085
forecast_3806,2025-06-08 14:00,2448.4141999999983,1833.0001999999986,726.47327
forecast_3807,2025-06-08 15:00,2482.906699999998,1842.0048999999985,761.54144
forecast_3808,2025-06-08 16:00,2404.006599999998,1078.4196,713.67346
forecast_3809,2025-06-08 17:00,2535.102399999998,1786.5464999999986,727.75085
forecast_3810,2025-06-08 18:00,2862.0332999999982,2134.1609999999987,824.73895
forecast_3811,2025-06-08 19:00,3262.151499999998,2615.5667999999987,1006.0496
forecast_3812,2025-06-08 20:00,3655.127699999998,2936.9889999999987,2293.602199999998
forecast_3813,2025-06-08 21:00,3925.955599999998,3316.4269999999988,2460.1134999999977
forecast_3814,2025-06-08 22:00,5093.5347,5032.3325,3688.6529999999975
forecast_3815,2025-06-08 23:00,7884.5825,7780.9546,5553.0146
forecast_3816,2025-06-09 0:00,9707.8955,9425.796,8335.909
forecast_3817,2025-06-09 1:00,9459.914,10335.897,7955.1255
forecast_3818,2025-06-09 2:00,10058.225,11108.458,8092.832
forecast_3819,2025-06-09 3:00,9545.776,10931.625,7253.4565
forecast_3820,2025-06-09 4:00,8568.944,9675.867,6277.8687
forecast_3821,2025-06-09 5:00,7702.3237,7952.329,5359.791
forecast_3822,2025-06-09 6:00,5588.4404,5882.1714,4678.407699999998
forecast_3823,2025-06-09 7:00,5392.316399999998,4594.647699999999,3182.0788999999977
forecast_3824,2025-06-09 8:00,3750.249299999998,3132.9987999999985,2317.550299999998
forecast_3825,2025-06-09 9:00,2856.335299999998,2222.713899999999,1014.7961
forecast_3826,2025-06-09 10:00,2629.8484999999982,2149.4568999999988,997.82404
forecast_3827,2025-06-09 11:00,2848.628799999998,2473.3275999999987,2152.134999999998
forecast_3828,2025-06-09 12:00,2864.0819999999985,2450.698599999999,2146.923499999998
forecast_3829,2025-06-09 13:00,3030.450999999998,2615.3632999999986,2176.277699999998
forecast_3830,2025-06-09 14:00,3290.424199999998,3117.3346999999985,2602.200199999998
forecast_3831,2025-06-09 15:00,3397.8046999999983,3234.8246999999988,2681.795699999998
forecast_3832,2025-06-09 16:00,3299.587199999998,2974.614299999999,2648.1386999999977
forecast_3833,2025-06-09 17:00,3535.516799999998,3384.2951999999987,3000.065299999998
forecast_3834,2025-06-09 18:00,4018.758499999998,3932.404299999999,3139.719699999998
forecast_3835,2025-06-09 19:00,4058.209699999998,3880.6676999999986,2767.6593999999977
forecast_3836,2025-06-09 20:00,5075.434799999998,4365.014,3197.8112999999976
forecast_3837,2025-06-09 21:00,6229.2285,7112.0947,4919.904999999998
forecast_3838,2025-06-09 22:00,9394.761,10702.997,7569.982
forecast_3839,2025-06-09 23:00,9602.437,10740.488,7674.969
forecast_3840,2025-06-10 0:00,9644.505,11054.682,7224.1743
forecast_3841,2025-06-10 1:00,14338.283,15187.747,12765.374
forecast_3842,2025-06-10 2:00,15513.735,16209.463,14117.472
forecast_3843,2025-06-10 3:00,16340.266,17205.277,15867.538
forecast_3844,2025-06-10 4:00,16071.9,16903.615,14479.102
forecast_3845,2025-06-10 5:00,17295.682,17700.764,15614.974
forecast_3846,2025-06-10 6:00,17071.209,16811.648,14070.565
forecast_3847,2025-06-10 7:00,15600.721,15887.491,13478.095
forecast_3848,2025-06-10 8:00,12482.03,13852.765,10441.775
forecast_3849,2025-06-10 9:00,8785.11,9974.838,6722.4707
forecast_3850,2025-06-10 10:00,6533.615,7063.611,4238.4453
forecast_3851,2025-06-10 11:00,5417.0044,5754.0293,4873.640599999998
forecast_3852,2025-06-10 12:00,6954.006,6655.633,4951.8477
forecast_3853,2025-06-10 13:00,7346.791,8239.025,6071.0684
forecast_3854,2025-06-10 14:00,7783.6797,8812.128,6935.158
forecast_3855,2025-06-10 15:00,8461.917,9183.333,7431.2754
forecast_3856,2025-06-10 16:00,8958.039,9690.702,8107.8394
forecast_3857,2025-06-10 17:00,9761.15,10121.177,8118.552
forecast_3858,2025-06-10 18:00,11354.416,11544.861,9497.761
forecast_3859,2025-06-10 19:00,11502.86,12046.662,10165.199
forecast_3860,2025-06-10 20:00,12661.131,12838.9375,11219.012
forecast_3861,2025-06-10 21:00,13326.631,14083.31,12350.795
forecast_3862,2025-06-10 22:00,14646.847,15130.125,13347.2295
forecast_3863,2025-06-10 23:00,15479.712,15610.963,13579.981
forecast_3864,2025-06-11 0:00,14946.6455,15446.47,13126.864
forecast_3865,2025-06-11 1:00,14232.649,15145.342,12372.157
forecast_3866,2025-06-11 2:00,14536.072,14996.318,12522.679
forecast_3867,2025-06-11 3:00,12968.322,13978.636,10379.613
forecast_3868,2025-06-11 4:00,13119.266,13845.055,10002.19
forecast_3869,2025-06-11 5:00,13621.823,13974.089,9757.804
forecast_3870,2025-06-11 6:00,13506.511,14177.203,9415.586
forecast_3871,2025-06-11 7:00,12962.544,13607.299,9379.539
forecast_3872,2025-06-11 8:00,10854.865,11647.007,7872.317
forecast_3873,2025-06-11 9:00,9207.375,9706.459,6980.6597
forecast_3874,2025-06-11 10:00,9397.232,9052.372,6735.75
forecast_3875,2025-06-11 11:00,8269.6455,7466.0166,5371.9336
forecast_3876,2025-06-11 12:00,8095.6274,7088.926,4863.198
forecast_3877,2025-06-11 13:00,7964.6245,7304.127,4824.5024
forecast_3878,2025-06-11 14:00,7746.6475,7019.298,4728.4775
forecast_3879,2025-06-11 15:00,6870.4067,5538.3857,4825.4110999999975
forecast_3880,2025-06-11 16:00,5871.938,5124.6904,4563.601599999998
forecast_3881,2025-06-11 17:00,6855.1436,6581.41,4917.002199999998
forecast_3882,2025-06-11 18:00,5277.17,4720.4604,3792.4164999999975
forecast_3883,2025-06-11 19:00,5256.437,4879.803,3721.6119999999983
forecast_3884,2025-06-11 20:00,6339.0693,6271.8374,4580.287799999998
forecast_3885,2025-06-11 21:00,6402.6157,6141.9004,4630.681199999998
forecast_3886,2025-06-11 22:00,7183.2295,7893.611,4891.2603
forecast_3887,2025-06-11 23:00,7863.2344,8015.4077,5568.0376
forecast_3888,2025-06-12 0:00,7579.583,7459.1636,4369.3027
forecast_3889,2025-06-12 1:00,5055.1694,4425.0015,3746.8669999999984
forecast_3890,2025-06-12 2:00,5232.931,4727.9595,4152.282699999998
forecast_3891,2025-06-12 3:00,5248.726599999998,4312.516599999999,3133.904499999998
forecast_3892,2025-06-12 4:00,4577.188499999998,3650.5556999999985,2683.521399999998
forecast_3893,2025-06-12 5:00,3884.6571999999983,3148.6266999999984,2415.205799999998
forecast_3894,2025-06-12 6:00,3095.8584999999985,2617.8960999999986,979.75397
forecast_3895,2025-06-12 7:00,2896.501199999998,2460.4439999999986,909.869
forecast_3896,2025-06-12 8:00,2744.799899999998,2274.3922999999986,889.3948
forecast_3897,2025-06-12 9:00,2666.154999999998,2197.581299999999,912.5848
forecast_3898,2025-06-12 10:00,2420.772499999998,1916.7263999999986,823.2414
forecast_3899,2025-06-12 11:00,2397.398699999998,1914.4007999999985,849.2947
forecast_3900,2025-06-12 12:00,2406.860599999998,1887.6281999999987,860.2649
forecast_3901,2025-06-12 13:00,2397.423299999998,1884.2501999999986,872.2037
forecast_3902,2025-06-12 14:00,1057.2322,1894.3140999999987,859.12085
forecast_3903,2025-06-12 15:00,1069.345,1838.731699999999,835.203
forecast_3904,2025-06-12 16:00,1031.4587,1744.4029999999989,859.8331
forecast_3905,2025-06-12 17:00,2396.597299999998,1844.2874999999985,876.0793
forecast_3906,2025-06-12 18:00,2692.7302999999984,2187.4080999999987,983.6936
forecast_3907,2025-06-12 19:00,2888.6417999999985,2533.866999999999,2138.484099999998
forecast_3908,2025-06-12 20:00,3338.0009999999984,3153.5185999999985,2586.8120999999983
forecast_3909,2025-06-12 21:00,3485.7799999999984,2940.5770999999986,2542.7501999999977
forecast_3910,2025-06-12 22:00,4088.7129999999984,3691.4659999999985,2940.431599999998
forecast_3911,2025-06-12 23:00,4555.035199999998,3941.1599999999985,3243.934299999998
forecast_3912,2025-06-13 0:00,5114.734999999999,4675.188199999999,3542.3036999999977
forecast_3913,2025-06-13 1:00,5172.836,6020.9307,4484.135699999998
forecast_3914,2025-06-13 2:00,6627.7534,6954.944,4561.0996
forecast_3915,2025-06-13 3:00,7580.7427,8141.061,4590.911
forecast_3916,2025-06-13 4:00,5884.932,5698.1094,4292.074999999998
forecast_3917,2025-06-13 5:00,5327.8438,4989.4355,3993.9887999999983
forecast_3918,2025-06-13 6:00,5243.224599999998,4185.026399999999,3183.816999999998
forecast_3919,2025-06-13 7:00,3433.3709999999983,2792.2733999999987,2430.626799999998
forecast_3920,2025-06-13 8:00,2742.5386999999982,2249.7958999999987,1029.594
forecast_3921,2025-06-13 9:00,2722.1232999999984,2173.104899999999,975.689
forecast_3922,2025-06-13 10:00,2639.142499999998,2149.714099999999,930.79395
forecast_3923,2025-06-13 11:00,2441.0670999999984,2003.5951999999988,958.547
forecast_3924,2025-06-13 12:00,2562.559299999998,2139.228299999999,2153.8529999999982
forecast_3925,2025-06-13 13:00,2597.9573999999984,2386.6516999999985,2274.429699999998
forecast_3926,2025-06-13 14:00,2899.503899999998,2666.793499999999,2384.955399999998
forecast_3927,2025-06-13 15:00,3124.3374999999983,2842.419399999999,2640.1663999999982
forecast_3928,2025-06-13 16:00,2965.0104999999985,2533.4295999999986,2364.689999999998
forecast_3929,2025-06-13 17:00,3456.548799999998,3110.7973999999986,2817.084499999998
forecast_3930,2025-06-13 18:00,4051.132599999998,3560.8683999999985,3119.035399999998
forecast_3931,2025-06-13 19:00,4097.440699999998,3658.7103999999986,2924.310199999998
forecast_3932,2025-06-13 20:00,4135.050499999998,3589.682399999999,3029.792799999998
forecast_3933,2025-06-13 21:00,5336.615999999998,4929.070299999999,3923.757999999998
forecast_3934,2025-06-13 22:00,4535.676,4493.949,3938.151399999998
forecast_3935,2025-06-13 23:00,5294.8804,6152.3975,4300.155
forecast_3936,2025-06-14 0:00,5538.162999999998,4599.3687,3942.226599999998
forecast_3937,2025-06-14 1:00,9546.092,12155.079,9374.607
forecast_3938,2025-06-14 2:00,9634.894,11471.519,8730.572
forecast_3939,2025-06-14 3:00,9297.722,11455.773,8568.408
forecast_3940,2025-06-14 4:00,6920.71,7930.839,4378.9204
forecast_3941,2025-06-14 5:00,5128.77,6038.6626,4272.700699999998
forecast_3942,2025-06-14 6:00,5504.153299999998,4602.982999999999,3354.0719999999983
forecast_3943,2025-06-14 7:00,3635.2614999999983,2710.817999999999,1004.8064
forecast_3944,2025-06-14 8:00,2895.537999999998,2136.403699999999,827.9267
forecast_3945,2025-06-14 9:00,3566.897199999998,2718.3131999999987,1040.8356
forecast_3946,2025-06-14 10:00,3187.135699999998,2370.152099999999,2104.989499999998
forecast_3947,2025-06-14 11:00,3040.8390999999983,2443.146499999999,2133.313199999998
forecast_3948,2025-06-14 12:00,3087.4678999999983,2475.672099999999,2103.164199999998
forecast_3949,2025-06-14 13:00,2841.237199999998,2209.0352999999986,1019.8464
forecast_3950,2025-06-14 14:00,2952.6623999999983,2531.629399999999,2165.539699999998
forecast_3951,2025-06-14 15:00,2820.619099999998,2271.4302999999986,2134.924099999998
forecast_3952,2025-06-14 16:00,2821.0742999999984,2180.163599999999,1028.3987
forecast_3953,2025-06-14 17:00,2853.5292999999983,2272.9201999999987,940.3093
forecast_3954,2025-06-14 18:00,2980.5005999999985,2351.8054999999986,904.1333
forecast_3955,2025-06-14 19:00,3294.9451999999983,2767.3854999999985,904.1333
forecast_3956,2025-06-14 20:00,3182.970299999998,2556.8405999999986,940.0386
forecast_3957,2025-06-14 21:00,3131.9578999999985,2415.8544999999986,969.7806
forecast_3958,2025-06-14 22:00,3270.633999999998,2342.2144999999987,2172.764499999998
forecast_3959,2025-06-14 23:00,3417.246999999998,2618.141999999999,2309.271099999998
forecast_3960,2025-06-15 0:00,3370.2077999999983,2624.7974999999988,2397.0995999999977
forecast_3961,2025-06-15 1:00,5676.043,5348.9326,5113.171599999998
forecast_3962,2025-06-15 2:00,5767.844,5537.4155,5069.841999999998
forecast_3963,2025-06-15 3:00,4757.0474,4894.1816,4166.263399999998
forecast_3964,2025-06-15 4:00,4806.9346,4612.922,4402.172599999998
forecast_3965,2025-06-15 5:00,6563.2856,6169.053,4877.104
forecast_3966,2025-06-15 6:00,6975.329,6804.248,4981.3716
forecast_3967,2025-06-15 7:00,4555.7803,4879.552999999999,3395.170399999998
forecast_3968,2025-06-15 8:00,3780.724599999998,3138.967499999999,2410.9713999999976
forecast_3969,2025-06-15 9:00,3052.325999999998,2437.7333999999987,1006.8078
forecast_3970,2025-06-15 10:00,2977.7096999999985,2273.598599999999,981.34985
forecast_3971,2025-06-15 11:00,3071.561599999998,2463.6272999999987,1000.5837
forecast_3972,2025-06-15 12:00,3755.996299999998,3824.1422999999986,2541.784999999998
forecast_3973,2025-06-15 13:00,3650.6989999999983,3648.9118999999987,2574.399199999998
forecast_3974,2025-06-15 14:00,3968.984899999998,4179.143299999999,2836.6184999999978
forecast_3975,2025-06-15 15:00,4370.436999999998,4618.729699999999,3291.587999999998
forecast_3976,2025-06-15 16:00,5598.655999999998,5122.4453,4345.254999999998
forecast_3977,2025-06-15 17:00,5292.263399999998,4914.731,4051.1557999999977
forecast_3978,2025-06-15 18:00,4612.4326,5856.385,4882.052199999998
forecast_3979,2025-06-15 19:00,6190.984,7796.6553,6226.9556
forecast_3980,2025-06-15 20:00,7723.632,9084.373,7133.8145
forecast_3981,2025-06-15 21:00,8748.242,11494.667,9132.422
forecast_3982,2025-06-15 22:00,10346.832,13312.513,10438.466
forecast_3983,2025-06-15 23:00,10871.675,13273.315,10186.714
forecast_3984,2025-06-16 0:00,10953.117,13698.674,10815.892
forecast_3985,2025-06-16 1:00,9828.609,11520.507,9220.801
forecast_3986,2025-06-16 2:00,10986.376,13173.329,10211.104
forecast_3987,2025-06-16 3:00,10446.001,13437.081,10486.0205
forecast_3988,2025-06-16 4:00,9797.126,12415.553,9828.092
forecast_3989,2025-06-16 5:00,8305.568,11333.685,8732.799
forecast_3990,2025-06-16 6:00,8798.898,11024.181,8699.651
forecast_3991,2025-06-16 7:00,8415.269,10717.431,7989.4077
forecast_3992,2025-06-16 8:00,9714.686,11501.042,8164.2104
forecast_3993,2025-06-16 9:00,9853.679,12083.478,9190.679
forecast_3994,2025-06-16 10:00,10096.842,12021.445,8979.343
forecast_3995,2025-06-16 11:00,9201.738,11004.4795,8690.123
forecast_3996,2025-06-16 12:00,8171.7324,10512.531,7897.9585
forecast_3997,2025-06-16 13:00,9103.589,10789.637,9482.324
forecast_3998,2025-06-16 14:00,9412.742,11631.144,9945.852
forecast_3999,2025-06-16 15:00,12213.302,13502.253,11650.876
forecast_4000,2025-06-16 16:00,12429.466,13960.241,11689.115
forecast_4001,2025-06-16 17:00,15033.014,16219.167,14440.092
forecast_4002,2025-06-16 18:00,14971.048,16080.057,13719.949
forecast_4003,2025-06-16 19:00,13352.058,14250.786,11616.822
forecast_4004,2025-06-16 20:00,13029.731,14297.472,11676.205
forecast_4005,2025-06-16 21:00,13439.376,14845.027,12752.878
forecast_4006,2025-06-16 22:00,15307.692,16657.158,14203.179
forecast_4007,2025-06-16 23:00,15577.357,16951.53,14870.869
forecast_4008,2025-06-17 0:00,16660.998,18114.156,16012.421
forecast_4009,2025-06-17 1:00,15975.326,17843.826,15841.712
forecast_4010,2025-06-17 2:00,16658.842,18492.393,16035.965
forecast_4011,2025-06-17 3:00,16659.887,18408.729,16127.585
forecast_4012,2025-06-17 4:00,15953.372,18264.879,15888.263
forecast_4013,2025-06-17 5:00,15649.194,17588.043,15432.972
forecast_4014,2025-06-17 6:00,15502.572,17242.275,15252.558
forecast_4015,2025-06-17 7:00,15023.912,17160.338,14781.422
forecast_4016,2025-06-17 8:00,13514.722,15192.641,12867.243
forecast_4017,2025-06-17 9:00,12227.546,14552.825,11775.731
forecast_4018,2025-06-17 10:00,10884.375,13247.253,11172.093
forecast_4019,2025-06-17 11:00,10314.936,12304.843,10937.688
forecast_4020,2025-06-17 12:00,10772.449,12528.468,11101.502
forecast_4021,2025-06-17 13:00,9755.233,11617.593,9550.583
forecast_4022,2025-06-17 14:00,9422.233,11577.021,9842.878
forecast_4023,2025-06-17 15:00,9207.403,10513.328,8935.116
forecast_4024,2025-06-17 16:00,9487.714,10561.247,9406.157
forecast_4025,2025-06-17 17:00,8172.446,9571.748,7778.0967
forecast_4026,2025-06-17 18:00,7278.469,9127.714,7393.4004
forecast_4027,2025-06-17 19:00,6319.9595,8027.9634,5507.2134
forecast_4028,2025-06-17 20:00,5976.193,7975.974,5128.084
forecast_4029,2025-06-17 21:00,6619.4336,9085.583,5949.7734
forecast_4030,2025-06-17 22:00,7586.4116,9575.583,5887.4775
forecast_4031,2025-06-17 23:00,8513.658,10950.941,7592.3706
forecast_4032,2025-06-18 0:00,9366.085,11426.813,8425.848
forecast_4033,2025-06-18 1:00,8467.078,10267.256,7087.002
forecast_4034,2025-06-18 2:00,9569.989,11128.809,7620.924
forecast_4035,2025-06-18 3:00,10654.039,12556.642,8817.795
forecast_4036,2025-06-18 4:00,10924.492,12266.735,9088.926
forecast_4037,2025-06-18 5:00,11849.861,13380.974,9830.246
forecast_4038,2025-06-18 6:00,11516.562,12536.289,9860.03
forecast_4039,2025-06-18 7:00,10363.143,11140.99,9208.2295
forecast_4040,2025-06-18 8:00,8776.216,9609.456,7871.81
forecast_4041,2025-06-18 9:00,6503.3154,7168.343,4459.8306
forecast_4042,2025-06-18 10:00,5594.5674,5619.102,4323.632599999998
forecast_4043,2025-06-18 11:00,4869.737,4791.62,3691.097999999998
forecast_4044,2025-06-18 12:00,4642.318,4415.623,3720.0279999999975
forecast_4045,2025-06-18 13:00,5604.903999999999,4661.199699999999,3312.633999999998
forecast_4046,2025-06-18 14:00,5188.989299999998,4184.204999999999,3164.213599999998
forecast_4047,2025-06-18 15:00,4500.622,4936.562999999999,3621.4911999999977
forecast_4048,2025-06-18 16:00,4757.4185,4538.653,3966.8800999999976
forecast_4049,2025-06-18 17:00,5115.3086,4790.3335,4238.129199999998
forecast_4050,2025-06-18 18:00,6471.5527,5765.6855,4675.322799999998
forecast_4051,2025-06-18 19:00,5168.8496,5145.662,4351.509999999998
forecast_4052,2025-06-18 20:00,7285.801,7358.9927,5337.883
forecast_4053,2025-06-18 21:00,9622.519,10565.011,8175.456
forecast_4054,2025-06-18 22:00,10971.279,11830.588,8581.15
forecast_4055,2025-06-18 23:00,12579.051,13794.433,10550.43
forecast_4056,2025-06-19 0:00,13259.328,14326.19,11322.382
forecast_4057,2025-06-19 1:00,13995.277,14625.669,11827.94
forecast_4058,2025-06-19 2:00,13888.793,14241.694,11003.5625
forecast_4059,2025-06-19 3:00,14132.684,15133.445,12142.1455
forecast_4060,2025-06-19 4:00,13539.978,14633.899,11896.511
forecast_4061,2025-06-19 5:00,13274.77,14288.984,11348.786
forecast_4062,2025-06-19 6:00,11461.032,12559.19,9049.648
forecast_4063,2025-06-19 7:00,8594.273,8827.857,4414.659
forecast_4064,2025-06-19 8:00,6072.2095,5132.847,3490.463899999998
forecast_4065,2025-06-19 9:00,4019.5629999999983,2972.4479999999985,2356.6618999999982
forecast_4066,2025-06-19 10:00,3010.051499999998,2100.8014999999987,966.6984
forecast_4067,2025-06-19 11:00,2610.2731999999983,1846.5255999999986,798.2026
forecast_4068,2025-06-19 12:00,2457.9417999999982,1826.8651999999988,786.1315
forecast_4069,2025-06-19 13:00,2435.978599999998,1744.8279999999986,740.5508
forecast_4070,2025-06-19 14:00,2407.937699999998,1827.6072999999988,809.1945
forecast_4071,2025-06-19 15:00,2647.6367999999984,2082.058999999999,894.80255
forecast_4072,2025-06-19 16:00,2723.2551999999982,2377.763799999999,904.1333
forecast_4073,2025-06-19 17:00,3621.9064999999982,3163.6735999999987,2562.490099999998
forecast_4074,2025-06-19 18:00,4130.330999999998,3811.0158999999985,3025.290299999998
forecast_4075,2025-06-19 19:00,4519.211399999998,4248.739999999999,3550.5670999999984
forecast_4076,2025-06-19 20:00,5313.873999999998,5009.147,4014.5729999999976
forecast_4077,2025-06-19 21:00,4933.9233,6329.163,5106.748999999998
forecast_4078,2025-06-19 22:00,6755.117,9039.668,5640.232
forecast_4079,2025-06-19 23:00,7675.0376,10094.345,6927.6025
forecast_4080,2025-06-20 0:00,8010.0635,10261.338,6975.5493
forecast_4081,2025-06-20 1:00,9631.807,12633.661,8780.228
forecast_4082,2025-06-20 2:00,10768.665,13379.549,9926.384
forecast_4083,2025-06-20 3:00,11640.468,14376.298,10614.841
forecast_4084,2025-06-20 4:00,12372.518,15091.396,11745.285
forecast_4085,2025-06-20 5:00,12413.123,15093.025,11681.154
forecast_4086,2025-06-20 6:00,11764.962,14534.791,10793.272
forecast_4087,2025-06-20 7:00,9841.359,13326.447,9669.742
forecast_4088,2025-06-20 8:00,8026.7905,10983.409,7625.591
forecast_4089,2025-06-20 9:00,8321.831,11358.187,8206.685
forecast_4090,2025-06-20 10:00,8417.624,11585.526,9505.02
forecast_4091,2025-06-20 11:00,11173.196,14008.664,11565.794
forecast_4092,2025-06-20 12:00,12800.191,15680.65,13660.944
forecast_4093,2025-06-20 13:00,14120.832,16506.428,15358.405
forecast_4094,2025-06-20 14:00,14532.834,16935.242,15694.501
forecast_4095,2025-06-20 15:00,14790.292,17016.094,15703.87
forecast_4096,2025-06-20 16:00,17077.113,18217.887,16602.816
forecast_4097,2025-06-20 17:00,17207.363,18432.258,16638.385
forecast_4098,2025-06-20 18:00,17877.188,18547.613,16556.135
forecast_4099,2025-06-20 19:00,18196.326,18813.969,16839.53
forecast_4100,2025-06-20 20:00,17926.9,18483.84,16936.781
forecast_4101,2025-06-20 21:00,17852.758,18310.338,17023.645
forecast_4102,2025-06-20 22:00,17571.592,18196.654,16726.262
forecast_4103,2025-06-20 23:00,17873.6,18649.162,16818.059
forecast_4104,2025-06-21 0:00,17402.3,18441.158,16524.057
forecast_4105,2025-06-21 1:00,17555.865,18531.523,16486.807
forecast_4106,2025-06-21 2:00,17675.695,18612.535,16661.812
forecast_4107,2025-06-21 3:00,17663.525,18380.303,16801.693
forecast_4108,2025-06-21 4:00,15737.074,17154.973,16216.865
forecast_4109,2025-06-21 5:00,14547.719,16027.561,15103.036
forecast_4110,2025-06-21 6:00,14873.41,16380.93,14911.744
forecast_4111,2025-06-21 7:00,14147.959,15485.361,13448.966
forecast_4112,2025-06-21 8:00,14113.785,15696.708,14134.545
forecast_4113,2025-06-21 9:00,12974.001,14623.491,12280.236
forecast_4114,2025-06-21 10:00,11364.661,13519.817,11584.848
forecast_4115,2025-06-21 11:00,9464.09,11285.056,9578.1
forecast_4116,2025-06-21 12:00,8457.877,10178.131,7896.6753
forecast_4117,2025-06-21 13:00,8730.9375,10005.268,8166.747
forecast_4118,2025-06-21 14:00,8726.066,9592.295,8384.602
forecast_4119,2025-06-21 15:00,11268.525,12418.25,10485.532
forecast_4120,2025-06-21 16:00,11586.71,12784.915,10227.802
forecast_4121,2025-06-21 17:00,10903.1875,11928.872,10283.791
forecast_4122,2025-06-21 18:00,10241.466,10674.666,9838.721
forecast_4123,2025-06-21 19:00,12275.392,13090.473,10912.248
forecast_4124,2025-06-21 20:00,11808.857,12968.666,10332.594
forecast_4125,2025-06-21 21:00,11885.055,13556.943,10692.337
forecast_4126,2025-06-21 22:00,12184.455,13954.695,11501.208
forecast_4127,2025-06-21 23:00,13378.633,14581.934,11916.049
forecast_4128,2025-06-22 0:00,15217.919,15562.743,12602.0205
forecast_4129,2025-06-22 1:00,14308.06,14304.034,11419.238
forecast_4130,2025-06-22 2:00,14707.17,15298.842,12168.385
forecast_4131,2025-06-22 3:00,14161.695,14304.011,10797.778
forecast_4132,2025-06-22 4:00,13221.248,13646.391,10232.469
forecast_4133,2025-06-22 5:00,11903.164,12352.91,9301.7705
forecast_4134,2025-06-22 6:00,11140.7,12033.658,8415.848
forecast_4135,2025-06-22 7:00,10403.521,11144.943,8460.595
forecast_4136,2025-06-22 8:00,8741.901,9171.528,5771.446
forecast_4137,2025-06-22 9:00,7243.953,8313.536,4627.5894
forecast_4138,2025-06-22 10:00,5844.4844,6794.162,4882.435799999998
forecast_4139,2025-06-22 11:00,6547.1104,6593.723,4891.419999999998
forecast_4140,2025-06-22 12:00,6346.7705,6741.779,5112.127999999998
forecast_4141,2025-06-22 13:00,5651.932,5962.5405,4791.852999999998
forecast_4142,2025-06-22 14:00,5463.708499999998,4361.950399999999,3328.1664999999975
forecast_4143,2025-06-22 15:00,5212.407199999998,3985.8756999999987,2980.7146999999977
forecast_4144,2025-06-22 16:00,4373.2646,4765.542499999999,3652.526399999998
forecast_4145,2025-06-22 17:00,4652.721,4867.226999999999,3654.767999999998
forecast_4146,2025-06-22 18:00,5436.5195,5541.5615,4501.620599999998
forecast_4147,2025-06-22 19:00,5874.365,5812.606,4573.100799999998
forecast_4148,2025-06-22 20:00,6211.4995,6158.3164,4988.382299999998
forecast_4149,2025-06-22 21:00,6454.314,6668.203,5223.650999999998
forecast_4150,2025-06-22 22:00,8061.922,8371.289,5458.8994
forecast_4151,2025-06-22 23:00,8334.219,8310.429,5698.3086
forecast_4152,2025-06-23 0:00,6227.1123,5666.778,4862.861299999998
forecast_4153,2025-06-23 1:00,4978.672,4906.365699999999,3757.913599999998
forecast_4154,2025-06-23 2:00,4525.412,4522.537399999999,3719.7658999999976
forecast_4155,2025-06-23 3:00,5555.397999999998,4282.033399999998,3610.959999999998
forecast_4156,2025-06-23 4:00,4400.7183,4283.789999999999,3696.0314999999982
forecast_4157,2025-06-23 5:00,5383.480199999998,4090.933299999999,3332.582999999998
forecast_4158,2025-06-23 6:00,4231.339399999998,3343.3275999999987,2674.3666999999978
forecast_4159,2025-06-23 7:00,3398.945999999998,2719.0133999999985,2183.240499999998
forecast_4160,2025-06-23 8:00,2858.2716999999984,2445.3468999999986,1009.666
forecast_4161,2025-06-23 9:00,2730.953099999998,2162.5941999999986,839.6259
forecast_4162,2025-06-23 10:00,2680.552899999998,2186.7859999999987,871.4907
forecast_4163,2025-06-23 11:00,2703.422399999998,2174.4547999999986,910.7979
forecast_4164,2025-06-23 12:00,2698.8827999999985,2111.0296999999987,904.1333
forecast_4165,2025-06-23 13:00,2679.549899999998,2091.261399999999,918.12946
forecast_4166,2025-06-23 14:00,2677.244899999998,2062.480099999999,906.97845
forecast_4167,2025-06-23 15:00,2715.3999999999983,2106.585099999999,906.97845
forecast_4168,2025-06-23 16:00,2726.4406999999983,2120.3104999999987,846.84406
forecast_4169,2025-06-23 17:00,2516.1916999999985,1930.1159999999986,744.55005
forecast_4170,2025-06-23 18:00,2415.728299999998,1808.9274999999989,729.6901
forecast_4171,2025-06-23 19:00,2479.010299999998,1830.3496999999988,713.67346
forecast_4172,2025-06-23 20:00,2725.486299999998,2044.0886999999989,727.75085
forecast_4173,2025-06-23 21:00,2699.082499999998,1947.942599999999,732.8196
forecast_4174,2025-06-23 22:00,2792.5791999999983,2097.4534999999987,809.73395
forecast_4175,2025-06-23 23:00,2699.879499999998,2157.3607999999986,843.8692
forecast_4176,2025-06-24 0:00,2757.920399999998,2220.4815999999987,928.2097
forecast_4177,2025-06-24 1:00,2944.992799999998,2079.3882999999987,917.93164
forecast_4178,2025-06-24 2:00,3219.634299999998,2382.0545999999986,1023.1107
forecast_4179,2025-06-24 3:00,3086.1511999999984,2316.7086999999988,1041.4299
forecast_4180,2025-06-24 4:00,3465.0769999999984,2760.5375999999987,2174.1867999999977
forecast_4181,2025-06-24 5:00,3625.425799999998,3074.8466999999987,2285.844099999998
forecast_4182,2025-06-24 6:00,3491.6376999999984,2877.5844999999986,2186.152699999998
forecast_4183,2025-06-24 7:00,4046.442599999998,3382.6461999999988,2315.4677999999976
forecast_4184,2025-06-24 8:00,4305.437699999999,3903.2843999999986,2526.650099999998
forecast_4185,2025-06-24 9:00,4428.128199999998,3897.872599999999,2596.730499999998
forecast_4186,2025-06-24 10:00,4365.720499999998,3855.5602999999987,2642.885499999998
forecast_4187,2025-06-24 11:00,4155.781499999998,3557.3812999999986,2580.9916999999978
forecast_4188,2025-06-24 12:00,4164.619899999998,3675.2429999999986,2632.817399999998
forecast_4189,2025-06-24 13:00,4112.664299999999,3313.201999999999,2591.757299999998
forecast_4190,2025-06-24 14:00,4055.787999999998,3379.9320999999986,2556.3706999999977
forecast_4191,2025-06-24 15:00,3985.5969999999984,3544.5241999999985,2686.3931999999977
forecast_4192,2025-06-24 16:00,4350.000699999999,3718.3104999999987,2592.090699999998
forecast_4193,2025-06-24 17:00,4551.662999999999,3948.6867999999986,2720.9650999999976
forecast_4194,2025-06-24 18:00,4710.336999999998,3885.0675999999985,2664.382899999998
forecast_4195,2025-06-24 19:00,5299.059999999998,4439.5894,3067.182899999998
forecast_4196,2025-06-24 20:00,4971.7783,5692.576,3480.0163999999977
forecast_4197,2025-06-24 21:00,6609.443,7694.8096,4525.759499999998
forecast_4198,2025-06-24 22:00,6964.095,8001.5903,4475.329999999998
forecast_4199,2025-06-24 23:00,7508.055,8821.376,4538.904499999998
forecast_4200,2025-06-25 0:00,7492.495,8991.866,4788.661599999998
forecast_4201,2025-06-25 1:00,5855.025,6332.213,3590.2257999999983
forecast_4202,2025-06-25 2:00,5421.013,6150.2437,3504.6566999999977
forecast_4203,2025-06-25 3:00,4539.5376,4716.7896,2929.1516999999976
forecast_4204,2025-06-25 4:00,4635.1025,4768.1357,3195.2392999999984
forecast_4205,2025-06-25 5:00,5606.749999999998,4686.900599999999,2685.254499999998
forecast_4206,2025-06-25 6:00,5586.448699999998,4652.935499999999,2559.211299999998
forecast_4207,2025-06-25 7:00,5257.517999999998,4227.926499999999,2549.582399999998
forecast_4208,2025-06-25 8:00,5002.669199999998,4205.3971999999985,2623.180299999998
forecast_4209,2025-06-25 9:00,4961.569299999998,4265.422899999999,2737.322399999998
forecast_4210,2025-06-25 10:00,4886.5639999999985,4026.1239999999984,2513.273699999998
forecast_4211,2025-06-25 11:00,4445.387499999998,3680.9609999999984,2389.333999999998
forecast_4212,2025-06-25 12:00,3908.3637999999983,3412.2523999999985,2464.036099999998
forecast_4213,2025-06-25 13:00,3544.038799999998,2975.5932999999986,2117.2739999999976
forecast_4214,2025-06-25 14:00,3537.992999999998,3033.9765999999986,2229.176799999998
forecast_4215,2025-06-25 15:00,3138.867299999998,2563.540999999999,1006.2984
forecast_4216,2025-06-25 16:00,3078.715999999998,2527.1613999999986,964.5853
forecast_4217,2025-06-25 17:00,3318.9741999999983,2729.0062999999986,986.67
forecast_4218,2025-06-25 18:00,3423.643799999998,3012.9933999999985,994.2381
forecast_4219,2025-06-25 19:00,3938.1169999999984,3659.8336999999988,2401.749799999998
forecast_4220,2025-06-25 20:00,4770.691699999998,4491.400399999999,2784.0674999999983
forecast_4221,2025-06-25 21:00,5027.598099999998,4429.3726,3108.2792999999983
forecast_4222,2025-06-25 22:00,4799.1597,5765.917,4159.504999999998
forecast_4223,2025-06-25 23:00,5649.648,7189.6006,5136.373499999998
forecast_4224,2025-06-26 0:00,6760.7437,7550.573,5207.701
forecast_4225,2025-06-26 1:00,9527.045,11152.239,7922.4746
forecast_4226,2025-06-26 2:00,11108.742,12243.515,9260.239
forecast_4227,2025-06-26 3:00,11855.039,13294.531,9734.765
forecast_4228,2025-06-26 4:00,12456.541,13336.916,9729.13
forecast_4229,2025-06-26 5:00,12602.862,13511.158,10215.762
forecast_4230,2025-06-26 6:00,12348.916,12498.834,10473.922
forecast_4231,2025-06-26 7:00,11651.348,12107.835,9626.744
forecast_4232,2025-06-26 8:00,11539.242,12134.39,9913.797
forecast_4233,2025-06-26 9:00,10623.822,11270.017,9445.202
forecast_4234,2025-06-26 10:00,8415.747,9223.211,7079.449
forecast_4235,2025-06-26 11:00,7456.666,8087.2744,5644.949
forecast_4236,2025-06-26 12:00,7433.5225,8024.4927,5675.421
forecast_4237,2025-06-26 13:00,6985.9043,7360.281,5102.1816
forecast_4238,2025-06-26 14:00,6299.1646,5839.491,5105.983599999998
forecast_4239,2025-06-26 15:00,6603.3716,6133.338,4682.3096
forecast_4240,2025-06-26 16:00,6128.197,5861.2114,4226.2715
forecast_4241,2025-06-26 17:00,6571.908,6350.416,5179.917999999998
forecast_4242,2025-06-26 18:00,5888.392,6108.639,4895.503699999998
forecast_4243,2025-06-26 19:00,5444.308,5342.7275,4484.241199999998
forecast_4244,2025-06-26 20:00,6410.973,6533.5615,4429.878
forecast_4245,2025-06-26 21:00,7277.3047,7652.7656,5097.9634
forecast_4246,2025-06-26 22:00,7855.4976,8091.8774,6158.8647
forecast_4247,2025-06-26 23:00,7385.6562,6561.9546,4965.9136
forecast_4248,2025-06-27 0:00,7178.079,6821.8594,4937.055
forecast_4249,2025-06-27 1:00,4681.3867,4325.903,3797.737799999998
forecast_4250,2025-06-27 2:00,5286.312999999998,4461.102799999999,3291.047599999998
forecast_4251,2025-06-27 3:00,5373.7725,4714.65,4756.876699999998
forecast_4252,2025-06-27 4:00,6823.184,6485.926,5739.3325
forecast_4253,2025-06-27 5:00,5503.797,4695.973,4624.272699999998
forecast_4254,2025-06-27 6:00,4458.104,4420.381999999999,3439.872999999998
forecast_4255,2025-06-27 7:00,4533.977299999999,3559.3476999999984,2885.964599999998
forecast_4256,2025-06-27 8:00,3607.109399999998,2855.1532999999986,2479.2991999999977
forecast_4257,2025-06-27 9:00,3042.264299999998,2298.458099999999,2115.627599999998
forecast_4258,2025-06-27 10:00,2646.9038999999984,1980.2899999999986,982.09424
forecast_4259,2025-06-27 11:00,2477.3017999999984,1914.8118999999988,824.49194
forecast_4260,2025-06-27 12:00,2482.399699999998,2010.9007999999985,937.7738
forecast_4261,2025-06-27 13:00,3074.828999999998,2572.6384999999987,2292.857999999998
forecast_4262,2025-06-27 14:00,3715.9638999999984,3049.2109999999984,2420.134999999998
forecast_4263,2025-06-27 15:00,3249.982299999998,2531.275999999999,2172.2369999999983
forecast_4264,2025-06-27 16:00,3050.262099999998,2549.0714999999987,2173.9120999999977
forecast_4265,2025-06-27 17:00,2863.755399999998,2230.0285999999987,921.5769
forecast_4266,2025-06-27 18:00,2711.037999999998,2082.763799999999,895.6412
forecast_4267,2025-06-27 19:00,3020.423999999998,2509.811499999999,970.77606
forecast_4268,2025-06-27 20:00,3869.460999999998,3465.0587999999984,2762.857799999998
forecast_4269,2025-06-27 21:00,5142.713399999999,4324.184,3502.880399999998
forecast_4270,2025-06-27 22:00,5794.4336,7094.1577,5142.560999999998
forecast_4271,2025-06-27 23:00,7504.7485,8085.7744,5063.563
forecast_4272,2025-06-28 0:00,7029.925,7341.793,5238.015599999998
forecast_4273,2025-06-28 1:00,9164.157,9468.831,6990.1846
forecast_4274,2025-06-28 2:00,9791.442,10112.863,8030.319
forecast_4275,2025-06-28 3:00,11957.726,11945.612,8718.142
forecast_4276,2025-06-28 4:00,12896.167,13061.415,9721.826
forecast_4277,2025-06-28 5:00,12838.01,13336.117,9963.384
forecast_4278,2025-06-28 6:00,11042.695,11927.508,8563.667
forecast_4279,2025-06-28 7:00,11727.638,12610.181,9830.523
forecast_4280,2025-06-28 8:00,8202.95,9107.954,5214.4727
forecast_4281,2025-06-28 9:00,6520.312,7229.818,4864.477799999998
forecast_4282,2025-06-28 10:00,4919.3936,5425.6284,3873.901999999998
forecast_4283,2025-06-28 11:00,4584.823499999999,3979.7692999999986,3016.2351999999983
forecast_4284,2025-06-28 12:00,2838.3413999999984,2264.6049999999987,2122.988299999998
forecast_4285,2025-06-28 13:00,2841.9525999999983,2360.6222999999986,1008.48
forecast_4286,2025-06-28 14:00,3494.925999999998,3373.3546999999985,2459.6692999999977
forecast_4287,2025-06-28 15:00,3676.195299999998,3583.6251999999986,2643.1719999999978
forecast_4288,2025-06-28 16:00,3861.527999999998,3439.168499999999,2596.028199999998
forecast_4289,2025-06-28 17:00,4677.510999999999,4258.830799999999,3118.011499999998
forecast_4290,2025-06-28 18:00,5518.534999999998,4742.684,3812.963599999998
forecast_4291,2025-06-28 19:00,4801.555,5616.723,4243.042999999998
forecast_4292,2025-06-28 20:00,6478.9917,7754.4106,5925.922
forecast_4293,2025-06-28 21:00,8261.871,10513.043,7835.414
forecast_4294,2025-06-28 22:00,9468.864,11180.63,8274.165
forecast_4295,2025-06-28 23:00,9636.868,11520.61,8652.243
forecast_4296,2025-06-29 0:00,9793.93,11431.639,8733.75
forecast_4297,2025-06-29 1:00,11212.445,12727.584,9972.868
forecast_4298,2025-06-29 2:00,11888.358,13381.739,10690.891
forecast_4299,2025-06-29 3:00,12352.838,13595.675,11183.942
forecast_4300,2025-06-29 4:00,13723.317,14648.82,12009.32
forecast_4301,2025-06-29 5:00,13649.63,14542.213,12219.136
forecast_4302,2025-06-29 6:00,13761.062,14324.269,11812.138
forecast_4303,2025-06-29 7:00,13491.887,14409.204,11754.925
forecast_4304,2025-06-29 8:00,11974.871,12704.245,10443.225
forecast_4305,2025-06-29 9:00,9247.833,10138.034,7621.836
forecast_4306,2025-06-29 10:00,5411.9766,5722.4316,4558.858199999998
forecast_4307,2025-06-29 11:00,4871.911,4788.3516,4054.6979999999976
forecast_4308,2025-06-29 12:00,5514.961399999998,4491.9756,3626.098399999998
forecast_4309,2025-06-29 13:00,5106.901099999998,4168.941999999999,3303.890599999998
forecast_4310,2025-06-29 14:00,4861.657999999998,3904.3449999999984,3160.631599999998
forecast_4311,2025-06-29 15:00,4644.625999999998,3831.1942999999987,3109.496299999998
forecast_4312,2025-06-29 16:00,5169.689499999999,4138.943599999999,3439.4955999999984
forecast_4313,2025-06-29 17:00,5464.8139999999985,4235.601799999999,3728.6879999999983
forecast_4314,2025-06-29 18:00,5591.017599999998,4389.839599999998,3594.640999999998
forecast_4315,2025-06-29 19:00,4841.1323,4637.7446,4377.703099999998
forecast_4316,2025-06-29 20:00,5777.34,6892.3496,4635.2275
forecast_4317,2025-06-29 21:00,7950.6978,8863.282,6744.251
forecast_4318,2025-06-29 22:00,11392.166,12381.063,10025.334
forecast_4319,2025-06-29 23:00,12704.042,13655.091,10599.788
forecast_4320,2025-06-30 0:00,12832.558,13733.455,10918.834
forecast_4321,2025-06-30 1:00,10896.47,12377.601,9617.921
forecast_4322,2025-06-30 2:00,10784.409,12682.761,10073.852
forecast_4323,2025-06-30 3:00,11194.044,12817.451,10113.438
forecast_4324,2025-06-30 4:00,11741.0205,13157.927,10362.089
forecast_4325,2025-06-30 5:00,12766.72,13965.532,10725.847
forecast_4326,2025-06-30 6:00,12918.076,14017.114,10728.164
forecast_4327,2025-06-30 7:00,12136.64,13084.598,10096.663
forecast_4328,2025-06-30 8:00,10271.449,11088.953,8528.415
forecast_4329,2025-06-30 9:00,7819.9,8182.071,5933.8325
forecast_4330,2025-06-30 10:00,4712.229,4519.926,3767.2019999999984
forecast_4331,2025-06-30 11:00,4416.6466999999975,3982.1981999999985,3119.490999999998
forecast_4332,2025-06-30 12:00,4751.022199999998,4302.305999999999,3227.455299999998
forecast_4333,2025-06-30 13:00,4330.886,4634.7134,4196.331799999998
forecast_4334,2025-06-30 14:00,5193.681,5690.1235,4804.14
forecast_4335,2025-06-30 15:00,6464.2163,6934.0645,5750.7217
forecast_4336,2025-06-30 16:00,7861.1987,7997.2993,6511.3857
forecast_4337,2025-06-30 17:00,7316.2896,7791.291,6826.2764
forecast_4338,2025-06-30 18:00,8427.128,8798.61,6927.408
forecast_4339,2025-06-30 19:00,8935.654,10415.988,7910.7812
forecast_4340,2025-06-30 20:00,9887.715,11127.623,8653.374
forecast_4341,2025-06-30 21:00,11434.319,13322.397,10259.965
forecast_4342,2025-06-30 22:00,13280.281,14677.065,11096.405
forecast_4343,2025-06-30 23:00,13700.56,15287.21,11903.595
forecast_4344,2025-07-01 0:00,13226.307,14735.461,11797.049
forecast_4345,2025-07-01 1:00,12522.384,13992.6455,10890.459
forecast_4346,2025-07-01 2:00,12913.613,14317.673,11267.872
forecast_4347,2025-07-01 3:00,12767.048,14036.263,11024.389
forecast_4348,2025-07-01 4:00,12897.172,14088.652,11349.282
forecast_4349,2025-07-01 5:00,13753.202,14996.663,12127.4795
forecast_4350,2025-07-01 6:00,13608.224,14772.145,11432.845
forecast_4351,2025-07-01 7:00,11710.523,12943.935,10171.777
forecast_4352,2025-07-01 8:00,10529.447,12349.455,9050.459
forecast_4353,2025-07-01 9:00,9256.92,10071.902,7278.3345
forecast_4354,2025-07-01 10:00,7860.3823,7726.085,6282.128
forecast_4355,2025-07-01 11:00,7872.3306,7857.7505,6506.27
forecast_4356,2025-07-01 12:00,7813.3843,7506.5605,6819.084
forecast_4357,2025-07-01 13:00,7393.1445,6713.1943,5985.5005
forecast_4358,2025-07-01 14:00,6908.669,6361.6235,5350.0903
forecast_4359,2025-07-01 15:00,5872.1787,6068.7134,4851.7656
forecast_4360,2025-07-01 16:00,6751.6436,6268.244,5572.2153
forecast_4361,2025-07-01 17:00,6879.087,6325.3945,5587.198
forecast_4362,2025-07-01 18:00,6611.5127,6660.883,5603.0244
forecast_4363,2025-07-01 19:00,7631.394,8113.311,6747.4814
forecast_4364,2025-07-01 20:00,9184.884,10026.602,7928.438
forecast_4365,2025-07-01 21:00,11658.249,12509.3955,10145.403
forecast_4366,2025-07-01 22:00,12870.718,14345.42,12034.477
forecast_4367,2025-07-01 23:00,13856.469,14926.182,12783.573
forecast_4368,2025-07-02 0:00,15531.554,16403.992,15213.528
forecast_4369,2025-07-02 1:00,15776.107,16052.271,14538.606
forecast_4370,2025-07-02 2:00,16876.24,17381.379,16219.183
forecast_4371,2025-07-02 3:00,16781.637,17395.855,15799.892
forecast_4372,2025-07-02 4:00,16513.934,17364.064,15953.309
forecast_4373,2025-07-02 5:00,16719.98,17608.088,16115.546
forecast_4374,2025-07-02 6:00,15980.101,17265.96,15484.05
forecast_4375,2025-07-02 7:00,16125.566,17148.62,15772.025
forecast_4376,2025-07-02 8:00,14728.441,15870.865,14158.044
forecast_4377,2025-07-02 9:00,12709.191,13743.11,11086.039
forecast_4378,2025-07-02 10:00,10975.494,11277.308,9344.809
forecast_4379,2025-07-02 11:00,9497.015,9901.223,8099.192
forecast_4380,2025-07-02 12:00,9634.525,9828.536,8223.341
forecast_4381,2025-07-02 13:00,8953.361,8364.841,7293.368
forecast_4382,2025-07-02 14:00,8001.741,8042.2305,6759.149
forecast_4383,2025-07-02 15:00,7123.665,6477.824,5380.2744
forecast_4384,2025-07-02 16:00,5627.8237,5507.2676,5244.772999999998
forecast_4385,2025-07-02 17:00,5424.111,5052.1343,4732.324199999998
forecast_4386,2025-07-02 18:00,5007.632,4720.8867,4511.615499999998
forecast_4387,2025-07-02 19:00,5845.8296,5601.6953,5209.008299999999
forecast_4388,2025-07-02 20:00,7008.2153,8011.255,5860.273
forecast_4389,2025-07-02 21:00,8424.593,10018.743,7585.7485
forecast_4390,2025-07-02 22:00,10363.324,12573.484,9425.027
forecast_4391,2025-07-02 23:00,10986.086,12722.554,9794.965
forecast_4392,2025-07-03 0:00,11242.104,13187.816,9763.987
forecast_4393,2025-07-03 1:00,11936.445,13299.632,10194.457
forecast_4394,2025-07-03 2:00,12920.072,13915.591,11525.746
forecast_4395,2025-07-03 3:00,14418.237,14765.565,12712.824
forecast_4396,2025-07-03 4:00,14828.454,15100.288,12938.147
forecast_4397,2025-07-03 5:00,15470.285,15940.078,13940.709
forecast_4398,2025-07-03 6:00,15490.287,16046.554,14030.91
forecast_4399,2025-07-03 7:00,15688.194,15666.929,13436.189
forecast_4400,2025-07-03 8:00,14449.346,14913.517,12689.564
forecast_4401,2025-07-03 9:00,13647.776,14492.028,12539.16
forecast_4402,2025-07-03 10:00,10722.8125,11553.942,9743.432
forecast_4403,2025-07-03 11:00,8603.527,9480.33,8069.062
forecast_4404,2025-07-03 12:00,8249.231,8367.774,7986.187
forecast_4405,2025-07-03 13:00,7671.0415,7106.2197,7464.98
forecast_4406,2025-07-03 14:00,7810.8745,7215.1562,7177.7954
forecast_4407,2025-07-03 15:00,8461.504,8344.024,7768.352
forecast_4408,2025-07-03 16:00,9074.404,8251.07,8135.155
forecast_4409,2025-07-03 17:00,8006.182,7432.559,7219.071
forecast_4410,2025-07-03 18:00,8858.139,8811.919,7925.242
forecast_4411,2025-07-03 19:00,11397.039,11656.552,10170.646
forecast_4412,2025-07-03 20:00,13316.627,14016.275,11946.567
forecast_4413,2025-07-03 21:00,14227.681,14682.299,12987.49
forecast_4414,2025-07-03 22:00,15326.031,15707.931,13781.164
forecast_4415,2025-07-03 23:00,15538.254,15933.474,14536.581
forecast_4416,2025-07-04 0:00,16477.777,16802.955,16001.579
forecast_4417,2025-07-04 1:00,15619.86,16217.714,14566.262
forecast_4418,2025-07-04 2:00,16198.352,16565.605,16023.168
forecast_4419,2025-07-04 3:00,16972.848,17451.967,16495.432
forecast_4420,2025-07-04 4:00,17522.037,17703.963,16646.225
forecast_4421,2025-07-04 5:00,17769.445,18088.87,17160.033
forecast_4422,2025-07-04 6:00,18137.404,18870.324,17186.502
forecast_4423,2025-07-04 7:00,17668.268,18441.451,17604.99
forecast_4424,2025-07-04 8:00,17787.047,18172.133,17323.037
forecast_4425,2025-07-04 9:00,16836.26,17921.084,16201.297
forecast_4426,2025-07-04 10:00,15853.113,16805.867,15693.302
forecast_4427,2025-07-04 11:00,15518.09,16231.32,15573.471
forecast_4428,2025-07-04 12:00,15432.347,16354.291,15983.098
forecast_4429,2025-07-04 13:00,14785.918,15955.919,15017.453
forecast_4430,2025-07-04 14:00,12974.306,15268.423,13703.029
forecast_4431,2025-07-04 15:00,14652.732,16210.062,15422.127
forecast_4432,2025-07-04 16:00,15047.246,16234.671,15555.292
forecast_4433,2025-07-04 17:00,15905.283,16780.574,16270.122
forecast_4434,2025-07-04 18:00,14980.199,16302.214,16169.788
forecast_4435,2025-07-04 19:00,16304.815,16900.926,16496.55
forecast_4436,2025-07-04 20:00,16169.25,17699.115,16614.37
forecast_4437,2025-07-04 21:00,16202.995,17455.139,16754.443
forecast_4438,2025-07-04 22:00,17333.049,18234.111,16865.484
forecast_4439,2025-07-04 23:00,17711.12,18902.205,17014.553
forecast_4440,2025-07-05 0:00,17256.217,18820.193,17769.545
forecast_4441,2025-07-05 1:00,15231.529,16539.906,16098.99
forecast_4442,2025-07-05 2:00,15488.506,16967.486,16349.931
forecast_4443,2025-07-05 3:00,15624.386,16573.562,16103.842
forecast_4444,2025-07-05 4:00,15469.649,16342.322,16006.333
forecast_4445,2025-07-05 5:00,15913.037,16542.906,16161.436
forecast_4446,2025-07-05 6:00,15775.644,16651.781,16116.9375
forecast_4447,2025-07-05 7:00,15387.056,16912.701,15957.717
forecast_4448,2025-07-05 8:00,14111.023,15314.95,14271.085
forecast_4449,2025-07-05 9:00,12881.667,14387.915,12437.958
forecast_4450,2025-07-05 10:00,11745.703,13093.276,11172.547
forecast_4451,2025-07-05 11:00,11409.051,12435.881,10479.867
forecast_4452,2025-07-05 12:00,11106.683,11692.545,10294.608
forecast_4453,2025-07-05 13:00,11913.463,11330.626,10681.142
forecast_4454,2025-07-05 14:00,11407.538,10891.273,10340.488
forecast_4455,2025-07-05 15:00,11466.527,10592.083,10259.324
forecast_4456,2025-07-05 16:00,11271.49,10067.338,10218.78
forecast_4457,2025-07-05 17:00,11119.292,10195.295,10121.702
forecast_4458,2025-07-05 18:00,11095.206,10779.785,10232.418
forecast_4459,2025-07-05 19:00,12389.003,13439.731,12346.018
forecast_4460,2025-07-05 20:00,14635.183,15474.8125,15602.354
forecast_4461,2025-07-05 21:00,15359.277,16815.658,16052.233
forecast_4462,2025-07-05 22:00,15769.732,16779.803,16357.833
forecast_4463,2025-07-05 23:00,16223.311,16879.29,16368.996
forecast_4464,2025-07-06 0:00,16265.586,16434.473,15990.897
forecast_4465,2025-07-06 1:00,17519.105,17493.594,16665.365
forecast_4466,2025-07-06 2:00,17930.3,17721.275,16621.72
forecast_4467,2025-07-06 3:00,18171.102,17822.336,16967.16
forecast_4468,2025-07-06 4:00,18101.596,17940.018,16994.717
forecast_4469,2025-07-06 5:00,17718.309,17756.348,16869.422
forecast_4470,2025-07-06 6:00,17163.494,17646.682,16916.26
forecast_4471,2025-07-06 7:00,16830.209,17542.033,16741.703
forecast_4472,2025-07-06 8:00,15841.43,17065.947,16201.2295
forecast_4473,2025-07-06 9:00,13701.677,15763.908,14631.182
forecast_4474,2025-07-06 10:00,11918.836,13267.535,11692.351
forecast_4475,2025-07-06 11:00,10376.175,10877.879,9709.416
forecast_4476,2025-07-06 12:00,9019.473,9793.793,8581.941
forecast_4477,2025-07-06 13:00,7033.577,6739.072,5743.913
forecast_4478,2025-07-06 14:00,5902.8804,5573.5107,4936.029999999998
forecast_4479,2025-07-06 15:00,4882.486,4593.1084,4118.325999999998
forecast_4480,2025-07-06 16:00,5120.7715,4562.2573,4236.415299999998
forecast_4481,2025-07-06 17:00,5205.4385,4472.562,4161.840299999998
forecast_4482,2025-07-06 18:00,5316.6826,4774.3486,4220.885999999998
forecast_4483,2025-07-06 19:00,6376.609,6065.994,4231.8516
forecast_4484,2025-07-06 20:00,8851.623,8904.319,7105.491
forecast_4485,2025-07-06 21:00,10786.45,10843.108,8497.6
forecast_4486,2025-07-06 22:00,11701.199,11728.374,8846.229
forecast_4487,2025-07-06 23:00,11825.58,11968.976,8931.953
forecast_4488,2025-07-07 0:00,12622.759,12497.823,9484.055
forecast_4489,2025-07-07 1:00,11333.675,10249.142,8024.137
forecast_4490,2025-07-07 2:00,11809.676,10900.318,8293.255
forecast_4491,2025-07-07 3:00,11481.827,11024.546,8216.018
forecast_4492,2025-07-07 4:00,9730.67,9667.188,6214.714
forecast_4493,2025-07-07 5:00,6266.617,5295.005,3855.1686999999984
forecast_4494,2025-07-07 6:00,5406.516599999998,3836.8679999999986,2651.7434999999978
forecast_4495,2025-07-07 7:00,4395.147699999998,2827.5683999999987,2150.142599999998
forecast_4496,2025-07-07 8:00,3183.614599999998,2181.8832999999986,824.69025
forecast_4497,2025-07-07 9:00,2632.902299999998,1848.0410999999986,817.4225
forecast_4498,2025-07-07 10:00,2435.812399999998,1763.1026999999985,740.5508
forecast_4499,2025-07-07 11:00,2492.5631999999982,1809.6271999999985,798.2026
forecast_4500,2025-07-07 12:00,2455.484099999998,1888.0853999999986,824.09595
forecast_4501,2025-07-07 13:00,2480.811999999998,2014.524199999999,906.97845
forecast_4502,2025-07-07 14:00,2554.065599999998,2005.4424999999987,963.002
forecast_4503,2025-07-07 15:00,2561.248399999998,1976.3667999999989,888.8368
forecast_4504,2025-07-07 16:00,2591.4699999999984,2027.3695999999986,824.49194
forecast_4505,2025-07-07 17:00,2669.037999999998,2006.5843999999988,894.80255
forecast_4506,2025-07-07 18:00,2690.7176999999983,2102.503499999999,895.83105
forecast_4507,2025-07-07 19:00,2650.8185999999982,2066.8758999999986,824.49194
forecast_4508,2025-07-07 20:00,2813.332499999998,2157.2857999999987,824.49194
forecast_4509,2025-07-07 21:00,2941.344399999998,2273.485499999999,824.49194
forecast_4510,2025-07-07 22:00,3128.097299999998,2427.122399999999,824.49194
forecast_4511,2025-07-07 23:00,2992.9258999999984,2323.9538999999986,824.49194
forecast_4512,2025-07-08 0:00,2932.446499999998,2271.331299999999,824.49194
forecast_4513,2025-07-08 1:00,2825.695799999998,2148.2749999999987,864.5182
forecast_4514,2025-07-08 2:00,2648.320599999998,2014.8242999999989,817.5023
forecast_4515,2025-07-08 3:00,2620.418599999998,1913.6103999999987,809.623
forecast_4516,2025-07-08 4:00,2641.523699999998,1936.1724999999988,798.2026
forecast_4517,2025-07-08 5:00,2650.064699999998,1928.3947999999987,822.75653
forecast_4518,2025-07-08 6:00,2571.532999999998,1906.6742999999988,745.6742
forecast_4519,2025-07-08 7:00,2499.652599999998,1899.104699999999,817.4225
forecast_4520,2025-07-08 8:00,2506.114599999998,1968.2384999999986,793.8436
forecast_4521,2025-07-08 9:00,2498.0023999999985,1933.425299999999,751.5428
forecast_4522,2025-07-08 10:00,2479.9118999999982,1838.6730999999986,740.5508
forecast_4523,2025-07-08 11:00,2496.775399999998,1912.6459999999988,809.1945
forecast_4524,2025-07-08 12:00,2629.349999999998,1967.2411999999986,824.49194
forecast_4525,2025-07-08 13:00,2772.9488999999985,2167.8760999999986,906.97845
forecast_4526,2025-07-08 14:00,2662.899699999998,2114.254799999999,901.872
forecast_4527,2025-07-08 15:00,2705.9667999999983,2116.2290999999987,906.97845
forecast_4528,2025-07-08 16:00,2650.839699999998,2066.256199999999,901.872
forecast_4529,2025-07-08 17:00,2580.0351999999984,1969.6505999999986,824.49194
forecast_4530,2025-07-08 18:00,2511.856899999998,1902.6421999999989,824.49194
forecast_4531,2025-07-08 19:00,2513.4042999999983,1922.3823999999986,766.4442
forecast_4532,2025-07-08 20:00,2611.384199999998,2019.6322999999988,818.4509
forecast_4533,2025-07-08 21:00,2875.2967999999983,2255.5651999999986,818.4509
forecast_4534,2025-07-08 22:00,3351.516999999998,2744.2287999999985,888.8368
forecast_4535,2025-07-08 23:00,3318.824199999998,2690.618799999999,906.97845
forecast_4536,2025-07-09 0:00,3387.414999999998,2753.942999999999,901.872
forecast_4537,2025-07-09 1:00,3293.9919999999984,2665.4639999999986,824.49194
forecast_4538,2025-07-09 2:00,3472.7309999999984,2897.0799999999986,901.872
forecast_4539,2025-07-09 3:00,3549.055199999998,2857.5129999999986,904.1333
forecast_4540,2025-07-09 4:00,3507.323699999998,2755.5424999999987,902.637
forecast_4541,2025-07-09 5:00,3589.209699999998,2927.7714999999985,931.71216
forecast_4542,2025-07-09 6:00,3649.113299999998,3101.1069999999986,945.08856
forecast_4543,2025-07-09 7:00,3653.2025999999983,3127.3935999999985,1029.2595
forecast_4544,2025-07-09 8:00,3544.439699999998,2988.080799999999,2165.109599999998
forecast_4545,2025-07-09 9:00,3349.3439999999982,2840.4089999999987,1031.0448
forecast_4546,2025-07-09 10:00,2964.588499999998,2502.0211999999988,1020.4126
forecast_4547,2025-07-09 11:00,3047.7796999999982,2661.6602999999986,2251.847499999998
forecast_4548,2025-07-09 12:00,3103.954999999998,2731.2692999999986,2363.860099999998
forecast_4549,2025-07-09 13:00,2932.720499999998,2514.6741999999986,2407.0208999999977
forecast_4550,2025-07-09 14:00,3015.5283999999983,2655.4351999999985,2467.415299999998
forecast_4551,2025-07-09 15:00,3044.642999999998,2610.435399999999,2289.1807999999983
forecast_4552,2025-07-09 16:00,3076.041099999998,2566.922999999999,2239.398199999998
forecast_4553,2025-07-09 17:00,3106.254799999998,2545.5633999999986,2100.1119999999983
forecast_4554,2025-07-09 18:00,3205.6574999999984,2637.0460999999987,1005.7923
forecast_4555,2025-07-09 19:00,3404.9791999999984,2867.054699999999,971.46985
forecast_4556,2025-07-09 20:00,3750.5773999999983,3387.6337999999987,2148.771399999998
forecast_4557,2025-07-09 21:00,4229.013199999998,3801.6481999999987,2333.442899999998
forecast_4558,2025-07-09 22:00,5017.087599999998,4586.240999999999,2716.200699999998
forecast_4559,2025-07-09 23:00,5135.374799999998,4362.9165,2728.407299999998
forecast_4560,2025-07-10 0:00,5340.450399999998,4468.96,2728.9246999999978
forecast_4561,2025-07-10 1:00,5319.424999999998,4873.502399999999,2708.4264999999978
forecast_4562,2025-07-10 2:00,5413.312999999998,4344.652,2695.223599999998
forecast_4563,2025-07-10 3:00,5242.012699999998,4943.843799999999,2662.577899999998
forecast_4564,2025-07-10 4:00,5528.134299999998,4687.2188,2820.446399999998
forecast_4565,2025-07-10 5:00,4561.774,5398.469,3196.193799999998
forecast_4566,2025-07-10 6:00,4920.3345,5700.5063,3340.2249999999976
forecast_4567,2025-07-10 7:00,5153.959,6039.198,3667.3624999999984
forecast_4568,2025-07-10 8:00,5412.2705,6870.7974,4696.934999999998
forecast_4569,2025-07-10 9:00,5503.566,7460.1475,4466.1562
forecast_4570,2025-07-10 10:00,5614.726599999998,5583.5605,4737.103799999998
forecast_4571,2025-07-10 11:00,5481.088399999998,5391.943,4657.865199999998
forecast_4572,2025-07-10 12:00,5398.205999999998,5162.1924,4295.466299999998
forecast_4573,2025-07-10 13:00,4926.689999999999,4653.982,3678.3966999999975
forecast_4574,2025-07-10 14:00,5015.325199999998,4783.482,3888.8409999999976
forecast_4575,2025-07-10 15:00,4882.566999999998,4440.5576,3525.4235999999983
forecast_4576,2025-07-10 16:00,5007.267299999998,4363.2686,3493.676999999998
forecast_4577,2025-07-10 17:00,5106.396499999998,4546.385,3524.1093999999975
forecast_4578,2025-07-10 18:00,5592.450999999998,5324.9775,3598.567399999998
forecast_4579,2025-07-10 19:00,4970.94,6182.525,4355.913999999998
forecast_4580,2025-07-10 20:00,5547.177,6741.032,4965.092999999998
forecast_4581,2025-07-10 21:00,6769.296,7833.936,4890.2285
forecast_4582,2025-07-10 22:00,7931.385,9546.833,5827.272
forecast_4583,2025-07-10 23:00,7935.815,9454.467,6168.8213
forecast_4584,2025-07-11 0:00,7960.936,9699.785,6209.112
forecast_4585,2025-07-11 1:00,7752.8804,9688.9375,5679.449
forecast_4586,2025-07-11 2:00,7748.0645,9637.909,5435.618
forecast_4587,2025-07-11 3:00,7836.158,9717.854,5774.523
forecast_4588,2025-07-11 4:00,7675.5396,9559.988,6031.6265
forecast_4589,2025-07-11 5:00,7922.366,9970.995,6144.1924
forecast_4590,2025-07-11 6:00,8144.451,10188.448,6577.774
forecast_4591,2025-07-11 7:00,8444.324,10326.024,7102.1973
forecast_4592,2025-07-11 8:00,8273.8545,10379.232,7326.848
forecast_4593,2025-07-11 9:00,7456.927,9563.706,6911.7637
forecast_4594,2025-07-11 10:00,5390.9976,6762.208,4413.976
forecast_4595,2025-07-11 11:00,4648.073,5861.3394,5051.557399999998
forecast_4596,2025-07-11 12:00,5019.4336,6466.3213,5395.3184
forecast_4597,2025-07-11 13:00,4739.3203,5877.2036,4967.625999999998
forecast_4598,2025-07-11 14:00,4469.0674,5200.5005,4787.386999999998
forecast_4599,2025-07-11 15:00,4729.4569999999985,4437.604,3787.785399999998
forecast_4600,2025-07-11 16:00,4496.7069999999985,4739.587999999999,3445.6969999999983
forecast_4601,2025-07-11 17:00,4812.681599999998,4774.855999999999,3509.514199999998
forecast_4602,2025-07-11 18:00,4516.096,5762.5825,4109.631999999998
forecast_4603,2025-07-11 19:00,4998.7314,6134.1973,4073.8256999999976
forecast_4604,2025-07-11 20:00,5592.3325,6497.031,4207.533699999998
forecast_4605,2025-07-11 21:00,6634.6084,7370.4185,5054.849999999998
forecast_4606,2025-07-11 22:00,6627.2603,7860.5347,4756.683799999998
forecast_4607,2025-07-11 23:00,6990.4414,7845.565,5137.845699999998
forecast_4608,2025-07-12 0:00,7151.332,8223.91,4667.982999999998
forecast_4609,2025-07-12 1:00,6161.9536,6641.071,3963.6183999999976
forecast_4610,2025-07-12 2:00,5429.1904,5949.412,3256.8053999999984
forecast_4611,2025-07-12 3:00,5099.4243,5756.358,3257.7221999999983
forecast_4612,2025-07-12 4:00,5149.2085,5306.3774,3188.499799999998
forecast_4613,2025-07-12 5:00,4623.6426,4791.8267,2961.616799999998
forecast_4614,2025-07-12 6:00,5541.803999999998,4794.639999999999,2751.698999999998
forecast_4615,2025-07-12 7:00,5412.412999999998,4698.809999999999,2744.023699999998
forecast_4616,2025-07-12 8:00,4747.935499999998,3893.8371999999986,2562.912199999998
forecast_4617,2025-07-12 9:00,3722.576399999998,3132.7009999999987,2349.605999999998
forecast_4618,2025-07-12 10:00,2924.370699999998,2338.1544999999987,935.04474
forecast_4619,2025-07-12 11:00,2742.556499999998,2299.9489999999987,967.4363
forecast_4620,2025-07-12 12:00,2625.5004999999983,2118.7117999999987,921.361
forecast_4621,2025-07-12 13:00,2576.069099999998,2009.9782999999989,820.1815
forecast_4622,2025-07-12 14:00,2585.2855999999983,1993.5299999999988,836.23944
forecast_4623,2025-07-12 15:00,2556.5339999999983,1944.898099999999,888.8368
forecast_4624,2025-07-12 16:00,2516.5330999999983,1875.5117999999989,798.2026
forecast_4625,2025-07-12 17:00,2460.419399999998,1756.903699999999,713.67346
forecast_4626,2025-07-12 18:00,2496.462599999998,1771.9336999999987,740.5508
forecast_4627,2025-07-12 19:00,2551.352399999998,1825.3463999999985,766.4442
forecast_4628,2025-07-12 20:00,2961.2729999999983,2364.643299999999,1014.83203
forecast_4629,2025-07-12 21:00,3372.4406999999983,2992.603299999999,2276.214499999998
forecast_4630,2025-07-12 22:00,3664.775399999998,3139.0485999999987,2308.5554999999977
forecast_4631,2025-07-12 23:00,4061.863499999998,3167.724899999999,2364.681999999998
forecast_4632,2025-07-13 0:00,4793.013399999998,3763.5675999999985,2878.567399999998
forecast_4633,2025-07-13 1:00,4483.993399999998,3775.5289999999986,2822.544399999998
forecast_4634,2025-07-13 2:00,4759.525099999998,3808.8405999999986,2965.765399999998
forecast_4635,2025-07-13 3:00,4549.530499999998,3460.8327999999988,2629.4097999999976
forecast_4636,2025-07-13 4:00,3424.800999999998,2470.102199999999,2155.5734999999977
forecast_4637,2025-07-13 5:00,3173.9024999999983,2240.857999999999,1016.0244
forecast_4638,2025-07-13 6:00,2800.705799999998,2226.4606999999987,953.63055
forecast_4639,2025-07-13 7:00,2884.4137999999984,2253.0150999999987,966.0769
forecast_4640,2025-07-13 8:00,2657.0221999999985,2116.260899999999,818.4509
forecast_4641,2025-07-13 9:00,2611.8067999999985,1972.7691999999988,824.49194
forecast_4642,2025-07-13 10:00,2469.165799999998,1828.4845999999989,766.84015
forecast_4643,2025-07-13 11:00,2648.623199999998,2000.0564999999988,829.5984
forecast_4644,2025-07-13 12:00,2562.050799999998,1933.8981999999987,867.1399
forecast_4645,2025-07-13 13:00,2497.315599999998,1917.8678999999988,795.538
forecast_4646,2025-07-13 14:00,2674.220099999998,2180.6620999999986,1033.8702
forecast_4647,2025-07-13 15:00,2697.875199999998,2126.230799999999,906.97845
forecast_4648,2025-07-13 16:00,2915.6623999999983,2374.8383999999987,2178.7868999999982
forecast_4649,2025-07-13 17:00,4120.192099999998,3329.7616999999987,2658.7132999999976
forecast_4650,2025-07-13 18:00,4085.194599999998,3547.337999999999,2680.2771999999977
forecast_4651,2025-07-13 19:00,4325.775099999998,3668.6081999999988,2960.565899999998
forecast_4652,2025-07-13 20:00,4371.258999999998,3835.3351999999986,2740.321899999998
forecast_4653,2025-07-13 21:00,5027.718799999999,4197.534699999999,2491.382099999998
forecast_4654,2025-07-13 22:00,5319.514999999998,4623.029299999999,2594.557499999998
forecast_4655,2025-07-13 23:00,5172.475999999999,4916.906199999999,3008.815799999998
forecast_4656,2025-07-14 0:00,5322.0927999999985,4488.6665,3142.000699999998
forecast_4657,2025-07-14 1:00,4841.109,5440.613,3673.747299999998
forecast_4658,2025-07-14 2:00,5031.603,5215.484,3561.946499999998
forecast_4659,2025-07-14 3:00,5392.7544,6688.4004,5020.666999999998
forecast_4660,2025-07-14 4:00,4965.7803,5760.844,3746.7860999999975
forecast_4661,2025-07-14 5:00,5099.358,5356.0366,3273.7113999999983
forecast_4662,2025-07-14 6:00,5161.325,5561.2036,3853.078999999998
forecast_4663,2025-07-14 7:00,5526.303,6416.2544,4354.751199999998
forecast_4664,2025-07-14 8:00,5437.543,6013.985,3988.319999999998
forecast_4665,2025-07-14 9:00,6140.609,6182.5835,3949.646499999998
forecast_4666,2025-07-14 10:00,5030.4863,5162.361,3343.322799999998
forecast_4667,2025-07-14 11:00,5948.533,5858.978,3963.999499999998
forecast_4668,2025-07-14 12:00,5070.1772,5031.4746,3284.0346999999983
forecast_4669,2025-07-14 13:00,4871.9644,5010.9893,3261.115499999998
forecast_4670,2025-07-14 14:00,4523.862,4664.4346,3188.739999999998
forecast_4671,2025-07-14 15:00,5445.3438,5585.891,3808.994999999998
forecast_4672,2025-07-14 16:00,6479.632,5667.626,4510.721999999998
forecast_4673,2025-07-14 17:00,6100.9546,5376.9917,3970.859099999998
forecast_4674,2025-07-14 18:00,6061.847,5411.9385,3649.6237999999976
forecast_4675,2025-07-14 19:00,6335.0635,6069.1826,3713.7038999999977
forecast_4676,2025-07-14 20:00,6477.3184,6225.7217,4003.4884999999977
forecast_4677,2025-07-14 21:00,5592.203,6287.126,3809.6169999999984
forecast_4678,2025-07-14 22:00,5949.3027,6198.9683,4011.4829999999984
forecast_4679,2025-07-14 23:00,6177.5254,6067.9243,4144.855999999998
forecast_4680,2025-07-15 0:00,7114.8228,6472.352,4776.973099999998
forecast_4681,2025-07-15 1:00,10607.747,11245.974,9357.708
forecast_4682,2025-07-15 2:00,11072.476,12266.1045,9670.39
forecast_4683,2025-07-15 3:00,10613.56,11549.061,9620.963
forecast_4684,2025-07-15 4:00,9333.054,10778.545,8682.793
forecast_4685,2025-07-15 5:00,8408.039,9492.634,6699.4507
forecast_4686,2025-07-15 6:00,8761.754,9584.12,7787.4907
forecast_4687,2025-07-15 7:00,7731.4536,8631.47,5961.374
forecast_4688,2025-07-15 8:00,6919.3745,8300.758,5431.9434
forecast_4689,2025-07-15 9:00,7368.65,9081.809,6444.86
forecast_4690,2025-07-15 10:00,5892.3237,6729.489,5192.364299999998
forecast_4691,2025-07-15 11:00,4969.1875,5143.1367,4624.563999999998
forecast_4692,2025-07-15 12:00,4380.927,4940.614,4205.221399999998
forecast_4693,2025-07-15 13:00,5044.035399999999,4570.9987999999985,3859.898199999998
forecast_4694,2025-07-15 14:00,5163.830999999998,4320.815,3890.511499999998
forecast_4695,2025-07-15 15:00,4701.15,5295.836,4749.022999999998
forecast_4696,2025-07-15 16:00,4679.186,5275.2993,5021.627199999998
forecast_4697,2025-07-15 17:00,5516.640599999998,4600.5654,3963.7716999999975
forecast_4698,2025-07-15 18:00,5521.489699999998,4441.0,4043.086699999998
forecast_4699,2025-07-15 19:00,4782.203999999998,4922.194299999999,3825.8075999999983
forecast_4700,2025-07-15 20:00,5338.387499999998,5055.3716,3928.3512999999975
forecast_4701,2025-07-15 21:00,4913.053,6521.677,4483.069299999998
forecast_4702,2025-07-15 22:00,5354.252,6862.8696,4670.9191999999975
forecast_4703,2025-07-15 23:00,5220.418,6331.306,4447.799299999998
forecast_4704,2025-07-16 0:00,6794.085,8644.808,4996.070999999998
forecast_4705,2025-07-16 1:00,10944.721,11801.579,8860.553
forecast_4706,2025-07-16 2:00,11752.221,13531.09,10023.887
forecast_4707,2025-07-16 3:00,13104.825,14658.121,11031.926
forecast_4708,2025-07-16 4:00,13444.084,14654.272,11523.379
forecast_4709,2025-07-16 5:00,12802.741,14454.611,11055.471
forecast_4710,2025-07-16 6:00,12760.746,14060.813,10605.888
forecast_4711,2025-07-16 7:00,10719.516,11986.712,8685.276
forecast_4712,2025-07-16 8:00,10088.125,11723.368,7830.8335
forecast_4713,2025-07-16 9:00,6768.601,7010.38,4378.8164
forecast_4714,2025-07-16 10:00,6614.447,6561.9404,4315.854
forecast_4715,2025-07-16 11:00,5343.608,6248.9375,5063.871799999998
forecast_4716,2025-07-16 12:00,4937.1997,5791.5093,4542.502199999998
forecast_4717,2025-07-16 13:00,5943.337,8253.314,4997.3813
forecast_4718,2025-07-16 14:00,5361.725,6604.4395,4914.078899999998
forecast_4719,2025-07-16 15:00,4991.9146,6015.796,4581.656699999998
forecast_4720,2025-07-16 16:00,5465.5483,6529.496,4928.869099999998
forecast_4721,2025-07-16 17:00,5593.596,6848.488,4854.620999999998
forecast_4722,2025-07-16 18:00,5797.0073,7332.1235,5175.658699999998
forecast_4723,2025-07-16 19:00,5738.678,6488.58,4934.739699999998
forecast_4724,2025-07-16 20:00,4857.6826,6161.6895,4223.211699999998
forecast_4725,2025-07-16 21:00,6018.713,6784.5425,5161.521999999998
forecast_4726,2025-07-16 22:00,8016.21,9836.291,6699.0693
forecast_4727,2025-07-16 23:00,9739.186,12071.999,8283.107
forecast_4728,2025-07-17 0:00,11376.3545,13459.635,9986.414
forecast_4729,2025-07-17 1:00,12292.206,14618.861,12159.62
forecast_4730,2025-07-17 2:00,12994.466,15338.777,12492.096
forecast_4731,2025-07-17 3:00,12644.927,15225.124,12597.562
forecast_4732,2025-07-17 4:00,12495.322,15187.062,12216.839
forecast_4733,2025-07-17 5:00,11600.277,13944.98,10878.974
forecast_4734,2025-07-17 6:00,11400.744,13902.327,10909.928
forecast_4735,2025-07-17 7:00,12362.445,14425.479,11600.776
forecast_4736,2025-07-17 8:00,12125.383,14488.529,11397.887
forecast_4737,2025-07-17 9:00,11798.414,14339.231,11101.167
forecast_4738,2025-07-17 10:00,11728.864,14393.893,11214.6875
forecast_4739,2025-07-17 11:00,11495.763,14418.104,11332.251
forecast_4740,2025-07-17 12:00,10960.838,13461.569,10310.614
forecast_4741,2025-07-17 13:00,11091.804,13780.374,10819.88
forecast_4742,2025-07-17 14:00,10928.361,13535.31,10920.896
forecast_4743,2025-07-17 15:00,10372.863,13120.428,10259.554
forecast_4744,2025-07-17 16:00,8920.646,11014.132,8742.059
forecast_4745,2025-07-17 17:00,7650.116,9533.535,7388.7666
forecast_4746,2025-07-17 18:00,8236.379,10045.323,8501.28
forecast_4747,2025-07-17 19:00,9198.573,10806.293,8843.837
forecast_4748,2025-07-17 20:00,8996.8,11414.765,9000.346
forecast_4749,2025-07-17 21:00,10326.193,12993.935,10415.471
forecast_4750,2025-07-17 22:00,9055.106,12363.32,9767.741
forecast_4751,2025-07-17 23:00,10338.744,12855.616,9932.103
forecast_4752,2025-07-18 0:00,10473.737,13317.956,10023.925
forecast_4753,2025-07-18 1:00,11917.563,14941.581,12242.828
forecast_4754,2025-07-18 2:00,10559.428,13833.336,10998.636
forecast_4755,2025-07-18 3:00,11825.225,14078.242,11254.508
forecast_4756,2025-07-18 4:00,10938.997,13366.94,10341.034
forecast_4757,2025-07-18 5:00,11177.67,13432.857,10472.934
forecast_4758,2025-07-18 6:00,11036.139,12828.323,9761.306
forecast_4759,2025-07-18 7:00,10399.676,13147.268,10026.927
forecast_4760,2025-07-18 8:00,9750.655,12064.087,9282.85
forecast_4761,2025-07-18 9:00,9243.191,12750.678,9910.265
forecast_4762,2025-07-18 10:00,8053.073,10652.62,7465.5293
forecast_4763,2025-07-18 11:00,5891.1226,8032.214,5008.759
forecast_4764,2025-07-18 12:00,4362.7666,5173.3174,3923.756299999998
forecast_4765,2025-07-18 13:00,3931.403999999998,3747.4469999999988,2708.085399999998
forecast_4766,2025-07-18 14:00,4453.872799999998,4280.981999999999,3033.609699999998
forecast_4767,2025-07-18 15:00,5524.724599999998,4838.991,3929.3939999999975
forecast_4768,2025-07-18 16:00,5469.337999999998,4397.9414,3344.289999999998
forecast_4769,2025-07-18 17:00,5354.8022,6972.4253,5148.110399999998
forecast_4770,2025-07-18 18:00,7016.869,9018.017,6305.539
forecast_4771,2025-07-18 19:00,6516.081,7941.947,5792.025
forecast_4772,2025-07-18 20:00,7473.5244,9564.114,6775.0938
forecast_4773,2025-07-18 21:00,8507.111,10878.296,8256.061
forecast_4774,2025-07-18 22:00,7968.286,9786.128,7131.5283
forecast_4775,2025-07-18 23:00,8566.493,10978.901,8119.7173
forecast_4776,2025-07-19 0:00,8381.909,11242.2,8126.3115
forecast_4777,2025-07-19 1:00,7336.089,9585.373,6628.2354
forecast_4778,2025-07-19 2:00,6328.672,8045.9263,4954.7153
forecast_4779,2025-07-19 3:00,5858.6895,7343.7573,4928.933999999998
forecast_4780,2025-07-19 4:00,5434.808,6403.8984,4580.965299999998
forecast_4781,2025-07-19 5:00,4882.288,5719.2456,3969.005399999998
forecast_4782,2025-07-19 6:00,5137.1597,5639.778,4206.906999999998
forecast_4783,2025-07-19 7:00,5905.936,6448.1274,5194.611299999998
forecast_4784,2025-07-19 8:00,6197.068,7268.9834,4536.2563
forecast_4785,2025-07-19 9:00,5256.105,6836.487,4975.651099999998
forecast_4786,2025-07-19 10:00,6750.487,8127.327,5880.277
forecast_4787,2025-07-19 11:00,8614.117,11382.243,8990.209
forecast_4788,2025-07-19 12:00,9254.843,11979.61,10324.515
forecast_4789,2025-07-19 13:00,8544.034,10528.961,9127.541
forecast_4790,2025-07-19 14:00,10216.559,12829.29,10895.4375
forecast_4791,2025-07-19 15:00,11019.059,13296.076,11606.528
forecast_4792,2025-07-19 16:00,11347.287,13566.917,11870.625
forecast_4793,2025-07-19 17:00,10754.384,12803.885,10790.933
forecast_4794,2025-07-19 18:00,9665.506,12458.337,10517.301
forecast_4795,2025-07-19 19:00,9609.072,12588.882,10202.183
forecast_4796,2025-07-19 20:00,10498.814,13163.061,10535.55
forecast_4797,2025-07-19 21:00,12052.306,13973.62,11813.152
forecast_4798,2025-07-19 22:00,13012.033,14500.087,12499.795
forecast_4799,2025-07-19 23:00,11504.014,13320.789,10595.76
forecast_4800,2025-07-20 0:00,11032.344,13001.762,10079.577
forecast_4801,2025-07-20 1:00,12217.472,14581.372,12611.545
forecast_4802,2025-07-20 2:00,12232.272,14549.734,12892.635
forecast_4803,2025-07-20 3:00,12702.075,14933.093,12643.888
forecast_4804,2025-07-20 4:00,12530.3,14514.428,12018.255
forecast_4805,2025-07-20 5:00,11639.572,14166.713,11101.608
forecast_4806,2025-07-20 6:00,11722.964,14101.661,11129.854
forecast_4807,2025-07-20 7:00,11598.431,13803.126,11220.824
forecast_4808,2025-07-20 8:00,9528.483,12437.21,9677.225
forecast_4809,2025-07-20 9:00,9190.152,11886.819,9275.544
forecast_4810,2025-07-20 10:00,9266.654,10804.022,8780.863
forecast_4811,2025-07-20 11:00,8318.204,9084.707,7400.135
forecast_4812,2025-07-20 12:00,6400.4917,7432.554,6227.313
forecast_4813,2025-07-20 13:00,5573.322,6481.23,5533.955
forecast_4814,2025-07-20 14:00,5450.5244,6243.335,4520.7188
forecast_4815,2025-07-20 15:00,4920.827,5936.858,4474.145
forecast_4816,2025-07-20 16:00,4840.4644,5677.941,5138.275099999998
forecast_4817,2025-07-20 17:00,4420.192,5013.457,4675.856999999998
forecast_4818,2025-07-20 18:00,5430.416999999999,4856.42,4503.457999999998
forecast_4819,2025-07-20 19:00,5604.5605,6369.4526,4673.924
forecast_4820,2025-07-20 20:00,7088.687,8444.813,6511.9497
forecast_4821,2025-07-20 21:00,9168.907,10299.649,8014.4067
forecast_4822,2025-07-20 22:00,11213.24,12465.609,9882.725
forecast_4823,2025-07-20 23:00,11094.875,12569.918,9762.882
forecast_4824,2025-07-21 0:00,11562.844,13059.057,10093.6
forecast_4825,2025-07-21 1:00,11913.788,13451.628,10225.914
forecast_4826,2025-07-21 2:00,12575.536,13998.229,10884.596
forecast_4827,2025-07-21 3:00,12614.612,13929.954,10436.469
forecast_4828,2025-07-21 4:00,11779.302,13001.884,9435.086
forecast_4829,2025-07-21 5:00,11069.738,11891.406,8346.209
forecast_4830,2025-07-21 6:00,11476.613,11709.951,8769.768
forecast_4831,2025-07-21 7:00,10688.445,10750.443,8617.196
forecast_4832,2025-07-21 8:00,10854.041,11528.68,8754.062
forecast_4833,2025-07-21 9:00,10973.721,11909.925,9471.702
forecast_4834,2025-07-21 10:00,8447.407,9159.751,7415.76
forecast_4835,2025-07-21 11:00,8167.5312,7993.711,7123.1265
forecast_4836,2025-07-21 12:00,7074.766,7245.135,5563.1
forecast_4837,2025-07-21 13:00,6256.122,5945.249,4923.4497
forecast_4838,2025-07-21 14:00,6318.7417,6203.8525,5149.1377
forecast_4839,2025-07-21 15:00,5307.0254,5302.692,5139.266799999998
forecast_4840,2025-07-21 16:00,5421.535,5199.6353,4651.490499999998
forecast_4841,2025-07-21 17:00,5379.254,5561.618,4481.463
forecast_4842,2025-07-21 18:00,5871.9517,5970.74,4426.453
forecast_4843,2025-07-21 19:00,9790.018,9656.986,8357.576
forecast_4844,2025-07-21 20:00,11157.386,11681.479,9620.073
forecast_4845,2025-07-21 21:00,13553.786,13686.2,11677.164
forecast_4846,2025-07-21 22:00,14902.434,15746.966,13126.792
forecast_4847,2025-07-21 23:00,14876.715,15388.35,13226.069
forecast_4848,2025-07-22 0:00,14817.5205,15214.093,12690.181
forecast_4849,2025-07-22 1:00,14556.517,15478.94,13396.121
forecast_4850,2025-07-22 2:00,15790.105,16428.39,14544.515
forecast_4851,2025-07-22 3:00,14908.011,15790.495,14321.137
forecast_4852,2025-07-22 4:00,15019.663,15993.404,13860.693
forecast_4853,2025-07-22 5:00,15542.849,16454.543,14260.371
forecast_4854,2025-07-22 6:00,15189.425,15924.068,13223.39
forecast_4855,2025-07-22 7:00,13350.874,14138.777,11555.925
forecast_4856,2025-07-22 8:00,12480.996,13299.043,10995.258
forecast_4857,2025-07-22 9:00,9766.116,10646.845,8334.09
forecast_4858,2025-07-22 10:00,6971.6914,6705.2954,4374.927
forecast_4859,2025-07-22 11:00,4949.7812,5214.482,4250.542499999998
forecast_4860,2025-07-22 12:00,5253.533699999998,4409.032499999998,3364.032699999998
forecast_4861,2025-07-22 13:00,4411.725999999999,3809.838899999999,3048.885899999998
forecast_4862,2025-07-22 14:00,4554.224599999998,3875.7182999999986,3145.186499999998
forecast_4863,2025-07-22 15:00,4900.056999999998,4318.5329999999985,3361.609099999998
forecast_4864,2025-07-22 16:00,4705.110799999999,3980.2306999999987,3084.513499999998
forecast_4865,2025-07-22 17:00,4341.843299999999,3691.3776999999986,3078.144799999998
forecast_4866,2025-07-22 18:00,3970.6627999999982,3438.9509999999987,2699.370799999998
forecast_4867,2025-07-22 19:00,4653.066199999998,4028.006599999999,3227.2658999999976
forecast_4868,2025-07-22 20:00,5471.638,6007.2207,4886.792499999998
forecast_4869,2025-07-22 21:00,6230.8213,7129.243,4449.1475
forecast_4870,2025-07-22 22:00,7814.0127,7767.841,5862.984
forecast_4871,2025-07-22 23:00,8269.845,9002.045,6707.69
forecast_4872,2025-07-23 0:00,9174.186,9741.021,7138.576
forecast_4873,2025-07-23 1:00,9419.888,9198.376,7089.966
forecast_4874,2025-07-23 2:00,10452.281,10184.823,7974.4897
forecast_4875,2025-07-23 3:00,11249.944,11484.849,8306.798
forecast_4876,2025-07-23 4:00,11004.748,11160.549,7453.9194
forecast_4877,2025-07-23 5:00,9655.115,9598.6875,6398.0137
forecast_4878,2025-07-23 6:00,8268.372,8101.5645,5156.879
forecast_4879,2025-07-23 7:00,7252.66,6511.884,4969.664299999998
forecast_4880,2025-07-23 8:00,5276.6475,4857.6885,3533.982399999998
forecast_4881,2025-07-23 9:00,4411.395299999998,3136.5412999999985,2446.949299999998
forecast_4882,2025-07-23 10:00,3042.891499999998,2188.0264999999986,985.21674
forecast_4883,2025-07-23 11:00,2645.241799999998,1919.3037999999988,882.7959
forecast_4884,2025-07-23 12:00,2521.9397999999983,1864.3568999999989,798.2026
forecast_4885,2025-07-23 13:00,2412.9910999999984,1793.3852999999986,798.2026
forecast_4886,2025-07-23 14:00,2411.6618999999982,1792.656599999999,809.1945
forecast_4887,2025-07-23 15:00,2804.5321999999983,2215.6393999999987,984.72327
forecast_4888,2025-07-23 16:00,2534.3954999999983,2030.0680999999986,933.06586
forecast_4889,2025-07-23 17:00,2545.9564999999984,2096.142199999999,867.8717
forecast_4890,2025-07-23 18:00,2886.812499999998,2402.299599999999,2160.088699999998
forecast_4891,2025-07-23 19:00,3087.963499999998,2623.9579999999987,2152.1651999999976
forecast_4892,2025-07-23 20:00,3269.190399999998,2875.035399999999,2314.509899999998
forecast_4893,2025-07-23 21:00,4162.607999999998,3627.0692999999987,2791.204199999998
forecast_4894,2025-07-23 22:00,5073.9883,5128.725,4394.348899999998
forecast_4895,2025-07-23 23:00,5339.4136,5466.751,4481.805399999998
forecast_4896,2025-07-24 0:00,6097.5815,6370.9526,5210.818999999999
forecast_4897,2025-07-24 1:00,5895.818,6198.039,4889.184599999998
forecast_4898,2025-07-24 2:00,7850.3003,7413.91,5405.7925
forecast_4899,2025-07-24 3:00,8726.213,8831.212,6297.782
forecast_4900,2025-07-24 4:00,8788.366,9134.089,6326.042
forecast_4901,2025-07-24 5:00,9067.497,9183.791,6264.633
forecast_4902,2025-07-24 6:00,7499.9893,7962.994,4431.9995
forecast_4903,2025-07-24 7:00,4910.554,4683.624,3580.402799999998
forecast_4904,2025-07-24 8:00,3702.4721999999983,2846.723099999999,2339.7960999999978
forecast_4905,2025-07-24 9:00,2721.587899999998,1904.7515999999987,824.09595
forecast_4906,2025-07-24 10:00,2396.0204999999983,1802.2757999999985,740.5508
forecast_4907,2025-07-24 11:00,1079.9194,1841.1377999999986,727.75085
forecast_4908,2025-07-24 12:00,1015.05347,1741.4809999999989,797.5498
forecast_4909,2025-07-24 13:00,1040.6052,1073.2977,803.06903
forecast_4910,2025-07-24 14:00,1052.8757,1820.5895999999989,949.5549
forecast_4911,2025-07-24 15:00,2397.7936999999984,1814.4976999999985,874.5471
forecast_4912,2025-07-24 16:00,2472.132999999998,2284.6195999999986,2302.137199999998
forecast_4913,2025-07-24 17:00,2511.4339999999984,1935.7962999999986,821.9917
forecast_4914,2025-07-24 18:00,2398.115499999998,1809.1575999999986,778.27026
forecast_4915,2025-07-24 19:00,2588.4317999999985,1974.171899999999,891.20386
forecast_4916,2025-07-24 20:00,2731.796499999998,2123.1751999999988,940.30145
forecast_4917,2025-07-24 21:00,2809.7626999999984,2215.8736999999987,938.7342
forecast_4918,2025-07-24 22:00,3657.074199999998,3340.5473999999986,2504.0076999999983
forecast_4919,2025-07-24 23:00,4132.9164999999975,3740.622599999999,2727.758399999998
forecast_4920,2025-07-25 0:00,3770.260299999998,3129.0727999999986,2592.771499999998
forecast_4921,2025-07-25 1:00,4201.922599999998,3428.3937999999985,2876.6539999999977
forecast_4922,2025-07-25 2:00,5561.571999999998,4822.730999999999,3763.0770999999977
forecast_4923,2025-07-25 3:00,5443.512999999998,4355.229699999999,3432.9091999999982
forecast_4924,2025-07-25 4:00,4942.764199999998,4162.814999999999,3241.7357999999977
forecast_4925,2025-07-25 5:00,4876.729199999998,3940.1737999999987,3160.2311999999984
forecast_4926,2025-07-25 6:00,4417.178699999999,3580.7587999999987,3001.9914999999983
forecast_4927,2025-07-25 7:00,3727.8246999999983,2995.7155999999986,2557.451399999998
forecast_4928,2025-07-25 8:00,3090.2280999999984,2247.4134999999987,957.27625
forecast_4929,2025-07-25 9:00,2884.194599999998,2051.002399999999,849.80835
forecast_4930,2025-07-25 10:00,2532.136599999998,1840.5725999999986,824.09595
forecast_4931,2025-07-25 11:00,2496.8139999999985,1783.1690999999987,818.4509
forecast_4932,2025-07-25 12:00,2427.5167999999985,1741.4752999999987,746.9708
forecast_4933,2025-07-25 13:00,2384.6403999999984,1728.9677999999985,747.2126
forecast_4934,2025-07-25 14:00,2413.265299999998,1757.506199999999,861.95245
forecast_4935,2025-07-25 15:00,2440.462599999998,1813.6690999999987,861.2562
forecast_4936,2025-07-25 16:00,2395.1227999999983,1803.7216999999987,941.5486
forecast_4937,2025-07-25 17:00,2412.453099999998,1804.157499999999,850.9707
forecast_4938,2025-07-25 18:00,2529.8251999999984,1936.9334999999987,788.1946
forecast_4939,2025-07-25 19:00,3150.1364999999983,2393.449999999999,2147.646199999998
forecast_4940,2025-07-25 20:00,3840.508999999998,3470.2760999999987,2610.460799999998
forecast_4941,2025-07-25 21:00,4803.8373999999985,4014.6901999999986,3142.4433999999983
forecast_4942,2025-07-25 22:00,5484.154299999998,4423.191999999999,3654.7429999999977
forecast_4943,2025-07-25 23:00,4800.3516,4621.662,4412.889399999998
forecast_4944,2025-07-26 0:00,5238.691,4977.171,4553.365499999998
forecast_4945,2025-07-26 1:00,6457.587,7542.322,5082.9478
forecast_4946,2025-07-26 2:00,7082.5737,7177.4595,5140.319
forecast_4947,2025-07-26 3:00,6922.247,6881.4585,4404.021
forecast_4948,2025-07-26 4:00,5881.099,5728.9126,4691.499499999998
forecast_4949,2025-07-26 5:00,4574.605,4741.895299999999,3548.171599999998
forecast_4950,2025-07-26 6:00,4297.414299999999,3491.4977999999987,2767.187599999998
forecast_4951,2025-07-26 7:00,3977.780799999998,3227.9872999999984,2376.614499999998
forecast_4952,2025-07-26 8:00,3562.0114999999983,2649.873299999999,2199.2964999999976
forecast_4953,2025-07-26 9:00,2940.085399999998,2126.7322999999988,1004.6734
forecast_4954,2025-07-26 10:00,2640.283899999998,1960.4757999999988,842.24347
forecast_4955,2025-07-26 11:00,2494.228799999998,1808.0724999999989,835.7363
forecast_4956,2025-07-26 12:00,2432.819199999998,1771.0048999999985,767.15717
forecast_4957,2025-07-26 13:00,2390.8745999999983,1745.4761999999987,783.7277
forecast_4958,2025-07-26 14:00,2381.4748999999983,1743.7016999999987,829.5994
forecast_4959,2025-07-26 15:00,2393.933799999998,1822.285199999999,787.13007
forecast_4960,2025-07-26 16:00,1057.2644,1747.0391999999988,841.04285
forecast_4961,2025-07-26 17:00,1070.6365,1748.733299999999,807.9564
forecast_4962,2025-07-26 18:00,1075.1399,1876.760699999999,840.48083
forecast_4963,2025-07-26 19:00,2675.568099999998,2113.969999999999,914.636
forecast_4964,2025-07-26 20:00,3199.1852999999983,2573.0501999999988,2140.525099999998
forecast_4965,2025-07-26 21:00,3633.881299999998,2918.4849999999988,2292.0004999999983
forecast_4966,2025-07-26 22:00,4300.693599999999,3696.8949999999986,2788.245599999998
forecast_4967,2025-07-26 23:00,4668.7266,4564.3774,3956.308299999998
forecast_4968,2025-07-27 0:00,6453.0767,6717.887,5380.4976
forecast_4969,2025-07-27 1:00,9489.498,11014.411,7860.476
forecast_4970,2025-07-27 2:00,9147.021,10616.329,7473.9854
forecast_4971,2025-07-27 3:00,8383.895,8856.219,6338.1484
forecast_4972,2025-07-27 4:00,7686.163,8238.706,5726.115
forecast_4973,2025-07-27 5:00,6138.728,6231.696,4530.4287
forecast_4974,2025-07-27 6:00,6842.64,5998.0063,4465.0884
forecast_4975,2025-07-27 7:00,5125.847,4866.996,4336.326399999998
forecast_4976,2025-07-27 8:00,5059.723899999998,3957.6747999999984,3014.1188999999977
forecast_4977,2025-07-27 9:00,3421.7291999999984,2771.3356999999987,2372.8522999999977
forecast_4978,2025-07-27 10:00,3027.9137999999984,2270.949299999999,2117.5379999999977
forecast_4979,2025-07-27 11:00,3029.796599999998,2381.200899999999,2225.835899999998
forecast_4980,2025-07-27 12:00,2984.5014999999985,2405.6494999999986,2149.779199999998
forecast_4981,2025-07-27 13:00,2925.3782999999985,2252.536299999999,1032.1191
forecast_4982,2025-07-27 14:00,2917.688799999998,2299.5988999999986,1035.6901
forecast_4983,2025-07-27 15:00,3086.8981999999983,2354.4477999999986,2312.254299999998
forecast_4984,2025-07-27 16:00,3276.1580999999983,2636.8983999999987,2617.321899999998
forecast_4985,2025-07-27 17:00,3468.9813999999983,3077.2865999999985,2646.722699999998
forecast_4986,2025-07-27 18:00,3702.388399999998,3237.451999999999,2712.337599999998
forecast_4987,2025-07-27 19:00,5127.845699999998,4488.994899999999,3624.674299999998
forecast_4988,2025-07-27 20:00,5201.4287,5660.0073,4615.403299999998
forecast_4989,2025-07-27 21:00,6152.5605,6505.086,5208.625499999998
forecast_4990,2025-07-27 22:00,7427.682,7474.018,6232.464
forecast_4991,2025-07-27 23:00,8080.321,9475.627,7198.111
forecast_4992,2025-07-28 0:00,8741.496,10137.117,7733.984
forecast_4993,2025-07-28 1:00,9262.438,10237.365,7852.669
forecast_4994,2025-07-28 2:00,10458.765,9714.166,8641.96
forecast_4995,2025-07-28 3:00,10885.86,9939.397,8631.897
forecast_4996,2025-07-28 4:00,10719.249,10000.483,7971.782
forecast_4997,2025-07-28 5:00,8858.33,8833.831,6761.238
forecast_4998,2025-07-28 6:00,7777.8643,7423.586,5089.792
forecast_4999,2025-07-28 7:00,6332.346,5778.5205,4488.960199999998
forecast_5000,2025-07-28 8:00,5515.175999999999,4396.787599999999,3043.769199999998
forecast_5001,2025-07-28 9:00,3877.1645999999982,2799.9869999999987,2279.2384999999977
forecast_5002,2025-07-28 10:00,3088.217799999998,2129.0572999999986,933.48346
forecast_5003,2025-07-28 11:00,2542.544299999998,1870.5382999999988,809.1945
forecast_5004,2025-07-28 12:00,2487.3737999999985,1802.9496999999988,773.6784
forecast_5005,2025-07-28 13:00,2507.232799999998,1871.5971999999988,831.1828
forecast_5006,2025-07-28 14:00,2559.8745999999983,2107.5592999999985,983.5945
forecast_5007,2025-07-28 15:00,1061.9193,1804.650999999999,762.03204
forecast_5008,2025-07-28 16:00,2508.2023999999983,2231.8463999999985,2193.982899999998
forecast_5009,2025-07-28 17:00,2605.320599999998,1921.4346999999989,901.4074
forecast_5010,2025-07-28 18:00,2591.5230999999985,1979.7810999999988,1028.9277
forecast_5011,2025-07-28 19:00,2524.982799999998,1802.5363999999986,939.1689
forecast_5012,2025-07-28 20:00,2653.910399999998,1864.5276999999987,957.4934
forecast_5013,2025-07-28 21:00,2928.9712999999983,2075.721599999999,2124.691999999998
forecast_5014,2025-07-28 22:00,3206.2693999999983,2254.9749999999985,2152.643599999998
forecast_5015,2025-07-28 23:00,2839.7451999999985,2161.523699999999,2130.4601999999977
forecast_5016,2025-07-29 0:00,2826.957199999998,2209.5465999999988,1028.4266
forecast_5017,2025-07-29 1:00,4080.945999999998,3496.3092999999985,2721.865199999998
forecast_5018,2025-07-29 2:00,4516.201199999998,3581.887699999999,2756.017699999998
forecast_5019,2025-07-29 3:00,4350.816999999998,3505.6129999999985,2667.0109999999977
forecast_5020,2025-07-29 4:00,4131.305399999998,3078.8729999999987,2479.725699999998
forecast_5021,2025-07-29 5:00,3622.081999999998,2701.3043999999986,2190.740999999998
forecast_5022,2025-07-29 6:00,3072.1863999999982,2266.3329999999987,1003.11975
forecast_5023,2025-07-29 7:00,2656.683299999998,2031.5027999999988,834.5306
forecast_5024,2025-07-29 8:00,2512.502999999998,1897.2273999999989,818.5983
forecast_5025,2025-07-29 9:00,2458.521999999998,1813.896499999999,786.8219
forecast_5026,2025-07-29 10:00,2418.215099999998,1811.4815999999987,744.6274
forecast_5027,2025-07-29 11:00,2413.7527999999984,1833.4181999999987,751.5428
forecast_5028,2025-07-29 12:00,2415.8876999999984,1807.4348999999988,789.5592
forecast_5029,2025-07-29 13:00,2382.345199999998,1910.7322999999988,875.3178
forecast_5030,2025-07-29 14:00,2414.074199999998,1986.955399999999,864.70465
forecast_5031,2025-07-29 15:00,1077.4043,1825.8427999999985,776.68115
forecast_5032,2025-07-29 16:00,2414.3455999999983,1795.8721999999989,769.76874
forecast_5033,2025-07-29 17:00,1047.8054,1758.7457999999988,778.36584
forecast_5034,2025-07-29 18:00,2427.800299999998,1075.4514,815.11896
forecast_5035,2025-07-29 19:00,2520.994599999998,1846.6913999999988,852.7969
forecast_5036,2025-07-29 20:00,2582.060199999998,2020.888199999999,793.181
forecast_5037,2025-07-29 21:00,2648.1300999999985,2078.8861999999986,763.74445
forecast_5038,2025-07-29 22:00,3448.5175999999983,2693.326999999999,2192.759299999998
forecast_5039,2025-07-29 23:00,3491.389399999998,2727.498499999999,2110.315599999998
forecast_5040,2025-07-30 0:00,4284.495599999998,3356.640399999999,2453.9689999999982
forecast_5041,2025-07-30 1:00,3933.127199999998,3425.9749999999985,2591.387299999998
forecast_5042,2025-07-30 2:00,4273.832999999999,3618.4319999999984,2865.844999999998
forecast_5043,2025-07-30 3:00,3982.6005999999984,3178.1537999999987,2508.1422999999977
forecast_5044,2025-07-30 4:00,3370.5033999999982,2589.239599999999,2222.984099999998
forecast_5045,2025-07-30 5:00,2773.6502999999984,2153.706999999999,957.4339
forecast_5046,2025-07-30 6:00,2732.924199999998,2145.0844999999986,873.0771
forecast_5047,2025-07-30 7:00,2628.1264999999985,1998.407299999999,860.13635
forecast_5048,2025-07-30 8:00,2646.4271999999983,2074.1831999999986,798.2026
forecast_5049,2025-07-30 9:00,2658.5701999999983,2101.393799999999,727.75085
forecast_5050,2025-07-30 10:00,2531.180299999998,1902.0291999999986,740.5508
forecast_5051,2025-07-30 11:00,2594.9069999999983,1998.2814999999987,740.5508
forecast_5052,2025-07-30 12:00,2697.672499999998,2069.9345999999987,743.17145
forecast_5053,2025-07-30 13:00,2631.5827999999983,2006.5912999999987,798.2026
forecast_5054,2025-07-30 14:00,2823.7999999999984,2129.594499999999,798.2026
forecast_5055,2025-07-30 15:00,2778.690999999998,2060.8605999999986,798.2026
forecast_5056,2025-07-30 16:00,2707.360099999998,2131.1726999999987,740.5508
forecast_5057,2025-07-30 17:00,2695.984699999998,2070.438999999999,727.75085
forecast_5058,2025-07-30 18:00,2694.2497999999982,1985.6703999999986,726.47327
forecast_5059,2025-07-30 19:00,2689.492199999998,2039.8178999999986,740.5508
forecast_5060,2025-07-30 20:00,2892.036399999998,2032.427999999999,759.7707
forecast_5061,2025-07-30 21:00,3009.780299999998,2167.8149999999987,817.4225
forecast_5062,2025-07-30 22:00,3711.073699999998,2609.8511999999987,953.63055
forecast_5063,2025-07-30 23:00,3879.905799999998,3069.8097999999986,2110.394299999998
forecast_5064,2025-07-31 0:00,3621.330599999998,2881.076999999999,971.18353
forecast_5065,2025-07-31 1:00,4450.539799999999,3925.2863999999986,2502.970199999998
forecast_5066,2025-07-31 2:00,5482.041499999998,4780.183999999999,2897.529299999998
forecast_5067,2025-07-31 3:00,4783.048,4996.1597,3407.6449999999977
forecast_5068,2025-07-31 4:00,4963.6455,5642.3667,3766.2221999999983
forecast_5069,2025-07-31 5:00,5282.573199999998,4857.692999999999,3171.818799999998
forecast_5070,2025-07-31 6:00,4196.187999999998,3562.3249999999985,2495.253699999998
forecast_5071,2025-07-31 7:00,4007.939499999998,3216.5279999999984,2210.637499999998
forecast_5072,2025-07-31 8:00,3273.124399999998,2562.2796999999987,904.1333
forecast_5073,2025-07-31 9:00,3060.1907999999985,2303.6337999999987,888.44086
forecast_5074,2025-07-31 10:00,2791.314199999998,2219.4716999999987,824.49194
forecast_5075,2025-07-31 11:00,3021.383999999998,2444.259299999999,904.1333
forecast_5076,2025-07-31 12:00,2940.6785999999984,2558.487499999999,921.5224
forecast_5077,2025-07-31 13:00,2779.7702999999983,2359.2737999999986,901.872
forecast_5078,2025-07-31 14:00,2813.601399999998,2340.378499999999,888.83594
forecast_5079,2025-07-31 15:00,2887.506199999998,2277.730299999999,925.5934
forecast_5080,2025-07-31 16:00,2774.843399999998,2219.6953999999987,954.4067
forecast_5081,2025-07-31 17:00,2743.016399999998,2130.6024999999986,987.5004
forecast_5082,2025-07-31 18:00,2749.9407999999985,2115.680899999999,882.11664
forecast_5083,2025-07-31 19:00,2678.180199999998,2095.870199999999,823.6585
forecast_5084,2025-07-31 20:00,2760.5530999999983,2093.954499999999,824.09595
forecast_5085,2025-07-31 21:00,2676.485399999998,2077.1013999999986,798.2026
forecast_5086,2025-07-31 22:00,3106.032599999998,2386.091199999999,826.7532
forecast_5087,2025-07-31 23:00,3143.8765999999982,2376.343399999999,901.476
forecast_5088,2025-08-01 0:00,2883.127999999998,2270.343399999999,798.2026
forecast_5089,2025-08-01 1:00,3101.683699999998,2510.1519999999987,964.36755
forecast_5090,2025-08-01 2:00,2870.320899999998,2274.3767999999986,877.84393
forecast_5091,2025-08-01 3:00,2806.879499999998,2225.6134999999986,962.8868
forecast_5092,2025-08-01 4:00,2643.409499999998,1992.9257999999986,864.8088
forecast_5093,2025-08-01 5:00,2589.102299999998,1993.8379999999988,837.9971
forecast_5094,2025-08-01 6:00,2591.9784999999983,1919.081999999999,809.1945
forecast_5095,2025-08-01 7:00,2603.562399999998,1981.0944999999988,758.664
forecast_5096,2025-08-01 8:00,2485.416699999998,1883.1244999999985,751.7988
forecast_5097,2025-08-01 9:00,2431.756499999998,1817.6636999999987,747.2784
forecast_5098,2025-08-01 10:00,2388.7560999999982,1749.1571999999987,727.75085
forecast_5099,2025-08-01 11:00,2404.432399999998,1806.3751999999986,751.5428
forecast_5100,2025-08-01 12:00,2511.532599999998,1910.012299999999,824.09595
forecast_5101,2025-08-01 13:00,2545.0901999999983,1969.5786999999987,888.44086
forecast_5102,2025-08-01 14:00,2467.697399999998,1871.8152999999988,817.4225
forecast_5103,2025-08-01 15:00,1072.8365,1791.0678999999986,740.5508
forecast_5104,2025-08-01 16:00,1044.6198,1786.6529999999989,713.67346
forecast_5105,2025-08-01 17:00,1012.0736,1777.505099999999,713.67346
forecast_5106,2025-08-01 18:00,2403.080699999998,1881.0235999999986,713.67346
forecast_5107,2025-08-01 19:00,2714.9325999999983,2189.4972999999986,824.49194
forecast_5108,2025-08-01 20:00,2726.096899999998,2198.3920999999987,818.4509
forecast_5109,2025-08-01 21:00,2868.437399999998,2202.5818999999988,818.4509
forecast_5110,2025-08-01 22:00,3062.629899999998,2375.223399999999,820.7122
forecast_5111,2025-08-01 23:00,2782.299899999998,2063.662399999999,809.1945
forecast_5112,2025-08-02 0:00,2896.3786999999984,2296.827499999999,818.4509
forecast_5113,2025-08-02 1:00,4499.862,4945.611299999999,3507.159999999998
forecast_5114,2025-08-02 2:00,5652.5835,5567.5625,4191.741499999998
forecast_5115,2025-08-02 3:00,6870.5054,6436.867,4996.643299999998
forecast_5116,2025-08-02 4:00,7649.64,8254.873,5124.4604
forecast_5117,2025-08-02 5:00,8030.2944,8938.655,5763.5024
forecast_5118,2025-08-02 6:00,8604.933,9488.997,6766.7925
forecast_5119,2025-08-02 7:00,8313.718,8834.629,5581.208
forecast_5120,2025-08-02 8:00,7070.974,7167.2446,4911.042499999998
forecast_5121,2025-08-02 9:00,5328.576,5443.7886,3934.201399999998
forecast_5122,2025-08-02 10:00,4528.378999999998,3748.6586999999986,2899.018999999998
forecast_5123,2025-08-02 11:00,3854.657999999998,2964.2159999999985,2541.304099999998
forecast_5124,2025-08-02 12:00,3718.886699999998,2853.6256999999987,2515.481899999998
forecast_5125,2025-08-02 13:00,3484.794199999998,2760.0089999999987,2404.414199999998
forecast_5126,2025-08-02 14:00,3639.8754999999983,2719.1195999999986,2367.880099999998
forecast_5127,2025-08-02 15:00,3100.639599999998,2449.9324999999985,1022.2981
forecast_5128,2025-08-02 16:00,3273.267999999998,2687.485099999999,2301.808999999998
forecast_5129,2025-08-02 17:00,3013.238199999998,2417.277999999999,2115.619099999998
forecast_5130,2025-08-02 18:00,2946.345999999998,2294.543099999999,901.872
forecast_5131,2025-08-02 19:00,3242.539099999998,2439.1485999999986,931.8647
forecast_5132,2025-08-02 20:00,3316.7356999999984,2577.5945999999985,1042.7168
forecast_5133,2025-08-02 21:00,3743.978999999998,3271.7433999999985,2518.241999999998
forecast_5134,2025-08-02 22:00,4168.008499999998,3535.0873999999985,2586.033799999998
forecast_5135,2025-08-02 23:00,4140.935499999998,3406.1305999999986,2623.914999999998
forecast_5136,2025-08-03 0:00,4334.702999999998,3789.7099999999987,2859.9226999999983
forecast_5137,2025-08-03 1:00,4400.8623,4732.2802999999985,3476.896499999998
forecast_5138,2025-08-03 2:00,4813.316,4635.5903,3793.4577999999983
forecast_5139,2025-08-03 3:00,5039.2363,4770.119,3600.603299999998
forecast_5140,2025-08-03 4:00,5036.704999999998,4093.9047999999984,2975.019799999998
forecast_5141,2025-08-03 5:00,4345.936999999998,3169.5106999999985,2588.963899999998
forecast_5142,2025-08-03 6:00,3307.0014999999985,2404.5696999999986,1016.0244
forecast_5143,2025-08-03 7:00,2766.577099999998,1964.9612999999986,798.2026
forecast_5144,2025-08-03 8:00,2782.6074999999983,2038.1023999999989,818.4509
forecast_5145,2025-08-03 9:00,2673.619799999998,2040.8134999999988,818.4509
forecast_5146,2025-08-03 10:00,2469.0557999999983,1880.1776999999988,798.2026
forecast_5147,2025-08-03 11:00,2386.4534999999983,1862.255999999999,796.6898
forecast_5148,2025-08-03 12:00,2490.032299999998,2055.925899999999,887.97473
forecast_5149,2025-08-03 13:00,2682.0285999999983,2218.462799999999,1005.04565
forecast_5150,2025-08-03 14:00,3064.7387999999983,2704.6786999999986,2187.6836999999978
forecast_5151,2025-08-03 15:00,3682.0899999999983,3342.0359999999987,2744.637199999998
forecast_5152,2025-08-03 16:00,3639.025099999998,3512.3402999999985,2557.665999999998
forecast_5153,2025-08-03 17:00,4110.117999999999,3907.810799999999,2808.357999999998
forecast_5154,2025-08-03 18:00,4412.9245999999985,4160.8773999999985,3034.131099999998
forecast_5155,2025-08-03 19:00,4698.994,5729.205,5240.819999999998
forecast_5156,2025-08-03 20:00,5183.007,6077.6587,4446.8325
forecast_5157,2025-08-03 21:00,5247.3115,6255.25,4619.940999999998
forecast_5158,2025-08-03 22:00,6081.4736,6861.9023,5116.001999999998
forecast_5159,2025-08-03 23:00,6014.7144,7416.719,5217.192999999998
forecast_5160,2025-08-04 0:00,6320.6943,7584.2217,5138.581999999998
forecast_5161,2025-08-04 1:00,4887.8584,6453.6416,3842.9429999999984
forecast_5162,2025-08-04 2:00,5797.181,6893.03,4984.868699999998
forecast_5163,2025-08-04 3:00,5898.0845,6274.5815,4098.932099999998
forecast_5164,2025-08-04 4:00,7470.281,8917.786,5673.8564
forecast_5165,2025-08-04 5:00,7026.2437,8199.286,4965.0215
forecast_5166,2025-08-04 6:00,6997.2314,8523.763,5865.844
forecast_5167,2025-08-04 7:00,7801.8965,10075.698,7063.328
forecast_5168,2025-08-04 8:00,7473.9644,9415.518,6752.1074
forecast_5169,2025-08-04 9:00,6565.6426,7581.0117,5419.8823
forecast_5170,2025-08-04 10:00,5579.922,6811.111,4984.313699999998
forecast_5171,2025-08-04 11:00,6753.5425,8886.369,5222.8076
forecast_5172,2025-08-04 12:00,6671.7764,8148.7563,5240.4683
forecast_5173,2025-08-04 13:00,5101.5,5636.414,4086.7279999999982
forecast_5174,2025-08-04 14:00,4575.357699999999,3963.6529999999984,2717.218599999998
forecast_5175,2025-08-04 15:00,4436.333499999999,3974.126199999999,2972.1539999999977
forecast_5176,2025-08-04 16:00,4398.977999999998,3941.915999999999,3139.014199999998
forecast_5177,2025-08-04 17:00,4513.296899999998,4013.308299999999,2986.497399999998
forecast_5178,2025-08-04 18:00,4624.540499999998,4435.449199999999,3087.5620999999983
forecast_5179,2025-08-04 19:00,5032.090299999998,4759.247599999999,3917.9339999999984
forecast_5180,2025-08-04 20:00,4923.624499999998,4387.721699999999,3798.7326999999977
forecast_5181,2025-08-04 21:00,5356.151,5988.8525,4807.802
forecast_5182,2025-08-04 22:00,6352.151,7166.41,4556.165
forecast_5183,2025-08-04 23:00,7567.5264,7934.814,5739.957
forecast_5184,2025-08-05 0:00,8113.6553,9767.183,6344.332
forecast_5185,2025-08-05 1:00,4950.748,5166.037,3814.367699999998
forecast_5186,2025-08-05 2:00,4619.1807,4613.611,3437.546599999998
forecast_5187,2025-08-05 3:00,4570.3853,4385.52,3152.3039999999983
forecast_5188,2025-08-05 4:00,4380.1333,4778.4439999999995,3061.302699999998
forecast_5189,2025-08-05 5:00,4493.963399999999,3711.0473999999986,2635.174799999998
forecast_5190,2025-08-05 6:00,3897.7599999999984,3298.3236999999986,2358.5581999999977
forecast_5191,2025-08-05 7:00,4139.982699999999,3670.9044999999987,2651.313799999998
forecast_5192,2025-08-05 8:00,4143.698699999998,3476.0478999999987,2541.1035999999976
forecast_5193,2025-08-05 9:00,3783.144799999998,3093.018299999999,2407.827799999998
forecast_5194,2025-08-05 10:00,3605.377699999998,3156.5763999999986,2363.278699999998
forecast_5195,2025-08-05 11:00,3950.402599999998,3338.7726999999986,2709.023299999998
forecast_5196,2025-08-05 12:00,4632.552699999998,4377.203899999999,3181.494999999998
forecast_5197,2025-08-05 13:00,5372.024399999998,4359.805,3912.258499999998
forecast_5198,2025-08-05 14:00,5158.082,5699.148,4208.092
forecast_5199,2025-08-05 15:00,6398.608,6512.268,5196.703
forecast_5200,2025-08-05 16:00,9096.884,8877.476,7764.0684
forecast_5201,2025-08-05 17:00,8387.214,8658.86,7551.4067
forecast_5202,2025-08-05 18:00,6913.9907,6788.18,5631.172
forecast_5203,2025-08-05 19:00,6125.1147,6311.7173,4999.5996
forecast_5204,2025-08-05 20:00,7392.085,7759.078,5677.614
forecast_5205,2025-08-05 21:00,8391.316,9217.882,7110.5376
forecast_5206,2025-08-05 22:00,9050.633,9828.365,8081.273
forecast_5207,2025-08-05 23:00,9325.758,11095.276,8558.942
forecast_5208,2025-08-06 0:00,8641.77,11219.913,7808.062
forecast_5209,2025-08-06 1:00,12657.468,14254.159,11861.851
forecast_5210,2025-08-06 2:00,13049.937,14613.725,12517.804
forecast_5211,2025-08-06 3:00,12498.944,13781.458,11106.081
forecast_5212,2025-08-06 4:00,10880.182,13317.276,10449.061
forecast_5213,2025-08-06 5:00,12014.922,14063.629,11148.778
forecast_5214,2025-08-06 6:00,12348.895,14464.877,12039.524
forecast_5215,2025-08-06 7:00,12555.114,14908.35,11893.994
forecast_5216,2025-08-06 8:00,11594.494,14445.89,11557.818
forecast_5217,2025-08-06 9:00,12332.057,14857.4795,12314.48
forecast_5218,2025-08-06 10:00,12300.03,15007.705,12972.55
forecast_5219,2025-08-06 11:00,12128.2,14902.35,12517.382
forecast_5220,2025-08-06 12:00,11804.903,14568.096,12032.097
forecast_5221,2025-08-06 13:00,12930.485,16506.084,14420.028
forecast_5222,2025-08-06 14:00,13763.385,16619.488,15582.1
forecast_5223,2025-08-06 15:00,13112.845,15401.974,13575.251
forecast_5224,2025-08-06 16:00,12216.331,14931.9795,12661.825
forecast_5225,2025-08-06 17:00,13096.353,15430.433,13682.861
forecast_5226,2025-08-06 18:00,14564.921,16920.564,14908.386
forecast_5227,2025-08-06 19:00,15482.699,17012.738,15508.392
forecast_5228,2025-08-06 20:00,14049.511,16091.808,14609.012
forecast_5229,2025-08-06 21:00,15312.467,16943.486,16161.38
forecast_5230,2025-08-06 22:00,15455.819,16896.295,16226.873
forecast_5231,2025-08-06 23:00,14229.959,16340.768,15888.2295
forecast_5232,2025-08-07 0:00,14876.344,16688.688,15846.652
forecast_5233,2025-08-07 1:00,15059.393,15949.653,15685.551
forecast_5234,2025-08-07 2:00,15413.753,16389.043,15907.06
forecast_5235,2025-08-07 3:00,15448.884,16539.742,15841.406
forecast_5236,2025-08-07 4:00,15364.568,16535.625,15620.831
forecast_5237,2025-08-07 5:00,15588.736,16728.342,15800.581
forecast_5238,2025-08-07 6:00,15428.298,16592.13,14750.8125
forecast_5239,2025-08-07 7:00,14237.143,15211.632,13209.711
forecast_5240,2025-08-07 8:00,11990.449,12789.835,10376.915
forecast_5241,2025-08-07 9:00,8642.316,8863.558,6173.785
forecast_5242,2025-08-07 10:00,5959.8955,5581.6934,4565.288299999998
forecast_5243,2025-08-07 11:00,4567.733,4761.3949999999995,3519.2558999999983
forecast_5244,2025-08-07 12:00,4876.853499999998,3876.4926999999984,2949.3484999999982
forecast_5245,2025-08-07 13:00,3474.173299999998,2588.4655999999986,2184.766499999998
forecast_5246,2025-08-07 14:00,3100.258899999998,2204.871099999999,870.433
forecast_5247,2025-08-07 15:00,3070.441899999998,2118.4550999999988,797.4974
forecast_5248,2025-08-07 16:00,3023.154999999998,2357.119899999999,836.6087
forecast_5249,2025-08-07 17:00,3148.570599999998,2360.113199999999,937.90234
forecast_5250,2025-08-07 18:00,3373.179199999998,2660.3644999999988,1049.0247
forecast_5251,2025-08-07 19:00,3166.2095999999983,2494.012499999999,2131.971099999998
forecast_5252,2025-08-07 20:00,3523.158699999998,2853.7645999999986,2249.384799999998
forecast_5253,2025-08-07 21:00,4474.0360999999975,3831.152299999999,2768.492699999998
forecast_5254,2025-08-07 22:00,4791.2725,4888.0405,3556.900999999998
forecast_5255,2025-08-07 23:00,6267.4346,6730.389,5194.120999999998
forecast_5256,2025-08-08 0:00,7474.796,8339.437,5577.742
forecast_5257,2025-08-08 1:00,6841.8706,6930.1978,4717.2007
forecast_5258,2025-08-08 2:00,6397.161,6401.044,4202.988
forecast_5259,2025-08-08 3:00,5739.6553,6055.6357,5058.120799999998
forecast_5260,2025-08-08 4:00,5035.786,4775.36,4244.144499999998
forecast_5261,2025-08-08 5:00,4563.586,4512.698999999999,3643.624999999998
forecast_5262,2025-08-08 6:00,4255.0459999999985,3116.3925999999988,2649.302999999998
forecast_5263,2025-08-08 7:00,3196.008499999998,2372.3598999999986,2158.998799999998
forecast_5264,2025-08-08 8:00,2822.401699999998,2231.3808999999987,849.6735
forecast_5265,2025-08-08 9:00,2568.6983999999984,1888.871099999999,751.5428
forecast_5266,2025-08-08 10:00,2405.902799999998,1818.2459999999987,713.67346
forecast_5267,2025-08-08 11:00,2445.700999999998,1804.639299999999,727.75085
forecast_5268,2025-08-08 12:00,2444.4950999999983,1846.917399999999,809.1945
forecast_5269,2025-08-08 13:00,2443.631499999998,1872.4766999999988,882.147
forecast_5270,2025-08-08 14:00,2462.796999999998,1835.3443999999986,848.29346
forecast_5271,2025-08-08 15:00,2411.254799999998,1790.2003999999988,822.7556
forecast_5272,2025-08-08 16:00,2392.770999999998,1748.3821999999986,788.6262
forecast_5273,2025-08-08 17:00,2383.3462999999983,1818.888199999999,761.59204
forecast_5274,2025-08-08 18:00,2408.770099999998,1765.4102999999986,738.74286
forecast_5275,2025-08-08 19:00,2475.6331999999984,1870.2605999999987,809.1945
forecast_5276,2025-08-08 20:00,2611.423299999998,2024.6278999999986,843.72736
forecast_5277,2025-08-08 21:00,2640.761599999998,2194.9259999999986,824.09595
forecast_5278,2025-08-08 22:00,3236.8507999999983,2869.404999999999,2236.9147999999977
forecast_5279,2025-08-08 23:00,4127.091599999998,3734.2960999999987,2836.955399999998
forecast_5280,2025-08-09 0:00,5083.641399999999,4301.338899999999,3048.268399999998
forecast_5281,2025-08-09 1:00,3995.1281999999983,3368.4337999999984,2388.567999999998
forecast_5282,2025-08-09 2:00,4841.673799999999,4250.322499999999,2874.375899999998
forecast_5283,2025-08-09 3:00,4514.459499999998,4096.345999999999,2883.330099999998
forecast_5284,2025-08-09 4:00,4495.3027,4637.3184,3514.1718999999975
forecast_5285,2025-08-09 5:00,5081.9336,5391.8037,3887.1327999999976
forecast_5286,2025-08-09 6:00,5580.429699999998,4431.829,3502.9523999999983
forecast_5287,2025-08-09 7:00,5404.3719999999985,4794.087399999999,3330.230999999998
forecast_5288,2025-08-09 8:00,4960.369399999998,4524.978499999999,3215.507599999998
forecast_5289,2025-08-09 9:00,5123.325699999998,4310.552199999999,3063.950699999998
forecast_5290,2025-08-09 10:00,5110.948199999998,4430.323499999999,3126.222999999998
forecast_5291,2025-08-09 11:00,4728.015399999998,4354.1327999999985,3011.8643999999977
forecast_5292,2025-08-09 12:00,4431.1466999999975,4146.938199999999,2840.786999999998
forecast_5293,2025-08-09 13:00,3759.252399999998,3381.3275999999987,2615.0541999999978
forecast_5294,2025-08-09 14:00,2996.384399999998,2406.9239999999986,2274.227899999998
forecast_5295,2025-08-09 15:00,3188.502999999998,2459.447999999999,2235.7128999999977
forecast_5296,2025-08-09 16:00,2744.093499999998,2132.460999999999,965.0055
forecast_5297,2025-08-09 17:00,3064.672099999998,2436.0653999999986,1040.5162
forecast_5298,2025-08-09 18:00,3108.078899999998,2515.860999999999,2173.390899999998
forecast_5299,2025-08-09 19:00,3687.7025999999983,3345.2387999999987,2537.344399999998
forecast_5300,2025-08-09 20:00,4274.033999999998,3986.3622999999984,2727.148399999998
forecast_5301,2025-08-09 21:00,4517.1979999999985,4039.8149999999987,2902.848399999998
forecast_5302,2025-08-09 22:00,4025.727499999998,3588.3034999999986,2431.1107999999977
forecast_5303,2025-08-09 23:00,3498.033699999998,3121.711399999999,2340.5392999999976
forecast_5304,2025-08-10 0:00,3293.1875999999984,3024.694999999999,2205.728299999998
forecast_5305,2025-08-10 1:00,2866.2904999999982,2303.392199999999,1008.4831
forecast_5306,2025-08-10 2:00,2880.3131999999982,2297.7976999999987,957.3129
forecast_5307,2025-08-10 3:00,2945.833099999998,2376.3929999999987,988.04614
forecast_5308,2025-08-10 4:00,3206.3491999999983,2593.3987999999986,2116.4851999999983
forecast_5309,2025-08-10 5:00,3512.032999999998,2820.8859999999986,2241.0977999999977
forecast_5310,2025-08-10 6:00,3683.3507999999983,3126.8789999999985,2252.5734999999977
forecast_5311,2025-08-10 7:00,3651.5773999999983,3017.4127999999987,2158.0343999999977
forecast_5312,2025-08-10 8:00,3054.823699999998,2410.5415999999987,936.63086
forecast_5313,2025-08-10 9:00,3014.1479999999983,2348.7895999999987,851.23895
forecast_5314,2025-08-10 10:00,2861.3511999999982,2165.512499999999,862.5474
forecast_5315,2025-08-10 11:00,2785.260299999998,2219.9916999999987,904.1333
forecast_5316,2025-08-10 12:00,2665.215999999998,2134.4295999999986,904.1333
forecast_5317,2025-08-10 13:00,2610.363599999998,2098.414199999999,909.23987
forecast_5318,2025-08-10 14:00,2611.0099999999984,2114.4435999999987,901.872
forecast_5319,2025-08-10 15:00,2594.236299999998,2097.9061999999985,901.872
forecast_5320,2025-08-10 16:00,2541.547599999998,2018.6386999999986,882.7959
forecast_5321,2025-08-10 17:00,2495.177999999998,1883.2739999999985,818.4509
forecast_5322,2025-08-10 18:00,2474.5656999999983,1789.0179999999987,728.9087
forecast_5323,2025-08-10 19:00,2452.3651999999984,1764.7536999999988,751.5428
forecast_5324,2025-08-10 20:00,2531.3673999999983,1829.2572999999988,740.5508
forecast_5325,2025-08-10 21:00,2602.793799999998,1879.6894999999986,740.5508
forecast_5326,2025-08-10 22:00,2670.2587999999982,1942.6041999999989,809.4686
forecast_5327,2025-08-10 23:00,2636.4569999999985,1944.4179999999988,849.40515
forecast_5328,2025-08-11 0:00,2655.1983999999984,2050.1715999999988,845.09937
forecast_5329,2025-08-11 1:00,2730.696499999998,2124.9257999999986,874.97797
forecast_5330,2025-08-11 2:00,2770.819199999998,2155.605299999999,845.46783
forecast_5331,2025-08-11 3:00,2796.964699999998,2166.4967999999985,824.09595
forecast_5332,2025-08-11 4:00,2834.614999999998,2202.5995999999986,818.4509
forecast_5333,2025-08-11 5:00,2813.7630999999983,2205.0930999999987,824.49194
forecast_5334,2025-08-11 6:00,2726.626799999998,2107.681999999999,798.2026
forecast_5335,2025-08-11 7:00,2610.357699999998,1998.1050999999989,798.2026
forecast_5336,2025-08-11 8:00,2543.1209999999983,2057.163799999999,798.2026
forecast_5337,2025-08-11 9:00,2543.0512999999983,2011.3579999999988,740.5508
forecast_5338,2025-08-11 10:00,2421.213599999998,1855.0689999999986,721.4254
forecast_5339,2025-08-11 11:00,2389.8651999999984,1828.707199999999,713.67346
forecast_5340,2025-08-11 12:00,2447.555699999998,1825.9666999999986,727.75085
forecast_5341,2025-08-11 13:00,1053.8597,1772.980599999999,727.75085
forecast_5342,2025-08-11 14:00,1049.8029,1731.0873999999985,783.1159
forecast_5343,2025-08-11 15:00,1056.802,1808.4367999999986,782.9925
forecast_5344,2025-08-11 16:00,2444.1997999999985,1895.0808999999986,762.4389
forecast_5345,2025-08-11 17:00,1077.8936,1783.931799999999,783.53845
forecast_5346,2025-08-11 18:00,2387.742599999998,1770.4925999999987,793.5297
forecast_5347,2025-08-11 19:00,2480.5647999999983,1853.4291999999987,801.3387
forecast_5348,2025-08-11 20:00,2453.674399999998,1927.5447999999988,759.7707
forecast_5349,2025-08-11 21:00,2544.141399999998,1947.0943999999986,823.0045
forecast_5350,2025-08-11 22:00,2610.956799999998,2059.6618999999987,910.27026
forecast_5351,2025-08-11 23:00,2605.627899999998,2067.1251999999986,930.69165
forecast_5352,2025-08-12 0:00,2765.648799999998,2272.762299999999,895.83105
forecast_5353,2025-08-12 1:00,3607.757599999998,2767.4201999999987,2315.106699999998
forecast_5354,2025-08-12 2:00,3867.8471999999983,3175.2272999999986,2603.670699999998
forecast_5355,2025-08-12 3:00,5435.741699999998,4602.463999999999,3392.8341999999975
forecast_5356,2025-08-12 4:00,4585.849599999998,3766.6271999999985,2562.887199999998
forecast_5357,2025-08-12 5:00,3879.964599999998,3090.2567999999987,2209.667599999998
forecast_5358,2025-08-12 6:00,3277.014599999998,2548.4568999999988,1006.9551
forecast_5359,2025-08-12 7:00,2814.209099999998,2245.1332999999986,831.9866
forecast_5360,2025-08-12 8:00,2823.1677999999984,2259.680899999999,824.09595
forecast_5361,2025-08-12 9:00,2771.7235999999984,2248.348099999999,814.8996
forecast_5362,2025-08-12 10:00,2664.5791999999983,2048.0593999999987,813.88513
forecast_5363,2025-08-12 11:00,2606.240099999998,2045.2501999999986,826.3178
forecast_5364,2025-08-12 12:00,2660.0845999999983,2027.8422999999989,818.4509
forecast_5365,2025-08-12 13:00,2561.2631999999985,1945.3526999999985,841.537
forecast_5366,2025-08-12 14:00,2500.584499999998,1987.3397999999988,908.57465
forecast_5367,2025-08-12 15:00,2457.6745999999985,1864.1260999999986,923.7735
forecast_5368,2025-08-12 16:00,2534.578099999998,2079.8394999999987,887.7241
forecast_5369,2025-08-12 17:00,2613.2082999999984,2056.591399999999,959.15
forecast_5370,2025-08-12 18:00,2935.1535999999983,2464.6856999999986,2192.066899999998
forecast_5371,2025-08-12 19:00,3377.300499999998,2933.8312999999985,2378.680199999998
forecast_5372,2025-08-12 20:00,3306.170199999998,2749.5379999999986,2311.7591999999977
forecast_5373,2025-08-12 21:00,3368.2772999999984,2760.328099999999,2381.853999999998
forecast_5374,2025-08-12 22:00,4686.705799999998,4426.8827999999985,3367.8283999999976
forecast_5375,2025-08-12 23:00,4425.567999999998,4044.032699999999,3005.6642999999976
forecast_5376,2025-08-13 0:00,5425.114299999998,4634.6147,3389.5779999999977
forecast_5377,2025-08-13 1:00,4496.833499999999,3596.5221999999985,2583.336799999998
forecast_5378,2025-08-13 2:00,5409.178699999999,4616.693799999999,3091.932699999998
forecast_5379,2025-08-13 3:00,4576.071,4635.7905,3430.1317999999983
forecast_5380,2025-08-13 4:00,5485.156999999998,4543.501,3307.563199999998
forecast_5381,2025-08-13 5:00,4866.181999999998,4884.075699999999,3072.981899999998
forecast_5382,2025-08-13 6:00,5255.7812,5473.4395,3888.4223999999977
forecast_5383,2025-08-13 7:00,5619.5244,6764.274,4358.914999999998
forecast_5384,2025-08-13 8:00,5935.683,7971.9478,4273.253
forecast_5385,2025-08-13 9:00,6934.7925,9883.498,5854.651
forecast_5386,2025-08-13 10:00,8169.435,10911.34,6866.85
forecast_5387,2025-08-13 11:00,7812.1177,10726.8955,6731.6772
forecast_5388,2025-08-13 12:00,6507.3447,8782.631,5134.64
forecast_5389,2025-08-13 13:00,6046.995,8377.231,4838.639
forecast_5390,2025-08-13 14:00,6459.4175,9526.893,6386.8623
forecast_5391,2025-08-13 15:00,7259.8447,9805.697,7661.7974
forecast_5392,2025-08-13 16:00,8045.5767,10357.528,8603.572
forecast_5393,2025-08-13 17:00,7810.759,11035.8545,8892.12
forecast_5394,2025-08-13 18:00,7812.7573,11518.238,8818.281
forecast_5395,2025-08-13 19:00,9614.953,13315.335,10818.9
forecast_5396,2025-08-13 20:00,12895.852,15210.522,14306.945
forecast_5397,2025-08-13 21:00,15083.858,17370.408,16220.071
forecast_5398,2025-08-13 22:00,16846.684,18625.969,17216.37
forecast_5399,2025-08-13 23:00,16822.064,18975.69,17888.531
forecast_5400,2025-08-14 0:00,16715.826,18891.723,17061.19
forecast_5401,2025-08-14 1:00,16909.297,18820.354,16822.916
forecast_5402,2025-08-14 2:00,17039.889,19044.389,18441.86
forecast_5403,2025-08-14 3:00,17210.83,18838.041,17159.86
forecast_5404,2025-08-14 4:00,15986.361,17766.977,16404.8
forecast_5405,2025-08-14 5:00,13938.799,15523.115,14340.596
forecast_5406,2025-08-14 6:00,14515.456,16144.892,14993.508
forecast_5407,2025-08-14 7:00,13398.8545,15221.609,14087.127
forecast_5408,2025-08-14 8:00,13212.672,14746.43,13578.052
forecast_5409,2025-08-14 9:00,13743.985,15321.868,13984.949
forecast_5410,2025-08-14 10:00,13354.998,14637.082,13272.431
forecast_5411,2025-08-14 11:00,11433.204,12693.352,10583.211
forecast_5412,2025-08-14 12:00,9536.156,11082.803,9704.371
forecast_5413,2025-08-14 13:00,8536.145,11006.741,8940.058
forecast_5414,2025-08-14 14:00,8633.707,11344.732,10114.99
forecast_5415,2025-08-14 15:00,9152.127,10941.19,10032.391
forecast_5416,2025-08-14 16:00,11842.875,13547.766,11447.105
forecast_5417,2025-08-14 17:00,12403.785,14228.342,12782.535
forecast_5418,2025-08-14 18:00,12293.198,13863.915,11796.175
forecast_5419,2025-08-14 19:00,11420.098,13209.756,11419.537
forecast_5420,2025-08-14 20:00,12634.596,14237.62,12553.652
forecast_5421,2025-08-14 21:00,13501.345,15359.3125,13487.446
forecast_5422,2025-08-14 22:00,13819.885,15594.756,12753.287
forecast_5423,2025-08-14 23:00,13929.529,14975.91,12465.833
forecast_5424,2025-08-15 0:00,13587.532,14702.088,12040.842
forecast_5425,2025-08-15 1:00,13514.795,14097.795,10619.991
forecast_5426,2025-08-15 2:00,12754.695,13431.363,10131.645
forecast_5427,2025-08-15 3:00,12487.759,12823.552,9821.658
forecast_5428,2025-08-15 4:00,11721.363,11551.5205,8715.63
forecast_5429,2025-08-15 5:00,10177.807,10134.596,7227.8784
forecast_5430,2025-08-15 6:00,9286.854,8727.109,6417.1733
forecast_5431,2025-08-15 7:00,7677.9067,6801.9062,4987.75
forecast_5432,2025-08-15 8:00,5615.1963,5130.8867,4154.800999999998
forecast_5433,2025-08-15 9:00,4236.550799999998,3130.1327999999985,2620.512199999998
forecast_5434,2025-08-15 10:00,3194.0113999999985,2190.050699999999,954.0809
forecast_5435,2025-08-15 11:00,2726.255399999998,2005.1609999999987,888.8368
forecast_5436,2025-08-15 12:00,2732.420399999998,2021.4267999999988,904.1333
forecast_5437,2025-08-15 13:00,2865.1569999999983,2108.890399999999,966.0769
forecast_5438,2025-08-15 14:00,3015.630699999998,2146.603999999999,966.0769
forecast_5439,2025-08-15 15:00,3200.457599999998,2348.106699999999,2137.696199999998
forecast_5440,2025-08-15 16:00,3038.343299999998,2219.5159999999987,966.09674
forecast_5441,2025-08-15 17:00,2905.521099999998,2155.203599999999,956.9727
forecast_5442,2025-08-15 18:00,2889.180499999998,2118.480799999999,1042.9331
forecast_5443,2025-08-15 19:00,2879.6740999999984,2128.8571999999986,972.5494
forecast_5444,2025-08-15 20:00,4023.959999999998,3286.576999999999,2790.687399999998
forecast_5445,2025-08-15 21:00,4906.420399999998,4688.306399999999,3655.1286999999984
forecast_5446,2025-08-15 22:00,4920.22,4957.5684,4016.7514999999976
forecast_5447,2025-08-15 23:00,6381.277,6257.008,5193.3629999999985
forecast_5448,2025-08-16 0:00,8211.892,8805.396,5978.361
forecast_5449,2025-08-16 1:00,10474.934,11139.888,8198.411
forecast_5450,2025-08-16 2:00,11860.59,12791.427,9558.755
forecast_5451,2025-08-16 3:00,11896.245,13351.874,10010.292
forecast_5452,2025-08-16 4:00,11543.302,13131.063,9872.891
forecast_5453,2025-08-16 5:00,11119.594,13064.886,9380.339
forecast_5454,2025-08-16 6:00,11415.336,13057.837,9378.388
forecast_5455,2025-08-16 7:00,10692.19,11605.243,7652.789
forecast_5456,2025-08-16 8:00,8935.03,8841.514,5737.457
forecast_5457,2025-08-16 9:00,7881.9556,7969.5137,4625.7705
forecast_5458,2025-08-16 10:00,5991.6895,6004.5,4850.973999999998
forecast_5459,2025-08-16 11:00,5984.222,5971.3496,4361.3916
forecast_5460,2025-08-16 12:00,5875.166,6015.9614,4487.6553
forecast_5461,2025-08-16 13:00,6570.749,6232.9946,5409.784
forecast_5462,2025-08-16 14:00,8290.598,8303.789,7458.437
forecast_5463,2025-08-16 15:00,8539.768,8057.033,7650.5137
forecast_5464,2025-08-16 16:00,8822.954,8305.586,7731.568
forecast_5465,2025-08-16 17:00,9315.478,8726.401,8355.626
forecast_5466,2025-08-16 18:00,11143.423,10886.701,9966.099
forecast_5467,2025-08-16 19:00,11295.13,10988.58,10077.864
forecast_5468,2025-08-16 20:00,13142.62,13876.614,11454.758
forecast_5469,2025-08-16 21:00,15430.937,15600.0205,13989.057
forecast_5470,2025-08-16 22:00,16968.742,17202.818,16168.355
forecast_5471,2025-08-16 23:00,17530.166,17648.86,16308.037
forecast_5472,2025-08-17 0:00,18308.219,18185.879,16090.113
forecast_5473,2025-08-17 1:00,17713.537,17798.285,16260.752
forecast_5474,2025-08-17 2:00,18366.398,18097.87,16298.07
forecast_5475,2025-08-17 3:00,17768.693,17869.312,16170.02
forecast_5476,2025-08-17 4:00,18481.668,18560.443,16515.469
forecast_5477,2025-08-17 5:00,18544.754,18620.885,16519.285
forecast_5478,2025-08-17 6:00,18422.928,18388.895,16399.445
forecast_5479,2025-08-17 7:00,16935.594,17539.201,14811.341
forecast_5480,2025-08-17 8:00,16183.729,17520.86,14375.714
forecast_5481,2025-08-17 9:00,13047.758,14669.968,11808.057
forecast_5482,2025-08-17 10:00,9648.116,10787.163,8299.323
forecast_5483,2025-08-17 11:00,7233.295,7943.0415,5259.6655
forecast_5484,2025-08-17 12:00,5170.942,5192.65,4100.531499999998
forecast_5485,2025-08-17 13:00,4429.832,4821.037599999999,3862.028599999998
forecast_5486,2025-08-17 14:00,4643.955,4893.595999999999,3909.462999999998
forecast_5487,2025-08-17 15:00,4926.706,5007.208,4416.240199999998
forecast_5488,2025-08-17 16:00,4895.219,4678.36,4257.206999999998
forecast_5489,2025-08-17 17:00,4735.395,4891.969999999999,3637.0499999999984
forecast_5490,2025-08-17 18:00,4724.0283,4875.646499999999,3806.1422999999977
forecast_5491,2025-08-17 19:00,5975.7812,5738.404,4818.495399999998
forecast_5492,2025-08-17 20:00,5824.871,5653.0054,4762.622299999998
forecast_5493,2025-08-17 21:00,7323.603,7733.746,5025.723
forecast_5494,2025-08-17 22:00,7228.974,6879.83,4338.5557
forecast_5495,2025-08-17 23:00,5861.3765,5568.917,4912.529999999998
forecast_5496,2025-08-18 0:00,6889.844,6827.4277,5199.9479999999985
forecast_5497,2025-08-18 1:00,9855.519,9723.879,6893.1553
forecast_5498,2025-08-18 2:00,9255.016,9370.064,6784.595
forecast_5499,2025-08-18 3:00,9575.771,10054.361,6845.1675
forecast_5500,2025-08-18 4:00,9090.389,9206.647,5650.0977
forecast_5501,2025-08-18 5:00,9512.337,10387.4,7301.257
forecast_5502,2025-08-18 6:00,10292.507,11059.568,7486.7417
forecast_5503,2025-08-18 7:00,10632.851,10818.323,7678.7197
forecast_5504,2025-08-18 8:00,9540.264,10421.787,7518.728
forecast_5505,2025-08-18 9:00,8478.557,8908.802,6091.3438
forecast_5506,2025-08-18 10:00,6669.2456,7068.2715,4549.6245
forecast_5507,2025-08-18 11:00,7903.709,8176.2,5117.396
forecast_5508,2025-08-18 12:00,7017.169,6900.271,4444.719
forecast_5509,2025-08-18 13:00,5337.8223,5314.065,4980.763999999998
forecast_5510,2025-08-18 14:00,6088.249,5606.841,5199.351999999998
forecast_5511,2025-08-18 15:00,6120.0317,6094.1772,6015.081
forecast_5512,2025-08-18 16:00,5891.0527,5479.275,4324.564
forecast_5513,2025-08-18 17:00,5746.7188,5746.311,4201.4785
forecast_5514,2025-08-18 18:00,7608.2935,7699.068,6768.187
forecast_5515,2025-08-18 19:00,9232.08,9775.045,8482.403
forecast_5516,2025-08-18 20:00,11235.655,11642.609,9752.917
forecast_5517,2025-08-18 21:00,11773.145,12888.48,9940.849
forecast_5518,2025-08-18 22:00,13193.693,14218.271,10813.617
forecast_5519,2025-08-18 23:00,13858.233,15236.871,11936.696
forecast_5520,2025-08-19 0:00,14467.162,15715.084,13658.454
forecast_5521,2025-08-19 1:00,14979.436,16339.926,14460.868
forecast_5522,2025-08-19 2:00,15465.546,17043.11,15609.551
forecast_5523,2025-08-19 3:00,15531.963,16714.297,14529.391
forecast_5524,2025-08-19 4:00,14437.043,16131.398,14824.5625
forecast_5525,2025-08-19 5:00,14461.24,16043.513,14157.963
forecast_5526,2025-08-19 6:00,14703.244,16621.482,15262.175
forecast_5527,2025-08-19 7:00,14460.21,16409.086,14241.324
forecast_5528,2025-08-19 8:00,15324.134,16643.691,14416.215
forecast_5529,2025-08-19 9:00,15636.081,16798.564,14628.294
forecast_5530,2025-08-19 10:00,13039.239,14145.895,12067.2295
forecast_5531,2025-08-19 11:00,12031.311,12769.341,10315.963
forecast_5532,2025-08-19 12:00,12161.661,12473.694,10400.337
forecast_5533,2025-08-19 13:00,10883.697,10548.6,9793.471
forecast_5534,2025-08-19 14:00,10229.467,10540.363,9131.08
forecast_5535,2025-08-19 15:00,10707.015,10231.818,9208.18
forecast_5536,2025-08-19 16:00,10554.075,10697.501,9460.648
forecast_5537,2025-08-19 17:00,10763.745,10849.347,9388.235
forecast_5538,2025-08-19 18:00,11903.884,11375.032,10049.096
forecast_5539,2025-08-19 19:00,12459.4,12806.822,10783.73
forecast_5540,2025-08-19 20:00,13918.415,14403.484,12915.401
forecast_5541,2025-08-19 21:00,14831.133,15565.265,14142.211
forecast_5542,2025-08-19 22:00,15451.77,16429.082,15328.203
forecast_5543,2025-08-19 23:00,16988.643,18119.207,16132.419
forecast_5544,2025-08-20 0:00,17379.344,18638.941,17141.145
forecast_5545,2025-08-20 1:00,16560.549,18128.469,16209.067
forecast_5546,2025-08-20 2:00,17120.906,18400.674,16371.279
forecast_5547,2025-08-20 3:00,17477.373,18721.506,16483.586
forecast_5548,2025-08-20 4:00,17631.922,18798.46,16500.111
forecast_5549,2025-08-20 5:00,17383.518,18352.697,16229.079
forecast_5550,2025-08-20 6:00,17051.264,17957.49,16053.479
forecast_5551,2025-08-20 7:00,15656.15,16581.627,14683.501
forecast_5552,2025-08-20 8:00,13756.985,15376.029,12813.96
forecast_5553,2025-08-20 9:00,12071.613,13375.697,10571.709
forecast_5554,2025-08-20 10:00,9881.495,10551.383,8301.93
forecast_5555,2025-08-20 11:00,7809.3276,7366.9116,6185.161
forecast_5556,2025-08-20 12:00,6328.713,5613.0996,4789.712999999998
forecast_5557,2025-08-20 13:00,4566.6836,4610.1963,4342.354199999998
forecast_5558,2025-08-20 14:00,5322.1610999999975,4689.532499999998,3926.0243999999975
forecast_5559,2025-08-20 15:00,4540.034,4423.6714,4103.773399999998
forecast_5560,2025-08-20 16:00,5304.146,4693.9595,4592.070999999998
forecast_5561,2025-08-20 17:00,5270.3315,4848.742,4916.2091999999975
forecast_5562,2025-08-20 18:00,4424.065,4493.445,3890.4096999999983
forecast_5563,2025-08-20 19:00,5026.58,5209.3335,4724.9110999999975
forecast_5564,2025-08-20 20:00,6499.2393,7055.262,4452.3257
forecast_5565,2025-08-20 21:00,6935.163,7675.623,4535.753
forecast_5566,2025-08-20 22:00,8194.768,8965.556,6722.1514
forecast_5567,2025-08-20 23:00,10617.143,12033.686,9390.073
forecast_5568,2025-08-21 0:00,12365.46,13415.341,10449.817
forecast_5569,2025-08-21 1:00,11318.951,12485.227,9747.522
forecast_5570,2025-08-21 2:00,14021.097,14922.195,10982.012
forecast_5571,2025-08-21 3:00,14593.541,15004.124,11668.8955
forecast_5572,2025-08-21 4:00,14348.921,15103.677,11760.531
forecast_5573,2025-08-21 5:00,13367.652,13631.867,10456.629
forecast_5574,2025-08-21 6:00,11735.503,11358.76,8028.6743
forecast_5575,2025-08-21 7:00,8366.322,7563.906,5371.855
forecast_5576,2025-08-21 8:00,5197.228,5051.617,4179.787399999998
forecast_5577,2025-08-21 9:00,4478.670399999998,3473.6425999999988,2684.0316999999977
forecast_5578,2025-08-21 10:00,3486.1681999999983,2639.6724999999988,2302.3373999999976
forecast_5579,2025-08-21 11:00,3240.6034999999983,2503.1253999999985,2217.7119999999977
forecast_5580,2025-08-21 12:00,2550.248999999998,1962.7761999999989,895.83105
forecast_5581,2025-08-21 13:00,2411.1129999999985,1731.292399999999,738.74286
forecast_5582,2025-08-21 14:00,1076.6278,1056.2717,713.67346
forecast_5583,2025-08-21 15:00,1065.0077,1070.2848,740.5508
forecast_5584,2025-08-21 16:00,2377.8655999999983,1753.9082999999987,765.83215
forecast_5585,2025-08-21 17:00,2384.455399999998,1793.2707999999989,799.4294
forecast_5586,2025-08-21 18:00,2421.274299999998,1800.1940999999988,828.1102
forecast_5587,2025-08-21 19:00,2460.878999999998,1847.4666999999986,806.0318
forecast_5588,2025-08-21 20:00,2538.229699999998,1877.9579999999987,831.65546
forecast_5589,2025-08-21 21:00,2864.216599999998,2280.6498999999985,2157.763099999998
forecast_5590,2025-08-21 22:00,4069.976599999998,3506.4579999999987,2778.1609999999982
forecast_5591,2025-08-21 23:00,4591.148199999998,3981.1986999999986,3108.3634999999977
forecast_5592,2025-08-22 0:00,4775.696499999998,4048.6215999999986,3181.340799999998
forecast_5593,2025-08-22 1:00,4406.004199999998,3479.7982999999986,2896.6645999999982
forecast_5594,2025-08-22 2:00,5077.634299999998,3970.390399999999,3154.000699999998
forecast_5595,2025-08-22 3:00,4636.431,4928.515599999999,3968.837599999998
forecast_5596,2025-08-22 4:00,6397.285,6607.5547,5097.433799999998
forecast_5597,2025-08-22 5:00,8103.435,8171.089,6118.5664
forecast_5598,2025-08-22 6:00,10372.403,10557.782,8373.925
forecast_5599,2025-08-22 7:00,10955.878,11093.835,8335.649
forecast_5600,2025-08-22 8:00,9294.55,9654.377,5989.1133
forecast_5601,2025-08-22 9:00,7528.9727,7710.4897,4246.8228
forecast_5602,2025-08-22 10:00,4750.1377,4844.848599999999,3418.398199999998
forecast_5603,2025-08-22 11:00,4627.644799999998,3515.1952999999985,2709.4079999999976
forecast_5604,2025-08-22 12:00,3810.9701999999984,2939.470199999999,2503.117299999998
forecast_5605,2025-08-22 13:00,3781.9411999999984,3094.848099999999,2600.799599999998
forecast_5606,2025-08-22 14:00,4211.253999999998,3517.779999999999,2905.2951999999977
forecast_5607,2025-08-22 15:00,4579.008999999998,3900.5446999999986,3262.0917999999983
forecast_5608,2025-08-22 16:00,5381.854199999998,4291.871299999999,3586.5001999999977
forecast_5609,2025-08-22 17:00,4937.853,4919.395499999999,4323.328399999998
forecast_5610,2025-08-22 18:00,5317.523,4908.2373,4399.916999999998
forecast_5611,2025-08-22 19:00,7908.3433,7403.096,5720.2583
forecast_5612,2025-08-22 20:00,10330.916,9651.697,8253.681
forecast_5613,2025-08-22 21:00,12757.416,12753.5,10284.149
forecast_5614,2025-08-22 22:00,14724.451,14275.513,11393.596
forecast_5615,2025-08-22 23:00,15718.636,15588.306,12639.539
forecast_5616,2025-08-23 0:00,15944.665,15644.189,13245.342
forecast_5617,2025-08-23 1:00,15156.711,15117.574,12079.423
forecast_5618,2025-08-23 2:00,15367.252,15044.312,12009.832
forecast_5619,2025-08-23 3:00,15050.222,14599.079,10843.247
forecast_5620,2025-08-23 4:00,14084.329,13836.926,10476.358
forecast_5621,2025-08-23 5:00,12935.042,12889.287,9461.334
forecast_5622,2025-08-23 6:00,11268.019,10590.1045,7485.5996
forecast_5623,2025-08-23 7:00,8488.554,7713.516,4903.3813
forecast_5624,2025-08-23 8:00,5534.6455,4583.915,3465.019799999998
forecast_5625,2025-08-23 9:00,4572.014199999998,3315.8569999999986,2481.306499999998
forecast_5626,2025-08-23 10:00,2718.293599999998,1853.9489999999987,818.4509
forecast_5627,2025-08-23 11:00,2479.788599999998,1751.9241999999986,738.74286
forecast_5628,2025-08-23 12:00,2443.568699999998,1735.1472999999987,740.5508
forecast_5629,2025-08-23 13:00,2400.428699999998,1061.2023,727.75085
forecast_5630,2025-08-23 14:00,2377.703699999998,1041.3411,727.75085
forecast_5631,2025-08-23 15:00,2380.0847999999983,1043.5322,727.75085
forecast_5632,2025-08-23 16:00,2456.6436999999983,1787.1798999999987,749.9225
forecast_5633,2025-08-23 17:00,2852.3629999999985,2208.761799999999,2139.963499999998
forecast_5634,2025-08-23 18:00,2965.119499999998,2244.447099999999,984.69763
forecast_5635,2025-08-23 19:00,3046.8588999999984,2447.485099999999,1031.8346
forecast_5636,2025-08-23 20:00,3349.636199999998,2668.100799999999,2264.7450999999983
forecast_5637,2025-08-23 21:00,4570.426799999998,3457.995799999999,2854.360099999998
forecast_5638,2025-08-23 22:00,5530.798299999999,4411.066199999999,3252.404499999998
forecast_5639,2025-08-23 23:00,5602.108999999999,4732.779299999999,3550.6610999999975
forecast_5640,2025-08-24 0:00,5259.998999999998,4369.531499999999,3363.083999999998
forecast_5641,2025-08-24 1:00,4391.512499999998,3522.8947999999987,2744.6233999999977
forecast_5642,2025-08-24 2:00,4022.3619999999983,3167.8095999999987,2520.225799999998
forecast_5643,2025-08-24 3:00,4022.365499999998,3142.2979999999984,2467.0058999999983
forecast_5644,2025-08-24 4:00,3560.822999999998,2739.1176999999984,2396.252999999998
forecast_5645,2025-08-24 5:00,3132.1110999999983,2477.5172999999986,2186.682399999998
forecast_5646,2025-08-24 6:00,3099.949999999998,2464.5338999999985,1012.3884
forecast_5647,2025-08-24 7:00,2866.9217999999983,2286.077499999999,966.0769
forecast_5648,2025-08-24 8:00,2669.788099999998,2084.9514999999988,953.63055
forecast_5649,2025-08-24 9:00,2477.0203999999985,1876.2180999999987,824.49194
forecast_5650,2025-08-24 10:00,1076.4547,1784.5592999999985,935.3778
forecast_5651,2025-08-24 11:00,1063.8264,1843.5248999999985,921.1874
forecast_5652,2025-08-24 12:00,2407.6803999999984,1897.7132999999985,981.6108
forecast_5653,2025-08-24 13:00,2488.8311999999983,1884.7039999999988,918.59894
forecast_5654,2025-08-24 14:00,2571.521999999998,1973.6051999999986,1006.97864
forecast_5655,2025-08-24 15:00,2729.711199999998,2092.7450999999987,2160.781599999998
forecast_5656,2025-08-24 16:00,3139.610099999998,2635.441699999999,2491.780199999998
forecast_5657,2025-08-24 17:00,3394.072299999998,2726.058999999999,2545.386599999998
forecast_5658,2025-08-24 18:00,3434.7509999999984,2735.2296999999985,2424.7802999999976
forecast_5659,2025-08-24 19:00,3397.1225999999983,2581.9761999999987,2313.366799999998
forecast_5660,2025-08-24 20:00,3877.035199999998,2992.4142999999985,2414.902699999998
forecast_5661,2025-08-24 21:00,4265.317999999998,3303.7143999999985,2472.626299999998
forecast_5662,2025-08-24 22:00,4143.017799999998,3311.3065999999985,2547.019899999998
forecast_5663,2025-08-24 23:00,3904.626699999998,3053.1389999999988,2471.774199999998
forecast_5664,2025-08-25 0:00,3508.609399999998,2930.3389999999986,2409.443799999998
forecast_5665,2025-08-25 1:00,4034.5069999999982,3303.2074999999986,2678.511799999998
forecast_5666,2025-08-25 2:00,4197.088999999998,3450.2604999999985,2817.572299999998
forecast_5667,2025-08-25 3:00,4879.355199999998,3998.9054999999985,3101.0473999999977
forecast_5668,2025-08-25 4:00,4879.023199999998,4008.668699999999,3049.9538999999977
forecast_5669,2025-08-25 5:00,5055.954799999998,4087.804699999999,3159.812299999998
forecast_5670,2025-08-25 6:00,4326.898,4676.903299999999,3361.706799999998
forecast_5671,2025-08-25 7:00,5462.875999999998,4590.878199999999,3323.307999999998
forecast_5672,2025-08-25 8:00,4282.245599999998,3578.4867999999988,2751.225199999998
forecast_5673,2025-08-25 9:00,3631.585399999998,2974.1999999999985,2308.606099999998
forecast_5674,2025-08-25 10:00,3087.8584999999985,2450.2427999999986,2130.116999999998
forecast_5675,2025-08-25 11:00,3215.290299999998,2839.9174999999987,2273.5779999999977
forecast_5676,2025-08-25 12:00,3466.121299999998,3151.0439999999985,2539.7531999999983
forecast_5677,2025-08-25 13:00,3588.694599999998,3128.1164999999987,2579.411399999998
forecast_5678,2025-08-25 14:00,3711.0092999999983,3574.196799999999,2931.9947999999977
forecast_5679,2025-08-25 15:00,4328.709999999998,3771.4855999999986,3095.581999999998
forecast_5680,2025-08-25 16:00,4440.685999999998,3858.886999999999,3092.333299999998
forecast_5681,2025-08-25 17:00,4312.142799999998,3894.199499999999,3155.7855999999983
forecast_5682,2025-08-25 18:00,5406.318999999999,4355.1274,3793.907699999998
forecast_5683,2025-08-25 19:00,6175.414,6204.9375,4541.4824
forecast_5684,2025-08-25 20:00,8577.186,9496.089,7597.1606
forecast_5685,2025-08-25 21:00,10309.448,11796.903,9563.026
forecast_5686,2025-08-25 22:00,12124.161,13403.843,10603.37
forecast_5687,2025-08-25 23:00,13147.709,14714.22,12405.573
forecast_5688,2025-08-26 0:00,13610.419,15120.328,13129.687
forecast_5689,2025-08-26 1:00,13586.628,15756.626,13907.379
forecast_5690,2025-08-26 2:00,13568.668,16249.21,14292.028
forecast_5691,2025-08-26 3:00,13426.337,16250.433,14290.751
forecast_5692,2025-08-26 4:00,13712.194,16496.729,14574.895
forecast_5693,2025-08-26 5:00,14342.142,16887.906,15706.3125
forecast_5694,2025-08-26 6:00,14146.285,16752.553,15202.816
forecast_5695,2025-08-26 7:00,13528.075,16365.868,14583.537
forecast_5696,2025-08-26 8:00,12606.122,15514.463,13298.455
forecast_5697,2025-08-26 9:00,13532.83,16312.533,15268.944
forecast_5698,2025-08-26 10:00,11730.924,14812.782,13433.383
forecast_5699,2025-08-26 11:00,11585.485,14681.588,13346.694
forecast_5700,2025-08-26 12:00,10360.75,13054.406,11196.658
forecast_5701,2025-08-26 13:00,12305.863,14554.093,13138.108
forecast_5702,2025-08-26 14:00,12638.929,15113.6455,13796.743
forecast_5703,2025-08-26 15:00,12775.007,15157.814,13676.794
forecast_5704,2025-08-26 16:00,10949.345,13653.246,11952.317
forecast_5705,2025-08-26 17:00,11489.824,13386.237,11400.577
forecast_5706,2025-08-26 18:00,11353.767,12861.108,10677.89
forecast_5707,2025-08-26 19:00,11242.685,12593.723,10309.027
forecast_5708,2025-08-26 20:00,9765.543,11137.864,8736.223
forecast_5709,2025-08-26 21:00,10244.697,11147.412,9038.6045
forecast_5710,2025-08-26 22:00,11632.405,12950.109,10142.198
forecast_5711,2025-08-26 23:00,11391.454,12737.748,9510.497
forecast_5712,2025-08-27 0:00,10289.302,11069.135,8333.382
forecast_5713,2025-08-27 1:00,10604.297,11475.939,8305.335
forecast_5714,2025-08-27 2:00,9166.371,8659.17,6729.3613
forecast_5715,2025-08-27 3:00,5810.836,5340.2764,5062.693799999998
forecast_5716,2025-08-27 4:00,5288.236799999999,4228.431199999999,3466.883799999998
forecast_5717,2025-08-27 5:00,3845.925999999998,2965.0062999999986,2359.1897999999983
forecast_5718,2025-08-27 6:00,3374.105199999998,2523.8454999999985,2101.406599999998
forecast_5719,2025-08-27 7:00,2907.1735999999983,2069.839099999999,824.09595
forecast_5720,2025-08-27 8:00,2861.605599999998,2118.7589999999987,820.7122
forecast_5721,2025-08-27 9:00,2483.0856999999983,1856.3039999999987,809.1945
forecast_5722,2025-08-27 10:00,2396.249399999998,1864.4516999999987,751.5428
forecast_5723,2025-08-27 11:00,2386.3467999999984,1861.5858999999987,740.5508
forecast_5724,2025-08-27 12:00,2524.6767999999984,2047.1776999999988,875.58264
forecast_5725,2025-08-27 13:00,2585.907599999998,2220.1571999999987,982.9554
forecast_5726,2025-08-27 14:00,2613.821699999998,2164.103099999999,1032.903
forecast_5727,2025-08-27 15:00,2711.064599999998,2190.3461999999986,1035.1642
forecast_5728,2025-08-27 16:00,2780.973799999998,2353.9446999999986,2137.696199999998
forecast_5729,2025-08-27 17:00,2887.3543999999983,2401.7265999999986,1012.34985
forecast_5730,2025-08-27 18:00,2876.8257999999983,2277.3567999999987,895.83105
forecast_5731,2025-08-27 19:00,3123.352499999998,2416.973399999999,904.1333
forecast_5732,2025-08-27 20:00,3309.4978999999985,2573.3915999999986,901.872
forecast_5733,2025-08-27 21:00,3395.017299999998,2560.760699999999,901.872
forecast_5734,2025-08-27 22:00,3547.835199999998,2603.6427999999987,910.58795
forecast_5735,2025-08-27 23:00,3435.393799999998,2618.982399999999,901.872
forecast_5736,2025-08-28 0:00,3404.018999999998,2654.319099999999,901.872
forecast_5737,2025-08-28 1:00,3715.342799999998,3198.5143999999987,2237.585399999998
forecast_5738,2025-08-28 2:00,3782.550999999998,3409.660599999999,2405.1546999999982
forecast_5739,2025-08-28 3:00,4297.090799999998,3901.3554999999988,2789.257999999998
forecast_5740,2025-08-28 4:00,5074.160999999998,4602.973399999999,3049.272199999998
forecast_5741,2025-08-28 5:00,4815.4575,5270.0522,3520.118999999998
forecast_5742,2025-08-28 6:00,5408.275399999999,4870.7817,3303.6574999999975
forecast_5743,2025-08-28 7:00,5237.668499999998,4737.455799999999,2858.099199999998
forecast_5744,2025-08-28 8:00,4389.817399999998,4238.308299999999,2772.954699999998
forecast_5745,2025-08-28 9:00,4128.979699999998,3945.714999999999,2928.040299999998
forecast_5746,2025-08-28 10:00,3561.489999999998,3397.5519999999988,2537.719399999998
forecast_5747,2025-08-28 11:00,3253.454099999998,3005.978299999999,2509.7874999999976
forecast_5748,2025-08-28 12:00,3861.652799999998,3534.7125999999985,2770.9424999999983
forecast_5749,2025-08-28 13:00,3873.4206999999983,3644.2399999999984,2860.9039999999977
forecast_5750,2025-08-28 14:00,4441.604699999998,3863.4779999999987,3210.8799999999983
forecast_5751,2025-08-28 15:00,4924.315199999998,4393.063699999999,3420.179699999998
forecast_5752,2025-08-28 16:00,5052.501699999998,4650.444999999999,3758.311999999998
forecast_5753,2025-08-28 17:00,5103.898399999998,4883.8036999999995,3824.838599999998
forecast_5754,2025-08-28 18:00,5411.8809999999985,4438.423,3624.7387999999983
forecast_5755,2025-08-28 19:00,5740.576,6177.469,5016.424799999998
forecast_5756,2025-08-28 20:00,7934.4834,9223.607,6680.2227
forecast_5757,2025-08-28 21:00,10112.938,11586.736,8769.783
forecast_5758,2025-08-28 22:00,12348.949,14038.516,11011.446
forecast_5759,2025-08-28 23:00,13329.529,14952.675,12718.307
forecast_5760,2025-08-29 0:00,15329.157,16480.283,14944.934
forecast_5761,2025-08-29 1:00,17177.627,18170.268,16779.89
forecast_5762,2025-08-29 2:00,17349.295,18958.436,16945.357
forecast_5763,2025-08-29 3:00,16914.787,18643.035,16893.732
forecast_5764,2025-08-29 4:00,17403.623,19019.008,17087.578
forecast_5765,2025-08-29 5:00,17510.568,18933.336,17113.584
forecast_5766,2025-08-29 6:00,17798.398,18986.861,17395.748
forecast_5767,2025-08-29 7:00,17617.5,18964.38,17207.846
forecast_5768,2025-08-29 8:00,17241.477,18303.697,16711.69
forecast_5769,2025-08-29 9:00,16288.752,17826.482,16111.536
forecast_5770,2025-08-29 10:00,15235.64,16379.422,14160.17
forecast_5771,2025-08-29 11:00,14425.798,14739.768,12452.26
forecast_5772,2025-08-29 12:00,12521.243,13465.719,11497.933
forecast_5773,2025-08-29 13:00,12112.56,12813.002,10633.8955
forecast_5774,2025-08-29 14:00,11626.939,12366.745,10525.925
forecast_5775,2025-08-29 15:00,11513.756,11989.313,10258.434
forecast_5776,2025-08-29 16:00,11787.137,12157.852,10321.629
forecast_5777,2025-08-29 17:00,11883.988,12050.147,10419.651
forecast_5778,2025-08-29 18:00,11837.272,11437.903,10038.338
forecast_5779,2025-08-29 19:00,12616.182,12722.54,10999.436
forecast_5780,2025-08-29 20:00,13593.429,13894.803,12247.151
forecast_5781,2025-08-29 21:00,14389.713,15146.615,12927.856
forecast_5782,2025-08-29 22:00,15016.77,15875.28,13145.132
forecast_5783,2025-08-29 23:00,15090.666,15863.141,13219.1045
forecast_5784,2025-08-30 0:00,14777.752,15695.328,12489.238
forecast_5785,2025-08-30 1:00,14965.41,15493.682,12860.855
forecast_5786,2025-08-30 2:00,14357.886,15174.979,12078.231
forecast_5787,2025-08-30 3:00,13443.429,14287.222,11170.318
forecast_5788,2025-08-30 4:00,12706.677,13418.123,9941.917
forecast_5789,2025-08-30 5:00,11606.718,12200.297,8834.802
forecast_5790,2025-08-30 6:00,10476.151,10906.71,7423.6655
forecast_5791,2025-08-30 7:00,9838.327,10050.548,6753.8325
forecast_5792,2025-08-30 8:00,8858.241,8701.61,6198.7417
forecast_5793,2025-08-30 9:00,5731.0264,5589.885,4220.758499999998
forecast_5794,2025-08-30 10:00,5033.975299999998,3954.9086999999986,3009.618199999998
forecast_5795,2025-08-30 11:00,4102.9074999999975,3243.6051999999986,2562.869299999998
forecast_5796,2025-08-30 12:00,3433.0553999999984,2735.2523999999985,2400.086399999998
forecast_5797,2025-08-30 13:00,3365.894299999998,2745.7577999999985,2398.3333999999977
forecast_5798,2025-08-30 14:00,3480.7169999999983,2783.692999999999,2405.690999999998
forecast_5799,2025-08-30 15:00,3556.0899999999983,3010.1979999999985,2520.247999999998
forecast_5800,2025-08-30 16:00,3643.988499999998,3224.7086999999988,2605.039999999998
forecast_5801,2025-08-30 17:00,3682.933799999998,3290.995599999999,2409.775299999998
forecast_5802,2025-08-30 18:00,3975.840799999998,3269.344499999999,2519.370499999998
forecast_5803,2025-08-30 19:00,4389.017799999998,3884.6919999999986,2816.952399999998
forecast_5804,2025-08-30 20:00,5303.852799999999,4927.936499999999,3119.6376999999984
forecast_5805,2025-08-30 21:00,4773.414,5052.413,3615.7775999999976
forecast_5806,2025-08-30 22:00,5841.24,6600.282,4770.051299999998
forecast_5807,2025-08-30 23:00,5630.6934,5837.8354,4110.855199999998
forecast_5808,2025-08-31 0:00,5768.8765,6350.22,4532.479999999998
forecast_5809,2025-08-31 1:00,7559.2627,8468.887,4787.629
forecast_5810,2025-08-31 2:00,7686.9814,8932.41,5150.2686
forecast_5811,2025-08-31 3:00,7381.1104,8408.112,4898.058
forecast_5812,2025-08-31 4:00,6401.141,7531.772,4916.948999999998
forecast_5813,2025-08-31 5:00,4611.1943,5182.4106,3544.6103999999978
forecast_5814,2025-08-31 6:00,4783.305199999998,4497.807999999999,2840.9907999999978
forecast_5815,2025-08-31 7:00,4143.431199999998,4028.8065999999985,2610.629199999998
forecast_5816,2025-08-31 8:00,3531.181599999998,3402.1566999999986,2236.0449999999983
forecast_5817,2025-08-31 9:00,2989.993999999998,2722.7921999999985,971.18353
forecast_5818,2025-08-31 10:00,2842.2113999999983,2263.4981999999986,1017.2017
forecast_5819,2025-08-31 11:00,2899.3104999999982,2532.558599999999,2194.080599999998
forecast_5820,2025-08-31 12:00,3143.069099999998,3050.4052999999985,2435.730199999998
forecast_5821,2025-08-31 13:00,3370.284999999998,3168.9997999999987,2574.570999999998
forecast_5822,2025-08-31 14:00,3666.900399999998,3532.3069999999984,2869.341799999998
forecast_5823,2025-08-31 15:00,4025.5429999999983,3784.0763999999986,3205.092999999998
forecast_5824,2025-08-31 16:00,4740.062299999998,4839.026999999999,3695.4884999999977
forecast_5825,2025-08-31 17:00,5497.181999999998,4928.5073,4564.170699999998
forecast_5826,2025-08-31 18:00,4449.8086,5417.3574,4501.824999999998
forecast_5827,2025-08-31 19:00,6020.964,8449.883,5283.68
forecast_5828,2025-08-31 20:00,7769.649,10954.969,7113.379
forecast_5829,2025-08-31 21:00,8318.996,11776.878,8240.8125
forecast_5830,2025-08-31 22:00,9646.627,12266.349,8923.427
forecast_5831,2025-08-31 23:00,9861.474,13101.732,9662.573
forecast_5832,2025-09-01 0:00,10268.747,13508.253,10046.125
forecast_5833,2025-09-01 1:00,11108.809,14122.93,10633.624
forecast_5834,2025-09-01 2:00,10776.721,13763.941,10439.026
forecast_5835,2025-09-01 3:00,11311.495,14087.779,10595.693
forecast_5836,2025-09-01 4:00,12678.47,14794.931,12297.908
forecast_5837,2025-09-01 5:00,13052.27,14905.194,13003.679
forecast_5838,2025-09-01 6:00,12704.968,14728.883,12239.149
forecast_5839,2025-09-01 7:00,10844.786,13440.8125,10618.44
forecast_5840,2025-09-01 8:00,9589.15,12312.055,9513.12
forecast_5841,2025-09-01 9:00,9081.579,11069.095,9011.801
forecast_5842,2025-09-01 10:00,7182.954,9741.539,7347.911
forecast_5843,2025-09-01 11:00,6265.924,8365.754,5705.7363
forecast_5844,2025-09-01 12:00,5884.9224,8169.403,5599.2856
forecast_5845,2025-09-01 13:00,6069.6743,7826.1323,5301.5
forecast_5846,2025-09-01 14:00,7095.9873,8261.895,6414.1865
forecast_5847,2025-09-01 15:00,7105.6904,8806.534,7354.798
forecast_5848,2025-09-01 16:00,8257.732,9777.461,7990.522
forecast_5849,2025-09-01 17:00,9070.748,10518.349,8364.295
forecast_5850,2025-09-01 18:00,9377.334,10807.236,8426.238
forecast_5851,2025-09-01 19:00,8185.173,9254.968,7098.301
forecast_5852,2025-09-01 20:00,7368.724,8371.292,5544.856
forecast_5853,2025-09-01 21:00,6228.161,7748.8555,5065.407699999998
forecast_5854,2025-09-01 22:00,7275.576,9169.666,4880.912
forecast_5855,2025-09-01 23:00,9284.905,11454.348,7237.2505
forecast_5856,2025-09-02 0:00,8894.97,10676.519,7211.7324
forecast_5857,2025-09-02 1:00,10919.911,13761.943,10657.444
forecast_5858,2025-09-02 2:00,9688.818,12616.086,9863.913
forecast_5859,2025-09-02 3:00,10387.514,12585.423,9885.112
forecast_5860,2025-09-02 4:00,9758.7295,12078.553,9306.286
forecast_5861,2025-09-02 5:00,8743.961,10801.468,7770.3936
forecast_5862,2025-09-02 6:00,8001.359,10030.711,7676.864
forecast_5863,2025-09-02 7:00,6451.3696,7946.5396,4336.251
forecast_5864,2025-09-02 8:00,6018.7363,6519.447,4666.865999999998
forecast_5865,2025-09-02 9:00,4828.9697,4814.9746,3475.1929999999984
forecast_5866,2025-09-02 10:00,4828.222399999999,4173.768799999999,2809.175499999998
forecast_5867,2025-09-02 11:00,4485.658699999998,3929.1891999999984,2701.563399999998
forecast_5868,2025-09-02 12:00,4069.9429999999984,3433.4306999999985,2681.5028999999977
forecast_5869,2025-09-02 13:00,3526.9979999999982,2947.1519999999987,2357.933099999998
forecast_5870,2025-09-02 14:00,2735.5436999999984,2086.2960999999987,845.20483
forecast_5871,2025-09-02 15:00,2471.3327999999983,1862.532299999999,804.3469
forecast_5872,2025-09-02 16:00,2627.2832999999982,1993.3717999999985,874.7911
forecast_5873,2025-09-02 17:00,2515.966199999998,1891.7007999999987,834.2194
forecast_5874,2025-09-02 18:00,2463.129799999998,1821.0490999999988,816.59485
forecast_5875,2025-09-02 19:00,2510.6708999999983,1880.477899999999,824.49194
forecast_5876,2025-09-02 20:00,2533.203699999998,1877.8839999999987,827.2873
forecast_5877,2025-09-02 21:00,2615.471399999998,1900.3529999999987,819.05493
forecast_5878,2025-09-02 22:00,2868.9914999999983,2240.8936999999987,907.4378
forecast_5879,2025-09-02 23:00,2809.666699999998,2169.9790999999987,895.53864
forecast_5880,2025-09-03 0:00,2623.1238999999982,1901.6848999999988,859.94165
forecast_5881,2025-09-03 1:00,2794.749399999998,2052.1015999999986,798.6509
forecast_5882,2025-09-03 2:00,2766.1273999999985,2004.5799999999986,803.5471
forecast_5883,2025-09-03 3:00,2786.4978999999985,2009.1367999999989,817.4225
forecast_5884,2025-09-03 4:00,2880.5549999999985,2148.8915999999986,956.98175
forecast_5885,2025-09-03 5:00,2710.582199999998,2047.857399999999,821.59
forecast_5886,2025-09-03 6:00,2769.8880999999983,2085.0939999999987,815.3784
forecast_5887,2025-09-03 7:00,2659.7199999999984,1954.3439999999987,833.6196
forecast_5888,2025-09-03 8:00,2572.2252999999982,1948.936499999999,798.2026
forecast_5889,2025-09-03 9:00,2510.6902999999984,1879.171899999999,740.5508
forecast_5890,2025-09-03 10:00,2424.061899999998,1846.3958999999986,740.5508
forecast_5891,2025-09-03 11:00,2465.406899999998,1893.8316999999988,816.91504
forecast_5892,2025-09-03 12:00,2625.578099999998,2081.3329999999987,901.476
forecast_5893,2025-09-03 13:00,2672.077099999998,2068.996499999999,913.8606
forecast_5894,2025-09-03 14:00,2685.3130999999985,2150.997599999999,954.0809
forecast_5895,2025-09-03 15:00,2614.663199999998,2084.9867999999988,911.3884
forecast_5896,2025-09-03 16:00,2700.9779999999982,2266.3778999999986,969.8732
forecast_5897,2025-09-03 17:00,2653.0445999999984,2056.5093999999985,900.4412
forecast_5898,2025-09-03 18:00,2588.836499999998,1947.6303999999986,809.1945
forecast_5899,2025-09-03 19:00,2578.1439999999984,1899.4940999999985,751.5428
forecast_5900,2025-09-03 20:00,2606.543499999998,1979.8976999999986,775.1682
forecast_5901,2025-09-03 21:00,2698.542099999998,2083.9302999999986,818.4509
forecast_5902,2025-09-03 22:00,2836.262799999998,2098.9468999999985,824.09595
forecast_5903,2025-09-03 23:00,2759.2905999999984,2070.429299999999,824.49194
forecast_5904,2025-09-04 0:00,3030.710399999998,2218.354399999999,831.4965
forecast_5905,2025-09-04 1:00,3280.3084999999983,2411.7213999999985,824.49194
forecast_5906,2025-09-04 2:00,3188.8184999999985,2380.551799999999,824.49194
forecast_5907,2025-09-04 3:00,3050.0603999999985,2322.165599999999,809.1945
forecast_5908,2025-09-04 4:00,3161.9896999999983,2322.363399999999,824.49194
forecast_5909,2025-09-04 5:00,3381.526999999998,2388.5181999999986,892.8753
forecast_5910,2025-09-04 6:00,3790.073699999998,2840.1012999999984,906.97845
forecast_5911,2025-09-04 7:00,3884.8583999999983,2864.3908999999985,2102.5532999999978
forecast_5912,2025-09-04 8:00,3851.859399999998,2970.361599999999,1038.199
forecast_5913,2025-09-04 9:00,3515.974999999998,2832.3407999999986,1035.1642
forecast_5914,2025-09-04 10:00,3117.408699999998,2508.4549999999986,1041.6552
forecast_5915,2025-09-04 11:00,2991.905999999998,2419.3261999999986,2137.061599999998
forecast_5916,2025-09-04 12:00,3048.704599999998,2606.6883999999986,2205.5905999999977
forecast_5917,2025-09-04 13:00,2939.129799999998,2628.545299999999,2403.726699999998
forecast_5918,2025-09-04 14:00,2749.1169999999984,2362.105799999999,1013.1747
forecast_5919,2025-09-04 15:00,2993.553299999998,2700.2348999999986,2204.950399999998
forecast_5920,2025-09-04 16:00,3546.333299999998,3299.8263999999986,2416.846299999998
forecast_5921,2025-09-04 17:00,3779.377699999998,3571.4777999999988,2456.244299999998
forecast_5922,2025-09-04 18:00,3584.941699999998,3323.5197999999987,2285.446199999998
forecast_5923,2025-09-04 19:00,3585.851999999998,3189.3117999999986,2182.361599999998
forecast_5924,2025-09-04 20:00,3924.067399999998,3559.5050999999985,2362.982999999998
forecast_5925,2025-09-04 21:00,4121.968299999999,3754.5124999999985,2355.600699999998
forecast_5926,2025-09-04 22:00,4208.263199999998,3883.2868999999987,2420.4799999999977
forecast_5927,2025-09-04 23:00,4081.369599999998,3692.1589999999987,2392.8174999999983
forecast_5928,2025-09-05 0:00,3938.833999999998,3528.8593999999985,2331.084099999998
forecast_5929,2025-09-05 1:00,3762.8590999999983,3260.1899999999987,2198.590799999998
forecast_5930,2025-09-05 2:00,4173.513699999998,3527.1593999999986,2435.7913999999982
forecast_5931,2025-09-05 3:00,4313.912999999999,3711.7429999999986,2364.883699999998
forecast_5932,2025-09-05 4:00,4252.935999999998,3647.4311999999986,2425.322099999998
forecast_5933,2025-09-05 5:00,4404.582999999999,3783.9389999999985,2458.264299999998
forecast_5934,2025-09-05 6:00,4167.707799999998,3672.7926999999986,2365.1537999999982
forecast_5935,2025-09-05 7:00,3983.732399999998,3412.509999999999,2155.487499999998
forecast_5936,2025-09-05 8:00,3715.3581999999983,3235.2987999999987,2250.907199999998
forecast_5937,2025-09-05 9:00,3184.670699999998,2645.1017999999985,2129.5941999999977
forecast_5938,2025-09-05 10:00,2607.036299999998,2125.4606999999987,901.872
forecast_5939,2025-09-05 11:00,2542.1133999999984,1986.3567999999987,882.7959
forecast_5940,2025-09-05 12:00,2394.0985999999984,1907.9593999999988,809.9396
forecast_5941,2025-09-05 13:00,2392.383399999998,1770.0171999999989,727.75085
forecast_5942,2025-09-05 14:00,2391.448599999998,1850.2002999999986,751.5428
forecast_5943,2025-09-05 15:00,1054.489,1813.3772999999987,740.5508
forecast_5944,2025-09-05 16:00,1049.9474,1800.0469999999987,738.74286
forecast_5945,2025-09-05 17:00,2446.2034999999983,1993.7321999999986,819.4894
forecast_5946,2025-09-05 18:00,2783.981399999998,2232.0473999999986,921.5224
forecast_5947,2025-09-05 19:00,2832.349599999998,2239.482399999999,921.5224
forecast_5948,2025-09-05 20:00,3022.799399999998,2290.2699999999986,904.1333
forecast_5949,2025-09-05 21:00,3354.999499999998,2926.128699999999,2159.6741999999977
forecast_5950,2025-09-05 22:00,4376.346199999998,3914.9347999999986,2526.634299999998
forecast_5951,2025-09-05 23:00,5494.351999999998,4870.471,3410.935999999998
forecast_5952,2025-09-06 0:00,5357.892,6113.5737,3944.7959999999975
forecast_5953,2025-09-06 1:00,8301.97,9743.132,6145.1484
forecast_5954,2025-09-06 2:00,9965.654,12010.843,8609.658
forecast_5955,2025-09-06 3:00,12514.179,14392.06,10482.16
forecast_5956,2025-09-06 4:00,13760.041,15039.82,11517.322
forecast_5957,2025-09-06 5:00,13801.17,15045.167,11612.447
forecast_5958,2025-09-06 6:00,15182.638,15710.383,12863.655
forecast_5959,2025-09-06 7:00,15476.451,16313.286,14003.501
forecast_5960,2025-09-06 8:00,12788.549,14338.261,11863.49
forecast_5961,2025-09-06 9:00,12403.092,14010.915,11146.397
forecast_5962,2025-09-06 10:00,11853.475,13263.6,10958.246
forecast_5963,2025-09-06 11:00,11733.957,13221.684,11376.26
forecast_5964,2025-09-06 12:00,12238.046,13617.643,12026.502
forecast_5965,2025-09-06 13:00,11814.774,13411.795,11571.2705
forecast_5966,2025-09-06 14:00,11602.793,13383.228,11367.455
forecast_5967,2025-09-06 15:00,12411.136,14686.609,12895.576
forecast_5968,2025-09-06 16:00,14648.374,15978.253,14111.4795
forecast_5969,2025-09-06 17:00,13440.34,15217.416,13756.084
forecast_5970,2025-09-06 18:00,13166.88,15413.899,14899.684
forecast_5971,2025-09-06 19:00,13804.773,16227.846,15775.875
forecast_5972,2025-09-06 20:00,13554.574,16198.355,15769.255
forecast_5973,2025-09-06 21:00,15610.34,17610.734,16195.075
forecast_5974,2025-09-06 22:00,15704.883,18139.932,16418.768
forecast_5975,2025-09-06 23:00,15653.542,17867.258,16502.285
forecast_5976,2025-09-07 0:00,16158.685,18620.705,16585.254
forecast_5977,2025-09-07 1:00,16543.14,19122.908,16818.084
forecast_5978,2025-09-07 2:00,16191.303,18612.232,16788.041
forecast_5979,2025-09-07 3:00,15393.834,17771.078,16247.201
forecast_5980,2025-09-07 4:00,14329.135,16232.836,14105.053
forecast_5981,2025-09-07 5:00,13794.222,15185.792,13134.692
forecast_5982,2025-09-07 6:00,13078.423,14512.241,11873.486
forecast_5983,2025-09-07 7:00,12379.432,13892.286,11205.353
forecast_5984,2025-09-07 8:00,12576.415,13862.97,10944.787
forecast_5985,2025-09-07 9:00,11313.51,12341.582,9504.089
forecast_5986,2025-09-07 10:00,9761.838,10866.856,8256.461
forecast_5987,2025-09-07 11:00,8129.943,8778.926,6528.549
forecast_5988,2025-09-07 12:00,5643.237,6479.089,5077.686299999998
forecast_5989,2025-09-07 13:00,5015.107699999999,4368.930999999999,3265.6713999999984
forecast_5990,2025-09-07 14:00,5420.561999999998,4406.6787,3730.8976999999977
forecast_5991,2025-09-07 15:00,5032.1626,5595.299,4248.242399999998
forecast_5992,2025-09-07 16:00,6708.965,6449.1523,4552.421
forecast_5993,2025-09-07 17:00,7529.083,7809.4155,4930.3896
forecast_5994,2025-09-07 18:00,8630.732,9021.828,6151.164
forecast_5995,2025-09-07 19:00,9550.549,10469.887,7441.929
forecast_5996,2025-09-07 20:00,11896.071,12429.438,9205.404
forecast_5997,2025-09-07 21:00,12378.836,13252.929,9812.433
forecast_5998,2025-09-07 22:00,12173.465,13087.373,10030.2295
forecast_5999,2025-09-07 23:00,11610.388,12104.752,9437.352
forecast_6000,2025-09-08 0:00,12381.175,13342.841,9967.686
forecast_6001,2025-09-08 1:00,9188.51,9496.085,6731.017
forecast_6002,2025-09-08 2:00,8563.16,9016.823,6374.729
forecast_6003,2025-09-08 3:00,7326.2095,6636.87,4595.617
forecast_6004,2025-09-08 4:00,6700.1396,5090.4517,4559.518599999998
forecast_6005,2025-09-08 5:00,5068.7036,4345.1525999999985,3499.993199999998
forecast_6006,2025-09-08 6:00,4423.897699999998,3011.3717999999985,2498.012599999998
forecast_6007,2025-09-08 7:00,3389.306199999998,2432.3996999999986,2109.138999999998
forecast_6008,2025-09-08 8:00,2890.9087999999983,2120.6217999999985,906.3298
forecast_6009,2025-09-08 9:00,2598.204499999998,2022.6612999999988,740.5508
forecast_6010,2025-09-08 10:00,1048.8673,1801.0850999999989,740.5508
forecast_6011,2025-09-08 11:00,1064.6715,1791.8203999999987,758.421
forecast_6012,2025-09-08 12:00,1056.2672,1749.399199999999,867.4479
forecast_6013,2025-09-08 13:00,1031.2811,1758.516099999999,825.03345
forecast_6014,2025-09-08 14:00,2402.465799999998,1780.4053999999987,860.81256
forecast_6015,2025-09-08 15:00,1051.9825,1784.4462999999987,843.9022
forecast_6016,2025-09-08 16:00,3130.861799999998,2464.916299999999,2203.385399999998
forecast_6017,2025-09-08 17:00,4170.313199999999,3450.8717999999985,2579.3030999999983
forecast_6018,2025-09-08 18:00,5026.193999999998,4172.314199999999,2760.505699999998
forecast_6019,2025-09-08 19:00,5138.624999999998,4556.140999999999,2969.469099999998
forecast_6020,2025-09-08 20:00,5148.866199999999,4555.560799999999,2977.935999999998
forecast_6021,2025-09-08 21:00,4843.904299999998,4052.9245999999985,2576.163099999998
forecast_6022,2025-09-08 22:00,4246.765099999999,3305.9577999999988,2239.568699999998
forecast_6023,2025-09-08 23:00,3460.9613999999983,2926.7543999999984,2118.885899999998
forecast_6024,2025-09-09 0:00,3161.668499999998,2577.4938999999986,1014.9089
forecast_6025,2025-09-09 1:00,4840.034999999998,4307.530999999999,2769.4057999999977
forecast_6026,2025-09-09 2:00,4448.556999999998,3921.003699999999,2604.758899999998
forecast_6027,2025-09-09 3:00,3652.932999999998,3260.3617999999988,2372.0163999999977
forecast_6028,2025-09-09 4:00,3450.7659999999983,3004.605999999999,2253.115999999998
forecast_6029,2025-09-09 5:00,3509.283399999998,3324.9689999999987,2395.870199999998
forecast_6030,2025-09-09 6:00,3803.048999999998,3188.4630999999986,2220.675199999998
forecast_6031,2025-09-09 7:00,3527.3698999999983,2779.8522999999986,2188.1170999999977
forecast_6032,2025-09-09 8:00,3819.1679999999983,3010.0709999999985,2210.857999999998
forecast_6033,2025-09-09 9:00,3607.209499999998,3066.5194999999985,2165.128899999998
forecast_6034,2025-09-09 10:00,3686.950999999998,3267.4074999999984,2446.7510999999977
forecast_6035,2025-09-09 11:00,3832.4339999999984,3370.9442999999987,2488.979199999998
forecast_6036,2025-09-09 12:00,3998.5353999999984,3548.9916999999987,2420.6525999999976
forecast_6037,2025-09-09 13:00,3575.750199999998,2780.0592999999985,2110.660599999998
forecast_6038,2025-09-09 14:00,3196.6481999999983,2438.730599999999,2125.786399999998
forecast_6039,2025-09-09 15:00,3284.836999999998,2566.3598999999986,2191.0725999999977
forecast_6040,2025-09-09 16:00,3019.074099999998,2282.4239999999986,892.6088
forecast_6041,2025-09-09 17:00,3229.640499999998,2484.6557999999986,967.5456
forecast_6042,2025-09-09 18:00,3380.9357999999984,2666.0817999999986,985.29846
forecast_6043,2025-09-09 19:00,3567.414999999998,2860.3371999999986,1003.4183
forecast_6044,2025-09-09 20:00,3687.4743999999982,3122.9279999999985,2130.032699999998
forecast_6045,2025-09-09 21:00,3809.1247999999982,3270.8571999999986,2154.516499999998
forecast_6046,2025-09-09 22:00,3884.3217999999983,3401.4967999999985,2302.0701999999983
forecast_6047,2025-09-09 23:00,3882.609599999998,3277.2831999999985,2266.8075999999983
forecast_6048,2025-09-10 0:00,3528.8417999999983,2897.4235999999987,2207.191999999998
forecast_6049,2025-09-10 1:00,4191.682599999998,3754.0536999999986,2301.751599999998
forecast_6050,2025-09-10 2:00,4126.774399999998,3725.3693999999987,2319.152099999998
forecast_6051,2025-09-10 3:00,4143.151599999998,3753.4729999999986,2419.768999999998
forecast_6052,2025-09-10 4:00,4183.8359999999975,3753.4853999999987,2409.883199999998
forecast_6053,2025-09-10 5:00,4515.831799999998,3821.8935999999985,2346.4950999999983
forecast_6054,2025-09-10 6:00,4613.677999999998,4212.737299999999,2439.883999999998
forecast_6055,2025-09-10 7:00,4758.418999999998,4292.500199999999,2547.125099999998
forecast_6056,2025-09-10 8:00,4474.637699999998,4156.070599999999,2579.976299999998
forecast_6057,2025-09-10 9:00,3954.148999999998,3828.3769999999986,2577.566199999998
forecast_6058,2025-09-10 10:00,3586.541999999998,3358.8317999999986,2550.335699999998
forecast_6059,2025-09-10 11:00,3514.9442999999983,3402.8666999999987,2642.710399999998
forecast_6060,2025-09-10 12:00,3436.9829999999984,3336.578099999999,2683.1254999999983
forecast_6061,2025-09-10 13:00,3161.2392999999984,3072.4293999999986,2632.565899999998
forecast_6062,2025-09-10 14:00,3105.0935999999983,3006.404999999999,2562.451999999998
forecast_6063,2025-09-10 15:00,2835.369999999998,2583.251699999999,2337.767699999998
forecast_6064,2025-09-10 16:00,2850.095999999998,2531.534699999999,2337.8985999999977
forecast_6065,2025-09-10 17:00,2854.465599999998,2447.793499999999,2264.271899999998
forecast_6066,2025-09-10 18:00,2993.8853999999983,2452.8234999999986,1033.8303
forecast_6067,2025-09-10 19:00,3302.487199999998,3087.1447999999987,2105.122599999998
forecast_6068,2025-09-10 20:00,3820.6029999999982,3811.5932999999986,2380.379799999998
forecast_6069,2025-09-10 21:00,4063.746299999998,4025.0001999999986,2464.383499999998
forecast_6070,2025-09-10 22:00,4623.421099999998,4819.703999999999,2803.266499999998
forecast_6071,2025-09-10 23:00,4802.653599999998,4853.011699999999,2848.734399999998
forecast_6072,2025-09-11 0:00,5101.015999999998,4469.666,2792.390299999998
forecast_6073,2025-09-11 1:00,4441.999299999998,3870.993999999999,2520.253699999998
forecast_6074,2025-09-11 2:00,4521.684999999998,4249.908399999998,2660.350999999998
forecast_6075,2025-09-11 3:00,4854.590799999998,4429.989699999999,2670.200199999998
forecast_6076,2025-09-11 4:00,4929.731399999999,4426.755599999999,2700.462999999998
forecast_6077,2025-09-11 5:00,5366.222699999998,4370.117,2896.652299999998
forecast_6078,2025-09-11 6:00,5576.700999999998,4603.926,3058.170499999998
forecast_6079,2025-09-11 7:00,4847.9526,5234.372,3342.1996999999983
forecast_6080,2025-09-11 8:00,4528.7227,5238.944,3547.4533999999976
forecast_6081,2025-09-11 9:00,5214.479199999998,4800.4375,3406.2433999999976
forecast_6082,2025-09-11 10:00,4108.991499999998,4083.4489999999987,2939.647499999998
forecast_6083,2025-09-11 11:00,4323.514199999998,4353.214599999998,3260.944599999998
forecast_6084,2025-09-11 12:00,4376.303999999998,4759.570999999999,3340.399699999998
forecast_6085,2025-09-11 13:00,4334.7959999999985,4524.880899999999,3382.0302999999976
forecast_6086,2025-09-11 14:00,4182.087999999998,4373.493699999999,3348.845699999998
forecast_6087,2025-09-11 15:00,4201.926799999998,4171.683299999999,3306.6974999999984
forecast_6088,2025-09-11 16:00,4321.9906999999985,4324.232999999999,3196.292199999998
forecast_6089,2025-09-11 17:00,4981.256599999999,4726.731,3747.1884999999984
forecast_6090,2025-09-11 18:00,5175.150999999998,4536.5215,3257.5656999999983
forecast_6091,2025-09-11 19:00,4722.364,5602.9253,3420.7555999999977
forecast_6092,2025-09-11 20:00,5103.5366,6240.3867,3891.2914999999975
forecast_6093,2025-09-11 21:00,5731.606,6922.3247,3944.370399999998
forecast_6094,2025-09-11 22:00,6649.4185,8103.463,4683.496299999998
forecast_6095,2025-09-11 23:00,6951.5317,8563.434,5190.940399999999
forecast_6096,2025-09-12 0:00,6314.5073,7855.073,4328.597399999998
forecast_6097,2025-09-12 1:00,6196.688,7823.1826,4414.347399999998
forecast_6098,2025-09-12 2:00,5512.6177,5930.283,3503.2414999999983
forecast_6099,2025-09-12 3:00,5560.521499999998,4925.004,3123.809799999998
forecast_6100,2025-09-12 4:00,5531.1979999999985,5010.1963,3295.7353999999978
forecast_6101,2025-09-12 5:00,5210.025999999998,4643.4805,3098.135699999998
forecast_6102,2025-09-12 6:00,4966.255399999998,4795.416499999999,2912.4853999999978
forecast_6103,2025-09-12 7:00,5378.826199999998,4547.244,3040.704299999998
forecast_6104,2025-09-12 8:00,5284.896499999998,4592.4014,3061.010899999998
forecast_6105,2025-09-12 9:00,5215.276999999998,4654.7583,3261.7392999999984
forecast_6106,2025-09-12 10:00,4491.333499999999,4315.274999999999,2971.580999999998
forecast_6107,2025-09-12 11:00,4295.561999999998,4134.851299999998,3067.519899999998
forecast_6108,2025-09-12 12:00,4313.370399999998,4271.826199999999,3178.008799999998
forecast_6109,2025-09-12 13:00,3952.8615999999984,3708.3341999999984,2855.792099999998
forecast_6110,2025-09-12 14:00,3848.8779999999983,3408.7404999999985,2587.647799999998
forecast_6111,2025-09-12 15:00,4257.125499999998,3556.802699999999,2577.6287999999977
forecast_6112,2025-09-12 16:00,4845.492399999998,3934.1854999999987,2619.443599999998
forecast_6113,2025-09-12 17:00,4998.951399999998,4370.836199999999,2854.750399999998
forecast_6114,2025-09-12 18:00,5164.772999999998,4678.021199999999,3085.754899999998
forecast_6115,2025-09-12 19:00,4930.730499999998,4488.427699999999,2972.606999999998
forecast_6116,2025-09-12 20:00,5392.553699999999,4460.5073,3055.433999999998
forecast_6117,2025-09-12 21:00,4704.032,5141.1943,3507.122999999998
forecast_6118,2025-09-12 22:00,5037.159,5469.404,3645.6789999999983
forecast_6119,2025-09-12 23:00,5870.2485,6676.5923,4032.713099999998
forecast_6120,2025-09-13 0:00,6406.3584,6285.0127,3855.629399999998
forecast_6121,2025-09-13 1:00,4929.9185,5390.257,3739.9887999999983
forecast_6122,2025-09-13 2:00,5641.162,5794.4453,4067.0431999999983
forecast_6123,2025-09-13 3:00,6459.552,6622.3525,4815.937299999998
forecast_6124,2025-09-13 4:00,7343.0054,8525.2705,4543.772
forecast_6125,2025-09-13 5:00,8354.526,10383.83,6561.5503
forecast_6126,2025-09-13 6:00,10304.377,11619.187,8709.314
forecast_6127,2025-09-13 7:00,12926.548,14910.386,11680.625
forecast_6128,2025-09-13 8:00,13996.818,16676.23,14047.189
forecast_6129,2025-09-13 9:00,14320.043,16901.014,15644.848
forecast_6130,2025-09-13 10:00,13914.087,16579.75,15726.236
forecast_6131,2025-09-13 11:00,9556.938,10884.864,8576.895
forecast_6132,2025-09-13 12:00,6933.5283,7450.5923,5266.0527
forecast_6133,2025-09-13 13:00,5440.235999999998,4375.7974,2901.554299999998
forecast_6134,2025-09-13 14:00,4159.614999999998,3432.2733999999987,2176.976099999998
forecast_6135,2025-09-13 15:00,4040.7187999999983,2959.4162999999985,2289.2814999999982
forecast_6136,2025-09-13 16:00,3974.391399999998,3456.828099999999,2342.1110999999983
forecast_6137,2025-09-13 17:00,4406.083299999998,3968.9039999999986,2725.3538999999982
forecast_6138,2025-09-13 18:00,4734.832799999998,4067.2969999999987,2725.616599999998
forecast_6139,2025-09-13 19:00,3922.5546999999983,3380.248499999999,2342.366999999998
forecast_6140,2025-09-13 20:00,3161.609099999998,2529.4331999999986,901.872
forecast_6141,2025-09-13 21:00,2947.265499999998,2419.717699999999,2117.2924999999977
forecast_6142,2025-09-13 22:00,3130.456399999998,2463.063699999999,984.01764
forecast_6143,2025-09-13 23:00,3207.507199999998,2567.6353999999988,2157.459499999998
forecast_6144,2025-09-14 0:00,3278.1092999999983,2763.9894999999988,2111.9511999999977
forecast_6145,2025-09-14 1:00,3727.926499999998,3466.0759999999987,2277.014999999998
forecast_6146,2025-09-14 2:00,3746.837199999998,3488.3185999999987,2273.794199999998
forecast_6147,2025-09-14 3:00,3627.215999999998,3284.7562999999986,2206.6699999999983
forecast_6148,2025-09-14 4:00,3492.014599999998,3234.3637999999987,2177.340799999998
forecast_6149,2025-09-14 5:00,3501.320299999998,3216.1099999999988,2213.316999999998
forecast_6150,2025-09-14 6:00,3651.3842999999983,3177.353299999999,2293.067099999998
forecast_6151,2025-09-14 7:00,3757.080599999998,3341.5387999999984,2430.7209999999977
forecast_6152,2025-09-14 8:00,4147.052499999998,3740.4691999999986,2681.024999999998
forecast_6153,2025-09-14 9:00,3723.900399999998,3310.270999999999,2349.7991999999977
forecast_6154,2025-09-14 10:00,3340.190199999998,2854.2387999999987,2431.9740999999976
forecast_6155,2025-09-14 11:00,3184.672999999998,2559.1380999999988,2359.646199999998
forecast_6156,2025-09-14 12:00,3501.1144999999983,2982.1425999999988,2460.006599999998
forecast_6157,2025-09-14 13:00,3384.3932999999984,2649.875599999999,2470.2555999999977
forecast_6158,2025-09-14 14:00,3588.0773999999983,2838.4335999999985,2574.320099999998
forecast_6159,2025-09-14 15:00,3994.142999999998,3390.6737999999987,2882.333499999998
forecast_6160,2025-09-14 16:00,4336.853499999998,3758.3087999999984,2950.589999999998
forecast_6161,2025-09-14 17:00,4861.400999999998,4322.209999999999,3263.9232999999977
forecast_6162,2025-09-14 18:00,5591.8657,5264.732,4461.838099999998
forecast_6163,2025-09-14 19:00,8747.719,8883.665,6457.5957
forecast_6164,2025-09-14 20:00,10780.206,10521.403,7631.701
forecast_6165,2025-09-14 21:00,12741.303,13308.443,10364.91
forecast_6166,2025-09-14 22:00,15093.962,15248.9795,12488.854
forecast_6167,2025-09-14 23:00,16299.418,16270.24,14241.524
forecast_6168,2025-09-15 0:00,16502.84,16585.639,14424.132
forecast_6169,2025-09-15 1:00,15789.771,15515.281,12325.319
forecast_6170,2025-09-15 2:00,14329.343,14321.628,10919.445
forecast_6171,2025-09-15 3:00,14177.729,13935.065,10818.031
forecast_6172,2025-09-15 4:00,13840.563,13525.595,10120.187
forecast_6173,2025-09-15 5:00,11756.938,10815.465,8272.538
forecast_6174,2025-09-15 6:00,9121.735,8161.396,6116.7407
forecast_6175,2025-09-15 7:00,6361.767,5707.075,4873.273999999998
forecast_6176,2025-09-15 8:00,4969.0985999999975,3682.1681999999987,2887.328699999998
forecast_6177,2025-09-15 9:00,3198.8242999999984,2274.1135999999988,2168.773299999998
forecast_6178,2025-09-15 10:00,2548.982199999998,1847.852199999999,902.25757
forecast_6179,2025-09-15 11:00,2547.8372999999983,1859.4334999999987,921.1138
forecast_6180,2025-09-15 12:00,2465.325899999998,1845.4563999999987,873.5111
forecast_6181,2025-09-15 13:00,2380.448599999998,1778.8770999999988,851.7154
forecast_6182,2025-09-15 14:00,2390.003899999998,1793.2163999999989,860.58093
forecast_6183,2025-09-15 15:00,2526.830699999998,2058.967999999999,1016.55145
forecast_6184,2025-09-15 16:00,2976.872099999998,2500.3075999999987,2427.510499999998
forecast_6185,2025-09-15 17:00,3867.1854999999982,3244.2279999999987,3070.059699999998
forecast_6186,2025-09-15 18:00,4916.131,4490.7295,4136.770299999998
forecast_6187,2025-09-15 19:00,6231.7183,5876.6245,4875.812
forecast_6188,2025-09-15 20:00,6843.349,6039.4116,5023.3745
forecast_6189,2025-09-15 21:00,6537.8257,5758.5967,4344.303
forecast_6190,2025-09-15 22:00,5235.799,4843.56,4227.217799999998
forecast_6191,2025-09-15 23:00,4928.1445,4922.208999999999,3846.5009999999984
forecast_6192,2025-09-16 0:00,5267.2183,4657.0684,4390.421399999998
forecast_6193,2025-09-16 1:00,8473.829,9026.348,6110.991
forecast_6194,2025-09-16 2:00,9843.847,10131.706,7233.0386
forecast_6195,2025-09-16 3:00,10063.945,10437.579,7228.8506
forecast_6196,2025-09-16 4:00,10970.2,11145.88,7955.435
forecast_6197,2025-09-16 5:00,11542.131,12250.089,8789.294
forecast_6198,2025-09-16 6:00,12613.73,12531.888,9057.061
forecast_6199,2025-09-16 7:00,12417.308,12735.506,9017.954
forecast_6200,2025-09-16 8:00,9459.0205,9611.922,5930.113
forecast_6201,2025-09-16 9:00,7621.5176,8385.163,4964.836
forecast_6202,2025-09-16 10:00,5605.59,6057.6694,4738.497299999998
forecast_6203,2025-09-16 11:00,6578.3325,7318.4097,5582.388
forecast_6204,2025-09-16 12:00,7039.2705,7503.921,5851.0273
forecast_6205,2025-09-16 13:00,7089.9478,6790.628,5762.06
forecast_6206,2025-09-16 14:00,6454.6943,6758.3022,6136.1973
forecast_6207,2025-09-16 15:00,7816.343,8726.68,7375.4697
forecast_6208,2025-09-16 16:00,8439.972,8834.039,8010.26
forecast_6209,2025-09-16 17:00,7544.67,8038.243,6708.617
forecast_6210,2025-09-16 18:00,7989.983,9504.461,7415.8657
forecast_6211,2025-09-16 19:00,9455.701,11891.542,10071.651
forecast_6212,2025-09-16 20:00,9556.18,12111.636,10636.223
forecast_6213,2025-09-16 21:00,10241.425,12661.612,10910.021
forecast_6214,2025-09-16 22:00,10244.772,12798.3955,10564.737
forecast_6215,2025-09-16 23:00,11106.583,13510.277,11013.19
forecast_6216,2025-09-17 0:00,11839.226,14207.401,11870.115
forecast_6217,2025-09-17 1:00,15752.814,17430.535,16048.31
forecast_6218,2025-09-17 2:00,15889.364,18109.572,16394.762
forecast_6219,2025-09-17 3:00,16700.26,18467.885,16639.328
forecast_6220,2025-09-17 4:00,17659.113,18771.271,16702.137
forecast_6221,2025-09-17 5:00,16745.312,18298.8,16554.299
forecast_6222,2025-09-17 6:00,15815.069,17846.527,15948.647
forecast_6223,2025-09-17 7:00,13151.428,14999.07,12689.828
forecast_6224,2025-09-17 8:00,9964.353,11356.365,8298.248
forecast_6225,2025-09-17 9:00,7123.2363,8336.075,4661.1826
forecast_6226,2025-09-17 10:00,4782.51,5241.06,3838.429699999998
forecast_6227,2025-09-17 11:00,5282.472999999998,4411.721,2838.0824999999977
forecast_6228,2025-09-17 12:00,4068.075699999998,3864.4325999999987,2517.190999999998
forecast_6229,2025-09-17 13:00,4601.051799999998,4028.9516999999987,2400.0424999999977
forecast_6230,2025-09-17 14:00,5245.555,6099.2827,4775.903299999998
forecast_6231,2025-09-17 15:00,6316.332,7672.6636,5094.7373
forecast_6232,2025-09-17 16:00,5550.331499999998,4337.95,2992.114299999998
forecast_6233,2025-09-17 17:00,4312.739499999998,3833.9039999999986,2541.325799999998
forecast_6234,2025-09-17 18:00,3827.785199999998,2967.7272999999986,2223.535399999998
forecast_6235,2025-09-17 19:00,3252.322399999998,2546.389299999999,907.3309
forecast_6236,2025-09-17 20:00,3136.602399999998,2719.3727999999987,2184.4776999999976
forecast_6237,2025-09-17 21:00,3363.695299999998,3068.7879999999986,2407.696999999998
forecast_6238,2025-09-17 22:00,3190.810699999998,2805.729199999999,2332.030999999998
forecast_6239,2025-09-17 23:00,3082.633899999998,2603.037399999999,2223.986499999998
forecast_6240,2025-09-18 0:00,2945.759199999998,2385.5141999999987,1046.5862
forecast_6241,2025-09-18 1:00,2982.749999999998,2434.621499999999,947.64825
forecast_6242,2025-09-18 2:00,2815.131699999998,2303.3834999999985,974.3002
forecast_6243,2025-09-18 3:00,2823.758999999998,2341.031599999999,982.9904
forecast_6244,2025-09-18 4:00,2992.167199999998,2553.4700999999986,2144.011199999998
forecast_6245,2025-09-18 5:00,3816.946499999998,3676.140599999999,2584.6002999999982
forecast_6246,2025-09-18 6:00,4768.533699999998,4848.6179999999995,3061.950899999998
forecast_6247,2025-09-18 7:00,4981.687299999998,5082.887,3606.500699999998
forecast_6248,2025-09-18 8:00,5209.597999999998,5085.5127,3624.8134999999984
forecast_6249,2025-09-18 9:00,5257.492699999998,5226.576,3663.983199999998
forecast_6250,2025-09-18 10:00,5309.609599999998,4980.3613,3455.4577999999983
forecast_6251,2025-09-18 11:00,4942.713999999998,4825.1255,3297.3053999999984
forecast_6252,2025-09-18 12:00,4722.667499999998,4448.911,3274.273399999998
forecast_6253,2025-09-18 13:00,4467.812999999998,4666.088599999999,2997.1930999999977
forecast_6254,2025-09-18 14:00,4292.703099999999,4290.165799999999,3027.7227999999977
forecast_6255,2025-09-18 15:00,4050.723599999998,3981.5189999999984,2987.764299999998
forecast_6256,2025-09-18 16:00,3745.663799999998,3605.8473999999987,2725.371099999998
forecast_6257,2025-09-18 17:00,4170.746999999998,4333.128199999999,3012.168299999998
forecast_6258,2025-09-18 18:00,4323.969699999998,4488.199999999999,3029.204299999998
forecast_6259,2025-09-18 19:00,4297.294199999998,4406.717299999998,2969.585999999998
forecast_6260,2025-09-18 20:00,4183.218999999998,4340.239299999999,2773.710899999998
forecast_6261,2025-09-18 21:00,4431.107199999999,4203.0666999999985,2551.047599999998
forecast_6262,2025-09-18 22:00,4759.559599999999,4547.5729999999985,2907.6876999999977
forecast_6263,2025-09-18 23:00,4537.006299999998,4394.608399999999,2836.142099999998
forecast_6264,2025-09-19 0:00,4467.107699999999,4233.4933999999985,2767.882299999998
forecast_6265,2025-09-19 1:00,4492.259299999998,4351.665999999999,2750.528899999998
forecast_6266,2025-09-19 2:00,4524.473899999998,4033.8556999999987,2718.070899999998
forecast_6267,2025-09-19 3:00,4538.029299999998,4034.9203999999986,2678.228499999998
forecast_6268,2025-09-19 4:00,4364.204599999998,3902.4364999999984,2515.265699999998
forecast_6269,2025-09-19 5:00,4298.575699999998,3771.3681999999985,2425.6894999999977
forecast_6270,2025-09-19 6:00,3940.097999999998,3562.665999999999,2158.795499999998
forecast_6271,2025-09-19 7:00,4229.856999999998,3566.5587999999984,2256.609599999998
forecast_6272,2025-09-19 8:00,3719.138699999998,3068.677699999999,2137.8571999999976
forecast_6273,2025-09-19 9:00,3437.031199999998,2804.216799999999,2144.9199999999983
forecast_6274,2025-09-19 10:00,3046.739099999998,2176.604699999999,901.872
forecast_6275,2025-09-19 11:00,2881.063799999998,2122.085099999999,901.872
forecast_6276,2025-09-19 12:00,2785.093899999998,1973.5561999999986,798.2026
forecast_6277,2025-09-19 13:00,2654.141199999998,1914.8779999999988,798.2026
forecast_6278,2025-09-19 14:00,2572.812399999998,1883.4365999999986,798.2026
forecast_6279,2025-09-19 15:00,2605.4973999999984,1940.0069999999987,825.39404
forecast_6280,2025-09-19 16:00,2755.2437999999984,2010.788799999999,891.0645
forecast_6281,2025-09-19 17:00,3062.992799999998,2228.5275999999985,867.01587
forecast_6282,2025-09-19 18:00,3372.356999999998,2499.910399999999,1040.7886
forecast_6283,2025-09-19 19:00,4274.186999999998,3790.744899999999,2554.944999999998
forecast_6284,2025-09-19 20:00,4253.533699999998,3480.5473999999986,2410.751199999998
forecast_6285,2025-09-19 21:00,4254.131799999998,3512.2459999999987,2407.7213999999976
forecast_6286,2025-09-19 22:00,5513.320999999998,4611.2715,2929.7393999999977
forecast_6287,2025-09-19 23:00,4624.2104,5012.848,3293.720199999998
forecast_6288,2025-09-20 0:00,5460.2847,6098.991,4004.5482999999977
forecast_6289,2025-09-20 1:00,7107.746,7159.576,3834.5158999999976
forecast_6290,2025-09-20 2:00,7199.818,8187.454,4699.676999999998
forecast_6291,2025-09-20 3:00,5665.1846,6045.165,3844.1654999999982
forecast_6292,2025-09-20 4:00,5412.3413,6686.6885,4393.023699999998
forecast_6293,2025-09-20 5:00,6730.766,7047.4595,4546.916999999998
forecast_6294,2025-09-20 6:00,7188.5903,7598.6143,4523.718499999998
forecast_6295,2025-09-20 7:00,5960.2188,6211.305,4221.696499999998
forecast_6296,2025-09-20 8:00,5525.1835999999985,4648.2627,3353.572799999998
forecast_6297,2025-09-20 9:00,3730.5177999999983,3338.4206999999988,2286.898799999998
forecast_6298,2025-09-20 10:00,3199.954499999998,2538.0478999999987,2242.239599999998
forecast_6299,2025-09-20 11:00,3614.1229999999982,3183.7941999999985,2570.7317999999977
forecast_6300,2025-09-20 12:00,3790.7448999999983,3054.5487999999987,2696.807099999998
forecast_6301,2025-09-20 13:00,4162.950199999998,3590.3009999999986,2606.882999999998
forecast_6302,2025-09-20 14:00,4346.038599999998,3657.2467999999985,2477.738199999998
forecast_6303,2025-09-20 15:00,3982.081499999998,3388.8012999999987,2327.073399999998
forecast_6304,2025-09-20 16:00,3521.708999999998,2931.0397999999986,2159.774299999998
forecast_6305,2025-09-20 17:00,3375.209199999998,2942.5121999999988,2168.858899999998
forecast_6306,2025-09-20 18:00,3348.545199999998,2655.6521999999986,2224.882899999998
forecast_6307,2025-09-20 19:00,3173.2990999999984,2535.0012999999985,2178.2285999999976
forecast_6308,2025-09-20 20:00,4099.999499999998,3513.123299999999,2422.144199999998
forecast_6309,2025-09-20 21:00,4775.792499999998,4299.729699999999,2850.997699999998
forecast_6310,2025-09-20 22:00,5069.617199999999,4894.259999999999,3041.5467999999983
forecast_6311,2025-09-20 23:00,4779.875699999999,4258.043999999999,2875.566699999998
forecast_6312,2025-09-21 0:00,4908.175299999998,4654.669399999999,2966.183799999998
forecast_6313,2025-09-21 1:00,5004.6455,6148.757,4516.800299999998
forecast_6314,2025-09-21 2:00,4756.1475,5585.951,3826.6654999999982
forecast_6315,2025-09-21 3:00,4495.432,5321.065,3750.6852999999983
forecast_6316,2025-09-21 4:00,5185.542699999998,4529.3726,3162.522499999998
forecast_6317,2025-09-21 5:00,5124.595699999998,4369.5254,3096.530899999998
forecast_6318,2025-09-21 6:00,4383.0938,4951.0854,3514.2572999999984
forecast_6319,2025-09-21 7:00,5079.119,5976.0244,3655.5819999999976
forecast_6320,2025-09-21 8:00,5564.321999999998,5205.1523,3510.4123999999983
forecast_6321,2025-09-21 9:00,4694.042699999998,4674.683299999999,2995.817399999998
forecast_6322,2025-09-21 10:00,3869.3053999999984,3796.5902999999985,2730.964499999998
forecast_6323,2025-09-21 11:00,3301.2230999999983,3091.1906999999987,2483.0413999999982
forecast_6324,2025-09-21 12:00,2991.805299999998,2796.015599999999,2440.824799999998
forecast_6325,2025-09-21 13:00,2954.585399999998,2773.6615999999985,2560.748299999998
forecast_6326,2025-09-21 14:00,2800.2648999999983,2559.2319999999986,2415.5930999999982
forecast_6327,2025-09-21 15:00,3119.206799999998,2974.1203999999984,2578.655499999998
forecast_6328,2025-09-21 16:00,3180.306499999998,3036.0339999999987,2566.031599999998
forecast_6329,2025-09-21 17:00,3592.7765999999983,3487.619899999999,2495.877199999998
forecast_6330,2025-09-21 18:00,3933.0009999999984,3907.5946999999987,2613.040299999998
forecast_6331,2025-09-21 19:00,4896.474899999998,4895.867699999999,3104.441999999998
forecast_6332,2025-09-21 20:00,5156.586699999998,4513.151,2989.729599999998
forecast_6333,2025-09-21 21:00,5549.907699999998,5001.9355,3136.5927999999976
forecast_6334,2025-09-21 22:00,5086.94,5791.701,3401.2204999999976
forecast_6335,2025-09-21 23:00,5974.523,7007.1377,3803.228799999998
forecast_6336,2025-09-22 0:00,6274.3926,7360.6133,3752.4586999999983
forecast_6337,2025-09-22 1:00,5460.9927,5914.9697,3261.012999999998
forecast_6338,2025-09-22 2:00,5791.1104,6554.705,3409.886699999998
forecast_6339,2025-09-22 3:00,6395.7373,7648.8467,3645.447299999998
forecast_6340,2025-09-22 4:00,6089.419,7480.1445,3621.1654999999982
forecast_6341,2025-09-22 5:00,6047.0723,7426.8306,3653.493999999998
forecast_6342,2025-09-22 6:00,4584.8564,5161.0454,3113.154499999998
forecast_6343,2025-09-22 7:00,4873.759,5810.957,3480.443799999998
forecast_6344,2025-09-22 8:00,5634.647,6697.8184,3748.667699999998
forecast_6345,2025-09-22 9:00,4788.241,5787.637,3860.3935999999976
forecast_6346,2025-09-22 10:00,5762.562,7364.357,4776.179999999998
forecast_6347,2025-09-22 11:00,5323.665799999999,5409.0884,3590.8522999999977
forecast_6348,2025-09-22 12:00,5030.603499999998,4828.836,3844.0023999999976
forecast_6349,2025-09-22 13:00,4506.619999999998,4702.5,3610.7221999999983
forecast_6350,2025-09-22 14:00,4661.171599999998,4579.064,3525.800299999998
forecast_6351,2025-09-22 15:00,4669.455799999998,4735.0493,3770.3053999999984
forecast_6352,2025-09-22 16:00,4551.4074999999975,4738.259799999999,3591.104699999998
forecast_6353,2025-09-22 17:00,4460.5729999999985,4509.674999999999,3226.957299999998
forecast_6354,2025-09-22 18:00,4238.940399999998,4180.107699999999,2829.4412999999977
forecast_6355,2025-09-22 19:00,4829.169699999999,4859.070999999999,2876.6143999999977
forecast_6356,2025-09-22 20:00,5083.041999999998,4458.9785,2907.400599999998
forecast_6357,2025-09-22 21:00,5424.300299999998,4889.427,3007.255999999998
forecast_6358,2025-09-22 22:00,5348.442099999998,4643.5947,2890.7299999999977
forecast_6359,2025-09-22 23:00,5435.787599999998,4675.078,2914.555699999998
forecast_6360,2025-09-23 0:00,5144.585699999998,4771.807999999999,2707.7249999999976
forecast_6361,2025-09-23 1:00,3543.9215999999983,3055.5659999999984,2142.034299999998
forecast_6362,2025-09-23 2:00,3620.1225999999983,3087.2049999999986,2219.0467999999983
forecast_6363,2025-09-23 3:00,3697.1666999999984,3291.336399999999,2222.714499999998
forecast_6364,2025-09-23 4:00,3836.953899999998,3403.1476999999986,2254.358299999998
forecast_6365,2025-09-23 5:00,3805.4145999999982,3391.5453999999986,2282.1575999999977
forecast_6366,2025-09-23 6:00,4248.834499999998,3605.848999999999,2290.804099999998
forecast_6367,2025-09-23 7:00,4743.634499999998,4005.663299999999,2402.456499999998
forecast_6368,2025-09-23 8:00,4877.169199999998,4200.001999999999,2426.439599999998
forecast_6369,2025-09-23 9:00,4398.386499999999,3960.7669999999985,2533.119899999998
forecast_6370,2025-09-23 10:00,3480.212399999998,3252.078999999999,2329.329299999998
forecast_6371,2025-09-23 11:00,3334.5562999999984,3048.7265999999986,2477.161699999998
forecast_6372,2025-09-23 12:00,3286.3853999999983,2923.9057999999986,2439.9127999999982
forecast_6373,2025-09-23 13:00,3060.2451999999985,2789.2316999999985,2499.578599999998
forecast_6374,2025-09-23 14:00,2994.4083999999984,2723.3375999999985,2364.576899999998
forecast_6375,2025-09-23 15:00,3085.610399999998,2774.8527999999988,2343.797099999998
forecast_6376,2025-09-23 16:00,3173.905999999998,2719.752999999999,2461.591799999998
forecast_6377,2025-09-23 17:00,3467.6706999999983,2959.0316999999986,2399.1017999999976
forecast_6378,2025-09-23 18:00,4018.929999999998,3768.5482999999986,2560.413099999998
forecast_6379,2025-09-23 19:00,4300.885999999999,3690.5922999999984,2351.888999999998
forecast_6380,2025-09-23 20:00,4582.991999999998,3766.6319999999987,2212.183299999998
forecast_6381,2025-09-23 21:00,4541.292499999998,3709.6896999999985,2209.054299999998
forecast_6382,2025-09-23 22:00,4566.127699999998,3797.9572999999987,2281.017699999998
forecast_6383,2025-09-23 23:00,4859.160999999998,3816.0478999999987,2463.877199999998
forecast_6384,2025-09-24 0:00,5207.225799999998,3925.6181999999985,2395.364999999998
forecast_6385,2025-09-24 1:00,4838.229999999998,3819.0167999999985,2502.497599999998
forecast_6386,2025-09-24 2:00,5186.968299999999,4294.711199999999,2691.7333999999983
forecast_6387,2025-09-24 3:00,5541.160599999998,4842.387699999999,2936.155499999998
forecast_6388,2025-09-24 4:00,5290.6714,5459.6655,3817.2787999999982
forecast_6389,2025-09-24 5:00,6842.1123,6912.5176,4650.272699999998
forecast_6390,2025-09-24 6:00,6195.43,6550.62,4509.426999999998
forecast_6391,2025-09-24 7:00,5721.1846,5849.051,4378.303999999998
forecast_6392,2025-09-24 8:00,5231.1294,6035.182,4203.5922999999975
forecast_6393,2025-09-24 9:00,5057.434,6057.0405,4556.411599999998
forecast_6394,2025-09-24 10:00,5355.657,6529.967,4944.864999999998
forecast_6395,2025-09-24 11:00,6497.977,8931.982,6208.029
forecast_6396,2025-09-24 12:00,8906.717,11479.822,8277.266
forecast_6397,2025-09-24 13:00,9206.144,12398.568,9225.696
forecast_6398,2025-09-24 14:00,10914.748,13786.044,11092.972
forecast_6399,2025-09-24 15:00,9913.488,12818.326,10220.527
forecast_6400,2025-09-24 16:00,9482.999,11504.367,9586.972
forecast_6401,2025-09-24 17:00,7927.8237,9948.804,7420.726
forecast_6402,2025-09-24 18:00,7956.78,10173.9375,6375.542
forecast_6403,2025-09-24 19:00,8414.034,10502.487,7515.829
forecast_6404,2025-09-24 20:00,10610.239,13146.879,10448.44
forecast_6405,2025-09-24 21:00,12627.205,14976.397,13147.159
forecast_6406,2025-09-24 22:00,14043.815,15995.654,13939.762
forecast_6407,2025-09-24 23:00,14940.198,16593.453,15058.493
forecast_6408,2025-09-25 0:00,14948.372,16818.668,15099.245
forecast_6409,2025-09-25 1:00,15126.298,16760.877,15811.057
forecast_6410,2025-09-25 2:00,15761.925,17229.605,15856.955
forecast_6411,2025-09-25 3:00,14725.89,15794.568,14508.487
forecast_6412,2025-09-25 4:00,14901.493,15717.899,14029.7705
forecast_6413,2025-09-25 5:00,13969.208,15646.513,12746.571
forecast_6414,2025-09-25 6:00,14281.289,15758.996,13493.071
forecast_6415,2025-09-25 7:00,14190.799,16060.138,14213.904
forecast_6416,2025-09-25 8:00,12569.075,14208.061,11709.803
forecast_6417,2025-09-25 9:00,13321.143,15779.556,12734.191
forecast_6418,2025-09-25 10:00,12885.755,14531.533,11382.837
forecast_6419,2025-09-25 11:00,13067.952,14565.446,11678.812
forecast_6420,2025-09-25 12:00,13653.97,15423.8125,12534.761
forecast_6421,2025-09-25 13:00,13537.469,15281.404,12497.63
forecast_6422,2025-09-25 14:00,12730.765,14283.13,11569.891
forecast_6423,2025-09-25 15:00,12660.501,14284.743,11863.411
forecast_6424,2025-09-25 16:00,13311.613,14102.257,11232.797
forecast_6425,2025-09-25 17:00,12951.1,14085.02,11808.513
forecast_6426,2025-09-25 18:00,15213.67,15754.031,13260.251
forecast_6427,2025-09-25 19:00,15975.876,16305.475,13856.033
forecast_6428,2025-09-25 20:00,15971.611,16538.088,13797.162
forecast_6429,2025-09-25 21:00,16667.107,17341.04,14000.505
forecast_6430,2025-09-25 22:00,15819.288,16394.375,12227.799
forecast_6431,2025-09-25 23:00,15462.343,15848.509,11560.256
forecast_6432,2025-09-26 0:00,15199.293,15476.867,11386.476
forecast_6433,2025-09-26 1:00,12682.81,11594.002,8531.871
forecast_6434,2025-09-26 2:00,12081.826,10761.395,7584.839
forecast_6435,2025-09-26 3:00,10797.898,9103.067,6335.3745
forecast_6436,2025-09-26 4:00,7672.376,6406.5044,5160.552699999998
forecast_6437,2025-09-26 5:00,4499.4453,4101.660599999999,3042.957899999998
forecast_6438,2025-09-26 6:00,4166.129399999998,2863.5177999999987,2436.619099999998
forecast_6439,2025-09-26 7:00,3378.656199999998,2385.270599999999,2164.661999999998
forecast_6440,2025-09-26 8:00,2858.966699999998,2193.9201999999987,908.3012
forecast_6441,2025-09-26 9:00,2667.837399999998,2204.4750999999987,850.8226
forecast_6442,2025-09-26 10:00,2443.703199999998,1830.0664999999985,727.75085
forecast_6443,2025-09-26 11:00,2392.756199999998,1797.4813999999988,741.49805
forecast_6444,2025-09-26 12:00,1076.6392,1754.5261999999989,726.47754
forecast_6445,2025-09-26 13:00,1053.5365,1748.548499999999,727.75085
forecast_6446,2025-09-26 14:00,1051.466,1761.9534999999987,746.71484
forecast_6447,2025-09-26 15:00,1079.9067,1747.349499999999,740.5508
forecast_6448,2025-09-26 16:00,2400.789999999998,1731.5114999999987,738.74286
forecast_6449,2025-09-26 17:00,2417.5076999999983,1774.8936999999987,740.5508
forecast_6450,2025-09-26 18:00,2477.094399999998,1786.706299999999,740.5508
forecast_6451,2025-09-26 19:00,2629.276699999998,1909.232399999999,751.5428
forecast_6452,2025-09-26 20:00,2679.7532999999985,1983.5033999999987,798.2026
forecast_6453,2025-09-26 21:00,2680.7698999999984,1983.8441999999986,798.2026
forecast_6454,2025-09-26 22:00,2967.159399999998,2190.094999999999,870.40515
forecast_6455,2025-09-26 23:00,3072.3053999999984,2349.592299999999,906.74335
forecast_6456,2025-09-27 0:00,3044.3700999999983,2329.4469999999988,889.3915
forecast_6457,2025-09-27 1:00,3035.772699999998,2380.6751999999988,958.13477
forecast_6458,2025-09-27 2:00,3025.2136999999984,2301.028899999999,921.06537
forecast_6459,2025-09-27 3:00,3164.768799999998,2543.8762999999985,1023.38934
forecast_6460,2025-09-27 4:00,3352.118199999998,2758.495599999999,2112.860499999998
forecast_6461,2025-09-27 5:00,3417.3900999999983,2808.299999999999,2120.605199999998
forecast_6462,2025-09-27 6:00,3684.561299999998,2919.6642999999985,2151.347699999998
forecast_6463,2025-09-27 7:00,4148.583499999999,3215.4845999999984,2217.394399999998
forecast_6464,2025-09-27 8:00,3803.9752999999982,2917.7169999999987,2127.460299999998
forecast_6465,2025-09-27 9:00,3304.112299999998,2475.2629999999986,958.9311
forecast_6466,2025-09-27 10:00,2826.102299999998,1992.8035999999988,863.898
forecast_6467,2025-09-27 11:00,2546.371199999998,1856.3794999999986,891.54565
forecast_6468,2025-09-27 12:00,2470.295699999998,1796.0047999999988,868.34406
forecast_6469,2025-09-27 13:00,2467.368999999998,1780.6195999999986,862.6586
forecast_6470,2025-09-27 14:00,2452.989999999998,1755.286099999999,779.72504
forecast_6471,2025-09-27 15:00,2476.4123999999983,1796.112799999999,912.2315
forecast_6472,2025-09-27 16:00,2610.247699999998,1915.2117999999987,983.39954
forecast_6473,2025-09-27 17:00,2625.0539999999983,1966.5091999999986,951.86035
forecast_6474,2025-09-27 18:00,2866.1408999999985,2175.2364999999986,904.54834
forecast_6475,2025-09-27 19:00,3373.7889999999984,2635.4480999999987,1026.2672
forecast_6476,2025-09-27 20:00,3125.776699999998,2523.5192999999986,1023.4946
forecast_6477,2025-09-27 21:00,3317.384799999998,2633.552099999999,1048.688
forecast_6478,2025-09-27 22:00,4818.4281999999985,4307.473399999999,2947.951399999998
forecast_6479,2025-09-27 23:00,4842.738999999998,4283.508799999999,3059.111199999998
forecast_6480,2025-09-28 0:00,4419.969499999998,4122.2550999999985,2909.3745999999983
forecast_6481,2025-09-28 1:00,5292.0903,5747.707,3977.485999999998
forecast_6482,2025-09-28 2:00,6596.1123,6873.4897,4406.880899999998
forecast_6483,2025-09-28 3:00,7064.868,8032.481,5181.342299999998
forecast_6484,2025-09-28 4:00,6290.9087,7961.0815,5072.806599999998
forecast_6485,2025-09-28 5:00,6500.836,8068.698,4768.278599999998
forecast_6486,2025-09-28 6:00,4842.0605,5335.0684,3460.0136999999977
forecast_6487,2025-09-28 7:00,4858.656,5598.065,3612.762999999998
forecast_6488,2025-09-28 8:00,4612.7607,5893.3813,3830.3273999999983
forecast_6489,2025-09-28 9:00,5243.180199999998,4468.833,3242.2096999999976
forecast_6490,2025-09-28 10:00,5889.4097,6149.7847,4592.392299999998
forecast_6491,2025-09-28 11:00,5264.769999999999,4502.027999999998,3176.0333999999975
forecast_6492,2025-09-28 12:00,4297.816399999998,3769.6613999999986,2684.023699999998
forecast_6493,2025-09-28 13:00,4084.345999999998,4040.2749999999987,2449.084399999998
forecast_6494,2025-09-28 14:00,5228.693999999998,4416.7104,3513.895999999998
forecast_6495,2025-09-28 15:00,4597.8994,4979.757,3656.7109999999975
forecast_6496,2025-09-28 16:00,4874.6323,5098.641,3632.291299999998
forecast_6497,2025-09-28 17:00,4939.9,5220.331,3673.144799999998
forecast_6498,2025-09-28 18:00,4323.6245,4395.6567,3419.331299999998
forecast_6499,2025-09-28 19:00,5573.816399999998,4333.5137,3342.760299999998
forecast_6500,2025-09-28 20:00,4572.1406,4708.027,3608.166699999998
forecast_6501,2025-09-28 21:00,5181.8555,5374.9326,4086.142999999998
forecast_6502,2025-09-28 22:00,4638.198,4582.251,3669.3021999999983
forecast_6503,2025-09-28 23:00,5577.137999999998,4663.634799999999,3279.0167999999976
forecast_6504,2025-09-29 0:00,5171.335199999998,4138.350999999999,2952.138399999998
forecast_6505,2025-09-29 1:00,4679.559599999999,4065.4232999999986,2718.095199999998
forecast_6506,2025-09-29 2:00,4496.090799999998,3811.7323999999985,2601.3675999999978
forecast_6507,2025-09-29 3:00,4359.714799999998,3556.0514999999987,2448.092499999998
forecast_6508,2025-09-29 4:00,4757.676999999998,4122.3971999999985,2776.985499999998
forecast_6509,2025-09-29 5:00,4046.056199999998,3178.4311999999986,2330.179099999998
forecast_6510,2025-09-29 6:00,3717.282999999998,2704.8297999999986,1049.2816
forecast_6511,2025-09-29 7:00,3231.617299999998,2257.9278999999988,957.0474
forecast_6512,2025-09-29 8:00,2930.921099999998,2108.1236999999987,901.872
forecast_6513,2025-09-29 9:00,2826.061499999998,2004.7634999999987,864.276
forecast_6514,2025-09-29 10:00,2492.753999999998,1770.841199999999,759.7707
forecast_6515,2025-09-29 11:00,2502.638899999998,1816.3704999999986,746.293
forecast_6516,2025-09-29 12:00,2484.988499999998,1790.9655999999986,751.5428
forecast_6517,2025-09-29 13:00,2477.182099999998,1774.7492999999986,833.268
forecast_6518,2025-09-29 14:00,2584.400499999998,2058.4925999999987,904.1333
forecast_6519,2025-09-29 15:00,2573.403699999998,2038.6360999999988,904.1333
forecast_6520,2025-09-29 16:00,2648.321899999998,2198.291499999999,904.1333
forecast_6521,2025-09-29 17:00,2660.291999999998,2146.598599999999,894.80255
forecast_6522,2025-09-29 18:00,2608.891599999998,2082.313699999999,817.4225
forecast_6523,2025-09-29 19:00,2659.878499999998,2103.9345999999987,809.1945
forecast_6524,2025-09-29 20:00,2666.978799999998,2044.4745999999986,817.4225
forecast_6525,2025-09-29 21:00,2807.5720999999985,2203.5316999999986,830.5441
forecast_6526,2025-09-29 22:00,3559.7084999999984,3113.7733999999987,2339.276999999998
forecast_6527,2025-09-29 23:00,3903.709999999998,3289.8336999999988,2562.2189999999982
forecast_6528,2025-09-30 0:00,3420.0661999999984,2817.0006999999987,2264.030499999998
forecast_6529,2025-09-30 1:00,4297.425799999998,3502.2259999999987,2976.296599999998
forecast_6530,2025-09-30 2:00,4796.164799999999,3802.0250999999985,2977.787399999998
forecast_6531,2025-09-30 3:00,3933.2367999999983,3058.0172999999986,2306.788999999998
forecast_6532,2025-09-30 4:00,5219.208999999998,4212.993999999999,3208.527299999998
forecast_6533,2025-09-30 5:00,4266.505599999999,3209.4342999999985,2683.876599999998
forecast_6534,2025-09-30 6:00,3816.801499999998,2926.7621999999988,2483.731399999998
forecast_6535,2025-09-30 7:00,3351.3799999999983,2461.496099999999,2223.694999999998
forecast_6536,2025-09-30 8:00,3032.975499999998,2285.848399999999,2126.2279999999982
forecast_6537,2025-09-30 9:00,2711.939699999998,2029.7583999999988,948.16565
forecast_6538,2025-09-30 10:00,2494.4721999999983,1882.0945999999985,971.07477
forecast_6539,2025-09-30 11:00,2438.326299999998,1845.5843999999988,914.1055
forecast_6540,2025-09-30 12:00,2976.274899999998,2431.069599999999,2395.676799999998
forecast_6541,2025-09-30 13:00,2606.4047999999984,2034.9641999999985,992.9289
forecast_6542,2025-09-30 14:00,2690.3480999999983,2132.8333999999986,1019.6444
forecast_6543,2025-09-30 15:00,3060.327299999998,2425.342499999999,2320.014999999998
forecast_6544,2025-09-30 16:00,3143.953899999998,2528.1872999999987,2315.053599999998
forecast_6545,2025-09-30 17:00,3137.7028999999984,2297.739299999999,2263.085599999998
forecast_6546,2025-09-30 18:00,3963.797599999998,3207.9889999999987,2561.008799999998
forecast_6547,2025-09-30 19:00,4843.751999999999,3738.4601999999986,2895.079299999998
forecast_6548,2025-09-30 20:00,4618.739,4634.565,3651.5859999999975
forecast_6549,2025-09-30 21:00,5952.3594,5559.9673,4403.185999999998
forecast_6550,2025-09-30 22:00,6393.741,6153.1753,4979.7860999999975
forecast_6551,2025-09-30 23:00,6334.7554,6473.329,5140.221199999998
forecast_6552,2025-10-01 0:00,7882.0474,7786.589,5063.9756
forecast_6553,2025-10-01 1:00,9397.031,8769.92,5854.425
forecast_6554,2025-10-01 2:00,10015.06,10157.672,6675.4775
forecast_6555,2025-10-01 3:00,9946.801,10202.644,6308.573
forecast_6556,2025-10-01 4:00,9762.929,10194.812,6209.6743
forecast_6557,2025-10-01 5:00,9625.976,10010.135,5986.339
forecast_6558,2025-10-01 6:00,9528.208,9337.328,5635.449
forecast_6559,2025-10-01 7:00,8570.735,8469.623,5223.253
forecast_6560,2025-10-01 8:00,4576.039,4504.3584,2972.579199999998
forecast_6561,2025-10-01 9:00,4557.830799999998,3655.8009999999986,2536.488899999998
forecast_6562,2025-10-01 10:00,3226.176499999998,2314.237999999999,1011.6044
forecast_6563,2025-10-01 11:00,2977.0176999999985,2198.3619999999987,1041.2933
forecast_6564,2025-10-01 12:00,3259.974699999998,2398.993799999999,1047.965
forecast_6565,2025-10-01 13:00,3869.3280999999984,2920.854199999999,2343.163599999998
forecast_6566,2025-10-01 14:00,4030.0377999999982,3088.1447999999987,2419.890399999998
forecast_6567,2025-10-01 15:00,3969.6852999999983,3034.3829999999984,2390.207199999998
forecast_6568,2025-10-01 16:00,3876.144799999998,2749.1737999999987,2356.063999999998
forecast_6569,2025-10-01 17:00,3985.7257999999983,3044.5612999999985,2455.9003999999977
forecast_6570,2025-10-01 18:00,5178.899399999998,4150.302199999999,2906.010299999998
forecast_6571,2025-10-01 19:00,6819.054,6102.8755,4541.747799999998
forecast_6572,2025-10-01 20:00,8838.604,8519.636,5156.71
forecast_6573,2025-10-01 21:00,7432.1514,7102.321,4798.496799999998
forecast_6574,2025-10-01 22:00,7006.526,6193.533,4675.938199999998
forecast_6575,2025-10-01 23:00,6524.126,5761.315,4056.792699999998
forecast_6576,2025-10-02 0:00,6416.43,5868.9688,4511.362499999998
forecast_6577,2025-10-02 1:00,8063.627,8689.856,5057.568
forecast_6578,2025-10-02 2:00,7310.596,7863.8193,4401.7866
forecast_6579,2025-10-02 3:00,7104.2793,7290.6445,4883.087599999998
forecast_6580,2025-10-02 4:00,5216.7153,4452.645,3432.2941999999975
forecast_6581,2025-10-02 5:00,5385.387999999998,3877.9535999999985,2945.8808999999983
forecast_6582,2025-10-02 6:00,4537.246599999999,3185.8773999999985,2492.960099999998
forecast_6583,2025-10-02 7:00,3964.4494999999984,2829.3859999999986,2224.015399999998
forecast_6584,2025-10-02 8:00,3055.731299999998,2189.8484999999987,953.7615
forecast_6585,2025-10-02 9:00,2492.8426999999983,1857.2500999999988,809.1945
forecast_6586,2025-10-02 10:00,2395.625399999998,1761.8009999999986,740.5508
forecast_6587,2025-10-02 11:00,1055.9661,1074.6965,751.5428
forecast_6588,2025-10-02 12:00,1072.5377,1739.6334999999985,751.5428
forecast_6589,2025-10-02 13:00,1055.7295,1739.465299999999,751.5428
forecast_6590,2025-10-02 14:00,1054.4106,1824.6901999999986,804.9533
forecast_6591,2025-10-02 15:00,1058.8967,1831.9085999999988,824.89294
forecast_6592,2025-10-02 16:00,1062.7086,1838.3268999999987,772.0365
forecast_6593,2025-10-02 17:00,2418.021499999998,1826.0581999999986,798.2026
forecast_6594,2025-10-02 18:00,2492.4671999999982,1795.4010999999987,802.9371
forecast_6595,2025-10-02 19:00,2602.3837999999982,1881.845699999999,852.80316
forecast_6596,2025-10-02 20:00,2666.700299999998,1895.571399999999,831.993
forecast_6597,2025-10-02 21:00,2739.0917999999983,1985.351999999999,798.2026
forecast_6598,2025-10-02 22:00,2833.296299999998,1996.5697999999988,798.2026
forecast_6599,2025-10-02 23:00,2817.920299999998,2073.6244999999985,836.10254
forecast_6600,2025-10-03 0:00,3053.8410999999983,2193.230299999999,822.92865
forecast_6601,2025-10-03 1:00,4253.1466999999975,3785.9054999999985,2308.775299999998
forecast_6602,2025-10-03 2:00,4277.888199999998,3684.3409999999985,2295.4003999999977
forecast_6603,2025-10-03 3:00,4363.0873999999985,3690.3463999999985,2177.172599999998
forecast_6604,2025-10-03 4:00,4350.911399999998,3658.7675999999988,2181.6498999999976
forecast_6605,2025-10-03 5:00,4527.478499999998,3581.534699999999,2206.678599999998
forecast_6606,2025-10-03 6:00,4733.336999999998,4038.692099999999,2516.7290999999977
forecast_6607,2025-10-03 7:00,4875.662599999998,4120.105699999999,2556.391199999998
forecast_6608,2025-10-03 8:00,5060.083999999998,4516.356999999999,2890.383399999998
forecast_6609,2025-10-03 9:00,4897.102499999998,4717.578599999999,2893.513899999998
forecast_6610,2025-10-03 10:00,5023.608599999998,4868.882999999999,3228.896999999998
forecast_6611,2025-10-03 11:00,5278.482399999998,4607.185,3453.3346999999976
forecast_6612,2025-10-03 12:00,4697.5503,5796.3853,4367.869999999998
forecast_6613,2025-10-03 13:00,5159.537999999999,4967.690999999999,3328.1542999999983
forecast_6614,2025-10-03 14:00,4779.337199999998,4051.208499999999,2902.130699999998
forecast_6615,2025-10-03 15:00,4546.107399999998,3699.0656999999987,2561.4970999999978
forecast_6616,2025-10-03 16:00,5250.889599999999,4361.085999999998,2900.831799999998
forecast_6617,2025-10-03 17:00,4383.288,4939.941999999999,3110.760299999998
forecast_6618,2025-10-03 18:00,4989.45,4554.4717,3168.399999999998
forecast_6619,2025-10-03 19:00,6726.827,7188.4746,5120.097199999998
forecast_6620,2025-10-03 20:00,6027.5054,5299.9673,3485.7667999999976
forecast_6621,2025-10-03 21:00,6482.563,5311.4395,3285.9662999999982
forecast_6622,2025-10-03 22:00,5697.383,4994.136,3126.1425999999983
forecast_6623,2025-10-03 23:00,5065.7676,4756.107999999999,2734.263799999998
forecast_6624,2025-10-04 0:00,5496.897499999998,4583.325199999999,2622.8484999999982
forecast_6625,2025-10-04 1:00,4365.3306,4696.831299999999,2690.9214999999976
forecast_6626,2025-10-04 2:00,4953.977499999998,4066.5219999999986,2555.996699999998
forecast_6627,2025-10-04 3:00,5180.592499999999,4492.258799999999,2776.316499999998
forecast_6628,2025-10-04 4:00,4710.467499999999,3926.8993999999984,2623.2366999999977
forecast_6629,2025-10-04 5:00,4820.556999999998,4061.6383999999985,2535.947499999998
forecast_6630,2025-10-04 6:00,4756.666299999998,3868.003699999999,2499.783799999998
forecast_6631,2025-10-04 7:00,4456.134999999998,3870.8909999999987,2475.7510999999977
forecast_6632,2025-10-04 8:00,4370.963899999999,3845.4481999999985,2513.8772999999983
forecast_6633,2025-10-04 9:00,4128.030799999999,3706.7038999999986,2403.9406999999983
forecast_6634,2025-10-04 10:00,3532.586999999998,2899.7675999999988,2108.300899999998
forecast_6635,2025-10-04 11:00,3342.596199999998,2677.402099999999,1009.0322
forecast_6636,2025-10-04 12:00,3380.590999999998,2668.585999999999,2149.817299999998
forecast_6637,2025-10-04 13:00,3040.4339999999984,2503.3239999999987,993.9485
forecast_6638,2025-10-04 14:00,2941.7136999999984,2421.6995999999986,997.2197
forecast_6639,2025-10-04 15:00,2904.9649999999983,2442.6172999999985,2112.9623999999976
forecast_6640,2025-10-04 16:00,2959.537699999998,2406.2490999999986,948.34595
forecast_6641,2025-10-04 17:00,3153.1587999999983,2605.3477999999986,1028.7867
forecast_6642,2025-10-04 18:00,3322.553699999998,2774.5311999999985,2139.070099999998
forecast_6643,2025-10-04 19:00,3311.859699999998,2673.8259999999987,2157.625599999998
forecast_6644,2025-10-04 20:00,3449.9865999999984,2823.8285999999985,2285.6687999999976
forecast_6645,2025-10-04 21:00,3752.325699999998,3007.2697999999987,2282.396899999998
forecast_6646,2025-10-04 22:00,3277.593399999998,2716.2121999999986,2209.344499999998
forecast_6647,2025-10-04 23:00,3031.8257999999983,2506.742899999999,2209.2288999999982
forecast_6648,2025-10-05 0:00,2854.755699999998,2422.880499999999,2152.278899999998
forecast_6649,2025-10-05 1:00,2916.143899999998,2346.991999999999,992.26025
forecast_6650,2025-10-05 2:00,2906.880599999998,2273.902299999999,996.73724
forecast_6651,2025-10-05 3:00,2911.9406999999983,2255.165799999999,1001.81824
forecast_6652,2025-10-05 4:00,2756.175799999998,2118.1870999999987,809.1945
forecast_6653,2025-10-05 5:00,2769.7882999999983,2097.652299999999,833.6063
forecast_6654,2025-10-05 6:00,2758.7068999999983,2030.579299999999,825.0032
forecast_6655,2025-10-05 7:00,2703.445099999998,2028.7865999999985,818.4509
forecast_6656,2025-10-05 8:00,2673.011199999998,1938.8178999999986,818.0461
forecast_6657,2025-10-05 9:00,2677.3167999999982,1904.6837999999989,818.4509
forecast_6658,2025-10-05 10:00,2675.4254999999985,1908.8025999999986,809.1945
forecast_6659,2025-10-05 11:00,2730.568999999998,2013.565999999999,827.6423
forecast_6660,2025-10-05 12:00,2593.650799999998,1852.7801999999988,809.1945
forecast_6661,2025-10-05 13:00,2566.1745999999985,1823.268799999999,798.2026
forecast_6662,2025-10-05 14:00,2588.006699999998,1790.706999999999,809.1945
forecast_6663,2025-10-05 15:00,2646.983799999998,1939.3795999999988,817.4225
forecast_6664,2025-10-05 16:00,2770.3233999999984,2107.7758999999987,809.1945
forecast_6665,2025-10-05 17:00,2564.940399999998,1979.4641999999985,798.2026
forecast_6666,2025-10-05 18:00,2670.2014999999983,2173.2901999999985,825.436
forecast_6667,2025-10-05 19:00,3145.7567999999983,2771.6935999999987,958.55145
forecast_6668,2025-10-05 20:00,3377.699199999998,2943.2453999999984,957.1154
forecast_6669,2025-10-05 21:00,3487.335999999998,3152.3229999999985,2139.018599999998
forecast_6670,2025-10-05 22:00,3638.3109999999983,3144.3512999999984,2137.696199999998
forecast_6671,2025-10-05 23:00,3818.9271999999983,3254.277299999999,2135.0611999999983
forecast_6672,2025-10-06 0:00,3500.463099999998,2920.1784999999986,904.1333
forecast_6673,2025-10-06 1:00,3581.0431999999983,2957.5993999999987,2176.487399999998
forecast_6674,2025-10-06 2:00,4206.787599999998,3491.373299999999,2285.201399999998
forecast_6675,2025-10-06 3:00,5132.331499999998,4707.617399999999,2839.2501999999977
forecast_6676,2025-10-06 4:00,5144.688499999998,4593.2354,3064.223799999998
forecast_6677,2025-10-06 5:00,4349.8555,5151.727,3439.3773999999976
forecast_6678,2025-10-06 6:00,5930.6577,7416.818,4295.3354
forecast_6679,2025-10-06 7:00,7736.2324,9675.734,6770.197
forecast_6680,2025-10-06 8:00,10269.971,12605.139,9889.223
forecast_6681,2025-10-06 9:00,10134.478,12270.707,9497.044
forecast_6682,2025-10-06 10:00,9394.711,11770.296,8678.669
forecast_6683,2025-10-06 11:00,8119.355,10159.484,6606.782
forecast_6684,2025-10-06 12:00,7371.194,8616.8,5523.675
forecast_6685,2025-10-06 13:00,5970.882,7105.6655,4976.948699999998
forecast_6686,2025-10-06 14:00,4650.2856,5479.0156,4016.0058999999983
forecast_6687,2025-10-06 15:00,5219.646999999998,4431.7246,3309.4892999999984
forecast_6688,2025-10-06 16:00,4583.8584,4734.094,3689.5226999999977
forecast_6689,2025-10-06 17:00,6384.4873,7196.518,4251.2153
forecast_6690,2025-10-06 18:00,7881.531,8757.859,6242.051
forecast_6691,2025-10-06 19:00,8170.2056,8598.961,6225.9434
forecast_6692,2025-10-06 20:00,8721.63,9921.301,7213.978
forecast_6693,2025-10-06 21:00,9683.89,11041.561,8266.287
forecast_6694,2025-10-06 22:00,11524.375,13543.212,9806.924
forecast_6695,2025-10-06 23:00,12408.379,14727.357,10269.189
forecast_6696,2025-10-07 0:00,13604.232,15805.005,11537.384
forecast_6697,2025-10-07 1:00,10709.836,13497.185,9527.623
forecast_6698,2025-10-07 2:00,9571.611,11867.621,7782.4746
forecast_6699,2025-10-07 3:00,9640.972,11649.059,7921.082
forecast_6700,2025-10-07 4:00,8804.058,11235.5,6967.6875
forecast_6701,2025-10-07 5:00,8259.866,10958.179,6784.8457
forecast_6702,2025-10-07 6:00,9128.972,11519.3955,7336.891
forecast_6703,2025-10-07 7:00,8527.119,10514.16,6507.0684
forecast_6704,2025-10-07 8:00,7786.234,9913.879,6055.2026
forecast_6705,2025-10-07 9:00,7454.871,8788.984,5120.4917
forecast_6706,2025-10-07 10:00,6169.89,7246.795,4695.652599999998
forecast_6707,2025-10-07 11:00,4819.94,5446.8403,3571.947799999998
forecast_6708,2025-10-07 12:00,5437.627999999998,4549.012199999999,2837.989999999998
forecast_6709,2025-10-07 13:00,5197.145799999998,4407.658699999999,2755.778899999998
forecast_6710,2025-10-07 14:00,4913.1264999999985,3917.0456999999988,2638.5851999999977
forecast_6711,2025-10-07 15:00,4560.082799999998,3402.5761999999986,2587.118799999998
forecast_6712,2025-10-07 16:00,4204.241699999999,3301.716599999999,2364.124999999998
forecast_6713,2025-10-07 17:00,3923.5272999999984,3099.6471999999985,2226.874499999998
forecast_6714,2025-10-07 18:00,3782.337599999998,2934.7204999999985,2167.429699999998
forecast_6715,2025-10-07 19:00,3478.2284999999983,2714.5460999999987,971.18353
forecast_6716,2025-10-07 20:00,3199.0486999999985,2322.7304999999988,836.9408
forecast_6717,2025-10-07 21:00,2830.0292999999983,2025.0144999999989,972.41504
forecast_6718,2025-10-07 22:00,2890.9879999999985,2086.596299999999,852.14496
forecast_6719,2025-10-07 23:00,2948.094399999998,2041.829499999999,920.9515
forecast_6720,2025-10-08 0:00,2964.5855999999985,2156.005099999999,871.17
forecast_6721,2025-10-08 1:00,2739.226899999998,2029.6371999999988,877.2191
forecast_6722,2025-10-08 2:00,2722.282599999998,2023.736199999999,841.5408
forecast_6723,2025-10-08 3:00,2770.6758999999984,2033.7234999999987,837.13245
forecast_6724,2025-10-08 4:00,2858.376199999998,2144.434699999999,828.07666
forecast_6725,2025-10-08 5:00,2942.3781999999983,2179.824299999999,894.80255
forecast_6726,2025-10-08 6:00,2860.1925999999985,2173.1701999999987,900.9288
forecast_6727,2025-10-08 7:00,2951.3512999999984,2265.174999999999,904.1333
forecast_6728,2025-10-08 8:00,2871.534399999998,2208.398099999999,824.49194
forecast_6729,2025-10-08 9:00,2822.017999999998,2321.485699999999,943.2772
forecast_6730,2025-10-08 10:00,2793.311499999998,2344.730999999999,960.7484
forecast_6731,2025-10-08 11:00,2684.2603999999983,2273.9496999999988,849.0203
forecast_6732,2025-10-08 12:00,2594.341199999998,2106.114999999999,838.5517
forecast_6733,2025-10-08 13:00,2598.506599999998,2069.226299999999,833.4375
forecast_6734,2025-10-08 14:00,2583.827099999998,2121.1840999999986,910.6715
forecast_6735,2025-10-08 15:00,2596.179399999998,2238.406099999999,966.5769
forecast_6736,2025-10-08 16:00,2842.034399999998,2475.159299999999,1011.69977
forecast_6737,2025-10-08 17:00,3145.4524999999985,2726.515599999999,2217.9007999999976
forecast_6738,2025-10-08 18:00,3442.6535999999983,3046.8603999999987,2264.5338999999976
forecast_6739,2025-10-08 19:00,4284.235399999998,3877.5465999999988,2575.6013999999977
forecast_6740,2025-10-08 20:00,4559.136699999998,4789.933999999999,2958.950199999998
forecast_6741,2025-10-08 21:00,4795.764399999998,4762.975599999999,3043.2528999999977
forecast_6742,2025-10-08 22:00,4358.493,5525.618,3808.756999999998
forecast_6743,2025-10-08 23:00,5059.653,6511.697,4132.739499999998
forecast_6744,2025-10-09 0:00,5461.678,7214.0796,4956.651999999998
forecast_6745,2025-10-09 1:00,5584.2925,7371.5913,4333.2954
forecast_6746,2025-10-09 2:00,6947.0117,8944.635,5720.6387
forecast_6747,2025-10-09 3:00,6031.854,8110.079,5054.510499999998
forecast_6748,2025-10-09 4:00,5197.4062,6610.2407,4665.776399999998
forecast_6749,2025-10-09 5:00,5585.774,7664.9507,4843.759999999998
forecast_6750,2025-10-09 6:00,6881.7134,8530.836,4759.489
forecast_6751,2025-10-09 7:00,5705.923,8170.471,4362.0127
forecast_6752,2025-10-09 8:00,5091.6235,6917.6543,4769.057899999998
forecast_6753,2025-10-09 9:00,5067.232,6763.1396,4802.8341999999975
forecast_6754,2025-10-09 10:00,5560.754399999998,5429.4966,3769.427999999998
forecast_6755,2025-10-09 11:00,4770.953999999998,4509.413,3403.388399999998
forecast_6756,2025-10-09 12:00,4567.5909999999985,4515.689699999999,3053.646899999998
forecast_6757,2025-10-09 13:00,4021.990699999998,3811.2951999999987,2700.889899999998
forecast_6758,2025-10-09 14:00,3993.7853999999984,3701.075399999999,2661.737999999998
forecast_6759,2025-10-09 15:00,3871.077999999998,3584.5539999999987,2550.042799999998
forecast_6760,2025-10-09 16:00,3898.220499999998,3596.836399999999,2570.463699999998
forecast_6761,2025-10-09 17:00,3771.663599999998,3484.9749999999985,2499.330199999998
forecast_6762,2025-10-09 18:00,3821.759799999998,3489.369899999999,2419.808099999998
forecast_6763,2025-10-09 19:00,3822.240999999998,3480.7209999999986,2385.4237999999978
forecast_6764,2025-10-09 20:00,3771.1735999999983,3263.0059999999985,2364.998199999998
forecast_6765,2025-10-09 21:00,3750.5011999999983,2989.7209999999986,2263.6040999999977
forecast_6766,2025-10-09 22:00,3629.161599999998,2806.0531999999985,2207.747999999998
forecast_6767,2025-10-09 23:00,3606.142299999998,2770.1095999999984,2137.084199999998
forecast_6768,2025-10-10 0:00,3628.496599999998,2786.2959999999985,1011.51733
forecast_6769,2025-10-10 1:00,3823.8844999999983,3056.9462999999987,2300.017099999998
forecast_6770,2025-10-10 2:00,4016.049599999998,3205.9789999999985,2267.276899999998
forecast_6771,2025-10-10 3:00,4245.532999999998,3469.0204999999987,2347.351299999998
forecast_6772,2025-10-10 4:00,4303.331499999998,3528.1525999999985,2363.965199999998
forecast_6773,2025-10-10 5:00,4181.2177999999985,3367.9325999999987,2318.058299999998
forecast_6774,2025-10-10 6:00,4157.649399999998,3387.2649999999985,2354.514899999998
forecast_6775,2025-10-10 7:00,4167.378399999998,3584.5570999999986,2444.625399999998
forecast_6776,2025-10-10 8:00,4506.008499999998,4137.052199999999,2683.371699999998
forecast_6777,2025-10-10 9:00,4220.264199999998,3778.1334999999985,2564.117699999998
forecast_6778,2025-10-10 10:00,4070.573699999998,3523.3893999999987,2430.091399999998
forecast_6779,2025-10-10 11:00,3919.073499999998,3351.3819999999987,2389.9851999999983
forecast_6780,2025-10-10 12:00,3690.025599999998,3342.3473999999987,2473.657799999998
forecast_6781,2025-10-10 13:00,3791.8669999999984,3556.0365999999985,2617.875699999998
forecast_6782,2025-10-10 14:00,3847.6099999999983,3573.8686999999986,2678.006599999998
forecast_6783,2025-10-10 15:00,3968.481999999998,3800.248299999999,2799.412399999998
forecast_6784,2025-10-10 16:00,3951.092299999998,3328.5055999999986,2578.527799999998
forecast_6785,2025-10-10 17:00,3679.307899999998,3121.066199999999,2250.3787999999977
forecast_6786,2025-10-10 18:00,3647.5780999999984,3006.5492999999988,2194.898799999998
forecast_6787,2025-10-10 19:00,3975.257999999998,3390.8834999999985,2385.108799999998
forecast_6788,2025-10-10 20:00,4330.976999999998,3536.7269999999985,2388.322099999998
forecast_6789,2025-10-10 21:00,4614.093499999998,4125.417699999999,2816.014399999998
forecast_6790,2025-10-10 22:00,5044.802199999998,4865.159999999999,3019.605799999998
forecast_6791,2025-10-10 23:00,4963.605199999998,4442.15,3205.442899999998
forecast_6792,2025-10-11 0:00,4776.3765,5259.272,3582.703099999998
forecast_6793,2025-10-11 1:00,5389.604,6241.3975,4081.9137999999975
forecast_6794,2025-10-11 2:00,5608.246,6753.1235,4323.837399999998
forecast_6795,2025-10-11 3:00,6758.64,8032.821,4939.880599999998
forecast_6796,2025-10-11 4:00,7877.1533,9804.296,5164.4473
forecast_6797,2025-10-11 5:00,10039.997,12518.404,8388.385
forecast_6798,2025-10-11 6:00,9738.96,12245.553,8107.0312
forecast_6799,2025-10-11 7:00,9663.687,12525.495,8130.692
forecast_6800,2025-10-11 8:00,10319.2,12444.541,8395.67
forecast_6801,2025-10-11 9:00,10106.281,12315.276,7953.2334
forecast_6802,2025-10-11 10:00,8993.282,10871.569,7553.4307
forecast_6803,2025-10-11 11:00,8447.103,10409.7295,7498.286
forecast_6804,2025-10-11 12:00,8843.829,10900.727,8250.09
forecast_6805,2025-10-11 13:00,9871.743,10720.204,9144.675
forecast_6806,2025-10-11 14:00,9966.953,11202.006,8481.349
forecast_6807,2025-10-11 15:00,11598.542,12326.166,9913.162
forecast_6808,2025-10-11 16:00,12125.913,12907.424,10198.908
forecast_6809,2025-10-11 17:00,11341.344,12248.66,9658.087
forecast_6810,2025-10-11 18:00,11368.625,12479.725,9937.709
forecast_6811,2025-10-11 19:00,12540.564,13367.514,11113.765
forecast_6812,2025-10-11 20:00,13194.426,14059.637,11758.255
forecast_6813,2025-10-11 21:00,12983.623,14163.841,11180.389
forecast_6814,2025-10-11 22:00,12234.206,13986.416,10940.289
forecast_6815,2025-10-11 23:00,11989.311,13650.902,10074.65
forecast_6816,2025-10-12 0:00,10548.502,11342.551,8304.424
forecast_6817,2025-10-12 1:00,11720.912,12870.246,9747.913
forecast_6818,2025-10-12 2:00,9539.242,10126.228,7729.9883
forecast_6819,2025-10-12 3:00,7550.464,8078.946,4639.902
forecast_6820,2025-10-12 4:00,7152.786,7846.695,4540.1606
forecast_6821,2025-10-12 5:00,4866.303,5190.6987,4187.710699999998
forecast_6822,2025-10-12 6:00,4508.504199999998,3909.1312999999986,2747.868799999998
forecast_6823,2025-10-12 7:00,3690.940999999998,3207.7836999999986,2573.001699999998
forecast_6824,2025-10-12 8:00,3893.8170999999984,3439.4513999999986,2763.234399999998
forecast_6825,2025-10-12 9:00,4887.077099999999,4535.8229999999985,3277.698999999998
forecast_6826,2025-10-12 10:00,4637.8755,5351.114,4457.457499999998
forecast_6827,2025-10-12 11:00,5579.305,7147.437,4885.7812
forecast_6828,2025-10-12 12:00,5401.3384,7213.421,4437.579
forecast_6829,2025-10-12 13:00,5116.013,6942.0825,5181.667499999998
forecast_6830,2025-10-12 14:00,5829.354,7860.3247,4878.8584
forecast_6831,2025-10-12 15:00,5444.5757,8401.023,5400.584
forecast_6832,2025-10-12 16:00,4981.5024,6551.0317,5104.401899999998
forecast_6833,2025-10-12 17:00,5297.4175,7430.908,4842.731
forecast_6834,2025-10-12 18:00,6192.515,8345.172,4986.9946
forecast_6835,2025-10-12 19:00,6857.8696,8941.758,5853.5024
forecast_6836,2025-10-12 20:00,7272.4585,9545.316,5664.189
forecast_6837,2025-10-12 21:00,6758.8677,8118.689,4521.0034
forecast_6838,2025-10-12 22:00,5584.7827,6907.2954,4253.144499999998
forecast_6839,2025-10-12 23:00,4677.769,5878.0303,3839.574199999998
forecast_6840,2025-10-13 0:00,4484.1216,5532.614,3539.593499999998
forecast_6841,2025-10-13 1:00,5090.500999999998,4493.615199999999,2811.554299999998
forecast_6842,2025-10-13 2:00,4100.386499999999,3631.118999999999,2534.831199999998
forecast_6843,2025-10-13 3:00,3852.4332999999983,3293.4953999999984,2324.631999999998
forecast_6844,2025-10-13 4:00,3486.112799999998,2946.087999999999,2310.546599999998
forecast_6845,2025-10-13 5:00,4318.791999999998,4019.367199999999,2730.351299999998
forecast_6846,2025-10-13 6:00,5233.664999999998,4535.545,3431.985599999998
forecast_6847,2025-10-13 7:00,4864.761,6292.0015,4350.584699999998
forecast_6848,2025-10-13 8:00,4640.2114,5896.841,4131.422399999998
forecast_6849,2025-10-13 9:00,4518.8555,6518.5195,4302.854999999998
forecast_6850,2025-10-13 10:00,4688.1196,5835.4614,3923.398199999998
forecast_6851,2025-10-13 11:00,4362.2964,5873.1025,4164.344199999998
forecast_6852,2025-10-13 12:00,4450.9175,5653.833,3951.528599999998
forecast_6853,2025-10-13 13:00,5612.617699999998,5321.3765,3698.0316999999977
forecast_6854,2025-10-13 14:00,5509.440999999998,4947.4272,3695.093499999998
forecast_6855,2025-10-13 15:00,4518.148,5799.7646,4183.487999999998
forecast_6856,2025-10-13 16:00,4674.732,5450.4727,3781.2423999999983
forecast_6857,2025-10-13 17:00,5770.4175,6202.3047,4479.514599999998
forecast_6858,2025-10-13 18:00,5036.8364,5556.2583,3586.1889999999976
forecast_6859,2025-10-13 19:00,5377.0884,6335.3667,3922.3709999999983
forecast_6860,2025-10-13 20:00,5266.345,5531.0107,3560.4649999999983
forecast_6861,2025-10-13 21:00,6423.8286,6743.1934,4814.820299999998
forecast_6862,2025-10-13 22:00,5901.313,6455.255,4048.532699999998
forecast_6863,2025-10-13 23:00,5456.7515,6162.8013,3663.725599999998
forecast_6864,2025-10-14 0:00,6335.1567,7310.4893,4206.841599999998
forecast_6865,2025-10-14 1:00,7641.174,8971.648,4394.3345
forecast_6866,2025-10-14 2:00,7873.466,9807.424,5988.4243
forecast_6867,2025-10-14 3:00,7119.706,8115.6416,4869.003699999998
forecast_6868,2025-10-14 4:00,6661.1235,6832.9033,4423.152299999998
forecast_6869,2025-10-14 5:00,6559.986,7678.875,4640.731199999998
forecast_6870,2025-10-14 6:00,6324.3965,7256.4,4318.635499999998
forecast_6871,2025-10-14 7:00,6517.651,7889.3906,4995.500999999998
forecast_6872,2025-10-14 8:00,6354.091,7897.0586,4987.569599999998
forecast_6873,2025-10-14 9:00,6691.1875,8428.599,4880.8867
forecast_6874,2025-10-14 10:00,6378.5693,8238.75,5145.6455
forecast_6875,2025-10-14 11:00,5557.5464,6813.4434,4919.451999999998
forecast_6876,2025-10-14 12:00,5292.671,6625.87,4844.837599999998
forecast_6877,2025-10-14 13:00,4989.24,6374.4053,4349.217799999998
forecast_6878,2025-10-14 14:00,4966.392,6709.1953,4782.245599999998
forecast_6879,2025-10-14 15:00,4544.9033,6169.237,4253.988799999998
forecast_6880,2025-10-14 16:00,4854.991999999998,4358.655,3118.477799999998
forecast_6881,2025-10-14 17:00,5363.170199999999,5274.9434,3677.790299999998
forecast_6882,2025-10-14 18:00,5271.9659999999985,4705.3003,3447.7226999999975
forecast_6883,2025-10-14 19:00,5284.245799999999,4540.8003,3110.8944999999976
forecast_6884,2025-10-14 20:00,4508.5054,5142.7715,3470.408699999998
forecast_6885,2025-10-14 21:00,4354.787,5018.222,3374.0316999999977
forecast_6886,2025-10-14 22:00,4473.846,5104.829,3264.7868999999982
forecast_6887,2025-10-14 23:00,5093.8525,5906.5605,3331.5963999999976
forecast_6888,2025-10-15 0:00,5524.674299999998,4717.9272,3037.0548999999983
forecast_6889,2025-10-15 1:00,5044.296099999998,4425.1694,2941.841199999998
forecast_6890,2025-10-15 2:00,5298.903999999999,4657.9775,2930.7910999999976
forecast_6891,2025-10-15 3:00,5148.743999999999,4529.001,2849.423699999998
forecast_6892,2025-10-15 4:00,4976.774199999998,4360.3286,2797.449199999998
forecast_6893,2025-10-15 5:00,4750.048999999998,4527.809299999999,2652.788599999998
forecast_6894,2025-10-15 6:00,4917.620999999998,4863.199999999999,2835.106199999998
forecast_6895,2025-10-15 7:00,4764.513699999998,4547.868999999999,2739.450799999998
forecast_6896,2025-10-15 8:00,4725.116699999999,4351.078599999999,2828.989499999998
forecast_6897,2025-10-15 9:00,4360.399399999998,3808.6725999999985,2686.437599999998
forecast_6898,2025-10-15 10:00,3961.3129999999983,3231.1154999999985,2486.2456999999977
forecast_6899,2025-10-15 11:00,3735.468299999998,3037.0689999999986,2345.823999999998
forecast_6900,2025-10-15 12:00,3654.988299999998,3015.744899999999,2420.051599999998
forecast_6901,2025-10-15 13:00,3186.1057999999985,2485.1341999999986,2162.410899999998
forecast_6902,2025-10-15 14:00,3067.3201999999983,2382.270399999999,916.61194
forecast_6903,2025-10-15 15:00,3138.9596999999985,2400.541499999999,990.32336
forecast_6904,2025-10-15 16:00,3287.167099999998,2673.3745999999987,2112.2814999999982
forecast_6905,2025-10-15 17:00,3585.3269999999984,2907.4019999999987,1039.8207
forecast_6906,2025-10-15 18:00,3550.838999999998,2754.9949999999985,904.1333
forecast_6907,2025-10-15 19:00,4001.157499999998,3161.5241999999985,1020.0689
forecast_6908,2025-10-15 20:00,4906.031999999998,3968.691199999999,2639.176399999998
forecast_6909,2025-10-15 21:00,5012.578599999998,4158.685999999999,2525.564699999998
forecast_6910,2025-10-15 22:00,4555.3247,4539.255,2976.639499999998
forecast_6911,2025-10-15 23:00,4931.7637,5239.118,3300.5243999999975
forecast_6912,2025-10-16 0:00,5060.2246,5918.192,3875.8202999999976
forecast_6913,2025-10-16 1:00,4757.494599999998,4514.4879999999985,2766.6220999999978
forecast_6914,2025-10-16 2:00,4921.573199999998,4899.521999999999,3042.9677999999976
forecast_6915,2025-10-16 3:00,4320.753999999998,4797.296999999999,3207.140599999998
forecast_6916,2025-10-16 4:00,4629.107699999999,4428.977299999999,3030.185499999998
forecast_6917,2025-10-16 5:00,4641.983199999999,4125.815699999999,2770.850199999998
forecast_6918,2025-10-16 6:00,4454.869,4933.45,3778.3219999999983
forecast_6919,2025-10-16 7:00,5299.959,5788.8086,4574.340799999998
forecast_6920,2025-10-16 8:00,4880.6255,6466.1187,4334.182999999998
forecast_6921,2025-10-16 9:00,4728.692,6126.5747,4485.411399999998
forecast_6922,2025-10-16 10:00,4863.5127,6292.217,4309.074699999998
forecast_6923,2025-10-16 11:00,5597.6377,7275.559,5171.2829999999985
forecast_6924,2025-10-16 12:00,6074.869,6914.4204,5184.784699999998
forecast_6925,2025-10-16 13:00,5195.7646,6704.369,4730.551999999998
forecast_6926,2025-10-16 14:00,5145.881,6367.8975,4492.059799999998
forecast_6927,2025-10-16 15:00,5297.849599999998,4670.6094,3471.8251999999984
forecast_6928,2025-10-16 16:00,4518.355199999998,4714.805999999999,2999.392099999998
forecast_6929,2025-10-16 17:00,4472.478799999998,4377.0041999999985,2965.365099999998
forecast_6930,2025-10-16 18:00,4826.898399999998,4683.6327999999985,3101.8961999999983
forecast_6931,2025-10-16 19:00,4742.534699999998,4948.274999999999,3019.7564999999977
forecast_6932,2025-10-16 20:00,5337.472199999998,5569.652,3441.7536999999984
forecast_6933,2025-10-16 21:00,5166.578999999998,4954.6714,3190.014399999998
forecast_6934,2025-10-16 22:00,5471.169399999998,4963.3853,3331.413999999998
forecast_6935,2025-10-16 23:00,5376.853499999998,4749.0303,3300.4862999999978
forecast_6936,2025-10-17 0:00,4865.608399999998,4737.642299999999,2712.029499999998
forecast_6937,2025-10-17 1:00,5265.480999999998,4677.2324,3255.2653999999984
forecast_6938,2025-10-17 2:00,5103.697299999998,4389.7363,2972.571199999998
forecast_6939,2025-10-17 3:00,5004.082799999998,4709.315399999999,2837.1269999999977
forecast_6940,2025-10-17 4:00,4933.858199999999,4660.134799999999,2736.7218999999977
forecast_6941,2025-10-17 5:00,4669.206499999998,3951.6195999999986,2553.477799999998
forecast_6942,2025-10-17 6:00,4154.382599999998,3470.9777999999988,2371.990499999998
forecast_6943,2025-10-17 7:00,4188.208999999998,3372.634999999999,2254.4689999999982
forecast_6944,2025-10-17 8:00,4033.2194999999983,3024.9125999999987,2224.989599999998
forecast_6945,2025-10-17 9:00,4197.149699999998,3196.7869999999984,2269.941199999998
forecast_6946,2025-10-17 10:00,3520.152999999998,2438.569099999999,901.872
forecast_6947,2025-10-17 11:00,3236.124999999998,2360.0121999999988,955.6443
forecast_6948,2025-10-17 12:00,2974.0213999999983,2150.919399999999,818.4509
forecast_6949,2025-10-17 13:00,2709.120499999998,2000.142699999999,888.648
forecast_6950,2025-10-17 14:00,2670.239399999998,2068.6460999999986,861.54614
forecast_6951,2025-10-17 15:00,2808.761699999998,2197.3754999999987,986.4183
forecast_6952,2025-10-17 16:00,2991.5631999999982,2345.6861999999987,888.8368
forecast_6953,2025-10-17 17:00,3274.8930999999984,2513.2598999999987,901.872
forecast_6954,2025-10-17 18:00,3853.945999999998,2947.203999999999,2129.524299999998
forecast_6955,2025-10-17 19:00,4628.412399999998,3686.221999999999,2429.518399999998
forecast_6956,2025-10-17 20:00,4518.518,4385.545,3083.7549999999983
forecast_6957,2025-10-17 21:00,5579.5605,5852.3643,3949.015099999998
forecast_6958,2025-10-17 22:00,5976.6514,6887.3057,4370.962399999998
forecast_6959,2025-10-17 23:00,5356.0527,6340.0674,4243.014399999998
forecast_6960,2025-10-18 0:00,4858.314,5308.9316,3720.9442999999983
forecast_6961,2025-10-18 1:00,5545.817399999998,4562.3623,3411.9887999999983
forecast_6962,2025-10-18 2:00,4618.85,5314.844,4144.151899999998
forecast_6963,2025-10-18 3:00,4468.2446,4746.228,3894.4237999999978
forecast_6964,2025-10-18 4:00,5369.769799999998,4644.413,3994.712999999998
forecast_6965,2025-10-18 5:00,4418.060499999998,3455.1009999999987,2465.382999999998
forecast_6966,2025-10-18 6:00,4323.519999999999,3058.4596999999985,2297.021199999998
forecast_6967,2025-10-18 7:00,4205.033399999998,3275.8004999999985,2308.175299999998
forecast_6968,2025-10-18 8:00,3608.4784999999983,2676.698399999999,1049.2236
forecast_6969,2025-10-18 9:00,3410.766399999998,2677.105999999999,2196.1013999999977
forecast_6970,2025-10-18 10:00,3413.732699999998,2708.3974999999987,2101.048699999998
forecast_6971,2025-10-18 11:00,3910.400599999998,3141.6139999999987,2336.346999999998
forecast_6972,2025-10-18 12:00,3795.269299999998,2952.0859999999984,2340.275099999998
forecast_6973,2025-10-18 13:00,3716.9557999999984,3189.446799999999,2460.924299999998
forecast_6974,2025-10-18 14:00,3900.203599999998,3505.5441999999985,2743.984099999998
forecast_6975,2025-10-18 15:00,4448.491699999999,4353.026599999999,3052.592299999998
forecast_6976,2025-10-18 16:00,4625.192099999998,4670.154799999998,3174.494899999998
forecast_6977,2025-10-18 17:00,3935.6063999999983,3711.970199999999,2766.167999999998
forecast_6978,2025-10-18 18:00,3503.0375999999983,3134.9110999999984,2656.524399999998
forecast_6979,2025-10-18 19:00,3541.5373999999983,3197.4801999999986,2575.468899999998
forecast_6980,2025-10-18 20:00,3641.161999999998,3235.2577999999985,2471.7182999999977
forecast_6981,2025-10-18 21:00,3787.8927999999983,3281.4801999999986,2396.6906999999983
forecast_6982,2025-10-18 22:00,3518.164299999998,2928.7685999999985,2331.287699999998
forecast_6983,2025-10-18 23:00,3322.607699999998,2678.544599999999,2236.191799999998
forecast_6984,2025-10-19 0:00,3138.043599999998,2628.722699999999,1046.2238
forecast_6985,2025-10-19 1:00,2904.9982999999984,2267.716799999999,934.2442
forecast_6986,2025-10-19 2:00,2825.507399999998,2178.610499999999,847.85626
forecast_6987,2025-10-19 3:00,2872.4959999999983,2168.5510999999988,930.4051
forecast_6988,2025-10-19 4:00,3009.367099999998,2196.685999999999,942.984
forecast_6989,2025-10-19 5:00,2815.297499999998,2041.4401999999986,848.4582
forecast_6990,2025-10-19 6:00,2723.843399999998,1940.6785999999988,834.458
forecast_6991,2025-10-19 7:00,2854.8318999999983,2037.0368999999987,798.2026
forecast_6992,2025-10-19 8:00,3020.7259999999983,2159.250999999999,839.29486
forecast_6993,2025-10-19 9:00,3250.373199999998,2437.472899999999,1043.9512
forecast_6994,2025-10-19 10:00,3367.4467999999983,2964.0133999999985,2276.996799999998
forecast_6995,2025-10-19 11:00,3267.819099999998,2891.9228999999987,2257.4601999999977
forecast_6996,2025-10-19 12:00,3062.655299999998,2663.3209999999985,2396.221299999998
forecast_6997,2025-10-19 13:00,3663.013699999998,3450.1769999999988,2733.9169999999976
forecast_6998,2025-10-19 14:00,5044.243999999999,4778.917499999999,3325.765099999998
forecast_6999,2025-10-19 15:00,4363.8745,4816.7056,3894.924799999998
forecast_7000,2025-10-19 16:00,5558.2065,6425.757,4956.509999999998
forecast_7001,2025-10-19 17:00,6059.991,6198.778,4740.155299999998
forecast_7002,2025-10-19 18:00,5266.942,5520.544,4152.624999999998
forecast_7003,2025-10-19 19:00,6186.8022,6072.7383,5244.520999999998
forecast_7004,2025-10-19 20:00,6675.8496,6683.7036,4215.102
forecast_7005,2025-10-19 21:00,5116.2773,5297.31,3933.2775999999976
forecast_7006,2025-10-19 22:00,5503.497599999998,4766.115999999999,3474.052499999998
forecast_7007,2025-10-19 23:00,4843.8175999999985,4145.434799999999,3043.9286999999977
forecast_7008,2025-10-20 0:00,4071.898399999998,3592.0809999999988,2644.6215999999977
forecast_7009,2025-10-20 1:00,3148.132099999998,2314.924999999999,886.57465
forecast_7010,2025-10-20 2:00,2869.774899999998,2205.9459999999985,901.476
forecast_7011,2025-10-20 3:00,2792.901499999998,2307.218899999999,903.7373
forecast_7012,2025-10-20 4:00,3072.3230999999982,2860.8205999999986,2212.3612999999978
forecast_7013,2025-10-20 5:00,3437.875199999998,3178.6481999999987,2541.3180999999977
forecast_7014,2025-10-20 6:00,3630.4127999999982,3537.4389999999985,2521.326899999998
forecast_7015,2025-10-20 7:00,3530.908199999998,3393.2614999999987,2350.388999999998
forecast_7016,2025-10-20 8:00,3725.888399999998,3375.6491999999985,2556.962499999998
forecast_7017,2025-10-20 9:00,4283.756799999998,4118.020499999999,2900.2204999999976
forecast_7018,2025-10-20 10:00,3979.911099999998,4000.0507999999986,2839.437599999998
forecast_7019,2025-10-20 11:00,3949.406699999998,3971.5599999999986,2820.7168999999976
forecast_7020,2025-10-20 12:00,4147.788999999999,4057.5946999999987,2884.567699999998
forecast_7021,2025-10-20 13:00,3727.2545999999984,3688.9533999999985,2689.024699999998
forecast_7022,2025-10-20 14:00,3462.7113999999983,3137.4804999999988,2430.5656999999983
forecast_7023,2025-10-20 15:00,3342.810899999998,2870.4027999999985,2208.813499999998
forecast_7024,2025-10-20 16:00,3250.017299999998,2631.872599999999,2108.643799999998
forecast_7025,2025-10-20 17:00,3149.278099999998,2409.683999999999,983.3553
forecast_7026,2025-10-20 18:00,3086.5739999999983,2351.761799999999,925.4602
forecast_7027,2025-10-20 19:00,2956.354599999998,2252.2477999999987,829.5537
forecast_7028,2025-10-20 20:00,2626.1808999999985,1940.5078999999987,798.2026
forecast_7029,2025-10-20 21:00,2708.116699999998,1977.9107999999987,798.2026
forecast_7030,2025-10-20 22:00,2733.0449999999983,1975.605799999999,798.2026
forecast_7031,2025-10-20 23:00,2723.6625999999983,1985.5789999999988,798.2026
forecast_7032,2025-10-21 0:00,2729.818999999998,1997.752599999999,798.2026
forecast_7033,2025-10-21 1:00,3379.173799999998,2727.3119999999985,972.76636
forecast_7034,2025-10-21 2:00,3388.9413999999983,2689.7476999999985,948.75336
forecast_7035,2025-10-21 3:00,3294.350499999998,2529.2050999999988,925.19556
forecast_7036,2025-10-21 4:00,3306.2758999999983,2581.3257999999987,909.4224
forecast_7037,2025-10-21 5:00,3506.376499999998,2536.165999999999,989.7584
forecast_7038,2025-10-21 6:00,3142.197399999998,2291.096099999999,901.872
forecast_7039,2025-10-21 7:00,2959.9444999999982,2134.3214999999987,901.872
forecast_7040,2025-10-21 8:00,3013.0404999999982,2188.598099999999,888.8368
forecast_7041,2025-10-21 9:00,2803.1911999999984,2040.5202999999988,817.4225
forecast_7042,2025-10-21 10:00,2501.1354999999985,1762.3487999999988,740.5508
forecast_7043,2025-10-21 11:00,2406.543499999998,1047.0017,713.67346
forecast_7044,2025-10-21 12:00,2432.731999999998,1042.2429,713.67346
forecast_7045,2025-10-21 13:00,2440.629499999998,1031.7009,713.67346
forecast_7046,2025-10-21 14:00,2582.155499999998,1906.516999999999,844.92566
forecast_7047,2025-10-21 15:00,2477.3062999999984,1836.1034999999988,841.23285
forecast_7048,2025-10-21 16:00,2530.0005999999985,2016.4086999999986,924.3339
forecast_7049,2025-10-21 17:00,2444.040199999998,1843.3596999999986,827.81226
forecast_7050,2025-10-21 18:00,2518.667499999998,1851.5928999999987,817.4225
forecast_7051,2025-10-21 19:00,2527.8212999999982,1896.8715999999986,809.1945
forecast_7052,2025-10-21 20:00,2638.9044999999983,2063.972499999999,798.2026
forecast_7053,2025-10-21 21:00,3197.2837999999983,2376.5336999999986,901.872
forecast_7054,2025-10-21 22:00,2912.1488999999983,2206.030899999999,901.872
forecast_7055,2025-10-21 23:00,2956.4118999999982,2184.5211999999988,901.872
forecast_7056,2025-10-22 0:00,3296.1983999999984,2460.1101999999987,909.23987
forecast_7057,2025-10-22 1:00,2784.530499999998,2034.4856999999988,809.1945
forecast_7058,2025-10-22 2:00,2711.292499999998,2085.2639999999988,824.49194
forecast_7059,2025-10-22 3:00,2757.5685999999982,2161.7090999999987,824.49194
forecast_7060,2025-10-22 4:00,2796.3692999999985,2233.246299999999,899.6744
forecast_7061,2025-10-22 5:00,2968.7239999999983,2318.4729999999986,909.23987
forecast_7062,2025-10-22 6:00,3107.571499999998,2585.237999999999,957.1154
forecast_7063,2025-10-22 7:00,3277.584099999998,2884.8919999999985,974.50446
forecast_7064,2025-10-22 8:00,4120.875699999999,3521.987499999999,2217.6627999999982
forecast_7065,2025-10-22 9:00,4209.9479999999985,4026.5963999999985,2658.573199999998
forecast_7066,2025-10-22 10:00,3565.429999999998,3110.518299999999,2380.297999999998
forecast_7067,2025-10-22 11:00,3884.4840999999983,3392.5243999999984,2530.880999999998
forecast_7068,2025-10-22 12:00,3830.806199999998,3371.453999999999,2600.191699999998
forecast_7069,2025-10-22 13:00,3644.973599999998,2991.9542999999985,2336.510699999998
forecast_7070,2025-10-22 14:00,3365.130999999998,2509.244299999999,2154.883399999998
forecast_7071,2025-10-22 15:00,3458.8102999999983,2606.569099999999,2172.129599999998
forecast_7072,2025-10-22 16:00,3649.010499999998,2800.5023999999985,2191.764999999998
forecast_7073,2025-10-22 17:00,3404.776099999998,2545.9633999999987,915.15686
forecast_7074,2025-10-22 18:00,3384.101799999998,2446.6654999999987,909.23987
forecast_7075,2025-10-22 19:00,3476.8615999999984,2515.8875999999987,951.8195
forecast_7076,2025-10-22 20:00,3686.758999999998,2588.3468999999986,906.97845
forecast_7077,2025-10-22 21:00,3817.492999999998,2588.1629999999986,974.50446
forecast_7078,2025-10-22 22:00,4103.117999999999,2828.0785999999985,1032.903
forecast_7079,2025-10-22 23:00,4052.5416999999984,2704.5714999999987,1038.199
forecast_7080,2025-10-23 0:00,3549.5631999999982,2522.478099999999,901.872
forecast_7081,2025-10-23 1:00,2976.682499999998,2127.1566999999986,817.4225
forecast_7082,2025-10-23 2:00,2945.196499999998,2042.3299999999986,817.4225
forecast_7083,2025-10-23 3:00,2762.2569999999982,1972.2095999999988,798.2026
forecast_7084,2025-10-23 4:00,2724.122699999998,1911.4059999999986,798.2026
forecast_7085,2025-10-23 5:00,2704.4141999999983,1886.8900999999987,798.2026
forecast_7086,2025-10-23 6:00,2684.256699999998,1873.8161999999988,798.2026
forecast_7087,2025-10-23 7:00,2684.0863999999983,1947.2256999999986,798.2026
forecast_7088,2025-10-23 8:00,2647.045699999998,1904.2782999999986,798.2026
forecast_7089,2025-10-23 9:00,2629.963499999998,1854.7490999999986,798.2026
forecast_7090,2025-10-23 10:00,2563.2028999999984,1753.4014999999986,740.5508
forecast_7091,2025-10-23 11:00,2485.4923999999983,1053.4592,740.5508
forecast_7092,2025-10-23 12:00,2498.476999999998,1069.7935,727.75085
forecast_7093,2025-10-23 13:00,2505.381699999998,1738.8134999999988,738.8903
forecast_7094,2025-10-23 14:00,2522.5670999999984,1737.3500999999987,747.9993
forecast_7095,2025-10-23 15:00,2507.627199999998,1728.5592999999985,727.75085
forecast_7096,2025-10-23 16:00,2543.1471999999985,1810.253299999999,818.4509
forecast_7097,2025-10-23 17:00,2569.500399999998,1876.856699999999,798.2026
forecast_7098,2025-10-23 18:00,2511.169899999998,1887.1886999999988,803.4214
forecast_7099,2025-10-23 19:00,2612.2001999999984,1900.1594999999988,817.4225
forecast_7100,2025-10-23 20:00,2716.0984999999982,1931.5346999999988,818.4509
forecast_7101,2025-10-23 21:00,2680.0468999999985,1964.4406999999987,824.49194
forecast_7102,2025-10-23 22:00,2781.607399999998,2037.3998999999985,893.0096
forecast_7103,2025-10-23 23:00,2637.054299999998,1934.586699999999,891.5386
forecast_7104,2025-10-24 0:00,2712.545399999998,2073.525999999999,888.8368
forecast_7105,2025-10-24 1:00,2903.0649999999982,2187.9822999999988,901.872
forecast_7106,2025-10-24 2:00,3240.049899999998,2428.361899999999,957.1154
forecast_7107,2025-10-24 3:00,3594.9613999999983,3103.6229999999987,2381.9253999999983
forecast_7108,2025-10-24 4:00,4011.4784999999983,3685.1181999999985,2525.637199999998
forecast_7109,2025-10-24 5:00,4467.812499999998,4039.8676999999984,2660.783399999998
forecast_7110,2025-10-24 6:00,4669.275999999998,4319.178699999999,2678.4806999999983
forecast_7111,2025-10-24 7:00,4539.489999999998,4059.6247999999987,2735.784999999998
forecast_7112,2025-10-24 8:00,4767.136999999999,3984.3756999999987,2978.881999999998
forecast_7113,2025-10-24 9:00,4617.5859999999975,4005.127999999999,2970.043999999998
forecast_7114,2025-10-24 10:00,5441.539999999998,4431.5522,3640.5995999999977
forecast_7115,2025-10-24 11:00,5228.323999999999,4383.3096,3498.4523999999983
forecast_7116,2025-10-24 12:00,4202.532999999998,3843.4806999999987,3049.369899999998
forecast_7117,2025-10-24 13:00,3946.7304999999983,3639.4931999999985,2886.149399999998
forecast_7118,2025-10-24 14:00,3484.707299999998,2989.7531999999987,2652.0959999999977
forecast_7119,2025-10-24 15:00,3518.2659999999983,2858.2465999999986,2409.8099999999977
forecast_7120,2025-10-24 16:00,3988.919699999998,3320.0058999999987,2415.269899999998
forecast_7121,2025-10-24 17:00,4156.441999999998,3308.9029999999984,2333.6011999999982
forecast_7122,2025-10-24 18:00,4695.083699999998,3553.481199999999,2375.475099999998
forecast_7123,2025-10-24 19:00,4973.897499999998,3739.875999999999,2412.5271999999977
forecast_7124,2025-10-24 20:00,5030.270999999999,3776.9003999999986,2418.484399999998
forecast_7125,2025-10-24 21:00,5466.917499999998,4048.7233999999985,2524.100799999998
forecast_7126,2025-10-24 22:00,4361.588,4613.492699999999,2707.9433999999983
forecast_7127,2025-10-24 23:00,5170.818399999998,4148.968799999999,2490.9295999999977
forecast_7128,2025-10-25 0:00,4780.093499999998,3882.7321999999986,2311.7290999999977
forecast_7129,2025-10-25 1:00,4330.6997,4598.873499999999,2797.209699999998
forecast_7130,2025-10-25 2:00,5252.675299999998,4519.163599999999,2899.2252999999982
forecast_7131,2025-10-25 3:00,4848.682899999998,4243.570799999999,2918.205299999998
forecast_7132,2025-10-25 4:00,5030.799299999999,4327.5729999999985,3057.346999999998
forecast_7133,2025-10-25 5:00,4520.156699999998,4161.187499999999,2794.753699999998
forecast_7134,2025-10-25 6:00,4353.121299999998,4252.181599999999,2846.110999999998
forecast_7135,2025-10-25 7:00,4655.111799999999,4488.111999999999,2952.8922999999977
forecast_7136,2025-10-25 8:00,4153.119599999998,3750.8742999999986,2517.6083999999983
forecast_7137,2025-10-25 9:00,3974.180999999998,3581.8832999999986,2499.918599999998
forecast_7138,2025-10-25 10:00,3033.230999999998,2447.6112999999987,2109.0653999999977
forecast_7139,2025-10-25 11:00,3001.579499999998,2444.492899999999,2152.375899999998
forecast_7140,2025-10-25 12:00,3046.6304999999984,2442.6539999999986,2142.3799999999983
forecast_7141,2025-10-25 13:00,2963.847899999998,2339.5664999999985,999.86414
forecast_7142,2025-10-25 14:00,2989.4420999999984,2307.7989999999986,2146.196999999998
forecast_7143,2025-10-25 15:00,2823.103799999998,2047.4853999999987,925.8095
forecast_7144,2025-10-25 16:00,3093.610499999998,2287.8490999999985,934.365
forecast_7145,2025-10-25 17:00,3060.527299999998,2350.9923999999987,901.872
forecast_7146,2025-10-25 18:00,3485.255099999998,2800.9066999999986,1047.1603
forecast_7147,2025-10-25 19:00,3427.6627999999982,2806.8019999999988,953.63055
forecast_7148,2025-10-25 20:00,3580.550499999998,2877.540999999999,2102.266799999998
forecast_7149,2025-10-25 21:00,3375.499299999998,2556.014499999999,966.0769
forecast_7150,2025-10-25 22:00,3500.460199999998,2706.828999999999,2207.443699999998
forecast_7151,2025-10-25 23:00,3901.9249999999984,3022.1093999999985,2354.7416999999978
forecast_7152,2025-10-26 0:00,4403.699999999998,3376.7387999999987,2663.373999999998
forecast_7153,2025-10-26 1:00,3078.5301999999983,2284.746699999999,964.9675
forecast_7154,2025-10-26 2:00,3348.1259999999984,2403.1303999999986,1007.3443
forecast_7155,2025-10-26 3:00,3736.083299999998,2752.1256999999987,2273.4614999999976
forecast_7156,2025-10-26 4:00,3804.9154999999982,2750.009999999999,2285.0329999999976
forecast_7157,2025-10-26 5:00,4380.316199999998,3342.8739999999984,2479.241599999998
forecast_7158,2025-10-26 6:00,4326.786999999998,3306.9601999999986,2448.601599999998
forecast_7159,2025-10-26 7:00,4349.2983,4338.034199999999,2780.985999999998
forecast_7160,2025-10-26 8:00,4347.827,4446.101299999998,2911.193799999998
forecast_7161,2025-10-26 9:00,5490.642999999998,4445.806999999999,2991.001599999998
forecast_7162,2025-10-26 10:00,4255.034699999998,3343.168699999999,2470.210599999998
forecast_7163,2025-10-26 11:00,3790.996599999998,2908.790799999999,2471.9226999999983
forecast_7164,2025-10-26 12:00,4826.2123999999985,3926.4423999999985,2859.091199999998
forecast_7165,2025-10-26 13:00,5446.182599999998,4079.0460999999987,2932.088899999998
forecast_7166,2025-10-26 14:00,5335.6323,4702.6,3508.1561999999976
forecast_7167,2025-10-26 15:00,5413.788,4987.8765,3611.5719999999983
forecast_7168,2025-10-26 16:00,5841.995,5132.121,3629.430699999998
forecast_7169,2025-10-26 17:00,7021.804,5798.6763,4435.838899999998
forecast_7170,2025-10-26 18:00,7434.2007,6833.3223,5171.056599999998
forecast_7171,2025-10-26 19:00,8104.1626,7715.856,5385.605
forecast_7172,2025-10-26 20:00,8997.588,9603.124,6844.142
forecast_7173,2025-10-26 21:00,11590.704,12588.872,9486.471
forecast_7174,2025-10-26 22:00,13404.067,14439.971,10709.867
forecast_7175,2025-10-26 23:00,13676.568,14630.991,11140.3955
forecast_7176,2025-10-27 0:00,15284.371,15301.24,12246.178
forecast_7177,2025-10-27 1:00,16320.756,16765.1,14173.97
forecast_7178,2025-10-27 2:00,17761.238,18043.375,14628.53
forecast_7179,2025-10-27 3:00,17655.97,18172.604,15466.539
forecast_7180,2025-10-27 4:00,17510.328,17869.883,14688.34
forecast_7181,2025-10-27 5:00,16805.445,17145.59,13422.643
forecast_7182,2025-10-27 6:00,15203.277,15334.466,11433.855
forecast_7183,2025-10-27 7:00,14404.496,14843.834,10796.448
forecast_7184,2025-10-27 8:00,13618.782,14426.282,10410.368
forecast_7185,2025-10-27 9:00,12839.107,13475.877,10176.576
forecast_7186,2025-10-27 10:00,11899.911,12270.992,9282.982
forecast_7187,2025-10-27 11:00,11727.798,12236.139,9144.877
forecast_7188,2025-10-27 12:00,12312.039,12267.279,9192.702
forecast_7189,2025-10-27 13:00,12589.185,12280.066,9564.839
forecast_7190,2025-10-27 14:00,13576.005,13178.574,10153.936
forecast_7191,2025-10-27 15:00,14219.157,13785.549,10555.999
forecast_7192,2025-10-27 16:00,14817.276,14275.406,10815.802
forecast_7193,2025-10-27 17:00,15523.358,15486.236,12684.723
forecast_7194,2025-10-27 18:00,14995.643,14624.409,11219.312
forecast_7195,2025-10-27 19:00,14675.136,14071.215,10885.904
forecast_7196,2025-10-27 20:00,14519.417,13615.236,10429.26
forecast_7197,2025-10-27 21:00,13641.69,13177.979,10082.22
forecast_7198,2025-10-27 22:00,12981.104,12670.232,9936.481
forecast_7199,2025-10-27 23:00,12428.067,11835.167,9168.77
forecast_7200,2025-10-28 0:00,11748.235,11926.656,8930.104
forecast_7201,2025-10-28 1:00,13707.989,14093.372,10917.198
forecast_7202,2025-10-28 2:00,14297.5205,14753.045,10818.493
forecast_7203,2025-10-28 3:00,13888.408,14517.585,10229.981
forecast_7204,2025-10-28 4:00,13430.508,14023.156,9840.1
forecast_7205,2025-10-28 5:00,12400.384,13387.9375,9404.084
forecast_7206,2025-10-28 6:00,11968.093,12437.396,8368.434
forecast_7207,2025-10-28 7:00,11890.306,12235.525,7977.7637
forecast_7208,2025-10-28 8:00,11140.539,11320.769,7216.252
forecast_7209,2025-10-28 9:00,8074.004,7726.346,5137.9893
forecast_7210,2025-10-28 10:00,5180.77,5170.0454,4089.559799999998
forecast_7211,2025-10-28 11:00,5285.910399999999,3992.3319999999985,2917.074299999998
forecast_7212,2025-10-28 12:00,4341.9604,4253.3319999999985,3097.411099999998
forecast_7213,2025-10-28 13:00,4792.9624,4640.763999999999,3209.3095999999978
forecast_7214,2025-10-28 14:00,5081.974,4557.631999999999,3281.5082999999977
forecast_7215,2025-10-28 15:00,4849.695,4305.291299999999,3370.3598999999977
forecast_7216,2025-10-28 16:00,4951.0356,4634.6889999999985,3338.958499999998
forecast_7217,2025-10-28 17:00,4768.1997,4360.8604,3450.834499999998
forecast_7218,2025-10-28 18:00,6037.4707,5842.4785,4686.877999999998
forecast_7219,2025-10-28 19:00,7438.2197,7514.9614,5611.564
forecast_7220,2025-10-28 20:00,8818.118,9133.92,6192.271
forecast_7221,2025-10-28 21:00,9177.025,9899.671,6690.029
forecast_7222,2025-10-28 22:00,9053.465,10037.751,6451.4272
forecast_7223,2025-10-28 23:00,8783.947,9681.406,5667.344
forecast_7224,2025-10-29 0:00,8611.939,9304.552,5205.6035
forecast_7225,2025-10-29 1:00,7131.3164,6122.47,4386.897199999998
forecast_7226,2025-10-29 2:00,6815.2324,5907.866,4090.7443999999978
forecast_7227,2025-10-29 3:00,7340.846,6159.5317,3791.9601999999977
forecast_7228,2025-10-29 4:00,6135.8735,5135.9062,3557.485999999998
forecast_7229,2025-10-29 5:00,5578.882,4584.216,3273.047599999998
forecast_7230,2025-10-29 6:00,4485.4805,4762.688499999999,3051.615099999998
forecast_7231,2025-10-29 7:00,5112.104199999998,4335.425999999999,2849.087499999998
forecast_7232,2025-10-29 8:00,4270.510999999999,3549.1869999999985,2536.682699999998
forecast_7233,2025-10-29 9:00,3208.2271999999984,2479.7870999999986,2138.9174999999977
forecast_7234,2025-10-29 10:00,2522.434199999998,1863.4039999999986,763.9985
forecast_7235,2025-10-29 11:00,2378.9236999999985,1044.0222,741.0354
forecast_7236,2025-10-29 12:00,2381.861299999998,1059.4861,742.4637
forecast_7237,2025-10-29 13:00,1027.9412,1077.4933,742.31805
forecast_7238,2025-10-29 14:00,1065.6428,1753.324799999999,760.1414
forecast_7239,2025-10-29 15:00,1015.2061,1061.7456,727.75085
forecast_7240,2025-10-29 16:00,1067.2678,1061.4723,746.94293
forecast_7241,2025-10-29 17:00,2427.458099999998,1736.0910999999987,727.75085
forecast_7242,2025-10-29 18:00,2715.935699999998,2093.417599999999,905.3122
forecast_7243,2025-10-29 19:00,3376.406699999998,2840.307399999999,2412.5458999999983
forecast_7244,2025-10-29 20:00,4379.863499999998,3583.3222999999984,2869.336399999998
forecast_7245,2025-10-29 21:00,4408.6323,4368.6465,3885.7306999999983
forecast_7246,2025-10-29 22:00,5983.0913,5774.1084,4765.866699999998
forecast_7247,2025-10-29 23:00,5189.378,5035.5005,4187.485399999998
forecast_7248,2025-10-30 0:00,6889.192,6137.374,4257.2803
forecast_7249,2025-10-30 1:00,6869.116,6552.857,5232.732399999998
forecast_7250,2025-10-30 2:00,8818.661,8944.816,6186.1846
forecast_7251,2025-10-30 3:00,12550.8,12713.113,9310.143
forecast_7252,2025-10-30 4:00,13259.572,13127.767,8963.04
forecast_7253,2025-10-30 5:00,13157.611,13373.705,9008.386
forecast_7254,2025-10-30 6:00,13839.548,13700.64,9998.163
forecast_7255,2025-10-30 7:00,11552.357,11020.986,7284.8364
forecast_7256,2025-10-30 8:00,10311.176,9343.0,5469.676
forecast_7257,2025-10-30 9:00,8448.186,7705.3765,5157.132999999998
forecast_7258,2025-10-30 10:00,5430.12,5016.395,3563.8502999999982
forecast_7259,2025-10-30 11:00,4875.268999999998,3689.2863999999986,2793.992199999998
forecast_7260,2025-10-30 12:00,3836.970499999998,2949.600599999999,2515.685999999998
forecast_7261,2025-10-30 13:00,3421.5067999999983,2594.8753999999985,2309.329299999998
forecast_7262,2025-10-30 14:00,3508.672399999998,2563.4520999999986,2214.514999999998
forecast_7263,2025-10-30 15:00,2925.6238999999982,2176.586699999999,916.3802
forecast_7264,2025-10-30 16:00,3077.664899999998,2277.388199999999,2105.8643999999977
forecast_7265,2025-10-30 17:00,4462.516599999998,3394.4010999999987,2608.239999999998
forecast_7266,2025-10-30 18:00,4917.778999999999,3624.2249999999985,2600.128999999998
forecast_7267,2025-10-30 19:00,5061.395999999999,3666.2912999999985,2711.214999999998
forecast_7268,2025-10-30 20:00,5054.311299999998,3528.2919999999986,2759.826699999998
forecast_7269,2025-10-30 21:00,4996.822799999998,3596.8891999999987,2781.748199999998
forecast_7270,2025-10-30 22:00,3991.325999999998,3096.4399999999987,2511.9228999999978
forecast_7271,2025-10-30 23:00,4171.132299999998,3092.737499999999,2573.4673999999977
forecast_7272,2025-10-31 0:00,4037.327999999998,3054.177699999999,2485.601999999998
forecast_7273,2025-10-31 1:00,2863.284999999998,2217.8225999999986,938.15216
forecast_7274,2025-10-31 2:00,2891.199599999998,2141.7600999999986,854.22375
forecast_7275,2025-10-31 3:00,2950.1625999999983,2186.6773999999987,847.9979
forecast_7276,2025-10-31 4:00,2875.1580999999983,2184.005699999999,855.144
forecast_7277,2025-10-31 5:00,2816.314199999998,2168.6134999999986,810.5617
forecast_7278,2025-10-31 6:00,2803.007199999998,2124.8106999999986,798.2026
forecast_7279,2025-10-31 7:00,2844.367599999998,2061.6400999999987,816.18066
forecast_7280,2025-10-31 8:00,2695.674299999998,2032.691899999999,811.75336
forecast_7281,2025-10-31 9:00,2664.246199999998,2074.6670999999988,824.49194
forecast_7282,2025-10-31 10:00,2618.409499999998,2025.6105999999986,740.5508
forecast_7283,2025-10-31 11:00,2639.3727999999983,1974.4193999999989,753.02277
forecast_7284,2025-10-31 12:00,2559.602899999998,1823.356699999999,740.5508
forecast_7285,2025-10-31 13:00,2511.8485999999984,1768.5564999999988,727.75085
forecast_7286,2025-10-31 14:00,2438.1520999999984,1836.2529999999988,740.5508
forecast_7287,2025-10-31 15:00,2441.8350999999984,1791.2864999999988,727.75085
forecast_7288,2025-10-31 16:00,2493.105999999998,1850.548699999999,727.75085
forecast_7289,2025-10-31 17:00,2468.5585999999985,1805.9159999999988,740.5508
forecast_7290,2025-10-31 18:00,2972.3592999999983,2464.278199999999,993.8017
forecast_7291,2025-10-31 19:00,3613.545199999998,3076.3159999999984,2368.848299999998
forecast_7292,2025-10-31 20:00,5221.681399999998,4403.538299999999,2982.175799999998
forecast_7293,2025-10-31 21:00,7692.0493,7722.389,5022.786399999998
forecast_7294,2025-10-31 22:00,8921.189,8918.406,4836.2373
forecast_7295,2025-10-31 23:00,9412.711,10162.01,5778.0425
forecast_7296,2025-11-01 0:00,10325.421,10885.255,7076.8916
forecast_7297,2025-11-01 1:00,10985.871,12403.533,9311.602
forecast_7298,2025-11-01 2:00,9195.198,11417.169,8491.607
forecast_7299,2025-11-01 3:00,8938.715,10321.914,8322.923
forecast_7300,2025-11-01 4:00,10774.206,11984.188,9561.75
forecast_7301,2025-11-01 5:00,12656.339,13932.798,10722.429
forecast_7302,2025-11-01 6:00,13043.858,13888.964,10814.571
forecast_7303,2025-11-01 7:00,12922.072,14034.402,10885.575
forecast_7304,2025-11-01 8:00,13661.429,14295.468,11052.289
forecast_7305,2025-11-01 9:00,14004.502,14695.026,11044.028
forecast_7306,2025-11-01 10:00,14554.06,14744.607,11280.4
forecast_7307,2025-11-01 11:00,14313.789,14567.652,11104.369
forecast_7308,2025-11-01 12:00,13740.903,13891.067,10584.691
forecast_7309,2025-11-01 13:00,13757.649,13759.354,10547.791
forecast_7310,2025-11-01 14:00,14114.808,13891.811,10612.824
forecast_7311,2025-11-01 15:00,14019.911,13810.309,10611.756
forecast_7312,2025-11-01 16:00,13904.363,13689.593,10663.157
forecast_7313,2025-11-01 17:00,14297.947,14645.803,11427.326
forecast_7314,2025-11-01 18:00,15138.725,15043.696,12685.271
forecast_7315,2025-11-01 19:00,15740.667,15767.485,12719.1
forecast_7316,2025-11-01 20:00,15837.431,16180.806,13658.141
forecast_7317,2025-11-01 21:00,15516.786,15450.145,13230.144
forecast_7318,2025-11-01 22:00,15519.79,15766.958,13095.663
forecast_7319,2025-11-01 23:00,17266.615,17785.629,14907.05
forecast_7320,2025-11-02 0:00,17410.303,18071.88,15580.565
forecast_7321,2025-11-02 1:00,16757.658,17326.816,14600.638
forecast_7322,2025-11-02 2:00,16786.549,17519.127,14666.664
forecast_7323,2025-11-02 3:00,16360.199,16216.715,13805.201
forecast_7324,2025-11-02 4:00,15967.238,16230.864,13772.2705
forecast_7325,2025-11-02 5:00,15840.783,16387.705,13945.036
forecast_7326,2025-11-02 6:00,16103.094,16801.066,14882.932
forecast_7327,2025-11-02 7:00,17004.729,17984.139,15563.361
forecast_7328,2025-11-02 8:00,17632.457,18629.568,15554.203
forecast_7329,2025-11-02 9:00,17435.576,18609.229,15360.006
forecast_7330,2025-11-02 10:00,17544.447,18644.041,14449.311
forecast_7331,2025-11-02 11:00,16838.02,17602.799,13880.588
forecast_7332,2025-11-02 12:00,15452.611,16350.914,12904.739
forecast_7333,2025-11-02 13:00,14896.439,15425.956,12418.241
forecast_7334,2025-11-02 14:00,14684.15,14701.89,11834.603
forecast_7335,2025-11-02 15:00,14964.656,15116.832,11644.673
forecast_7336,2025-11-02 16:00,14689.364,14466.777,11222.653
forecast_7337,2025-11-02 17:00,13925.442,13683.386,10504.89
forecast_7338,2025-11-02 18:00,13424.162,13322.949,10004.875
forecast_7339,2025-11-02 19:00,14299.923,13470.614,10200.779
forecast_7340,2025-11-02 20:00,12535.012,12296.72,9410.828
forecast_7341,2025-11-02 21:00,8910.521,7309.666,5177.6655
forecast_7342,2025-11-02 22:00,9697.682,9791.084,6427.683
forecast_7343,2025-11-02 23:00,9998.991,9881.594,6095.864
forecast_7344,2025-11-03 0:00,7814.858,8585.435,4335.563
forecast_7345,2025-11-03 1:00,8349.79,9177.164,6004.546
forecast_7346,2025-11-03 2:00,7646.026,7916.402,4353.3203
forecast_7347,2025-11-03 3:00,6705.306,7403.1377,4754.012999999998
forecast_7348,2025-11-03 4:00,6417.645,7007.271,4954.809299999998
forecast_7349,2025-11-03 5:00,4979.8413,5338.506,3974.7077999999983
forecast_7350,2025-11-03 6:00,5233.216799999998,4897.936999999999,3157.3669999999984
forecast_7351,2025-11-03 7:00,5011.877999999999,4456.796599999999,2953.392499999998
forecast_7352,2025-11-03 8:00,4760.7199999999975,4238.241199999999,2797.846099999998
forecast_7353,2025-11-03 9:00,4792.109599999998,4809.7339999999995,3171.8544999999976
forecast_7354,2025-11-03 10:00,3200.2078999999985,3020.473099999999,2377.640999999998
forecast_7355,2025-11-03 11:00,2604.2243999999982,2162.0613999999987,1034.2899
forecast_7356,2025-11-03 12:00,2526.865399999998,2027.8462999999988,948.88043
forecast_7357,2025-11-03 13:00,1060.5803,1840.6928999999986,783.2322
forecast_7358,2025-11-03 14:00,2378.0159999999983,1823.2501999999986,774.4614
forecast_7359,2025-11-03 15:00,1076.1213,1751.3552999999988,778.1644
forecast_7360,2025-11-03 16:00,1045.6575,1789.1016999999988,728.20337
forecast_7361,2025-11-03 17:00,2491.308799999998,2059.5921999999987,798.2026
forecast_7362,2025-11-03 18:00,2863.606299999998,2244.8850999999986,880.9856
forecast_7363,2025-11-03 19:00,3323.619399999998,2785.5685999999987,2136.7510999999977
forecast_7364,2025-11-03 20:00,4223.227499999998,3738.3207999999986,2695.004899999998
forecast_7365,2025-11-03 21:00,5554.467299999998,4848.423999999999,3219.7416999999978
forecast_7366,2025-11-03 22:00,5393.6387,6074.4746,4128.850299999998
forecast_7367,2025-11-03 23:00,7904.6504,8548.977,4531.074
forecast_7368,2025-11-04 0:00,9352.616,11011.592,7215.3574
forecast_7369,2025-11-04 1:00,8587.329,9949.223,5912.006
forecast_7370,2025-11-04 2:00,9235.697,11032.242,7766.7256
forecast_7371,2025-11-04 3:00,9779.052,11150.15,6999.5327
forecast_7372,2025-11-04 4:00,10755.1875,11915.454,8392.041
forecast_7373,2025-11-04 5:00,12053.308,13630.797,9425.077
forecast_7374,2025-11-04 6:00,12540.892,14111.186,10131.622
forecast_7375,2025-11-04 7:00,13646.851,14724.629,10568.146
forecast_7376,2025-11-04 8:00,13951.6,14970.307,10969.704
forecast_7377,2025-11-04 9:00,13543.702,14786.534,11068.812
forecast_7378,2025-11-04 10:00,13649.916,14846.765,12103.466
forecast_7379,2025-11-04 11:00,12824.69,14374.873,11625.734
forecast_7380,2025-11-04 12:00,11256.904,12621.792,10464.891
forecast_7381,2025-11-04 13:00,9529.661,10031.013,9130.138
forecast_7382,2025-11-04 14:00,9870.445,10035.956,8921.848
forecast_7383,2025-11-04 15:00,10373.634,10375.878,9402.782
forecast_7384,2025-11-04 16:00,10568.04,10585.561,8708.65
forecast_7385,2025-11-04 17:00,10973.072,11802.763,8828.278
forecast_7386,2025-11-04 18:00,11984.903,12898.545,8468.486
forecast_7387,2025-11-04 19:00,11587.611,12422.307,7935.76
forecast_7388,2025-11-04 20:00,11224.293,11827.228,8148.3037
forecast_7389,2025-11-04 21:00,11103.895,11645.346,8056.7974
forecast_7390,2025-11-04 22:00,10047.862,9711.599,5839.629
forecast_7391,2025-11-04 23:00,8416.506,7578.2124,4552.6616
forecast_7392,2025-11-05 0:00,7769.585,6617.8955,4766.756299999998
forecast_7393,2025-11-05 1:00,9723.268,8780.885,5289.3
forecast_7394,2025-11-05 2:00,6830.9126,5290.3364,3904.8175999999976
forecast_7395,2025-11-05 3:00,5591.591999999998,4124.764199999999,2986.593599999998
forecast_7396,2025-11-05 4:00,4132.129399999998,3156.8854999999985,2489.242199999998
forecast_7397,2025-11-05 5:00,3201.007399999998,2504.1389999999988,2125.194999999998
forecast_7398,2025-11-05 6:00,2968.418599999998,2402.1645999999987,1032.2806
forecast_7399,2025-11-05 7:00,2833.008499999998,2301.488899999999,938.9836
forecast_7400,2025-11-05 8:00,2778.0031999999983,2147.410399999999,860.0737
forecast_7401,2025-11-05 9:00,2584.8080999999984,1972.4319999999989,827.4977
forecast_7402,2025-11-05 10:00,2473.3817999999983,1834.935399999999,780.4611
forecast_7403,2025-11-05 11:00,2458.126299999998,1819.7180999999987,807.6995
forecast_7404,2025-11-05 12:00,2439.092999999998,1826.2453999999989,787.34106
forecast_7405,2025-11-05 13:00,2418.444699999998,1820.3498999999988,772.0661
forecast_7406,2025-11-05 14:00,2457.6926999999982,1816.5900999999985,774.9519
forecast_7407,2025-11-05 15:00,2447.9721999999983,1858.7428999999988,746.42084
forecast_7408,2025-11-05 16:00,2409.4325999999983,1854.4332999999988,740.5508
forecast_7409,2025-11-05 17:00,2566.382199999998,1981.1706999999988,798.2026
forecast_7410,2025-11-05 18:00,2651.989099999998,1958.0154999999986,798.2026
forecast_7411,2025-11-05 19:00,2784.1052999999984,2048.0413999999987,815.3644
forecast_7412,2025-11-05 20:00,2767.0796999999984,2083.673499999999,829.7419
forecast_7413,2025-11-05 21:00,2824.511599999998,2094.5867999999987,913.16345
forecast_7414,2025-11-05 22:00,2935.0935999999983,2048.4140999999986,899.8072
forecast_7415,2025-11-05 23:00,3068.836199999998,2189.5336999999986,986.70197
forecast_7416,2025-11-06 0:00,3233.7532999999985,2380.257799999999,1039.249
forecast_7417,2025-11-06 1:00,4075.161599999998,3190.611599999999,2523.355199999998
forecast_7418,2025-11-06 2:00,5224.222399999999,3879.8476999999984,2981.325099999998
forecast_7419,2025-11-06 3:00,5872.728,4775.9487,3787.930199999998
forecast_7420,2025-11-06 4:00,7090.6167,5482.0215,4373.8449999999975
forecast_7421,2025-11-06 5:00,8855.764,6997.3364,4339.843
forecast_7422,2025-11-06 6:00,9324.444,7962.648,4539.6426
forecast_7423,2025-11-06 7:00,7640.8604,5812.9033,4769.423799999998
forecast_7424,2025-11-06 8:00,4543.6904,4190.278799999999,2830.671299999998
forecast_7425,2025-11-06 9:00,4175.703599999998,2949.7145999999984,2175.7859999999982
forecast_7426,2025-11-06 10:00,3217.6292999999982,2330.2333999999987,831.4182
forecast_7427,2025-11-06 11:00,2875.1614999999983,2110.009299999999,824.09595
forecast_7428,2025-11-06 12:00,2563.395099999998,1919.669199999999,751.5428
forecast_7429,2025-11-06 13:00,2496.9759999999983,1875.0270999999989,727.75085
forecast_7430,2025-11-06 14:00,2438.6529999999984,1765.445299999999,727.75085
forecast_7431,2025-11-06 15:00,2379.6326999999983,1750.168299999999,727.75085
forecast_7432,2025-11-06 16:00,2380.568699999998,1790.044899999999,740.5508
forecast_7433,2025-11-06 17:00,2588.657299999998,1947.8197999999988,798.2026
forecast_7434,2025-11-06 18:00,2862.526399999998,2311.9158999999986,798.2026
forecast_7435,2025-11-06 19:00,2961.3008999999984,2397.7672999999986,887.7104
forecast_7436,2025-11-06 20:00,2961.940399999998,2351.7760999999987,798.2026
forecast_7437,2025-11-06 21:00,2986.6763999999985,2383.6919999999986,809.1945
forecast_7438,2025-11-06 22:00,2953.3284999999983,2300.5519999999988,809.1945
forecast_7439,2025-11-06 23:00,2936.236799999998,2257.8992999999987,817.4225
forecast_7440,2025-11-07 0:00,2854.7185999999983,2074.033399999999,809.1945
forecast_7441,2025-11-07 1:00,2939.025799999998,2031.388399999999,899.05347
forecast_7442,2025-11-07 2:00,3502.166499999998,2618.2663999999986,2325.1017999999976
forecast_7443,2025-11-07 3:00,3745.858599999998,2836.9936999999986,2383.826299999998
forecast_7444,2025-11-07 4:00,4687.161399999998,3390.128699999999,2608.370499999998
forecast_7445,2025-11-07 5:00,4817.6035,4645.099899999999,3240.354699999998
forecast_7446,2025-11-07 6:00,4577.4927,4286.812999999999,3125.752699999998
forecast_7447,2025-11-07 7:00,4699.026099999998,3506.654999999999,2630.097399999998
forecast_7448,2025-11-07 8:00,3364.302999999998,2337.5318999999986,925.8625
forecast_7449,2025-11-07 9:00,2650.666299999998,1974.1077999999989,798.2026
forecast_7450,2025-11-07 10:00,2396.7536999999984,1800.246099999999,740.5508
forecast_7451,2025-11-07 11:00,2419.0540999999985,1795.570299999999,713.67346
forecast_7452,2025-11-07 12:00,2434.3031999999985,1828.4489999999987,713.67346
forecast_7453,2025-11-07 13:00,2398.417499999998,1884.6937999999986,799.1435
forecast_7454,2025-11-07 14:00,2539.913099999998,2031.1400999999987,909.3637
forecast_7455,2025-11-07 15:00,2907.596099999998,2278.317099999999,957.1154
forecast_7456,2025-11-07 16:00,3021.4046999999982,2480.527499999999,1032.903
forecast_7457,2025-11-07 17:00,3447.921899999998,2951.1737999999987,2368.310799999998
forecast_7458,2025-11-07 18:00,3580.5465999999983,3311.2875999999987,2401.414899999998
forecast_7459,2025-11-07 19:00,3893.9357999999984,3541.3554999999988,2421.741599999998
forecast_7460,2025-11-07 20:00,4361.918999999998,3592.200199999999,2422.7371999999978
forecast_7461,2025-11-07 21:00,4802.960199999998,4415.425799999999,2626.865399999998
forecast_7462,2025-11-07 22:00,4753.5549999999985,3978.5260999999987,2512.8108999999977
forecast_7463,2025-11-07 23:00,4808.175799999998,3870.7287999999985,2579.385499999998
forecast_7464,2025-11-08 0:00,4225.917499999998,3517.7949999999987,2385.859099999998
forecast_7465,2025-11-08 1:00,4037.852299999998,3207.6276999999986,2150.142599999998
forecast_7466,2025-11-08 2:00,3675.730199999998,2630.920999999999,904.1333
forecast_7467,2025-11-08 3:00,3769.1913999999983,3105.2182999999986,2209.9925999999978
forecast_7468,2025-11-08 4:00,4135.742199999999,3479.1864999999984,2391.127399999998
forecast_7469,2025-11-08 5:00,4299.144799999998,3505.481199999999,2504.035199999998
forecast_7470,2025-11-08 6:00,4437.170699999999,3648.4437999999986,2588.169199999998
forecast_7471,2025-11-08 7:00,4727.460199999998,3771.1864999999984,2588.491799999998
forecast_7472,2025-11-08 8:00,4415.957799999998,3592.3114999999984,2604.247899999998
forecast_7473,2025-11-08 9:00,4098.862299999998,3449.1852999999987,2506.339999999998
forecast_7474,2025-11-08 10:00,3834.5883999999983,3283.7797999999984,2350.025899999998
forecast_7475,2025-11-08 11:00,3403.507599999998,3134.1737999999987,2308.0950999999977
forecast_7476,2025-11-08 12:00,3164.536299999998,2544.848999999999,2180.069799999998
forecast_7477,2025-11-08 13:00,3267.1256999999982,2773.1103999999987,2242.2879999999977
forecast_7478,2025-11-08 14:00,3556.7165999999984,3260.7992999999988,2462.121499999998
forecast_7479,2025-11-08 15:00,3591.959199999998,3466.2989999999986,2517.2306999999983
forecast_7480,2025-11-08 16:00,3885.0431999999983,3829.958499999999,2763.528699999998
forecast_7481,2025-11-08 17:00,4185.4713999999985,4178.829599999999,2941.188999999998
forecast_7482,2025-11-08 18:00,5117.080299999998,4408.3115,3453.0788999999977
forecast_7483,2025-11-08 19:00,5071.348999999998,4618.884,3588.198699999998
forecast_7484,2025-11-08 20:00,4472.87,5281.494,3887.1327999999976
forecast_7485,2025-11-08 21:00,5334.71,6019.2104,4347.846399999998
forecast_7486,2025-11-08 22:00,5877.5215,6398.3003,4445.991999999998
forecast_7487,2025-11-08 23:00,9235.011,10921.114,7382.006
forecast_7488,2025-11-09 0:00,8936.912,10484.432,6970.405
forecast_7489,2025-11-09 1:00,7639.3433,8282.676,5085.2207
forecast_7490,2025-11-09 2:00,8336.646,9004.6455,6240.2417
forecast_7491,2025-11-09 3:00,9375.108,9660.758,6215.011
forecast_7492,2025-11-09 4:00,10302.514,10638.871,7718.8677
forecast_7493,2025-11-09 5:00,12386.784,13501.317,9852.007
forecast_7494,2025-11-09 6:00,13014.631,14116.023,10383.16
forecast_7495,2025-11-09 7:00,13131.156,14665.968,11166.217
forecast_7496,2025-11-09 8:00,13860.412,14532.904,10713.095
forecast_7497,2025-11-09 9:00,13417.922,14161.213,10752.944
forecast_7498,2025-11-09 10:00,14279.929,14646.482,11266.369
forecast_7499,2025-11-09 11:00,12131.696,13096.25,10148.609
forecast_7500,2025-11-09 12:00,11458.76,11751.209,9002.181
forecast_7501,2025-11-09 13:00,11869.993,11875.251,9101.248
forecast_7502,2025-11-09 14:00,12149.665,12351.789,9698.535
forecast_7503,2025-11-09 15:00,12979.017,12631.651,10131.271
forecast_7504,2025-11-09 16:00,14162.731,13893.967,10771.034
forecast_7505,2025-11-09 17:00,14264.088,14270.461,10963.064
forecast_7506,2025-11-09 18:00,14643.949,14679.668,12301.544
forecast_7507,2025-11-09 19:00,15496.173,15485.646,13369.558
forecast_7508,2025-11-09 20:00,17127.775,17055.877,15153.811
forecast_7509,2025-11-09 21:00,17143.79,16937.018,14764.213
forecast_7510,2025-11-09 22:00,16391.328,16355.864,13686.884
forecast_7511,2025-11-09 23:00,15411.034,15484.317,12827.165
forecast_7512,2025-11-10 0:00,15087.816,14748.403,11811.684
forecast_7513,2025-11-10 1:00,15204.709,14814.822,11942.062
forecast_7514,2025-11-10 2:00,14427.191,13901.748,10832.023
forecast_7515,2025-11-10 3:00,14444.057,13618.021,10550.924
forecast_7516,2025-11-10 4:00,13477.204,13113.569,9900.69
forecast_7517,2025-11-10 5:00,14185.226,13838.666,10605.316
forecast_7518,2025-11-10 6:00,15202.895,15705.461,11744.539
forecast_7519,2025-11-10 7:00,16474.352,16323.723,12866.835
forecast_7520,2025-11-10 8:00,15683.8545,15905.221,12659.401
forecast_7521,2025-11-10 9:00,14539.126,14715.218,11469.675
forecast_7522,2025-11-10 10:00,13347.309,13805.493,10166.137
forecast_7523,2025-11-10 11:00,11881.489,12274.399,9419.557
forecast_7524,2025-11-10 12:00,10616.694,10529.285,7717.2905
forecast_7525,2025-11-10 13:00,7831.2583,7331.6772,5153.476999999998
forecast_7526,2025-11-10 14:00,7391.3105,6389.0728,4625.637699999998
forecast_7527,2025-11-10 15:00,6099.262,5148.271,4199.855699999998
forecast_7528,2025-11-10 16:00,6513.281,5571.908,4883.438999999998
forecast_7529,2025-11-10 17:00,8080.5596,7192.6025,5739.7686
forecast_7530,2025-11-10 18:00,12580.604,12621.964,9495.124
forecast_7531,2025-11-10 19:00,15285.381,14460.53,11504.11
forecast_7532,2025-11-10 20:00,17179.996,16624.016,12870.218
forecast_7533,2025-11-10 21:00,17715.95,16958.223,13355.867
forecast_7534,2025-11-10 22:00,17977.63,17328.332,13401.303
forecast_7535,2025-11-10 23:00,17821.08,17063.207,12555.954
forecast_7536,2025-11-11 0:00,18049.152,17499.246,13334.101
forecast_7537,2025-11-11 1:00,19859.637,19200.234,15538.825
forecast_7538,2025-11-11 2:00,18921.639,18211.367,14006.954
forecast_7539,2025-11-11 3:00,17793.38,17374.025,12478.994
forecast_7540,2025-11-11 4:00,16260.617,16116.447,11007.893
forecast_7541,2025-11-11 5:00,13367.377,13672.215,8575.653
forecast_7542,2025-11-11 6:00,8819.254,8234.724,4578.607
forecast_7543,2025-11-11 7:00,7321.3687,5568.535,4307.458499999998
forecast_7544,2025-11-11 8:00,5146.0522,4372.511699999999,3070.953599999998
forecast_7545,2025-11-11 9:00,4952.755,4173.374499999999,2689.1825999999983
forecast_7546,2025-11-11 10:00,5180.2091999999975,3654.029299999999,2482.130399999998
forecast_7547,2025-11-11 11:00,4179.762199999998,3050.9061999999985,2251.546599999998
forecast_7548,2025-11-11 12:00,3773.2016999999983,2785.1505999999986,2190.515299999998
forecast_7549,2025-11-11 13:00,3618.702099999998,2573.637699999999,1035.0608
forecast_7550,2025-11-11 14:00,3481.9977999999983,2467.417399999999,990.32336
forecast_7551,2025-11-11 15:00,3281.240799999998,2343.000599999999,904.1333
forecast_7552,2025-11-11 16:00,3011.354499999998,2204.1620999999986,901.872
forecast_7553,2025-11-11 17:00,3073.697299999998,2395.533599999999,901.872
forecast_7554,2025-11-11 18:00,3128.057399999998,2364.6564999999987,820.7122
forecast_7555,2025-11-11 19:00,2803.172499999998,2195.4473999999987,843.8836
forecast_7556,2025-11-11 20:00,2689.2572999999984,2206.9140999999986,861.95306
forecast_7557,2025-11-11 21:00,2832.633499999998,2310.2821999999987,963.6782
forecast_7558,2025-11-11 22:00,3016.365499999998,2324.1597999999985,985.2726
forecast_7559,2025-11-11 23:00,3199.422499999998,2426.3383999999987,990.8056
forecast_7560,2025-11-12 0:00,3146.547499999998,2443.7620999999986,978.6896
forecast_7561,2025-11-12 1:00,3047.287199999998,2348.5685999999987,1042.3546
forecast_7562,2025-11-12 2:00,3283.047599999998,2475.9655999999986,1036.4619
forecast_7563,2025-11-12 3:00,3276.593899999998,2442.1489999999985,1026.1998
forecast_7564,2025-11-12 4:00,3518.925999999998,2590.942099999999,2164.942299999998
forecast_7565,2025-11-12 5:00,3795.8379999999984,2721.938499999999,2351.850099999998
forecast_7566,2025-11-12 6:00,4964.636499999999,4153.609099999999,3293.104199999998
forecast_7567,2025-11-12 7:00,5232.204,4762.707,3877.815999999998
forecast_7568,2025-11-12 8:00,5747.417,5464.377,4101.930999999998
forecast_7569,2025-11-12 9:00,5774.8066,5538.842,4246.486999999998
forecast_7570,2025-11-12 10:00,4551.3345,4432.309,3709.351599999998
forecast_7571,2025-11-12 11:00,5469.500999999998,4624.618999999999,3682.410399999998
forecast_7572,2025-11-12 12:00,5065.282,5431.2603,4537.325199999998
forecast_7573,2025-11-12 13:00,5511.3125,5685.8315,4969.013399999998
forecast_7574,2025-11-12 14:00,5221.3623,5133.919,4601.311799999998
forecast_7575,2025-11-12 15:00,5539.128,5591.5547,4680.872999999998
forecast_7576,2025-11-12 16:00,6589.2095,7173.8423,4626.317
forecast_7577,2025-11-12 17:00,11418.137,11637.401,8749.955
forecast_7578,2025-11-12 18:00,13624.41,14478.127,10684.229
forecast_7579,2025-11-12 19:00,15652.109,16543.074,12664.718
forecast_7580,2025-11-12 20:00,16305.069,17125.334,13150.183
forecast_7581,2025-11-12 21:00,17804.389,18555.865,14001.995
forecast_7582,2025-11-12 22:00,18436.959,18603.586,14388.465
forecast_7583,2025-11-12 23:00,19431.365,19386.807,15515.061
forecast_7584,2025-11-13 0:00,20186.887,20210.688,16414.146
forecast_7585,2025-11-13 1:00,20616.105,20221.355,16233.609
forecast_7586,2025-11-13 2:00,19838.082,19836.367,16074.267
forecast_7587,2025-11-13 3:00,19996.283,19638.139,16247.78
forecast_7588,2025-11-13 4:00,19604.28,19572.404,15653.179
forecast_7589,2025-11-13 5:00,18904.045,19351.47,15302.334
forecast_7590,2025-11-13 6:00,18304.904,18445.82,13878.987
forecast_7591,2025-11-13 7:00,17025.088,17626.72,12729.684
forecast_7592,2025-11-13 8:00,15151.5205,16146.159,11023.551
forecast_7593,2025-11-13 9:00,14113.729,15343.896,10522.677
forecast_7594,2025-11-13 10:00,12818.751,13964.773,10122.866
forecast_7595,2025-11-13 11:00,12094.499,13157.283,9832.928
forecast_7596,2025-11-13 12:00,7533.2334,7933.669,4796.869
forecast_7597,2025-11-13 13:00,5041.647,4738.3486,3801.439999999998
forecast_7598,2025-11-13 14:00,4407.653,4727.318999999999,3191.2249999999976
forecast_7599,2025-11-13 15:00,5277.614699999998,4180.696499999999,3052.805899999998
forecast_7600,2025-11-13 16:00,4902.4062,4372.787,3410.5382999999983
forecast_7601,2025-11-13 17:00,4458.808,4433.553,3516.5639999999976
forecast_7602,2025-11-13 18:00,5564.621,5509.446,4045.526399999998
forecast_7603,2025-11-13 19:00,6560.669,7606.0615,5225.213999999998
forecast_7604,2025-11-13 20:00,7516.4927,6810.708,4961.693399999998
forecast_7605,2025-11-13 21:00,8738.659,8445.516,5106.5054
forecast_7606,2025-11-13 22:00,8823.089,7951.712,5025.173
forecast_7607,2025-11-13 23:00,9427.995,8848.527,5690.628
forecast_7608,2025-11-14 0:00,8719.931,7559.05,5194.102
forecast_7609,2025-11-14 1:00,4693.004199999998,3527.3519999999985,2851.360599999998
forecast_7610,2025-11-14 2:00,4935.8175999999985,3907.4142999999985,3031.724199999998
forecast_7611,2025-11-14 3:00,4796.577599999999,3709.0749999999985,2967.9673999999977
forecast_7612,2025-11-14 4:00,5060.408699999998,3909.2821999999987,2999.556499999998
forecast_7613,2025-11-14 5:00,5195.373799999998,3996.5683999999987,3122.7726999999977
forecast_7614,2025-11-14 6:00,5249.591299999998,4049.316399999999,3284.5819999999976
forecast_7615,2025-11-14 7:00,5481.1156999999985,4228.814499999999,3373.054699999998
forecast_7616,2025-11-14 8:00,4871.091,4388.467,3671.683299999998
forecast_7617,2025-11-14 9:00,4988.1567,4692.850299999999,3469.7824999999975
forecast_7618,2025-11-14 10:00,4644.5015,4505.1237999999985,3266.646999999998
forecast_7619,2025-11-14 11:00,5411.325999999998,4290.853499999999,3043.673499999998
forecast_7620,2025-11-14 12:00,5293.954999999998,4192.483199999999,2938.3075999999983
forecast_7621,2025-11-14 13:00,5466.934999999999,3953.4691999999986,3071.7213999999976
forecast_7622,2025-11-14 14:00,4362.8657,4231.276999999999,3257.1809999999978
forecast_7623,2025-11-14 15:00,4780.5337,4660.133499999999,3440.963099999998
forecast_7624,2025-11-14 16:00,5446.9146,4703.697,3733.345199999998
forecast_7625,2025-11-14 17:00,5899.2524,5533.021,3901.248499999998
forecast_7626,2025-11-14 18:00,7004.714,6433.076,5012.787399999998
forecast_7627,2025-11-14 19:00,8376.06,8452.851,5632.0693
forecast_7628,2025-11-14 20:00,10074.687,10044.993,6932.5186
forecast_7629,2025-11-14 21:00,10091.518,9418.24,6117.153
forecast_7630,2025-11-14 22:00,10082.724,9301.095,6004.809
forecast_7631,2025-11-14 23:00,9775.594,9043.585,5987.8765
forecast_7632,2025-11-15 0:00,8951.488,8212.898,4704.299
forecast_7633,2025-11-15 1:00,6442.364,5134.3486,3878.956299999998
forecast_7634,2025-11-15 2:00,6193.006,4872.8784,3645.5724999999984
forecast_7635,2025-11-15 3:00,5648.266,4651.6284,3423.3556999999983
forecast_7636,2025-11-15 4:00,6427.032,5173.837,3739.2968999999975
forecast_7637,2025-11-15 5:00,5578.9097,4512.7427,3369.746799999998
forecast_7638,2025-11-15 6:00,4798.2285,4662.6916999999985,3080.4680999999982
forecast_7639,2025-11-15 7:00,4887.5127,4710.850599999999,3035.077399999998
forecast_7640,2025-11-15 8:00,5387.470999999998,3866.6383999999985,2566.673999999998
forecast_7641,2025-11-15 9:00,4594.014199999998,3224.253699999999,2216.143799999998
forecast_7642,2025-11-15 10:00,3421.035199999998,2494.651899999999,966.0769
forecast_7643,2025-11-15 11:00,2888.5935999999983,2224.8052999999986,916.51
forecast_7644,2025-11-15 12:00,3070.0036999999984,2258.0098999999987,968.17053
forecast_7645,2025-11-15 13:00,2680.9470999999985,1978.765899999999,845.27203
forecast_7646,2025-11-15 14:00,2564.3756999999982,1941.210799999999,820.079
forecast_7647,2025-11-15 15:00,2888.1301999999982,2174.631599999999,916.6503
forecast_7648,2025-11-15 16:00,3568.823699999998,2790.7995999999985,2168.450899999998
forecast_7649,2025-11-15 17:00,4873.694999999998,4159.131299999999,2885.6494999999977
forecast_7650,2025-11-15 18:00,5806.371,5361.489,4208.641799999998
forecast_7651,2025-11-15 19:00,7882.4634,7472.521,5050.5386
forecast_7652,2025-11-15 20:00,9157.946,9296.117,6122.0225
forecast_7653,2025-11-15 21:00,10537.73,10508.138,7279.1665
forecast_7654,2025-11-15 22:00,9923.077,9773.079,6136.6416
forecast_7655,2025-11-15 23:00,9319.877,9178.346,5387.11
forecast_7656,2025-11-16 0:00,9803.697,9178.003,5650.073
forecast_7657,2025-11-16 1:00,8517.225,7768.2715,5749.6353
forecast_7658,2025-11-16 2:00,8088.016,7617.8413,4430.4663
forecast_7659,2025-11-16 3:00,8383.226,8272.729,5065.0737
forecast_7660,2025-11-16 4:00,8253.463,8053.5547,4824.106
forecast_7661,2025-11-16 5:00,9945.379,9410.764,6351.7886
forecast_7662,2025-11-16 6:00,10622.167,11235.189,8097.7793
forecast_7663,2025-11-16 7:00,11353.085,12646.825,9499.645
forecast_7664,2025-11-16 8:00,11888.303,13035.291,9541.831
forecast_7665,2025-11-16 9:00,12259.738,14177.141,9961.326
forecast_7666,2025-11-16 10:00,11223.566,13321.592,9804.578
forecast_7667,2025-11-16 11:00,10256.955,13003.393,9770.027
forecast_7668,2025-11-16 12:00,11777.289,14088.717,11101.796
forecast_7669,2025-11-16 13:00,11963.518,13970.615,11652.351
forecast_7670,2025-11-16 14:00,12088.437,13573.375,10963.911
forecast_7671,2025-11-16 15:00,13582.888,14868.604,12759.861
forecast_7672,2025-11-16 16:00,15562.19,16362.961,14512.834
forecast_7673,2025-11-16 17:00,17646.738,18513.514,16249.75
forecast_7674,2025-11-16 18:00,19008.434,19704.738,17340.33
forecast_7675,2025-11-16 19:00,19825.072,20321.598,17892.357
forecast_7676,2025-11-16 20:00,20257.053,20549.0,18216.713
forecast_7677,2025-11-16 21:00,19997.238,20430.672,18739.863
forecast_7678,2025-11-16 22:00,20050.549,20593.15,18692.9
forecast_7679,2025-11-16 23:00,19553.236,20287.395,18561.648
forecast_7680,2025-11-17 0:00,19226.127,20249.291,17977.219
forecast_7681,2025-11-17 1:00,19357.97,20094.527,18135.945
forecast_7682,2025-11-17 2:00,20060.285,20538.168,18086.809
forecast_7683,2025-11-17 3:00,19466.184,20179.748,16854.285
forecast_7684,2025-11-17 4:00,19440.768,20109.715,16834.89
forecast_7685,2025-11-17 5:00,19521.4,20047.986,16817.088
forecast_7686,2025-11-17 6:00,19704.965,20119.232,16562.967
forecast_7687,2025-11-17 7:00,19864.09,20093.924,16558.773
forecast_7688,2025-11-17 8:00,18932.15,19471.135,15897.06
forecast_7689,2025-11-17 9:00,17872.295,17787.54,14523.08
forecast_7690,2025-11-17 10:00,15410.856,15907.481,13343.451
forecast_7691,2025-11-17 11:00,14528.078,15163.712,12429.402
forecast_7692,2025-11-17 12:00,14109.85,14613.806,11542.243
forecast_7693,2025-11-17 13:00,14023.058,14358.6,10996.539
forecast_7694,2025-11-17 14:00,13548.793,14072.496,10754.032
forecast_7695,2025-11-17 15:00,13609.23,13521.061,10636.278
forecast_7696,2025-11-17 16:00,13733.787,13972.357,10773.045
forecast_7697,2025-11-17 17:00,14459.098,14466.597,11562.713
forecast_7698,2025-11-17 18:00,14084.574,14199.025,11460.917
forecast_7699,2025-11-17 19:00,13608.946,14152.994,11687.748
forecast_7700,2025-11-17 20:00,14786.459,15431.792,13089.49
forecast_7701,2025-11-17 21:00,15627.188,16108.616,13671.831
forecast_7702,2025-11-17 22:00,16119.585,17176.848,14301.144
forecast_7703,2025-11-17 23:00,16819.78,18255.13,15261.959
forecast_7704,2025-11-18 0:00,16478.07,17882.352,14504.627
forecast_7705,2025-11-18 1:00,16286.969,17698.973,14237.34
forecast_7706,2025-11-18 2:00,16061.129,17485.604,13848.858
forecast_7707,2025-11-18 3:00,16023.795,17460.146,13806.69
forecast_7708,2025-11-18 4:00,16983.44,18114.254,14292.575
forecast_7709,2025-11-18 5:00,16968.709,17971.098,14726.036
forecast_7710,2025-11-18 6:00,17351.545,18371.287,15454.131
forecast_7711,2025-11-18 7:00,17930.408,18768.15,15777.807
forecast_7712,2025-11-18 8:00,17012.758,17475.38,14498.819
forecast_7713,2025-11-18 9:00,15002.633,15965.187,12880.777
forecast_7714,2025-11-18 10:00,13533.601,14016.302,11003.041
forecast_7715,2025-11-18 11:00,13547.938,13317.185,10573.83
forecast_7716,2025-11-18 12:00,13027.847,13142.795,10253.666
forecast_7717,2025-11-18 13:00,12788.036,12557.559,9775.195
forecast_7718,2025-11-18 14:00,12778.522,12151.345,9534.32
forecast_7719,2025-11-18 15:00,12278.74,11003.316,8713.543
forecast_7720,2025-11-18 16:00,10920.164,9251.759,7505.1494
forecast_7721,2025-11-18 17:00,9173.935,7999.2266,5421.7954
forecast_7722,2025-11-18 18:00,7570.136,6386.0854,4283.758
forecast_7723,2025-11-18 19:00,7187.4956,6651.141,4465.0654
forecast_7724,2025-11-18 20:00,7075.963,6995.8564,4768.722
forecast_7725,2025-11-18 21:00,8378.24,8501.669,5742.8574
forecast_7726,2025-11-18 22:00,9545.931,9422.891,6582.8545
forecast_7727,2025-11-18 23:00,10135.059,9910.76,6844.893
forecast_7728,2025-11-19 0:00,9645.817,9554.009,6785.54
forecast_7729,2025-11-19 1:00,12009.285,13237.501,9524.082
forecast_7730,2025-11-19 2:00,12008.216,13218.861,9551.272
forecast_7731,2025-11-19 3:00,10727.11,11251.023,7626.4575
forecast_7732,2025-11-19 4:00,9315.643,8807.999,5736.5747
forecast_7733,2025-11-19 5:00,7419.9346,6015.3877,4325.7163
forecast_7734,2025-11-19 6:00,5163.9033,4619.6846,3992.1799999999976
forecast_7735,2025-11-19 7:00,4348.5894,4187.930699999999,3216.509299999998
forecast_7736,2025-11-19 8:00,5108.756599999999,3972.3944999999985,2881.9896999999983
forecast_7737,2025-11-19 9:00,4117.2069999999985,3253.5087999999987,2535.5653999999977
forecast_7738,2025-11-19 10:00,3217.3981999999983,2667.0813999999987,1040.7775
forecast_7739,2025-11-19 11:00,2753.298999999998,2227.9048999999986,830.05304
forecast_7740,2025-11-19 12:00,2567.6192999999985,2037.4121999999988,819.89136
forecast_7741,2025-11-19 13:00,2715.0508999999984,2122.0487999999987,932.42065
forecast_7742,2025-11-19 14:00,3061.6493999999984,2430.772799999999,2168.2459999999983
forecast_7743,2025-11-19 15:00,4070.6713999999984,3240.6837999999984,2719.807099999998
forecast_7744,2025-11-19 16:00,4957.536999999998,3902.495599999999,3025.825899999998
forecast_7745,2025-11-19 17:00,7810.445,6686.387,5300.2764
forecast_7746,2025-11-19 18:00,11344.348,9386.87,7659.4023
forecast_7747,2025-11-19 19:00,13315.727,12248.327,10019.78
forecast_7748,2025-11-19 20:00,14835.528,13920.119,11046.103
forecast_7749,2025-11-19 21:00,16988.385,15941.483,12264.044
forecast_7750,2025-11-19 22:00,19734.568,18022.057,15271.67
forecast_7751,2025-11-19 23:00,20726.44,19469.932,16265.379
forecast_7752,2025-11-20 0:00,21197.63,20100.656,16556.623
forecast_7753,2025-11-20 1:00,21269.404,20508.393,16810.795
forecast_7754,2025-11-20 2:00,21424.863,20919.521,16871.998
forecast_7755,2025-11-20 3:00,21514.408,21247.207,17502.64
forecast_7756,2025-11-20 4:00,21388.2,21097.72,16740.072
forecast_7757,2025-11-20 5:00,21061.752,20862.316,16569.451
forecast_7758,2025-11-20 6:00,20944.8,20744.266,16482.703
forecast_7759,2025-11-20 7:00,20956.637,20781.752,16598.672
forecast_7760,2025-11-20 8:00,19879.717,20112.0,16468.578
forecast_7761,2025-11-20 9:00,18814.535,19913.422,16405.883
forecast_7762,2025-11-20 10:00,17929.9,19363.852,16404.03
forecast_7763,2025-11-20 11:00,18218.469,19541.83,16382.715
forecast_7764,2025-11-20 12:00,18117.273,19459.014,16275.182
forecast_7765,2025-11-20 13:00,18234.238,19289.623,16356.345
forecast_7766,2025-11-20 14:00,19031.5,19666.152,16583.986
forecast_7767,2025-11-20 15:00,18840.555,19532.338,16660.354
forecast_7768,2025-11-20 16:00,19289.365,19674.58,16739.732
forecast_7769,2025-11-20 17:00,19691.492,20035.129,16878.44
forecast_7770,2025-11-20 18:00,19984.578,20073.914,16979.957
forecast_7771,2025-11-20 19:00,19664.385,19714.771,16952.637
forecast_7772,2025-11-20 20:00,18854.777,19263.646,16636.496
forecast_7773,2025-11-20 21:00,18669.178,19295.07,16537.531
forecast_7774,2025-11-20 22:00,18355.445,19138.74,16460.096
forecast_7775,2025-11-20 23:00,18019.912,18997.668,16318.993
forecast_7776,2025-11-21 0:00,18016.893,19095.879,15987.0
forecast_7777,2025-11-21 1:00,17683.715,18800.92,15617.606
forecast_7778,2025-11-21 2:00,17643.355,18557.053,14680.76
forecast_7779,2025-11-21 3:00,17540.172,18237.658,14362.521
forecast_7780,2025-11-21 4:00,18120.424,18666.273,14080.773
forecast_7781,2025-11-21 5:00,19030.809,19158.533,15322.305
forecast_7782,2025-11-21 6:00,19019.64,19376.666,15615.875
forecast_7783,2025-11-21 7:00,19044.074,19436.945,15568.159
forecast_7784,2025-11-21 8:00,18840.123,19127.822,15389.451
forecast_7785,2025-11-21 9:00,17189.021,18260.834,14143.256
forecast_7786,2025-11-21 10:00,16070.266,17010.352,13603.135
forecast_7787,2025-11-21 11:00,15727.338,16919.62,13537.067
forecast_7788,2025-11-21 12:00,15902.332,16698.508,13493.263
forecast_7789,2025-11-21 13:00,15630.059,16349.3,12864.467
forecast_7790,2025-11-21 14:00,15615.443,16309.889,12831.853
forecast_7791,2025-11-21 15:00,15929.052,16769.71,14082.822
forecast_7792,2025-11-21 16:00,16839.393,17977.578,14620.106
forecast_7793,2025-11-21 17:00,17464.518,18508.043,15629.616
forecast_7794,2025-11-21 18:00,17561.572,18916.709,16204.516
forecast_7795,2025-11-21 19:00,16867.537,17983.846,15523.171
forecast_7796,2025-11-21 20:00,16976.707,18339.775,15572.326
forecast_7797,2025-11-21 21:00,17580.904,18907.043,16220.138
forecast_7798,2025-11-21 22:00,18155.018,19533.635,16366.115
forecast_7799,2025-11-21 23:00,18003.32,19479.64,16192.098
forecast_7800,2025-11-22 0:00,18243.09,19534.047,16062.941
forecast_7801,2025-11-22 1:00,18888.96,20081.783,16268.515
forecast_7802,2025-11-22 2:00,18684.96,19771.672,15946.172
forecast_7803,2025-11-22 3:00,18339.387,19505.861,15026.276
forecast_7804,2025-11-22 4:00,18557.482,19717.373,14968.596
forecast_7805,2025-11-22 5:00,19035.572,19847.518,15412.199
forecast_7806,2025-11-22 6:00,20150.146,20029.744,15819.94
forecast_7807,2025-11-22 7:00,19786.318,19920.523,15670.587
forecast_7808,2025-11-22 8:00,18990.984,19166.875,14296.228
forecast_7809,2025-11-22 9:00,18156.111,18404.848,13111.987
forecast_7810,2025-11-22 10:00,15181.281,16057.161,12122.405
forecast_7811,2025-11-22 11:00,13038.315,14571.726,10905.026
forecast_7812,2025-11-22 12:00,12724.139,14199.048,10460.23
forecast_7813,2025-11-22 13:00,13054.665,13172.739,10545.765
forecast_7814,2025-11-22 14:00,12977.378,13482.364,10325.622
forecast_7815,2025-11-22 15:00,13524.166,13660.863,11033.849
forecast_7816,2025-11-22 16:00,14269.675,14860.051,11481.149
forecast_7817,2025-11-22 17:00,16296.538,17297.723,13638.459
forecast_7818,2025-11-22 18:00,17458.629,17996.676,15191.657
forecast_7819,2025-11-22 19:00,18606.582,18829.39,16032.066
forecast_7820,2025-11-22 20:00,19261.334,19056.543,15951.721
forecast_7821,2025-11-22 21:00,19970.004,19802.953,16165.8545
forecast_7822,2025-11-22 22:00,20157.838,19293.785,16066.124
forecast_7823,2025-11-22 23:00,20442.246,19536.988,16238.403
forecast_7824,2025-11-23 0:00,20646.508,20035.676,16462.266
forecast_7825,2025-11-23 1:00,20856.338,20461.443,16675.77
forecast_7826,2025-11-23 2:00,20498.504,20203.316,16600.36
forecast_7827,2025-11-23 3:00,20309.627,20044.555,16508.46
forecast_7828,2025-11-23 4:00,20483.871,20171.1,16432.406
forecast_7829,2025-11-23 5:00,20332.451,20028.871,16249.129
forecast_7830,2025-11-23 6:00,20443.824,20013.664,16342.522
forecast_7831,2025-11-23 7:00,20652.164,20156.271,16715.238
forecast_7832,2025-11-23 8:00,20023.256,19647.852,16426.889
forecast_7833,2025-11-23 9:00,18575.418,19015.303,15817.8545
forecast_7834,2025-11-23 10:00,18865.205,18931.664,15552.217
forecast_7835,2025-11-23 11:00,17409.414,17957.844,14095.509
forecast_7836,2025-11-23 12:00,17240.207,17819.46,13739.296
forecast_7837,2025-11-23 13:00,14254.295,14828.009,11500.699
forecast_7838,2025-11-23 14:00,13285.787,14378.108,11574.272
forecast_7839,2025-11-23 15:00,13330.992,14375.624,11329.491
forecast_7840,2025-11-23 16:00,13478.636,14151.481,10815.075
forecast_7841,2025-11-23 17:00,14768.035,15067.989,11880.317
forecast_7842,2025-11-23 18:00,16221.55,16052.03,13258.561
forecast_7843,2025-11-23 19:00,17445.412,17647.457,14272.089
forecast_7844,2025-11-23 20:00,17155.166,17461.414,14538.245
forecast_7845,2025-11-23 21:00,17182.299,17675.867,14835.0
forecast_7846,2025-11-23 22:00,16701.697,17080.79,14837.354
forecast_7847,2025-11-23 23:00,16389.318,16791.438,14280.79
forecast_7848,2025-11-24 0:00,15752.869,16227.809,13092.861
forecast_7849,2025-11-24 1:00,15016.362,16228.507,12172.314
forecast_7850,2025-11-24 2:00,14755.643,16118.734,11498.685
forecast_7851,2025-11-24 3:00,13727.382,15199.452,11228.28
forecast_7852,2025-11-24 4:00,12869.925,14676.021,10569.832
forecast_7853,2025-11-24 5:00,12154.119,13817.626,10111.64
forecast_7854,2025-11-24 6:00,12844.48,14351.505,10325.604
forecast_7855,2025-11-24 7:00,13542.186,14903.787,10849.864
forecast_7856,2025-11-24 8:00,14037.006,15278.635,11248.938
forecast_7857,2025-11-24 9:00,12267.027,13712.639,10419.589
forecast_7858,2025-11-24 10:00,11276.88,12487.761,9716.993
forecast_7859,2025-11-24 11:00,11983.302,13236.913,10028.109
forecast_7860,2025-11-24 12:00,12145.431,13299.456,10456.656
forecast_7861,2025-11-24 13:00,12915.313,13713.712,11466.797
forecast_7862,2025-11-24 14:00,13649.617,14273.009,11989.512
forecast_7863,2025-11-24 15:00,13817.8955,14863.051,12506.324
forecast_7864,2025-11-24 16:00,13567.225,14213.909,11970.03
forecast_7865,2025-11-24 17:00,13708.949,14180.191,11696.313
forecast_7866,2025-11-24 18:00,13015.211,13642.612,10624.624
forecast_7867,2025-11-24 19:00,12757.576,12892.641,10232.024
forecast_7868,2025-11-24 20:00,13616.869,14374.488,11684.658
forecast_7869,2025-11-24 21:00,13323.422,14468.796,11778.557
forecast_7870,2025-11-24 22:00,13051.259,14881.085,11483.706
forecast_7871,2025-11-24 23:00,13625.44,15006.46,11555.455
forecast_7872,2025-11-25 0:00,13366.546,14666.256,10747.304
forecast_7873,2025-11-25 1:00,13088.392,14393.902,10741.428
forecast_7874,2025-11-25 2:00,13775.419,14923.088,11787.823
forecast_7875,2025-11-25 3:00,13701.562,14787.45,11743.034
forecast_7876,2025-11-25 4:00,12511.986,14389.023,10688.276
forecast_7877,2025-11-25 5:00,13013.253,14778.87,11075.611
forecast_7878,2025-11-25 6:00,12543.033,14560.281,10980.279
forecast_7879,2025-11-25 7:00,12791.249,14838.614,11233.512
forecast_7880,2025-11-25 8:00,13008.528,14552.075,10612.965
forecast_7881,2025-11-25 9:00,10242.583,11942.22,8990.118
forecast_7882,2025-11-25 10:00,10469.488,11728.139,9405.067
forecast_7883,2025-11-25 11:00,9129.36,10742.106,8253.383
forecast_7884,2025-11-25 12:00,7812.498,8609.265,6451.8096
forecast_7885,2025-11-25 13:00,9425.121,9854.168,7595.4907
forecast_7886,2025-11-25 14:00,11027.237,11161.026,9436.895
forecast_7887,2025-11-25 15:00,11493.82,12465.316,10049.369
forecast_7888,2025-11-25 16:00,12209.557,12934.075,10039.516
forecast_7889,2025-11-25 17:00,12751.75,13393.325,10497.225
forecast_7890,2025-11-25 18:00,12974.482,13367.79,10558.383
forecast_7891,2025-11-25 19:00,12760.734,12849.403,10299.459
forecast_7892,2025-11-25 20:00,11961.726,11575.488,8064.141
forecast_7893,2025-11-25 21:00,8987.036,8769.224,5038.2183
forecast_7894,2025-11-25 22:00,6931.087,7087.0254,4480.105699999998
forecast_7895,2025-11-25 23:00,6387.2954,6379.304,4219.7743999999975
forecast_7896,2025-11-26 0:00,5151.234,5278.4263,3575.105199999998
forecast_7897,2025-11-26 1:00,4410.353,4749.404299999999,3184.8234999999977
forecast_7898,2025-11-26 2:00,4377.2091999999975,3656.7829999999985,2650.507099999998
forecast_7899,2025-11-26 3:00,3656.872299999998,3000.9313999999986,2452.816399999998
forecast_7900,2025-11-26 4:00,3314.470999999998,2736.7506999999987,2353.766699999998
forecast_7901,2025-11-26 5:00,3466.871799999998,2987.9391999999984,2614.628499999998
forecast_7902,2025-11-26 6:00,3779.649199999998,3167.4745999999986,2772.167799999998
forecast_7903,2025-11-26 7:00,4258.816199999998,3596.7252999999987,2973.123299999998
forecast_7904,2025-11-26 8:00,4542.574199999998,3757.4572999999987,3007.703599999998
forecast_7905,2025-11-26 9:00,5078.923299999999,4486.155499999999,3186.051999999998
forecast_7906,2025-11-26 10:00,5506.857399999998,4559.264399999999,3167.208999999998
forecast_7907,2025-11-26 11:00,5022.064699999998,4114.235999999999,2919.025499999998
forecast_7908,2025-11-26 12:00,4544.313499999998,3675.0756999999985,2768.980599999998
forecast_7909,2025-11-26 13:00,4454.765399999998,3750.192999999999,3043.629799999998
forecast_7910,2025-11-26 14:00,4359.003,4485.982399999999,3651.8549999999977
forecast_7911,2025-11-26 15:00,5684.7847,5041.4907,4598.774999999998
forecast_7912,2025-11-26 16:00,7104.4873,6288.072,4344.892
forecast_7913,2025-11-26 17:00,8951.264,8986.921,6979.6196
forecast_7914,2025-11-26 18:00,12251.419,12096.567,9316.469
forecast_7915,2025-11-26 19:00,13826.672,14260.758,11269.116
forecast_7916,2025-11-26 20:00,13876.327,14547.234,10617.224
forecast_7917,2025-11-26 21:00,13597.422,14445.055,10300.372
forecast_7918,2025-11-26 22:00,14018.603,14520.969,10688.081
forecast_7919,2025-11-26 23:00,14401.682,15090.287,10961.664
forecast_7920,2025-11-27 0:00,15703.872,16565.293,12809.907
forecast_7921,2025-11-27 1:00,15229.415,16622.586,12700.042
forecast_7922,2025-11-27 2:00,15317.092,16760.275,13641.96
forecast_7923,2025-11-27 3:00,17229.848,18158.64,14966.399
forecast_7924,2025-11-27 4:00,15925.994,17182.455,14204.158
forecast_7925,2025-11-27 5:00,15366.203,16475.387,13607.396
forecast_7926,2025-11-27 6:00,15568.531,16762.506,13827.018
forecast_7927,2025-11-27 7:00,13212.665,15514.316,11447.035
forecast_7928,2025-11-27 8:00,15921.37,17288.635,14203.018
forecast_7929,2025-11-27 9:00,14680.305,16236.712,13869.214
forecast_7930,2025-11-27 10:00,13731.668,16195.86,13581.25
forecast_7931,2025-11-27 11:00,15688.537,17333.912,15554.792
forecast_7932,2025-11-27 12:00,16014.756,17200.898,15676.146
forecast_7933,2025-11-27 13:00,15645.687,17984.36,16425.244
forecast_7934,2025-11-27 14:00,16387.52,19458.125,17559.785
forecast_7935,2025-11-27 15:00,17491.078,18627.746,16897.943
forecast_7936,2025-11-27 16:00,18070.234,19223.938,16445.42
forecast_7937,2025-11-27 17:00,17991.959,18568.975,15924.941
forecast_7938,2025-11-27 18:00,18138.9,18753.4,16003.519
forecast_7939,2025-11-27 19:00,18525.404,19239.416,15690.056
forecast_7940,2025-11-27 20:00,18532.58,19110.332,15562.717
forecast_7941,2025-11-27 21:00,17908.576,18595.938,15472.157
forecast_7942,2025-11-27 22:00,17687.988,18176.295,15087.105
forecast_7943,2025-11-27 23:00,17864.184,18552.482,15283.544
forecast_7944,2025-11-28 0:00,17846.422,18770.012,15389.775
forecast_7945,2025-11-28 1:00,17571.508,18723.205,16132.589
forecast_7946,2025-11-28 2:00,16648.52,17600.406,15913.888
forecast_7947,2025-11-28 3:00,16986.771,18068.498,15650.251
forecast_7948,2025-11-28 4:00,18217.895,19133.826,16156.914
forecast_7949,2025-11-28 5:00,18108.463,19074.176,15805.973
forecast_7950,2025-11-28 6:00,18174.283,18491.842,14640.512
forecast_7951,2025-11-28 7:00,17310.611,17419.117,12946.666
forecast_7952,2025-11-28 8:00,15840.289,15799.497,10857.633
forecast_7953,2025-11-28 9:00,13190.606,13637.664,9760.584
forecast_7954,2025-11-28 10:00,10330.498,10723.864,7403.3276
forecast_7955,2025-11-28 11:00,9432.44,10615.361,6675.971
forecast_7956,2025-11-28 12:00,8897.595,9613.073,6491.452
forecast_7957,2025-11-28 13:00,8950.567,9322.86,6673.7417
forecast_7958,2025-11-28 14:00,8341.281,8581.542,5932.0596
forecast_7959,2025-11-28 15:00,6700.367,6377.0913,4714.646999999998
forecast_7960,2025-11-28 16:00,6842.273,6353.7183,4829.851999999998
forecast_7961,2025-11-28 17:00,7813.798,7615.0537,4307.403
forecast_7962,2025-11-28 18:00,8435.26,8212.261,5253.172
forecast_7963,2025-11-28 19:00,7580.057,6656.305,5138.630399999998
forecast_7964,2025-11-28 20:00,7112.5728,5919.3555,4855.270299999998
forecast_7965,2025-11-28 21:00,6568.7915,5197.299,4741.582799999998
forecast_7966,2025-11-28 22:00,6553.118,5470.5327,4770.4074999999975
forecast_7967,2025-11-28 23:00,6396.0083,5500.4434,4695.524199999998
forecast_7968,2025-11-29 0:00,6630.4062,5891.126,4982.038999999998
forecast_7969,2025-11-29 1:00,5786.0127,5055.4,4535.684299999998
forecast_7970,2025-11-29 2:00,6404.489,5825.647,4956.366999999998
forecast_7971,2025-11-29 3:00,7864.257,7324.779,5231.51
forecast_7972,2025-11-29 4:00,10534.17,10535.47,8189.6353
forecast_7973,2025-11-29 5:00,13243.648,13669.229,10034.663
forecast_7974,2025-11-29 6:00,14302.197,15340.346,11139.224
forecast_7975,2025-11-29 7:00,13705.06,15174.42,10792.885
forecast_7976,2025-11-29 8:00,12915.571,14344.112,10365.636
forecast_7977,2025-11-29 9:00,11735.704,13696.639,9705.091
forecast_7978,2025-11-29 10:00,8810.527,11056.073,7780.3896
forecast_7979,2025-11-29 11:00,9225.743,11339.893,9037.431
forecast_7980,2025-11-29 12:00,12209.965,14067.913,11152.487
forecast_7981,2025-11-29 13:00,14916.948,16094.39,12801.929
forecast_7982,2025-11-29 14:00,15814.47,16663.76,13680.14
forecast_7983,2025-11-29 15:00,16828.396,17076.818,14252.744
forecast_7984,2025-11-29 16:00,17750.945,18140.775,15756.472
forecast_7985,2025-11-29 17:00,19343.656,19604.674,16543.02
forecast_7986,2025-11-29 18:00,20080.709,20226.426,17526.24
forecast_7987,2025-11-29 19:00,20681.982,20561.158,18317.496
forecast_7988,2025-11-29 20:00,20805.086,20851.24,18930.836
forecast_7989,2025-11-29 21:00,20910.826,20937.125,18939.65
forecast_7990,2025-11-29 22:00,20957.777,20982.12,18929.738
forecast_7991,2025-11-29 23:00,21035.922,20920.377,18934.111
forecast_7992,2025-11-30 0:00,20755.873,20849.146,18728.645
forecast_7993,2025-11-30 1:00,20670.473,20578.87,18670.844
forecast_7994,2025-11-30 2:00,20488.918,20527.57,17877.611
forecast_7995,2025-11-30 3:00,19933.516,20257.451,16853.717
forecast_7996,2025-11-30 4:00,19479.295,20031.605,16805.225
forecast_7997,2025-11-30 5:00,18354.81,19156.506,16258.381
forecast_7998,2025-11-30 6:00,16416.346,17677.104,14577.952
forecast_7999,2025-11-30 7:00,15829.072,16689.742,13068.98
forecast_8000,2025-11-30 8:00,15435.602,16277.182,13209.451
forecast_8001,2025-11-30 9:00,15407.151,15838.835,12604.46
forecast_8002,2025-11-30 10:00,14539.068,15161.32,12084.942
forecast_8003,2025-11-30 11:00,14284.057,15003.273,11930.256
forecast_8004,2025-11-30 12:00,13569.266,14187.915,11071.545
forecast_8005,2025-11-30 13:00,12621.346,13200.768,10439.139
forecast_8006,2025-11-30 14:00,12186.175,13028.397,10229.164
forecast_8007,2025-11-30 15:00,12273.949,13311.59,10106.671
forecast_8008,2025-11-30 16:00,12000.335,13263.313,10801.5
forecast_8009,2025-11-30 17:00,12873.909,14559.993,11790.321
forecast_8010,2025-11-30 18:00,16858.7,18329.57,15914.241
forecast_8011,2025-11-30 19:00,18848.373,19731.695,18030.783
forecast_8012,2025-11-30 20:00,19354.768,19945.525,18569.723
forecast_8013,2025-11-30 21:00,19479.648,20195.014,18600.344
forecast_8014,2025-11-30 22:00,19671.447,20336.943,18513.43
forecast_8015,2025-11-30 23:00,19365.963,20302.26,18469.088
forecast_8016,2025-12-01 0:00,19471.94,20383.158,18273.936
forecast_8017,2025-12-01 1:00,19063.525,20209.05,16723.389
forecast_8018,2025-12-01 2:00,18532.816,19925.666,16573.969
forecast_8019,2025-12-01 3:00,18236.3,19467.36,16035.88
forecast_8020,2025-12-01 4:00,18316.775,19402.22,15424.917
forecast_8021,2025-12-01 5:00,18559.625,19710.355,16092.5205
forecast_8022,2025-12-01 6:00,19375.068,20279.611,16939.492
forecast_8023,2025-12-01 7:00,19728.025,20142.182,16832.959
forecast_8024,2025-12-01 8:00,19495.99,19856.64,16475.135
forecast_8025,2025-12-01 9:00,17442.664,18234.768,14404.136
forecast_8026,2025-12-01 10:00,14882.973,15815.215,11905.309
forecast_8027,2025-12-01 11:00,10315.848,11031.5625,8152.129
forecast_8028,2025-12-01 12:00,7388.2485,7964.423,4436.538
forecast_8029,2025-12-01 13:00,7225.9346,6825.6523,4733.322999999998
forecast_8030,2025-12-01 14:00,6545.9277,6230.1426,4655.163999999998
forecast_8031,2025-12-01 15:00,5563.01,4630.8696,3661.8454999999976
forecast_8032,2025-12-01 16:00,4721.519,4894.670999999999,3384.3539999999975
forecast_8033,2025-12-01 17:00,4894.8125,4520.3594,3623.436499999998
forecast_8034,2025-12-01 18:00,5433.215,4882.0083,4209.026099999998
forecast_8035,2025-12-01 19:00,7505.5073,6943.222,5004.4644
forecast_8036,2025-12-01 20:00,9062.036,9292.085,6240.452
forecast_8037,2025-12-01 21:00,10032.921,10139.873,6981.9385
forecast_8038,2025-12-01 22:00,11452.413,12124.092,7639.816
forecast_8039,2025-12-01 23:00,12071.945,13696.324,9485.233
forecast_8040,2025-12-02 0:00,13631.144,15529.215,10622.834
forecast_8041,2025-12-02 1:00,14884.682,16077.288,11952.099
forecast_8042,2025-12-02 2:00,16013.537,17093.365,12737.803
forecast_8043,2025-12-02 3:00,17137.785,17519.416,13478.462
forecast_8044,2025-12-02 4:00,16303.649,17333.434,12934.108
forecast_8045,2025-12-02 5:00,16422.785,17579.438,13046.655
forecast_8046,2025-12-02 6:00,15899.301,17086.578,12068.7295
forecast_8047,2025-12-02 7:00,13781.792,14866.189,10420.741
forecast_8048,2025-12-02 8:00,12187.869,13874.782,9473.999
forecast_8049,2025-12-02 9:00,9817.585,11911.804,7880.8926
forecast_8050,2025-12-02 10:00,7351.844,8734.114,4948.7627
forecast_8051,2025-12-02 11:00,7945.3564,8267.09,5289.058
forecast_8052,2025-12-02 12:00,9738.434,10474.571,6903.186
forecast_8053,2025-12-02 13:00,10303.11,10028.9,6830.9785
forecast_8054,2025-12-02 14:00,11447.799,12099.368,8568.864
forecast_8055,2025-12-02 15:00,12673.809,13419.14,9704.719
forecast_8056,2025-12-02 16:00,13923.749,14573.65,11043.486
forecast_8057,2025-12-02 17:00,15237.477,15857.788,12600.956
forecast_8058,2025-12-02 18:00,16131.821,16888.016,14230.91
forecast_8059,2025-12-02 19:00,16241.84,16884.86,14219.01
forecast_8060,2025-12-02 20:00,16663.004,17544.262,14682.471
forecast_8061,2025-12-02 21:00,16624.963,17482.754,15529.677
forecast_8062,2025-12-02 22:00,16493.953,17605.467,15289.214
forecast_8063,2025-12-02 23:00,16271.666,17361.988,14943.02
forecast_8064,2025-12-03 0:00,16467.814,17466.176,14433.376
forecast_8065,2025-12-03 1:00,16961.127,17823.266,15943.855
forecast_8066,2025-12-03 2:00,17124.342,18283.627,16099.479
forecast_8067,2025-12-03 3:00,16559.084,17662.984,15639.699
forecast_8068,2025-12-03 4:00,16260.077,17092.904,15593.985
forecast_8069,2025-12-03 5:00,15784.959,16739.713,14646.066
forecast_8070,2025-12-03 6:00,15723.305,17361.076,14095.337
forecast_8071,2025-12-03 7:00,16227.681,18012.318,13983.951
forecast_8072,2025-12-03 8:00,15894.343,17756.217,13517.337
forecast_8073,2025-12-03 9:00,16221.097,17989.756,14252.828
forecast_8074,2025-12-03 10:00,16636.768,18299.574,14565.007
forecast_8075,2025-12-03 11:00,16484.15,18311.443,13982.685
forecast_8076,2025-12-03 12:00,16621.854,18774.125,14304.476
forecast_8077,2025-12-03 13:00,16369.042,18902.95,14954.493
forecast_8078,2025-12-03 14:00,16733.09,18985.791,15470.398
forecast_8079,2025-12-03 15:00,16518.488,18549.945,15354.174
forecast_8080,2025-12-03 16:00,16272.484,18695.16,15390.823
forecast_8081,2025-12-03 17:00,16357.953,18579.682,15345.694
forecast_8082,2025-12-03 18:00,16109.919,17558.227,14436.275
forecast_8083,2025-12-03 19:00,15886.795,17020.428,14375.959
forecast_8084,2025-12-03 20:00,15399.401,16919.746,14119.027
forecast_8085,2025-12-03 21:00,15670.333,17151.734,14126.277
forecast_8086,2025-12-03 22:00,16065.53,17653.469,13803.776
forecast_8087,2025-12-03 23:00,17132.791,18745.16,14313.555
forecast_8088,2025-12-04 0:00,17039.082,18544.146,13948.43
forecast_8089,2025-12-04 1:00,16841.006,18780.912,14214.514
forecast_8090,2025-12-04 2:00,18105.732,19624.547,14632.069
forecast_8091,2025-12-04 3:00,18826.41,19877.604,15161.403
forecast_8092,2025-12-04 4:00,19201.713,19975.438,15767.065
forecast_8093,2025-12-04 5:00,19476.557,20155.02,16242.319
forecast_8094,2025-12-04 6:00,19968.85,20452.299,16423.186
forecast_8095,2025-12-04 7:00,20414.336,20574.766,16570.523
forecast_8096,2025-12-04 8:00,20196.453,20466.188,16540.54
forecast_8097,2025-12-04 9:00,18788.527,20059.203,16261.839
forecast_8098,2025-12-04 10:00,16122.721,18399.352,15169.472
forecast_8099,2025-12-04 11:00,14508.48,16663.947,13105.813
forecast_8100,2025-12-04 12:00,13300.161,14607.854,11717.079
forecast_8101,2025-12-04 13:00,13312.712,14077.199,11388.021
forecast_8102,2025-12-04 14:00,12620.627,13732.903,10433.49
forecast_8103,2025-12-04 15:00,12210.8,13438.108,10261.872
forecast_8104,2025-12-04 16:00,12890.88,14004.516,11597.373
forecast_8105,2025-12-04 17:00,13600.02,14985.64,12494.246
forecast_8106,2025-12-04 18:00,14871.408,16599.959,15471.3
forecast_8107,2025-12-04 19:00,15385.424,16898.805,15597.038
forecast_8108,2025-12-04 20:00,15858.034,17491.715,15728.896
forecast_8109,2025-12-04 21:00,16136.855,17312.54,15489.912
forecast_8110,2025-12-04 22:00,15568.364,17182.152,14954.09
forecast_8111,2025-12-04 23:00,15416.712,16514.291,15323.984
forecast_8112,2025-12-05 0:00,15834.774,16896.084,15569.494
forecast_8113,2025-12-05 1:00,15741.377,16998.178,15245.786
forecast_8114,2025-12-05 2:00,16127.213,17633.654,15545.162
forecast_8115,2025-12-05 3:00,15677.349,17126.28,15337.169
forecast_8116,2025-12-05 4:00,15757.504,17351.111,14406.313
forecast_8117,2025-12-05 5:00,16209.603,17720.043,14190.237
forecast_8118,2025-12-05 6:00,16618.215,18459.934,14375.956
forecast_8119,2025-12-05 7:00,17864.803,19129.365,14791.523
forecast_8120,2025-12-05 8:00,18933.047,19655.441,14706.601
forecast_8121,2025-12-05 9:00,18498.834,19489.867,15396.494
forecast_8122,2025-12-05 10:00,16822.402,17519.84,13850.871
forecast_8123,2025-12-05 11:00,15590.166,16707.941,13124.281
forecast_8124,2025-12-05 12:00,13569.97,15270.58,11451.407
forecast_8125,2025-12-05 13:00,12786.74,14261.401,10746.989
forecast_8126,2025-12-05 14:00,14591.99,16020.611,12367.596
forecast_8127,2025-12-05 15:00,15975.17,17071.717,13426.608
forecast_8128,2025-12-05 16:00,17086.578,18416.166,14663.156
forecast_8129,2025-12-05 17:00,18451.328,18816.266,15422.338
forecast_8130,2025-12-05 18:00,19060.383,18784.36,14962.84
forecast_8131,2025-12-05 19:00,18515.809,17803.594,14032.251
forecast_8132,2025-12-05 20:00,19724.9,18787.504,14428.647
forecast_8133,2025-12-05 21:00,20256.99,19428.375,15340.591
forecast_8134,2025-12-05 22:00,20419.033,19744.24,15666.526
forecast_8135,2025-12-05 23:00,20741.727,20099.531,16141.488
forecast_8136,2025-12-06 0:00,21082.162,20367.906,16322.085
forecast_8137,2025-12-06 1:00,21037.414,20329.92,16066.439
forecast_8138,2025-12-06 2:00,21177.145,20644.383,17032.672
forecast_8139,2025-12-06 3:00,21154.885,20642.676,16760.453
forecast_8140,2025-12-06 4:00,20998.867,20423.236,16450.623
forecast_8141,2025-12-06 5:00,20767.09,20326.06,16553.969
forecast_8142,2025-12-06 6:00,20640.104,20261.064,16231.481
forecast_8143,2025-12-06 7:00,20628.033,20283.318,15923.313
forecast_8144,2025-12-06 8:00,20479.375,20136.346,15572.779
forecast_8145,2025-12-06 9:00,19615.424,20168.008,15665.364
forecast_8146,2025-12-06 10:00,18483.922,19579.52,15913.792
forecast_8147,2025-12-06 11:00,17725.02,18765.646,15317.797
forecast_8148,2025-12-06 12:00,17221.79,18146.303,14740.297
forecast_8149,2025-12-06 13:00,17287.297,17988.959,15478.455
forecast_8150,2025-12-06 14:00,18052.164,19013.438,16077.986
forecast_8151,2025-12-06 15:00,18577.432,19535.104,16560.49
forecast_8152,2025-12-06 16:00,17957.688,19054.457,16415.99
forecast_8153,2025-12-06 17:00,17466.322,18506.354,16356.667
forecast_8154,2025-12-06 18:00,16648.873,18095.963,16096.706
forecast_8155,2025-12-06 19:00,17943.545,19098.72,16367.681
forecast_8156,2025-12-06 20:00,18870.766,19557.244,16481.094
forecast_8157,2025-12-06 21:00,19349.865,19851.145,16612.004
forecast_8158,2025-12-06 22:00,19528.701,19979.232,16913.37
forecast_8159,2025-12-06 23:00,19504.842,20042.43,16918.504
forecast_8160,2025-12-07 0:00,19623.096,20119.773,17154.031
forecast_8161,2025-12-07 1:00,18377.16,19435.188,16446.426
forecast_8162,2025-12-07 2:00,18227.715,19405.129,16486.543
forecast_8163,2025-12-07 3:00,18483.645,19624.621,16448.633
forecast_8164,2025-12-07 4:00,18677.395,19564.807,16542.047
forecast_8165,2025-12-07 5:00,18682.059,19659.092,16467.354
forecast_8166,2025-12-07 6:00,18829.56,19677.916,16606.555
forecast_8167,2025-12-07 7:00,19073.055,19942.084,16539.764
forecast_8168,2025-12-07 8:00,19175.236,20145.3,16377.448
forecast_8169,2025-12-07 9:00,18713.148,19557.496,16478.172
forecast_8170,2025-12-07 10:00,18301.174,19208.898,16227.032
forecast_8171,2025-12-07 11:00,18152.664,18802.293,16052.213
forecast_8172,2025-12-07 12:00,17826.283,18592.662,16063.979
forecast_8173,2025-12-07 13:00,17972.605,18657.742,16096.2
forecast_8174,2025-12-07 14:00,18207.129,18946.89,16285.289
forecast_8175,2025-12-07 15:00,18673.406,19382.143,16627.338
forecast_8176,2025-12-07 16:00,19099.9,20027.252,16761.19
forecast_8177,2025-12-07 17:00,18800.188,20047.037,16884.818
forecast_8178,2025-12-07 18:00,18707.098,19747.863,17515.816
forecast_8179,2025-12-07 19:00,18525.18,19655.14,17402.629
forecast_8180,2025-12-07 20:00,18295.41,19414.33,16858.469
forecast_8181,2025-12-07 21:00,18305.025,19336.21,16640.766
forecast_8182,2025-12-07 22:00,18314.586,19186.234,16059.908
forecast_8183,2025-12-07 23:00,18147.023,19407.572,15801.732
forecast_8184,2025-12-08 0:00,17992.361,19131.227,15592.363
forecast_8185,2025-12-08 1:00,17852.793,18807.863,15703.504
forecast_8186,2025-12-08 2:00,17648.799,18660.46,15591.769
forecast_8187,2025-12-08 3:00,17529.281,18494.994,15238.414
forecast_8188,2025-12-08 4:00,17047.424,17955.13,14490.947
forecast_8189,2025-12-08 5:00,15800.341,16422.127,12865.545
forecast_8190,2025-12-08 6:00,15212.942,15704.28,11668.048
forecast_8191,2025-12-08 7:00,13887.003,14507.741,10678.576
forecast_8192,2025-12-08 8:00,12061.448,13409.486,9421.424
forecast_8193,2025-12-08 9:00,11159.6875,11850.694,8116.2935
forecast_8194,2025-12-08 10:00,10206.273,11047.842,7709.6313
forecast_8195,2025-12-08 11:00,6848.0757,6953.457,4923.7887999999975
forecast_8196,2025-12-08 12:00,5354.2476,5029.908,3997.578099999998
forecast_8197,2025-12-08 13:00,4925.603,4680.743199999999,3342.951699999998
forecast_8198,2025-12-08 14:00,4850.763,4929.151399999999,3305.6295999999984
forecast_8199,2025-12-08 15:00,5625.077,5014.426,3917.303499999998
forecast_8200,2025-12-08 16:00,6309.193,5387.3633,4266.5369999999975
forecast_8201,2025-12-08 17:00,7655.999,7129.014,4974.504
forecast_8202,2025-12-08 18:00,11274.486,11774.943,8694.684
forecast_8203,2025-12-08 19:00,12563.463,14006.976,10425.63
forecast_8204,2025-12-08 20:00,14353.306,15896.17,11943.248
forecast_8205,2025-12-08 21:00,15698.604,16986.316,12796.472
forecast_8206,2025-12-08 22:00,15891.836,16756.83,12199.554
forecast_8207,2025-12-08 23:00,15162.304,16404.236,12029.254
forecast_8208,2025-12-09 0:00,15296.164,16544.87,12047.846
forecast_8209,2025-12-09 1:00,14309.638,15783.22,10449.087
forecast_8210,2025-12-09 2:00,15659.6,17184.135,12196.859
forecast_8211,2025-12-09 3:00,16292.017,17968.422,12672.422
forecast_8212,2025-12-09 4:00,16281.528,17969.129,12309.523
forecast_8213,2025-12-09 5:00,15955.804,17800.346,11971.312
forecast_8214,2025-12-09 6:00,16323.666,18012.412,12886.434
forecast_8215,2025-12-09 7:00,17034.129,18621.54,13473.981
forecast_8216,2025-12-09 8:00,18095.15,19215.963,14410.947
forecast_8217,2025-12-09 9:00,17769.992,19131.912,14710.362
forecast_8218,2025-12-09 10:00,16238.279,18219.412,14040.936
forecast_8219,2025-12-09 11:00,15928.494,17959.266,13957.252
forecast_8220,2025-12-09 12:00,13938.169,16163.539,12524.522
forecast_8221,2025-12-09 13:00,13118.915,14805.372,11695.946
forecast_8222,2025-12-09 14:00,13082.155,14421.433,11416.381
forecast_8223,2025-12-09 15:00,13042.385,13912.719,10413.12
forecast_8224,2025-12-09 16:00,12682.022,13866.931,10154.182
forecast_8225,2025-12-09 17:00,13468.87,14460.058,11070.615
forecast_8226,2025-12-09 18:00,14982.659,16325.672,12509.343
forecast_8227,2025-12-09 19:00,15709.879,17437.084,13179.121
forecast_8228,2025-12-09 20:00,15398.877,16406.262,12314.951
forecast_8229,2025-12-09 21:00,14171.311,15826.578,11181.588
forecast_8230,2025-12-09 22:00,14305.933,15446.733,10778.706
forecast_8231,2025-12-09 23:00,14118.617,14788.097,10609.87
forecast_8232,2025-12-10 0:00,13975.495,14889.701,10339.591
forecast_8233,2025-12-10 1:00,13097.852,14106.67,10148.569
forecast_8234,2025-12-10 2:00,14131.674,15524.36,11300.522
forecast_8235,2025-12-10 3:00,15884.924,17829.857,12954.831
forecast_8236,2025-12-10 4:00,15814.796,17151.033,12950.858
forecast_8237,2025-12-10 5:00,15006.917,16772.906,12002.168
forecast_8238,2025-12-10 6:00,14526.641,16280.953,11554.661
forecast_8239,2025-12-10 7:00,15078.151,16483.47,11240.708
forecast_8240,2025-12-10 8:00,14244.458,16106.718,11309.423
forecast_8241,2025-12-10 9:00,15198.957,16317.59,11256.862
forecast_8242,2025-12-10 10:00,12951.179,14505.831,10391.689
forecast_8243,2025-12-10 11:00,11746.149,13770.816,10257.852
forecast_8244,2025-12-10 12:00,11793.944,13555.91,10140.785
forecast_8245,2025-12-10 13:00,11888.998,13558.099,10050.827
forecast_8246,2025-12-10 14:00,11603.482,13435.3125,9921.213
forecast_8247,2025-12-10 15:00,8879.809,10273.627,6704.8506
forecast_8248,2025-12-10 16:00,7837.5767,9004.474,5941.47
forecast_8249,2025-12-10 17:00,7903.1704,9214.644,5763.8643
forecast_8250,2025-12-10 18:00,7451.2056,9631.689,5662.679
forecast_8251,2025-12-10 19:00,9790.783,11931.63,7565.012
forecast_8252,2025-12-10 20:00,10254.357,11856.808,8036.525
forecast_8253,2025-12-10 21:00,12487.423,14459.954,10012.3955
forecast_8254,2025-12-10 22:00,14260.2,16225.15,12048.2
forecast_8255,2025-12-10 23:00,15680.926,17590.082,13626.673
forecast_8256,2025-12-11 0:00,15363.288,17126.748,13256.655
forecast_8257,2025-12-11 1:00,17605.383,18972.354,15818.002
forecast_8258,2025-12-11 2:00,17578.28,19115.266,15621.353
forecast_8259,2025-12-11 3:00,19023.96,19843.783,16661.357
forecast_8260,2025-12-11 4:00,19674.947,20226.352,16743.738
forecast_8261,2025-12-11 5:00,19959.486,20659.676,17379.336
forecast_8262,2025-12-11 6:00,19722.852,20487.838,17719.59
forecast_8263,2025-12-11 7:00,19410.318,20651.164,17386.629
forecast_8264,2025-12-11 8:00,18053.475,19412.988,16619.408
forecast_8265,2025-12-11 9:00,16189.271,18383.275,16377.84
forecast_8266,2025-12-11 10:00,16656.713,18881.04,16712.516
forecast_8267,2025-12-11 11:00,16479.701,17749.615,14329.479
forecast_8268,2025-12-11 12:00,15716.89,16830.541,13339.811
forecast_8269,2025-12-11 13:00,13610.769,14739.565,10875.712
forecast_8270,2025-12-11 14:00,12805.271,13575.004,9987.382
forecast_8271,2025-12-11 15:00,12516.54,12898.573,9455.636
forecast_8272,2025-12-11 16:00,12970.433,13453.887,10019.604
forecast_8273,2025-12-11 17:00,13456.594,14015.359,10486.674
forecast_8274,2025-12-11 18:00,13892.417,14593.392,11014.231
forecast_8275,2025-12-11 19:00,12739.177,13337.802,9470.538
forecast_8276,2025-12-11 20:00,10191.929,11023.239,6742.4175
forecast_8277,2025-12-11 21:00,5011.965,4481.989,3168.132599999998
forecast_8278,2025-12-11 22:00,5000.938199999999,4264.922899999999,2868.023899999998
forecast_8279,2025-12-11 23:00,4788.000999999998,4358.488799999999,2847.453499999998
forecast_8280,2025-12-12 0:00,4135.901099999998,3694.7821999999987,2644.959499999998
forecast_8281,2025-12-12 1:00,3239.617599999998,2674.175299999999,2612.9772999999977
forecast_8282,2025-12-12 2:00,3121.0679999999984,2837.742199999999,2762.794899999998
forecast_8283,2025-12-12 3:00,2967.3049999999985,2669.447099999999,2643.701699999998
forecast_8284,2025-12-12 4:00,2964.529899999998,2548.5799999999986,2288.2798999999977
forecast_8285,2025-12-12 5:00,3012.138799999998,2635.247399999999,2245.622399999998
forecast_8286,2025-12-12 6:00,3252.8080999999984,2837.2349999999988,2364.545699999998
forecast_8287,2025-12-12 7:00,3220.037499999998,2674.9810999999986,2185.019499999998
forecast_8288,2025-12-12 8:00,2964.763899999998,2459.0954999999985,2132.687499999998
forecast_8289,2025-12-12 9:00,2740.357199999998,2184.5224999999987,959.2264
forecast_8290,2025-12-12 10:00,2792.0567999999985,2182.407299999999,913.6924
forecast_8291,2025-12-12 11:00,2809.0310999999983,2132.1472999999987,925.27155
forecast_8292,2025-12-12 12:00,2542.039399999998,1903.5119999999988,888.8368
forecast_8293,2025-12-12 13:00,2477.5364999999983,1745.2291999999989,798.2026
forecast_8294,2025-12-12 14:00,2398.671599999998,1774.3115999999986,740.5508
forecast_8295,2025-12-12 15:00,2467.361799999998,1774.1079999999988,727.75085
forecast_8296,2025-12-12 16:00,2533.331799999998,1857.558599999999,744.94556
forecast_8297,2025-12-12 17:00,2779.969799999998,1834.2023999999988,713.67346
forecast_8298,2025-12-12 18:00,3170.170799999998,2168.4070999999985,740.5508
forecast_8299,2025-12-12 19:00,3309.428499999998,2231.4248999999986,761.1402
forecast_8300,2025-12-12 20:00,3568.8876999999984,2546.6818999999987,824.49194
forecast_8301,2025-12-12 21:00,3987.4975999999983,3053.009299999999,2133.510299999998
forecast_8302,2025-12-12 22:00,4262.679399999998,3160.0966999999987,2271.373999999998
forecast_8303,2025-12-12 23:00,4170.556399999998,3445.9419999999986,2556.397599999998
forecast_8304,2025-12-13 0:00,4871.609999999999,4127.1745999999985,2727.806999999998
forecast_8305,2025-12-13 1:00,4997.798999999998,4215.670199999999,2829.310999999998
forecast_8306,2025-12-13 2:00,4955.139199999998,4595.726599999999,2949.0359999999982
forecast_8307,2025-12-13 3:00,5029.776099999998,4063.825399999999,2797.667099999998
forecast_8308,2025-12-13 4:00,5137.591,5363.204,3444.3417999999983
forecast_8309,2025-12-13 5:00,4558.69,5133.697,3480.2868999999982
forecast_8310,2025-12-13 6:00,5017.4014,5236.818,3384.6476999999977
forecast_8311,2025-12-13 7:00,5340.5493,5892.4805,3930.4726999999975
forecast_8312,2025-12-13 8:00,5547.2056,6352.884,4147.291299999998
forecast_8313,2025-12-13 9:00,5471.342999999998,4736.226599999999,3305.881599999998
forecast_8314,2025-12-13 10:00,4552.484399999998,4003.4247999999984,2732.665299999998
forecast_8315,2025-12-13 11:00,3722.494999999998,3023.290999999999,2341.827499999998
forecast_8316,2025-12-13 12:00,3714.0712999999982,3202.356199999999,2319.948899999998
forecast_8317,2025-12-13 13:00,2943.078899999998,2356.9893999999986,976.9145
forecast_8318,2025-12-13 14:00,2922.213999999998,2290.6460999999986,903.7373
forecast_8319,2025-12-13 15:00,2903.018199999998,2164.227399999999,886.70306
forecast_8320,2025-12-13 16:00,3309.1138999999985,2600.027999999999,2117.049999999998
forecast_8321,2025-12-13 17:00,3595.520799999998,3026.2184999999986,2294.969099999998
forecast_8322,2025-12-13 18:00,4686.794999999998,4289.420199999999,2723.453399999998
forecast_8323,2025-12-13 19:00,4907.107199999999,4449.332499999999,2764.213399999998
forecast_8324,2025-12-13 20:00,5510.099599999998,4503.292,3265.8476999999975
forecast_8325,2025-12-13 21:00,5175.418699999998,4690.255399999999,3265.8949999999977
forecast_8326,2025-12-13 22:00,5912.8403,6841.7207,4706.515
forecast_8327,2025-12-13 23:00,7259.8975,8809.612,6025.9497
forecast_8328,2025-12-14 0:00,10951.725,12322.534,8746.434
forecast_8329,2025-12-14 1:00,14205.448,15406.893,12208.576
forecast_8330,2025-12-14 2:00,15193.502,16555.32,12564.155
forecast_8331,2025-12-14 3:00,15629.485,16953.367,12851.783
forecast_8332,2025-12-14 4:00,15132.15,16701.582,13291.838
forecast_8333,2025-12-14 5:00,15535.752,17003.65,13760.002
forecast_8334,2025-12-14 6:00,15946.742,17459.078,14187.645
forecast_8335,2025-12-14 7:00,16641.512,18402.316,15187.006
forecast_8336,2025-12-14 8:00,16566.885,18203.588,15132.8
forecast_8337,2025-12-14 9:00,15980.808,17392.28,13947.585
forecast_8338,2025-12-14 10:00,15133.213,16564.072,13186.325
forecast_8339,2025-12-14 11:00,14572.545,15892.044,12676.252
forecast_8340,2025-12-14 12:00,13663.365,15181.294,12783.891
forecast_8341,2025-12-14 13:00,13018.785,14336.232,11550.219
forecast_8342,2025-12-14 14:00,11895.281,12852.802,9750.115
forecast_8343,2025-12-14 15:00,11593.362,12241.65,9637.6455
forecast_8344,2025-12-14 16:00,12307.163,12920.676,10379.181
forecast_8345,2025-12-14 17:00,12974.65,14174.603,10745.73
forecast_8346,2025-12-14 18:00,14278.18,16029.923,12799.17
forecast_8347,2025-12-14 19:00,15329.926,17354.543,13942.635
forecast_8348,2025-12-14 20:00,15824.523,17985.25,14383.028
forecast_8349,2025-12-14 21:00,16213.327,18284.271,15095.726
forecast_8350,2025-12-14 22:00,16425.473,18313.555,15306.647
forecast_8351,2025-12-14 23:00,16399.604,18420.842,15105.583
forecast_8352,2025-12-15 0:00,17562.79,18981.127,15420.687
forecast_8353,2025-12-15 1:00,17547.203,19070.328,15599.481
forecast_8354,2025-12-15 2:00,17946.812,19591.5,15792.508
forecast_8355,2025-12-15 3:00,18163.924,19605.611,15681.81
forecast_8356,2025-12-15 4:00,18277.982,19579.441,15786.649
forecast_8357,2025-12-15 5:00,18461.41,19487.795,15150.713
forecast_8358,2025-12-15 6:00,18252.348,19119.54,14628.396
forecast_8359,2025-12-15 7:00,18326.11,19259.578,14877.571
forecast_8360,2025-12-15 8:00,17969.705,18846.229,14014.498
forecast_8361,2025-12-15 9:00,17687.08,18481.229,13156.723
forecast_8362,2025-12-15 10:00,16178.418,17477.654,12157.66
forecast_8363,2025-12-15 11:00,13726.29,15825.118,11526.078
forecast_8364,2025-12-15 12:00,11730.674,13530.172,9855.79
forecast_8365,2025-12-15 13:00,11461.491,12317.901,9299.827
forecast_8366,2025-12-15 14:00,14256.312,15188.407,11248.263
forecast_8367,2025-12-15 15:00,14547.788,15536.228,12162.062
forecast_8368,2025-12-15 16:00,16213.316,17180.723,13429.463
forecast_8369,2025-12-15 17:00,18063.99,18974.105,15429.104
forecast_8370,2025-12-15 18:00,19007.9,19865.287,16374.755
forecast_8371,2025-12-15 19:00,19120.38,19855.547,16280.676
forecast_8372,2025-12-15 20:00,19298.014,19750.895,16050.229
forecast_8373,2025-12-15 21:00,18665.734,19468.51,15983.277
forecast_8374,2025-12-15 22:00,18174.691,19144.01,15262.841
forecast_8375,2025-12-15 23:00,17164.822,18512.152,13531.762
forecast_8376,2025-12-16 0:00,16415.027,17797.951,12422.549
forecast_8377,2025-12-16 1:00,16582.266,18031.508,12618.195
forecast_8378,2025-12-16 2:00,15789.44,17091.14,11656.05
forecast_8379,2025-12-16 3:00,14650.445,16827.34,11242.827
forecast_8380,2025-12-16 4:00,13730.765,15438.233,10599.028
forecast_8381,2025-12-16 5:00,12464.708,14426.42,10590.521
forecast_8382,2025-12-16 6:00,12203.116,13976.097,10269.797
forecast_8383,2025-12-16 7:00,12161.968,13913.15,10098.137
forecast_8384,2025-12-16 8:00,11593.859,13516.192,10052.6
forecast_8385,2025-12-16 9:00,11194.505,12696.228,10006.43
forecast_8386,2025-12-16 10:00,11214.903,12398.06,9139.236
forecast_8387,2025-12-16 11:00,11009.622,12633.493,9347.283
forecast_8388,2025-12-16 12:00,10756.859,12636.929,9187.765
forecast_8389,2025-12-16 13:00,11472.739,12998.118,9805.123
forecast_8390,2025-12-16 14:00,11365.257,12882.376,9237.212
forecast_8391,2025-12-16 15:00,10574.745,12160.438,8303.274
forecast_8392,2025-12-16 16:00,11309.002,12886.095,9444.987
forecast_8393,2025-12-16 17:00,10409.406,11379.787,8896.254
forecast_8394,2025-12-16 18:00,8879.317,9714.159,7284.447
forecast_8395,2025-12-16 19:00,7321.3955,7822.181,6715.8965
forecast_8396,2025-12-16 20:00,7406.475,8215.457,6401.0103
forecast_8397,2025-12-16 21:00,7784.262,9119.676,6360.3135
forecast_8398,2025-12-16 22:00,6167.742,7334.7397,5296.549
forecast_8399,2025-12-16 23:00,5831.368,6438.2534,5168.226999999998
forecast_8400,2025-12-17 0:00,6648.422,6796.922,4292.5977
forecast_8401,2025-12-17 1:00,9513.759,11108.652,9149.756
forecast_8402,2025-12-17 2:00,9678.676,11077.449,8443.66
forecast_8403,2025-12-17 3:00,9433.393,10654.534,8270.798
forecast_8404,2025-12-17 4:00,8490.164,9128.161,6594.691
forecast_8405,2025-12-17 5:00,8317.194,9221.509,6251.4766
forecast_8406,2025-12-17 6:00,7747.117,8371.691,5705.6396
forecast_8407,2025-12-17 7:00,7001.8057,7370.849,5252.6504
forecast_8408,2025-12-17 8:00,6706.833,7072.2656,4290.1523
forecast_8409,2025-12-17 9:00,5956.707,6413.7607,4885.532999999998
forecast_8410,2025-12-17 10:00,5491.3193,6049.4272,4374.626999999998
forecast_8411,2025-12-17 11:00,5615.849,5916.733,4430.320999999998
forecast_8412,2025-12-17 12:00,5858.129,6130.381,4253.630399999998
forecast_8413,2025-12-17 13:00,5480.338,5161.341,3887.9154999999982
forecast_8414,2025-12-17 14:00,4805.3203,4378.0786,3441.629399999998
forecast_8415,2025-12-17 15:00,5433.436999999998,4328.4704999999985,2957.715799999998
forecast_8416,2025-12-17 16:00,4727.336399999998,3629.1251999999986,2731.788499999998
forecast_8417,2025-12-17 17:00,5337.445999999998,4138.993699999999,2958.9397999999983
forecast_8418,2025-12-17 18:00,4711.1396,4900.756999999999,3339.1979999999976
forecast_8419,2025-12-17 19:00,4887.4272,4898.016999999999,3225.5499999999984
forecast_8420,2025-12-17 20:00,6262.4907,5570.481,4241.857699999998
forecast_8421,2025-12-17 21:00,7286.092,6846.205,4954.501199999998
forecast_8422,2025-12-17 22:00,8346.144,8243.848,5375.3306
forecast_8423,2025-12-17 23:00,9150.236,9093.091,5971.5576
forecast_8424,2025-12-18 0:00,9549.425,9613.646,6632.3945
forecast_8425,2025-12-18 1:00,13357.047,14446.747,10235.018
forecast_8426,2025-12-18 2:00,14433.391,15197.788,10636.248
forecast_8427,2025-12-18 3:00,14850.842,16172.937,11060.212
forecast_8428,2025-12-18 4:00,14346.357,15747.589,10533.007
forecast_8429,2025-12-18 5:00,14485.642,15113.154,10324.061
forecast_8430,2025-12-18 6:00,14214.365,14598.925,10024.0625
forecast_8431,2025-12-18 7:00,13670.505,13663.04,9422.713
forecast_8432,2025-12-18 8:00,12662.834,12838.776,9012.204
forecast_8433,2025-12-18 9:00,11126.687,10642.169,6948.347
forecast_8434,2025-12-18 10:00,8751.166,8677.837,6031.102
forecast_8435,2025-12-18 11:00,7134.245,6620.4556,4633.3975
forecast_8436,2025-12-18 12:00,5554.606,5677.0747,4500.933799999998
forecast_8437,2025-12-18 13:00,4796.1104,4809.785,3683.5995999999977
forecast_8438,2025-12-18 14:00,4691.198,4635.8413,3491.136999999998
forecast_8439,2025-12-18 15:00,4631.4473,4477.3027,3583.4853999999978
forecast_8440,2025-12-18 16:00,5602.8657,5555.5977,3799.064999999998
forecast_8441,2025-12-18 17:00,7072.161,6279.3604,5023.787799999998
forecast_8442,2025-12-18 18:00,7083.3306,6939.063,4317.4766
forecast_8443,2025-12-18 19:00,6892.6836,7031.8955,4277.088
forecast_8444,2025-12-18 20:00,7080.3633,7160.1245,4418.946
forecast_8445,2025-12-18 21:00,9012.373,9525.1,6466.0913
forecast_8446,2025-12-18 22:00,11876.841,12022.108,8921.227
forecast_8447,2025-12-18 23:00,13131.529,14073.05,10210.172
forecast_8448,2025-12-19 0:00,14039.666,15274.243,10829.327
forecast_8449,2025-12-19 1:00,16171.435,17378.55,13711.723
forecast_8450,2025-12-19 2:00,16012.839,17763.207,13879.331
forecast_8451,2025-12-19 3:00,16149.477,17832.768,13480.665
forecast_8452,2025-12-19 4:00,16067.548,17720.633,13131.579
forecast_8453,2025-12-19 5:00,16677.887,17342.604,13445.75
forecast_8454,2025-12-19 6:00,16662.467,18092.05,14258.989
forecast_8455,2025-12-19 7:00,17176.967,18318.629,15044.626
forecast_8456,2025-12-19 8:00,17244.203,18213.223,14873.714
forecast_8457,2025-12-19 9:00,17496.277,18302.953,15330.417
forecast_8458,2025-12-19 10:00,17435.18,18737.727,15996.915
forecast_8459,2025-12-19 11:00,17128.256,19167.564,16170.583
forecast_8460,2025-12-19 12:00,17169.19,19153.898,16336.864
forecast_8461,2025-12-19 13:00,16800.55,18722.387,16160.499
forecast_8462,2025-12-19 14:00,17379.158,18783.023,16371.244
forecast_8463,2025-12-19 15:00,17902.342,19258.834,16370.377
forecast_8464,2025-12-19 16:00,18089.768,19169.271,16366.409
forecast_8465,2025-12-19 17:00,17327.29,19135.23,15992.002
forecast_8466,2025-12-19 18:00,18313.559,19462.506,16237.66
forecast_8467,2025-12-19 19:00,18118.107,19548.457,16203.531
forecast_8468,2025-12-19 20:00,18382.965,19619.441,16372.2705
forecast_8469,2025-12-19 21:00,17765.385,19312.732,16085.742
forecast_8470,2025-12-19 22:00,17798.656,19302.092,16134.852
forecast_8471,2025-12-19 23:00,16939.223,19012.791,15930.011
forecast_8472,2025-12-20 0:00,16290.439,18538.676,14397.253
forecast_8473,2025-12-20 1:00,16171.622,18350.31,13901.334
forecast_8474,2025-12-20 2:00,14978.307,17686.783,13175.198
forecast_8475,2025-12-20 3:00,15033.393,17798.875,12654.996
forecast_8476,2025-12-20 4:00,14821.418,17722.48,12852.309
forecast_8477,2025-12-20 5:00,15203.181,17488.55,13109.1875
forecast_8478,2025-12-20 6:00,15176.722,17151.203,12841.8125
forecast_8479,2025-12-20 7:00,14563.662,16619.443,12737.563
forecast_8480,2025-12-20 8:00,14025.092,16322.492,12470.665
forecast_8481,2025-12-20 9:00,14047.419,16387.926,12598.959
forecast_8482,2025-12-20 10:00,13771.094,15939.436,12658.216
forecast_8483,2025-12-20 11:00,13578.934,15855.262,12546.025
forecast_8484,2025-12-20 12:00,14202.015,16691.203,13473.775
forecast_8485,2025-12-20 13:00,15320.154,17556.207,14259.647
forecast_8486,2025-12-20 14:00,14091.541,16402.46,13565.337
forecast_8487,2025-12-20 15:00,13118.009,15265.233,12118.063
forecast_8488,2025-12-20 16:00,12275.836,15048.586,11487.209
forecast_8489,2025-12-20 17:00,13199.999,15365.42,11939.031
forecast_8490,2025-12-20 18:00,13216.537,15027.435,11536.697
forecast_8491,2025-12-20 19:00,12931.449,15000.282,10884.962
forecast_8492,2025-12-20 20:00,11667.806,13507.495,9437.706
forecast_8493,2025-12-20 21:00,10341.792,12104.1,8937.9375
forecast_8494,2025-12-20 22:00,10838.527,13108.868,9579.208
forecast_8495,2025-12-20 23:00,12415.852,14284.917,10580.1875
forecast_8496,2025-12-21 0:00,15780.223,16561.8,12988.867
forecast_8497,2025-12-21 1:00,19285.799,19115.234,15688.968
forecast_8498,2025-12-21 2:00,19141.736,19199.879,15682.013
forecast_8499,2025-12-21 3:00,18746.633,19476.65,15817.367
forecast_8500,2025-12-21 4:00,19498.91,19958.652,15297.136
forecast_8501,2025-12-21 5:00,19716.3,20300.52,15119.796
forecast_8502,2025-12-21 6:00,18779.912,19887.768,14100.392
forecast_8503,2025-12-21 7:00,18245.436,19107.518,13688.6045
forecast_8504,2025-12-21 8:00,18107.219,18812.281,13704.758
forecast_8505,2025-12-21 9:00,16144.632,17167.912,12479.582
forecast_8506,2025-12-21 10:00,15168.766,16054.817,11552.034
forecast_8507,2025-12-21 11:00,13738.072,15220.17,10735.548
forecast_8508,2025-12-21 12:00,13013.703,14410.257,10164.678
forecast_8509,2025-12-21 13:00,11730.05,13095.735,8905.049
forecast_8510,2025-12-21 14:00,9242.411,9669.711,5296.7656
forecast_8511,2025-12-21 15:00,7234.785,6204.14,4324.861599999998
forecast_8512,2025-12-21 16:00,5018.9854,4503.8955,3424.2159999999976
forecast_8513,2025-12-21 17:00,4766.5454,4583.495599999999,3074.556499999998
forecast_8514,2025-12-21 18:00,4823.882,4452.587599999999,3062.154999999998
forecast_8515,2025-12-21 19:00,4665.4736,4311.415799999999,3174.605499999998
forecast_8516,2025-12-21 20:00,5395.064999999998,4006.116999999999,2851.126799999998
forecast_8517,2025-12-21 21:00,4848.370799999999,3429.4115999999985,2564.3003999999983
forecast_8518,2025-12-21 22:00,4222.456499999998,3146.7396999999987,2450.817099999998
forecast_8519,2025-12-21 23:00,3551.6996999999983,2941.3043999999986,2288.137599999998
forecast_8520,2025-12-22 0:00,3121.818099999998,2572.712599999999,1035.1326
forecast_8521,2025-12-22 1:00,3596.948699999998,2619.4361999999987,2287.057499999998
forecast_8522,2025-12-22 2:00,3488.460399999998,2659.976099999999,2272.556799999998
forecast_8523,2025-12-22 3:00,3175.524499999998,2422.768099999999,2138.300699999998
forecast_8524,2025-12-22 4:00,3016.8745999999983,2381.1393999999987,949.41846
forecast_8525,2025-12-22 5:00,3089.0625999999984,2349.336899999999,941.88666
forecast_8526,2025-12-22 6:00,3035.2005999999983,2389.8119999999985,941.8147
forecast_8527,2025-12-22 7:00,3037.540899999998,2390.353299999999,929.3626
forecast_8528,2025-12-22 8:00,3021.703599999998,2327.6271999999985,935.3233
forecast_8529,2025-12-22 9:00,2852.644299999998,2211.152299999999,924.1728
forecast_8530,2025-12-22 10:00,2547.297899999998,1969.7444999999989,797.25934
forecast_8531,2025-12-22 11:00,2454.4352999999983,1939.8491999999987,786.6082
forecast_8532,2025-12-22 12:00,2383.6776999999984,1917.1160999999988,740.5508
forecast_8533,2025-12-22 13:00,1046.764,1793.8445999999985,713.67346
forecast_8534,2025-12-22 14:00,1051.4587,1808.6980999999987,727.75085
forecast_8535,2025-12-22 15:00,1037.2052,1755.8587999999986,723.9396
forecast_8536,2025-12-22 16:00,1075.8174,1855.335799999999,733.80566
forecast_8537,2025-12-22 17:00,2729.8615999999984,1959.3703999999989,808.2398
forecast_8538,2025-12-22 18:00,3068.318999999998,2227.629799999999,869.171
forecast_8539,2025-12-22 19:00,3100.076299999998,2286.815799999999,917.7433
forecast_8540,2025-12-22 20:00,3291.058699999998,2469.472199999999,949.457
forecast_8541,2025-12-22 21:00,3729.753999999998,2864.0629999999987,2230.410499999998
forecast_8542,2025-12-22 22:00,5041.041999999998,4192.884299999999,2885.671899999998
forecast_8543,2025-12-22 23:00,4352.277299999998,3590.9959999999987,2896.603999999998
forecast_8544,2025-12-23 0:00,4734.258499999998,3962.3369999999986,2915.4187999999976
forecast_8545,2025-12-23 1:00,5182.7163,5141.997,3706.168999999998
forecast_8546,2025-12-23 2:00,5546.2153,6106.3906,4149.043699999998
forecast_8547,2025-12-23 3:00,6423.6333,6669.124,4913.094699999998
forecast_8548,2025-12-23 4:00,5263.398,5299.294,4061.397499999998
forecast_8549,2025-12-23 5:00,5727.9434,5802.287,4821.562499999998
forecast_8550,2025-12-23 6:00,6004.063,6799.4233,4676.202999999998
forecast_8551,2025-12-23 7:00,5774.423,6388.498,4852.519999999998
forecast_8552,2025-12-23 8:00,5281.763,6047.428,4042.1395999999977
forecast_8553,2025-12-23 9:00,5731.097,7080.2505,4360.743399999998
forecast_8554,2025-12-23 10:00,5874.889,6830.5156,4757.293199999998
forecast_8555,2025-12-23 11:00,7135.028,8137.731,5089.0186
forecast_8556,2025-12-23 12:00,7739.771,10148.761,5748.3867
forecast_8557,2025-12-23 13:00,7259.6714,9529.799,5034.784
forecast_8558,2025-12-23 14:00,6156.154,7815.3916,4730.254599999998
forecast_8559,2025-12-23 15:00,6017.438,7174.8623,4580.429999999998
forecast_8560,2025-12-23 16:00,5422.322,6360.4395,4128.652299999998
forecast_8561,2025-12-23 17:00,6339.934,7912.0264,5244.379999999998
forecast_8562,2025-12-23 18:00,8414.79,10184.641,5924.2734
forecast_8563,2025-12-23 19:00,9906.724,11826.627,8241.419
forecast_8564,2025-12-23 20:00,10711.982,13585.621,8929.614
forecast_8565,2025-12-23 21:00,10691.304,13569.491,8267.633
forecast_8566,2025-12-23 22:00,11275.549,14501.189,9045.15
forecast_8567,2025-12-23 23:00,10414.032,12947.256,8404.523
forecast_8568,2025-12-24 0:00,10140.106,12959.906,8179.5347
forecast_8569,2025-12-24 1:00,8099.79,9657.488,5946.0933
forecast_8570,2025-12-24 2:00,7500.5244,8737.819,4602.189
forecast_8571,2025-12-24 3:00,5814.817,6237.6543,4050.619899999998
forecast_8572,2025-12-24 4:00,5378.933,5594.5996,3937.4029999999975
forecast_8573,2025-12-24 5:00,4546.1025,4579.777,3450.825399999998
forecast_8574,2025-12-24 6:00,4899.878699999998,3858.9529999999986,2831.172199999998
forecast_8575,2025-12-24 7:00,4372.029299999998,3331.2497999999987,2672.6930999999977
forecast_8576,2025-12-24 8:00,3344.6002999999982,2566.5626999999986,2210.738899999998
forecast_8577,2025-12-24 9:00,2843.997599999998,2140.7560999999987,2151.5022999999983
forecast_8578,2025-12-24 10:00,2536.708499999998,1832.5891999999985,926.5131
forecast_8579,2025-12-24 11:00,2516.508499999998,1828.043299999999,897.9667
forecast_8580,2025-12-24 12:00,2562.766099999998,1864.6441999999988,844.5714
forecast_8581,2025-12-24 13:00,2544.7626999999984,1906.0321999999987,886.02686
forecast_8582,2025-12-24 14:00,2593.2839999999983,1969.0031999999987,898.18243
forecast_8583,2025-12-24 15:00,2700.924199999998,2055.0316999999986,1035.6893
forecast_8584,2025-12-24 16:00,2730.9595999999983,2140.616799999999,1030.6504
forecast_8585,2025-12-24 17:00,2642.730099999998,2053.680199999999,911.2859
forecast_8586,2025-12-24 18:00,2690.3309999999983,1971.615699999999,861.034
forecast_8587,2025-12-24 19:00,2744.606099999998,1981.7219999999988,854.5342
forecast_8588,2025-12-24 20:00,2864.088899999998,2160.1188999999986,979.0844
forecast_8589,2025-12-24 21:00,2927.2632999999983,2290.628899999999,929.0863
forecast_8590,2025-12-24 22:00,3014.726899999998,2323.6316999999985,1037.0685
forecast_8591,2025-12-24 23:00,3110.5739999999983,2367.1759999999986,2177.5939999999982
forecast_8592,2025-12-25 0:00,3843.4449999999983,3236.3996999999986,2634.230999999998
forecast_8593,2025-12-25 1:00,4349.543199999998,3134.123499999999,2707.7814999999982
forecast_8594,2025-12-25 2:00,5401.955599999998,4185.558299999999,3245.7433999999976
forecast_8595,2025-12-25 3:00,5044.7944,4520.9907,4074.0585999999976
forecast_8596,2025-12-25 4:00,7325.8086,7338.4526,4501.7812
forecast_8597,2025-12-25 5:00,8755.502,8806.6455,6118.7285
forecast_8598,2025-12-25 6:00,9243.428,10888.914,6722.4243
forecast_8599,2025-12-25 7:00,12265.36,13783.416,9463.126
forecast_8600,2025-12-25 8:00,13292.251,14829.303,10855.199
forecast_8601,2025-12-25 9:00,13739.952,15483.261,11793.152
forecast_8602,2025-12-25 10:00,14038.109,15344.976,12301.863
forecast_8603,2025-12-25 11:00,14544.036,15571.297,11885.833
forecast_8604,2025-12-25 12:00,14532.22,14769.467,11512.5205
forecast_8605,2025-12-25 13:00,14553.028,14970.388,11488.248
forecast_8606,2025-12-25 14:00,14897.872,15249.686,11597.629
forecast_8607,2025-12-25 15:00,15244.104,15858.671,12187.781
forecast_8608,2025-12-25 16:00,15682.22,16017.151,12817.081
forecast_8609,2025-12-25 17:00,15967.944,17060.74,13439.523
forecast_8610,2025-12-25 18:00,15810.668,17044.535,13975.846
forecast_8611,2025-12-25 19:00,15878.722,17308.287,14076.397
forecast_8612,2025-12-25 20:00,16308.536,18160.65,14442.159
forecast_8613,2025-12-25 21:00,16823.953,18598.506,14331.509
forecast_8614,2025-12-25 22:00,16611.094,18246.295,13694.647
forecast_8615,2025-12-25 23:00,17341.553,18900.625,14205.965
forecast_8616,2025-12-26 0:00,17932.902,19388.416,14438.014
forecast_8617,2025-12-26 1:00,16912.309,18665.455,14186.812
forecast_8618,2025-12-26 2:00,16350.042,17651.68,13470.907
forecast_8619,2025-12-26 3:00,16058.657,18079.936,12525.823
forecast_8620,2025-12-26 4:00,15981.119,17943.877,12043.298
forecast_8621,2025-12-26 5:00,16217.716,17754.936,11615.755
forecast_8622,2025-12-26 6:00,16199.472,17772.135,11562.079
forecast_8623,2025-12-26 7:00,15980.566,17801.15,11028.753
forecast_8624,2025-12-26 8:00,15742.609,17139.543,11011.137
forecast_8625,2025-12-26 9:00,16069.135,17250.906,11864.205
forecast_8626,2025-12-26 10:00,14655.747,16224.756,11962.775
forecast_8627,2025-12-26 11:00,12804.139,14848.146,10642.532
forecast_8628,2025-12-26 12:00,11905.559,13413.626,9947.292
forecast_8629,2025-12-26 13:00,11530.409,12458.806,9061.022
forecast_8630,2025-12-26 14:00,11894.373,12546.828,9456.611
forecast_8631,2025-12-26 15:00,11635.396,12060.248,9112.189
forecast_8632,2025-12-26 16:00,11930.642,12775.106,9299.604
forecast_8633,2025-12-26 17:00,13494.931,14492.508,10651.378
forecast_8634,2025-12-26 18:00,13903.949,15124.125,10980.068
forecast_8635,2025-12-26 19:00,14561.6875,15905.562,11429.257
forecast_8636,2025-12-26 20:00,16051.177,17045.031,12014.675
forecast_8637,2025-12-26 21:00,17036.09,18163.447,13489.526
forecast_8638,2025-12-26 22:00,17929.383,19127.998,14058.64
forecast_8639,2025-12-26 23:00,17796.176,18853.453,13821.412
forecast_8640,2025-12-27 0:00,18189.959,18747.537,13877.5205
forecast_8641,2025-12-27 1:00,19338.13,19857.957,14520.643
forecast_8642,2025-12-27 2:00,19320.768,19794.078,14279.094
forecast_8643,2025-12-27 3:00,19149.322,19884.975,14301.879
forecast_8644,2025-12-27 4:00,19296.818,20021.146,14392.398
forecast_8645,2025-12-27 5:00,18617.107,19623.32,13893.288
forecast_8646,2025-12-27 6:00,18782.418,19755.162,13902.078
forecast_8647,2025-12-27 7:00,18817.064,19713.998,13860.701
forecast_8648,2025-12-27 8:00,18726.035,19826.793,14314.749
forecast_8649,2025-12-27 9:00,17933.781,18961.338,13723.977
forecast_8650,2025-12-27 10:00,15188.367,16632.045,12119.305
forecast_8651,2025-12-27 11:00,14658.725,16012.606,11890.383
forecast_8652,2025-12-27 12:00,15075.914,16454.193,12997.988
forecast_8653,2025-12-27 13:00,15941.458,17582.107,13662.116
forecast_8654,2025-12-27 14:00,15740.751,17218.014,13517.039
forecast_8655,2025-12-27 15:00,15944.327,17519.88,14001.29
forecast_8656,2025-12-27 16:00,15961.827,17132.145,14158.714
forecast_8657,2025-12-27 17:00,16704.63,18574.887,16015.013
forecast_8658,2025-12-27 18:00,17547.504,19269.605,16331.4375
forecast_8659,2025-12-27 19:00,18076.773,19613.248,16407.66
forecast_8660,2025-12-27 20:00,18229.64,19615.129,16192.428
forecast_8661,2025-12-27 21:00,18999.002,20098.566,16321.658
forecast_8662,2025-12-27 22:00,19127.748,20280.023,16498.93
forecast_8663,2025-12-27 23:00,19043.494,20344.63,16520.752
forecast_8664,2025-12-28 0:00,18898.32,20313.797,16146.022
forecast_8665,2025-12-28 1:00,20349.32,21140.738,16814.734
forecast_8666,2025-12-28 2:00,20373.162,21150.984,16947.348
forecast_8667,2025-12-28 3:00,20756.05,21173.646,17221.55
forecast_8668,2025-12-28 4:00,21033.053,21206.041,17004.299
forecast_8669,2025-12-28 5:00,20999.027,21094.54,16945.117
forecast_8670,2025-12-28 6:00,20947.277,21105.273,16718.21
forecast_8671,2025-12-28 7:00,20851.078,21042.758,16646.236
forecast_8672,2025-12-28 8:00,20450.408,20963.027,16596.793
forecast_8673,2025-12-28 9:00,19613.666,20416.754,16473.928
forecast_8674,2025-12-28 10:00,19258.21,20003.4,16299.682
forecast_8675,2025-12-28 11:00,18080.377,19310.443,15369.674
forecast_8676,2025-12-28 12:00,17651.625,18725.332,15255.78
forecast_8677,2025-12-28 13:00,16002.784,17647.105,13796.464
forecast_8678,2025-12-28 14:00,14579.749,16286.418,12602.131
forecast_8679,2025-12-28 15:00,14819.397,16180.341,12910.805
forecast_8680,2025-12-28 16:00,15682.113,16568.9,13731.57
forecast_8681,2025-12-28 17:00,16401.379,17045.79,14944.832
forecast_8682,2025-12-28 18:00,15755.335,16667.434,14028.463
forecast_8683,2025-12-28 19:00,15437.544,16125.109,13097.194
forecast_8684,2025-12-28 20:00,15038.109,16304.465,13451.066
forecast_8685,2025-12-28 21:00,15879.646,17035.275,14374.09
forecast_8686,2025-12-28 22:00,16472.795,17558.023,15266.014
forecast_8687,2025-12-28 23:00,16820.21,18059.186,15273.853
forecast_8688,2025-12-29 0:00,17692.762,18832.057,15470.826
forecast_8689,2025-12-29 1:00,17707.734,19143.146,15788.121
forecast_8690,2025-12-29 2:00,18310.62,19362.69,16003.223
forecast_8691,2025-12-29 3:00,18866.75,19590.055,16195.247
forecast_8692,2025-12-29 4:00,18781.375,19645.762,16266.779
forecast_8693,2025-12-29 5:00,18889.377,19573.104,16534.34
forecast_8694,2025-12-29 6:00,19085.717,19688.318,16262.138
forecast_8695,2025-12-29 7:00,19170.906,19724.871,16309.502
forecast_8696,2025-12-29 8:00,19356.89,19912.416,16566.201
forecast_8697,2025-12-29 9:00,19084.28,19691.225,16340.572
forecast_8698,2025-12-29 10:00,18634.557,19379.615,16150.219
forecast_8699,2025-12-29 11:00,18475.096,19327.693,15962.21
forecast_8700,2025-12-29 12:00,18511.758,19295.668,16110.304
forecast_8701,2025-12-29 13:00,17937.168,18793.809,15702.02
forecast_8702,2025-12-29 14:00,17837.191,18563.969,16042.038
forecast_8703,2025-12-29 15:00,16972.75,17911.262,15967.55
forecast_8704,2025-12-29 16:00,17496.602,18166.31,16078.672
forecast_8705,2025-12-29 17:00,17860.016,18681.637,16108.49
forecast_8706,2025-12-29 18:00,17635.492,18190.498,15688.205
forecast_8707,2025-12-29 19:00,16966.627,17962.521,14542.48
forecast_8708,2025-12-29 20:00,16220.434,17328.209,14342.577
forecast_8709,2025-12-29 21:00,15423.694,16816.764,14077.858
forecast_8710,2025-12-29 22:00,15298.242,16649.84,13908.616
forecast_8711,2025-12-29 23:00,14898.778,16250.187,12621.226
forecast_8712,2025-12-30 0:00,14803.518,16347.433,12642.623
forecast_8713,2025-12-30 1:00,12957.347,14249.615,10620.32
forecast_8714,2025-12-30 2:00,13010.182,14289.195,10641.598
forecast_8715,2025-12-30 3:00,13970.342,14808.03,11129.011
forecast_8716,2025-12-30 4:00,14601.51,15162.328,11848.314
forecast_8717,2025-12-30 5:00,14016.426,14377.818,10702.744
forecast_8718,2025-12-30 6:00,13478.512,14035.923,10463.42
forecast_8719,2025-12-30 7:00,13026.884,14040.578,10336.962
forecast_8720,2025-12-30 8:00,12042.03,12790.195,9256.25
forecast_8721,2025-12-30 9:00,10474.467,11924.275,7907.812
forecast_8722,2025-12-30 10:00,10009.487,10110.177,6575.7305
forecast_8723,2025-12-30 11:00,10200.8,10327.258,6959.6187
forecast_8724,2025-12-30 12:00,11464.22,11914.384,8201.616
forecast_8725,2025-12-30 13:00,11493.042,11199.514,7948.6885
forecast_8726,2025-12-30 14:00,12001.282,11890.508,8523.336
forecast_8727,2025-12-30 15:00,12725.953,12367.014,9127.418
forecast_8728,2025-12-30 16:00,13155.165,12950.89,9606.311
forecast_8729,2025-12-30 17:00,12916.88,12544.897,9304.787
forecast_8730,2025-12-30 18:00,12543.461,11882.791,9276.241
forecast_8731,2025-12-30 19:00,12879.461,12677.806,9796.043
forecast_8732,2025-12-30 20:00,13379.801,13739.984,10054.329
forecast_8733,2025-12-30 21:00,14316.363,14804.361,11673.342
forecast_8734,2025-12-30 22:00,14617.134,15424.106,12206.12
forecast_8735,2025-12-30 23:00,14766.388,15687.347,12514.5625
forecast_8736,2025-12-31 0:00,14669.416,15321.569,12785.392
forecast_8737,2025-12-31 1:00,16286.651,16933.52,14044.656
forecast_8738,2025-12-31 2:00,16498.37,17243.62,14397.662
forecast_8739,2025-12-31 3:00,16449.727,16971.695,14214.943
forecast_8740,2025-12-31 4:00,15861.791,16663.62,13867.257
forecast_8741,2025-12-31 5:00,15576.911,16544.176,13217.522
forecast_8742,2025-12-31 6:00,15454.484,16530.223,12896.492
forecast_8743,2025-12-31 7:00,15244.976,16231.951,12881.132
forecast_8744,2025-12-31 8:00,14908.899,15800.317,12212.774
forecast_8745,2025-12-31 9:00,14020.668,14738.535,11305.601
forecast_8746,2025-12-31 10:00,12988.073,13808.183,10906.798
forecast_8747,2025-12-31 11:00,11513.785,12964.87,9493.25
forecast_8748,2025-12-31 12:00,10995.084,12190.551,9296.328
forecast_8749,2025-12-31 13:00,10992.577,11264.715,8702.48
forecast_8750,2025-12-31 14:00,11177.656,10942.427,8470.449
forecast_8751,2025-12-31 15:00,11328.897,11380.17,8898.94
forecast_8752,2025-12-31 16:00,12006.002,11904.594,9581.088
forecast_8753,2025-12-31 17:00,11426.801,11626.13,9416.153
forecast_8754,2025-12-31 18:00,11556.408,12192.345,9606.0205
forecast_8755,2025-12-31 19:00,12388.8545,13402.1455,10048.055
forecast_8756,2025-12-31 20:00,13709.484,14571.185,10978.77
forecast_8757,2025-12-31 21:00,14487.874,15711.546,11947.175
forecast_8758,2025-12-31 22:00,14966.417,16448.242,12578.6045
forecast_8759,2025-12-31 23:00,15081.284,16746.467,12635.03
forecast_8760,2026-01-01 0:00,15022.042,17202.686,12495.341
