forecast_id,forecast_kst_dtm,kpx_group_1,kpx_group_2,kpx_group_3
forecast_0001,2025-01-01 1:00,18199.076,19459.611,16308.18
forecast_0002,2025-01-01 2:00,18140.346,19473.033,16257.505
forecast_0003,2025-01-01 3:00,18166.79,19565.613,16085.638
forecast_0004,2025-01-01 4:00,17976.062,19195.486,15849.8545
forecast_0005,2025-01-01 5:00,17618.45,18932.03,15402.586
forecast_0006,2025-01-01 6:00,17127.768,18466.865,14862.271
forecast_0007,2025-01-01 7:00,16333.736,17709.05,13792.491
forecast_0008,2025-01-01 8:00,15451.928,16869.22,13051.714
forecast_0009,2025-01-01 9:00,14867.377,15576.032,12623.689
forecast_0010,2025-01-01 10:00,15531.895,15702.644,13175.506
forecast_0011,2025-01-01 11:00,15358.034,15972.108,13157.331
forecast_0012,2025-01-01 12:00,15073.593,15357.009,12971.532
forecast_0013,2025-01-01 13:00,15275.756,15175.734,12886.314
forecast_0014,2025-01-01 14:00,15101.186,15206.532,12726.243
forecast_0015,2025-01-01 15:00,14525.565,14915.837,12153.523
forecast_0016,2025-01-01 16:00,14671.803,14683.658,11939.6455
forecast_0017,2025-01-01 17:00,14260.238,14338.063,11642.18
forecast_0018,2025-01-01 18:00,14353.331,15004.507,11982.315
forecast_0019,2025-01-01 19:00,14053.726,15194.958,11450.021
forecast_0020,2025-01-01 20:00,15038.433,15886.237,12501.661
forecast_0021,2025-01-01 21:00,15782.3545,16467.729,13033.713
forecast_0022,2025-01-01 22:00,15829.665,16819.92,13175.635
forecast_0023,2025-01-01 23:00,16172.337,17150.037,13384.83
forecast_0024,2025-01-02 0:00,15768.842,16834.377,12851.707
forecast_0025,2025-01-02 1:00,14433.475,15756.135,10607.212
forecast_0026,2025-01-02 2:00,13642.464,15173.7295,10405.123
forecast_0027,2025-01-02 3:00,12822.307,14483.269,10246.064
forecast_0028,2025-01-02 4:00,12184.882,13685.523,9756.318
forecast_0029,2025-01-02 5:00,11543.423,12608.535,8592.944
forecast_0030,2025-01-02 6:00,10255.812,11066.432,7814.4927
forecast_0031,2025-01-02 7:00,9843.08,10075.426,7295.708
forecast_0032,2025-01-02 8:00,8661.954,9258.223,6245.1553
forecast_0033,2025-01-02 9:00,7604.372,7936.071,4921.619
forecast_0034,2025-01-02 10:00,5693.8237,5958.294,3245.8545
forecast_0035,2025-01-02 11:00,4711.625,5115.1997,2937.3127
forecast_0036,2025-01-02 12:00,5241.7905,5586.6875,3776.9941
forecast_0037,2025-01-02 13:00,5628.9233,5696.495,3795.8076
forecast_0038,2025-01-02 14:00,6828.6733,5910.0054,3695.463
forecast_0039,2025-01-02 15:00,7831.179,6957.3667,4607.5776
forecast_0040,2025-01-02 16:00,9289.778,8101.324,5747.606
forecast_0041,2025-01-02 17:00,10163.488,8845.177,6167.227
forecast_0042,2025-01-02 18:00,11396.583,10955.7295,8437.11
forecast_0043,2025-01-02 19:00,12174.769,11956.913,9372.9
forecast_0044,2025-01-02 20:00,12272.333,12541.204,9379.487
forecast_0045,2025-01-02 21:00,12718.085,13124.142,10123.671
forecast_0046,2025-01-02 22:00,12874.775,13832.401,10596.18
forecast_0047,2025-01-02 23:00,13128.384,14148.524,11064.39
forecast_0048,2025-01-03 0:00,13734.598,15004.43,12055.1875
forecast_0049,2025-01-03 1:00,13414.486,14529.124,11378.255
forecast_0050,2025-01-03 2:00,14023.957,15136.307,11958.066
forecast_0051,2025-01-03 3:00,13863.604,14699.705,11878.632
forecast_0052,2025-01-03 4:00,13875.998,14620.79,11806.599
forecast_0053,2025-01-03 5:00,13918.287,14393.213,11572.246
forecast_0054,2025-01-03 6:00,13873.955,14032.446,10946.353
forecast_0055,2025-01-03 7:00,13235.312,13613.552,10491.204
forecast_0056,2025-01-03 8:00,13159.3,13789.691,10868.657
forecast_0057,2025-01-03 9:00,12805.442,12731.213,9625.545
forecast_0058,2025-01-03 10:00,12292.76,12338.203,9312.853
forecast_0059,2025-01-03 11:00,12295.869,11561.041,8961.839
forecast_0060,2025-01-03 12:00,12065.511,10841.674,8370.026
forecast_0061,2025-01-03 13:00,12399.547,11100.426,8979.386
forecast_0062,2025-01-03 14:00,12901.115,12553.4795,9585.76
forecast_0063,2025-01-03 15:00,13254.344,13072.123,10110.76
forecast_0064,2025-01-03 16:00,13849.937,13737.652,11485.132
forecast_0065,2025-01-03 17:00,13602.209,13467.404,10651.744
forecast_0066,2025-01-03 18:00,11821.351,11790.81,9915.336
forecast_0067,2025-01-03 19:00,12425.246,12722.363,10474.1875
forecast_0068,2025-01-03 20:00,13672.888,13976.549,11759.391
forecast_0069,2025-01-03 21:00,13841.421,13970.088,12362.432
forecast_0070,2025-01-03 22:00,13920.399,14260.409,12777.477
forecast_0071,2025-01-03 23:00,14051.848,14412.568,12652.588
forecast_0072,2025-01-04 0:00,13378.709,14153.786,11799.363
forecast_0073,2025-01-04 1:00,15358.149,15905.191,13332.358
forecast_0074,2025-01-04 2:00,15422.515,16340.878,13339.415
forecast_0075,2025-01-04 3:00,15249.522,15901.162,13085.289
forecast_0076,2025-01-04 4:00,15697.082,16470.125,13132.172
forecast_0077,2025-01-04 5:00,15995.525,17084.73,13474.459
forecast_0078,2025-01-04 6:00,16520.781,17529.729,13086.777
forecast_0079,2025-01-04 7:00,16112.486,17102.506,12756.14
forecast_0080,2025-01-04 8:00,15000.048,16045.13,12014.89
forecast_0081,2025-01-04 9:00,14387.303,15072.41,11662.49
forecast_0082,2025-01-04 10:00,12381.184,13325.454,9906.037
forecast_0083,2025-01-04 11:00,10533.428,12027.406,8881.113
forecast_0084,2025-01-04 12:00,11927.966,12935.428,9994.536
forecast_0085,2025-01-04 13:00,13050.644,13297.456,10305.562
forecast_0086,2025-01-04 14:00,13093.284,13308.3,10362.285
forecast_0087,2025-01-04 15:00,12749.991,12133.197,9932.806
forecast_0088,2025-01-04 16:00,12840.739,12322.212,9655.158
forecast_0089,2025-01-04 17:00,12463.5205,12637.976,10172.971
forecast_0090,2025-01-04 18:00,14121.842,15000.758,11790.832
forecast_0091,2025-01-04 19:00,14305.375,15477.685,12013.522
forecast_0092,2025-01-04 20:00,14879.987,16280.012,12691.211
forecast_0093,2025-01-04 21:00,15707.07,17026.254,13628.101
forecast_0094,2025-01-04 22:00,17340.375,18240.47,15009.984
forecast_0095,2025-01-04 23:00,17960.87,18827.846,15965.052
forecast_0096,2025-01-05 0:00,17462.848,18100.549,14941.226
forecast_0097,2025-01-05 1:00,16882.162,17877.287,13510.023
forecast_0098,2025-01-05 2:00,16613.48,17299.473,13132.469
forecast_0099,2025-01-05 3:00,15598.954,16714.44,12184.723
forecast_0100,2025-01-05 4:00,15245.399,16776.445,12035.975
forecast_0101,2025-01-05 5:00,13832.938,15455.644,11110.703
forecast_0102,2025-01-05 6:00,12747.843,14667.102,10106.047
forecast_0103,2025-01-05 7:00,11881.978,13570.552,9724.415
forecast_0104,2025-01-05 8:00,13112.641,15148.156,11167.9795
forecast_0105,2025-01-05 9:00,13787.517,15756.863,12568.913
forecast_0106,2025-01-05 10:00,14353.626,16082.158,13831.386
forecast_0107,2025-01-05 11:00,17154.758,18091.14,15768.84
forecast_0108,2025-01-05 12:00,17122.588,18651.863,15844.229
forecast_0109,2025-01-05 13:00,15990.963,17618.1,15533.7
forecast_0110,2025-01-05 14:00,13633.07,15386.948,13540.086
forecast_0111,2025-01-05 15:00,12761.264,14697.767,12371.772
forecast_0112,2025-01-05 16:00,11323.589,13953.898,10812.556
forecast_0113,2025-01-05 17:00,9919.213,12788.1875,9665.421
forecast_0114,2025-01-05 18:00,10295.528,13312.011,10307.112
forecast_0115,2025-01-05 19:00,12308.15,13568.931,10574.04
forecast_0116,2025-01-05 20:00,13111.616,14392.999,11946.692
forecast_0117,2025-01-05 21:00,13350.351,14171.198,12034.711
forecast_0118,2025-01-05 22:00,13464.792,14208.013,11772.831
forecast_0119,2025-01-05 23:00,12655.818,13701.877,10868.975
forecast_0120,2025-01-06 0:00,12047.924,13517.774,10500.103
forecast_0121,2025-01-06 1:00,11310.033,12300.239,9656.405
forecast_0122,2025-01-06 2:00,11524.996,12527.163,9699.637
forecast_0123,2025-01-06 3:00,11457.867,12375.83,8924.482
forecast_0124,2025-01-06 4:00,10110.927,11141.005,7802.8535
forecast_0125,2025-01-06 5:00,7804.6323,7850.7207,4609.6846
forecast_0126,2025-01-06 6:00,5814.538,6806.3433,3750.9878
forecast_0127,2025-01-06 7:00,3911.513,4146.1304,2351.627
forecast_0128,2025-01-06 8:00,4365.2324,5154.4346,3205.0747
forecast_0129,2025-01-06 9:00,3627.5898,3725.0886,2109.4531
forecast_0130,2025-01-06 10:00,4579.705,4890.365,3192.189
forecast_0131,2025-01-06 11:00,5574.2593,5867.245,4015.4697
forecast_0132,2025-01-06 12:00,6105.896,6395.776,5015.9575
forecast_0133,2025-01-06 13:00,7433.7646,7585.356,5815.3696
forecast_0134,2025-01-06 14:00,7245.9556,6811.186,5704.2363
forecast_0135,2025-01-06 15:00,8520.67,8239.287,6605.918
forecast_0136,2025-01-06 16:00,9773.359,9325.147,8039.1787
forecast_0137,2025-01-06 17:00,10613.605,10497.203,9191.915
forecast_0138,2025-01-06 18:00,11833.792,12109.292,10304.572
forecast_0139,2025-01-06 19:00,12930.413,13640.566,12123.567
forecast_0140,2025-01-06 20:00,13331.161,14396.094,12750.205
forecast_0141,2025-01-06 21:00,13255.607,14667.271,12955.971
forecast_0142,2025-01-06 22:00,13897.476,15303.452,13588.526
forecast_0143,2025-01-06 23:00,14567.8125,16158.403,14163.149
forecast_0144,2025-01-07 0:00,15804.694,17166.469,15261.784
forecast_0145,2025-01-07 1:00,17301.16,18057.42,15687.332
forecast_0146,2025-01-07 2:00,17617.86,18677.158,15886.124
forecast_0147,2025-01-07 3:00,17435.58,18548.73,15818.053
forecast_0148,2025-01-07 4:00,17377.021,18371.865,15719.247
forecast_0149,2025-01-07 5:00,17014.428,17579.182,15365.162
forecast_0150,2025-01-07 6:00,16857,17525.537,14941.193
forecast_0151,2025-01-07 7:00,17154.316,18037.271,14959.923
forecast_0152,2025-01-07 8:00,17294.23,18958.506,15108.889
forecast_0153,2025-01-07 9:00,17024.842,18946.258,15754.372
forecast_0154,2025-01-07 10:00,17143.338,18698.602,15305.98
forecast_0155,2025-01-07 11:00,17087.521,18785.361,15340.382
forecast_0156,2025-01-07 12:00,16658.402,18401.934,14540.722
forecast_0157,2025-01-07 13:00,16456.965,17581.371,14382.181
forecast_0158,2025-01-07 14:00,16335.577,17399.232,14103.286
forecast_0159,2025-01-07 15:00,16515.467,17184.139,14291.881
forecast_0160,2025-01-07 16:00,16583.09,16949.043,14393.46
forecast_0161,2025-01-07 17:00,16441.47,17821.848,14933.591
forecast_0162,2025-01-07 18:00,17155.416,18474.64,15669.889
forecast_0163,2025-01-07 19:00,17094.156,18540.658,16006.095
forecast_0164,2025-01-07 20:00,17581.434,19041.385,16158.748
forecast_0165,2025-01-07 21:00,17551.176,19026.086,16312.784
forecast_0166,2025-01-07 22:00,17727.77,19173.43,16373.263
forecast_0167,2025-01-07 23:00,17552.541,19309.197,16273.107
forecast_0168,2025-01-08 0:00,16659.781,19022.123,16100.525
forecast_0169,2025-01-08 1:00,16639.418,18872.96,16081.786
forecast_0170,2025-01-08 2:00,16578.732,18277.879,15698.438
forecast_0171,2025-01-08 3:00,16218.53,17899.338,15150.858
forecast_0172,2025-01-08 4:00,16369.869,17888.541,14426.28
forecast_0173,2025-01-08 5:00,16101.785,17653.088,14012.721
forecast_0174,2025-01-08 6:00,15572.423,17433.096,14089.9
forecast_0175,2025-01-08 7:00,15248.313,16967.457,14257.124
forecast_0176,2025-01-08 8:00,15578.609,17790.236,14562.842
forecast_0177,2025-01-08 9:00,16237.1045,18196.002,15314.322
forecast_0178,2025-01-08 10:00,16322.537,18093.79,14636.352
forecast_0179,2025-01-08 11:00,16306.592,18316.312,15250.444
forecast_0180,2025-01-08 12:00,17292.256,18764.508,15928.199
forecast_0181,2025-01-08 13:00,17110.217,18454.113,15692.116
forecast_0182,2025-01-08 14:00,17026.674,18221.055,15689.644
forecast_0183,2025-01-08 15:00,16932.045,18114.299,15579.553
forecast_0184,2025-01-08 16:00,16695.344,17856.021,15570.293
forecast_0185,2025-01-08 17:00,16529.402,17411.48,15523.556
forecast_0186,2025-01-08 18:00,16237.309,17233.234,15565.761
forecast_0187,2025-01-08 19:00,16187.345,17356.945,15703.535
forecast_0188,2025-01-08 20:00,16129.818,17823.303,15664.481
forecast_0189,2025-01-08 21:00,15891.193,17471.79,15510.225
forecast_0190,2025-01-08 22:00,15586.397,17613.793,15840.14
forecast_0191,2025-01-08 23:00,15483.497,17319.508,15545.971
forecast_0192,2025-01-09 0:00,15563.084,17411.717,15613.038
forecast_0193,2025-01-09 1:00,14279.63,16668.145,15139.572
forecast_0194,2025-01-09 2:00,14207.042,16484.555,14150.787
forecast_0195,2025-01-09 3:00,14152.799,16194.468,13900.558
forecast_0196,2025-01-09 4:00,14628.641,16618.555,13669.739
forecast_0197,2025-01-09 5:00,14115.072,17088.66,13375.757
forecast_0198,2025-01-09 6:00,14023.398,17105.771,13532.181
forecast_0199,2025-01-09 7:00,14505.556,16236.528,13479.888
forecast_0200,2025-01-09 8:00,13903.666,15633.009,13711.93
forecast_0201,2025-01-09 9:00,14048.8955,15897.852,13751.41
forecast_0202,2025-01-09 10:00,15073.135,16669.041,13788.569
forecast_0203,2025-01-09 11:00,15226.626,16994.299,13455.658
forecast_0204,2025-01-09 12:00,15449.894,17360.32,13064.559
forecast_0205,2025-01-09 13:00,15406.578,17275.588,13691.634
forecast_0206,2025-01-09 14:00,15582.174,16960.45,13601.7705
forecast_0207,2025-01-09 15:00,15809.92,16435.4,13067.424
forecast_0208,2025-01-09 16:00,15358.229,15576.742,12477.941
forecast_0209,2025-01-09 17:00,15506.072,15392.113,12276.106
forecast_0210,2025-01-09 18:00,15497.134,15605.409,11151.811
forecast_0211,2025-01-09 19:00,14837.198,15326.064,10546.608
forecast_0212,2025-01-09 20:00,14247.719,14786.986,9561.663
forecast_0213,2025-01-09 21:00,14674.552,16037.742,10299.838
forecast_0214,2025-01-09 22:00,17907.074,18381.594,10811.252
forecast_0215,2025-01-09 23:00,18877.037,19412.248,11798.569
forecast_0216,2025-01-10 0:00,19470.293,19927.19,12407.95
forecast_0217,2025-01-10 1:00,13857.058,13560.519,10511.613
forecast_0218,2025-01-10 2:00,15070.488,15267.262,11334.856
forecast_0219,2025-01-10 3:00,16804.826,17037.312,11464.969
forecast_0220,2025-01-10 4:00,18759.482,18351.373,12961.861
forecast_0221,2025-01-10 5:00,19052.254,18712.47,13245.629
forecast_0222,2025-01-10 6:00,18323.58,17894.658,13319.036
forecast_0223,2025-01-10 7:00,16392.975,15595.514,11621.866
forecast_0224,2025-01-10 8:00,13999.21,12321.977,10267.869
forecast_0225,2025-01-10 9:00,12428.4795,9995.912,9359.827
forecast_0226,2025-01-10 10:00,8723.329,6431.884,6081.0317
forecast_0227,2025-01-10 11:00,5243.1807,4207.57,2853.2324
forecast_0228,2025-01-10 12:00,4003.3618,3339.7483,1870.459
forecast_0229,2025-01-10 13:00,3208.2395,2937.5156,1821.2903
forecast_0230,2025-01-10 14:00,3653.9702,3505.7883,2331.7354
forecast_0231,2025-01-10 15:00,4687.1934,4512.203,3535.3318
forecast_0232,2025-01-10 16:00,5127.7915,4911.6743,3927.9053
forecast_0233,2025-01-10 17:00,6586.4316,5633.3535,4408.2056
forecast_0234,2025-01-10 18:00,8306.873,7242.397,7306.918
forecast_0235,2025-01-10 19:00,9125.818,8998.431,8312.597
forecast_0236,2025-01-10 20:00,9942.898,9219.485,8779.948
forecast_0237,2025-01-10 21:00,9618.243,8998.792,8605.581
forecast_0238,2025-01-10 22:00,9202.642,8583.348,8469.239
forecast_0239,2025-01-10 23:00,9197.762,8566.164,8412.615
forecast_0240,2025-01-11 0:00,9907.447,8992.458,8821.327
forecast_0241,2025-01-11 1:00,9725.715,8903.951,8534.1455
forecast_0242,2025-01-11 2:00,9234.6875,8621.409,7946.231
forecast_0243,2025-01-11 3:00,9309.518,8516.788,7892.8213
forecast_0244,2025-01-11 4:00,10773.003,9802.868,8877.396
forecast_0245,2025-01-11 5:00,10056.202,9025.482,8437.896
forecast_0246,2025-01-11 6:00,7633.2217,6889.5747,6508.505
forecast_0247,2025-01-11 7:00,6286.7075,5768.728,5253.0176
forecast_0248,2025-01-11 8:00,7039.0103,6016.768,5538.0806
forecast_0249,2025-01-11 9:00,6962.8076,6088.4487,5598.992
forecast_0250,2025-01-11 10:00,5459.6978,4957.6523,2746.9573
forecast_0251,2025-01-11 11:00,4132.258,3844.4036,1875.0607
forecast_0252,2025-01-11 12:00,3222.1262,2869.6284,1547.8622
forecast_0253,2025-01-11 13:00,2981.852,2870.4229,1732.438
forecast_0254,2025-01-11 14:00,2888.7847,2781.959,1780.3615
forecast_0255,2025-01-11 15:00,3037.3027,2948.6636,1782.0995
forecast_0256,2025-01-11 16:00,3298.4268,3091.4067,1902.7341
forecast_0257,2025-01-11 17:00,4727.218,4210.2305,2909.1687
forecast_0258,2025-01-11 18:00,7304.661,6520.687,5827.7764
forecast_0259,2025-01-11 19:00,9620.601,8993.323,7510.581
forecast_0260,2025-01-11 20:00,10328.512,9839.321,8523.255
forecast_0261,2025-01-11 21:00,10734.793,10112.321,8698.82
forecast_0262,2025-01-11 22:00,11192.193,10557.236,9018.628
forecast_0263,2025-01-11 23:00,12487.71,12675.963,9772.29
forecast_0264,2025-01-12 0:00,13674.957,13541.497,10871.357
forecast_0265,2025-01-12 1:00,10145.213,10043.15,7831.665
forecast_0266,2025-01-12 2:00,10752.8,11028.441,8352.846
forecast_0267,2025-01-12 3:00,12148.886,12812.6,9258.319
forecast_0268,2025-01-12 4:00,13638.933,14284.196,10620.057
forecast_0269,2025-01-12 5:00,14383.147,15224.468,10942.603
forecast_0270,2025-01-12 6:00,14939.429,15633.222,11163.414
forecast_0271,2025-01-12 7:00,15167.746,15797.847,11312.535
forecast_0272,2025-01-12 8:00,15315.461,15979.901,11904.858
forecast_0273,2025-01-12 9:00,15837.864,16485.848,11856.371
forecast_0274,2025-01-12 10:00,14673.129,15797.313,11012.215
forecast_0275,2025-01-12 11:00,12956.248,14602.745,10112.203
forecast_0276,2025-01-12 12:00,11556.834,13099.803,9259.365
forecast_0277,2025-01-12 13:00,11967.925,12816.017,8846.674
forecast_0278,2025-01-12 14:00,12974.336,13683.395,10407.149
forecast_0279,2025-01-12 15:00,12770.928,13824.464,10345.272
forecast_0280,2025-01-12 16:00,13237.557,14115.361,10555.534
forecast_0281,2025-01-12 17:00,14021.311,14619.901,10916.346
forecast_0282,2025-01-12 18:00,14475.081,14931.231,11331.385
forecast_0283,2025-01-12 19:00,14790.407,15311.807,11891.095
forecast_0284,2025-01-12 20:00,15544.237,16476.818,12128.247
forecast_0285,2025-01-12 21:00,16068.663,17170.264,12658.775
forecast_0286,2025-01-12 22:00,16047.763,16843.43,12785.567
forecast_0287,2025-01-12 23:00,16065.774,16357.618,12868.171
forecast_0288,2025-01-13 0:00,17668.006,17937.02,14246.749
forecast_0289,2025-01-13 1:00,17374.21,17907.334,15158.614
forecast_0290,2025-01-13 2:00,18522.438,18857.014,15805.715
forecast_0291,2025-01-13 3:00,19222.357,19656.924,16208.432
forecast_0292,2025-01-13 4:00,20024.916,20220.67,16815.19
forecast_0293,2025-01-13 5:00,20733.957,20313.436,17008.145
forecast_0294,2025-01-13 6:00,20846.582,20519.469,17103.064
forecast_0295,2025-01-13 7:00,20724.002,20486.904,17788.674
forecast_0296,2025-01-13 8:00,20249.703,20080.273,16629.793
forecast_0297,2025-01-13 9:00,20001.832,20358.752,17031.777
forecast_0298,2025-01-13 10:00,19144.4,20092.602,16727.09
forecast_0299,2025-01-13 11:00,18691.506,19859.178,16523.455
forecast_0300,2025-01-13 12:00,16112.396,17999.137,14750.787
forecast_0301,2025-01-13 13:00,14226.945,15734.056,13126.654
forecast_0302,2025-01-13 14:00,13749.997,14963.372,12252.229
forecast_0303,2025-01-13 15:00,13992.052,15001.086,12366.182
forecast_0304,2025-01-13 16:00,14224.009,15123.964,13068.41
forecast_0305,2025-01-13 17:00,14418.016,14770.281,12340.229
forecast_0306,2025-01-13 18:00,13210.923,13601.3125,10809.384
forecast_0307,2025-01-13 19:00,13893.754,14206.356,12095.266
forecast_0308,2025-01-13 20:00,15676.647,16538.512,14106.913
forecast_0309,2025-01-13 21:00,15573.489,16564.562,14299.541
forecast_0310,2025-01-13 22:00,17050.803,18082.666,15621.332
forecast_0311,2025-01-13 23:00,17576.365,18408.59,15984.166
forecast_0312,2025-01-14 0:00,18133.316,19003.482,16180.583
forecast_0313,2025-01-14 1:00,17864.156,18876.025,16343.947
forecast_0314,2025-01-14 2:00,17417.44,19116.176,16364.053
forecast_0315,2025-01-14 3:00,17718.062,18893.127,16121.2705
forecast_0316,2025-01-14 4:00,17967.95,19029.635,15879.764
forecast_0317,2025-01-14 5:00,18429.254,19191.463,16055.361
forecast_0318,2025-01-14 6:00,18573.293,19352.549,16210.359
forecast_0319,2025-01-14 7:00,18183.25,19215.268,16245.949
forecast_0320,2025-01-14 8:00,18129.33,18934.205,15951.861
forecast_0321,2025-01-14 9:00,18084.955,18698.705,15619.259
forecast_0322,2025-01-14 10:00,17396.422,18107.248,15559.031
forecast_0323,2025-01-14 11:00,16316.626,17093.633,15227.51
forecast_0324,2025-01-14 12:00,15747.462,16505.521,14782.816
forecast_0325,2025-01-14 13:00,15429.947,15819.374,13947.904
forecast_0326,2025-01-14 14:00,14789.579,15114.196,12974.275
forecast_0327,2025-01-14 15:00,14359.235,14499.501,12120.349
forecast_0328,2025-01-14 16:00,13702.851,13644.617,11601.526
forecast_0329,2025-01-14 17:00,13208.715,13399.986,10753.568
forecast_0330,2025-01-14 18:00,12889.446,13296.314,10539.979
forecast_0331,2025-01-14 19:00,12943.484,13632.317,10688.251
forecast_0332,2025-01-14 20:00,13306.894,13706.558,10879.58
forecast_0333,2025-01-14 21:00,13998.853,14735.455,12106.517
forecast_0334,2025-01-14 22:00,15068.268,15598.293,13405.042
forecast_0335,2025-01-14 23:00,15516.46,15841.358,12995.519
forecast_0336,2025-01-15 0:00,15752.301,16168.396,13027.481
forecast_0337,2025-01-15 1:00,15366.838,15466.676,13108.8125
forecast_0338,2025-01-15 2:00,14805.551,14822.735,11729.4375
forecast_0339,2025-01-15 3:00,13421.225,12691.542,9990.637
forecast_0340,2025-01-15 4:00,12716.809,12223.77,9818.255
forecast_0341,2025-01-15 5:00,13149.995,12952.039,10099.234
forecast_0342,2025-01-15 6:00,13853.499,13953.627,10780.029
forecast_0343,2025-01-15 7:00,14633.355,15859.6045,11948.186
forecast_0344,2025-01-15 8:00,14415.232,15052.918,11429.739
forecast_0345,2025-01-15 9:00,14534.753,15327.936,12300.557
forecast_0346,2025-01-15 10:00,13786.295,14041.606,10793.441
forecast_0347,2025-01-15 11:00,13515.347,13853.745,11206.59
forecast_0348,2025-01-15 12:00,13461.923,13530.109,10747.359
forecast_0349,2025-01-15 13:00,13157.667,13197.536,10552.591
forecast_0350,2025-01-15 14:00,12596.353,12416.997,9935.59
forecast_0351,2025-01-15 15:00,12043.797,11978.527,9627.578
forecast_0352,2025-01-15 16:00,12207.715,12476.96,10005.305
forecast_0353,2025-01-15 17:00,13539.969,14204.816,11368.369
forecast_0354,2025-01-15 18:00,15172.203,15659.831,12950.871
forecast_0355,2025-01-15 19:00,15624.339,16221.088,13647.73
forecast_0356,2025-01-15 20:00,16352.017,17010.201,14192.539
forecast_0357,2025-01-15 21:00,17283.197,18434.938,15684.821
forecast_0358,2025-01-15 22:00,18064.105,19546.412,16300.33
forecast_0359,2025-01-15 23:00,18580.594,19852.23,16545.973
forecast_0360,2025-01-16 0:00,18996.986,20180.783,16617.537
forecast_0361,2025-01-16 1:00,18969.127,20095.344,16358.8955
forecast_0362,2025-01-16 2:00,19732.105,20710.2,16832.098
forecast_0363,2025-01-16 3:00,20557.932,20960.39,17236.908
forecast_0364,2025-01-16 4:00,20778.115,20998.281,17506.232
forecast_0365,2025-01-16 5:00,20505.908,21026.95,17484.326
forecast_0366,2025-01-16 6:00,20685.328,20717.262,17005.406
forecast_0367,2025-01-16 7:00,20807.512,20996.406,17362.287
forecast_0368,2025-01-16 8:00,20981.697,20959.525,17791.941
forecast_0369,2025-01-16 9:00,20522.42,21096.803,18059.752
forecast_0370,2025-01-16 10:00,19637.705,20710.832,17571.525
forecast_0371,2025-01-16 11:00,19391.793,20360.352,16898.842
forecast_0372,2025-01-16 12:00,18512.123,19736.633,16418.309
forecast_0373,2025-01-16 13:00,17644,18685.203,15931.107
forecast_0374,2025-01-16 14:00,17309.37,17880.713,15249.94
forecast_0375,2025-01-16 15:00,17199.502,17713.646,15549.124
forecast_0376,2025-01-16 16:00,17252.512,17965.873,15368.131
forecast_0377,2025-01-16 17:00,17627.94,18627.297,16075.972
forecast_0378,2025-01-16 18:00,18130.43,19321.602,16170.217
forecast_0379,2025-01-16 19:00,16774.266,17704.729,14601.081
forecast_0380,2025-01-16 20:00,13927.69,14530.3125,10963.257
forecast_0381,2025-01-16 21:00,11275.371,12189.505,9070.51
forecast_0382,2025-01-16 22:00,10369.417,11195.646,8119.5757
forecast_0383,2025-01-16 23:00,8159.4595,8510.394,5753.02
forecast_0384,2025-01-17 0:00,5361.8657,4845.466,2946.942
forecast_0385,2025-01-17 1:00,2357.9365,2104.351,1493.9215
forecast_0386,2025-01-17 2:00,1725.5568,1619.7402,1212.8618
forecast_0387,2025-01-17 3:00,1670.5197,1736.847,1114.0044
forecast_0388,2025-01-17 4:00,1795.8264,1786.1367,1201.4042
forecast_0389,2025-01-17 5:00,1796.1965,1851.1602,1172.2515
forecast_0390,2025-01-17 6:00,1748.6312,1837.4785,1153.9636
forecast_0391,2025-01-17 7:00,1858.3721,1842.6047,1159.4373
forecast_0392,2025-01-17 8:00,1979.1274,1937.7953,1268.9017
forecast_0393,2025-01-17 9:00,1784.0592,1797.335,1199.4507
forecast_0394,2025-01-17 10:00,1391.9146,1586.8936,996.1151
forecast_0395,2025-01-17 11:00,1394.6567,1707.9124,1073.4086
forecast_0396,2025-01-17 12:00,1399.6455,1685.3164,989.9686
forecast_0397,2025-01-17 13:00,1636.1562,1732.7894,1138.2942
forecast_0398,2025-01-17 14:00,1957.477,1864.6757,1323.9547
forecast_0399,2025-01-17 15:00,2418.3882,2337.9624,1598.9579
forecast_0400,2025-01-17 16:00,4005.8308,3698.1091,2210.1443
forecast_0401,2025-01-17 17:00,6771.082,6286.0864,3841.0007
forecast_0402,2025-01-17 18:00,9268.183,9330.522,7359.2383
forecast_0403,2025-01-17 19:00,11054.228,11586.731,9209.256
forecast_0404,2025-01-17 20:00,12391.423,12715.896,9933.581
forecast_0405,2025-01-17 21:00,14098.946,13956.025,10424.577
forecast_0406,2025-01-17 22:00,14435.309,14215.002,10720.362
forecast_0407,2025-01-17 23:00,14665.634,14108.69,10458.97
forecast_0408,2025-01-18 0:00,15240.91,14298.178,11003.03
forecast_0409,2025-01-18 1:00,13339.847,11758.926,9366.985
forecast_0410,2025-01-18 2:00,13720.265,12402.745,9460.117
forecast_0411,2025-01-18 3:00,15144.425,13862.661,10398.454
forecast_0412,2025-01-18 4:00,17154.83,15937.035,12058.269
forecast_0413,2025-01-18 5:00,17674.863,16197.962,12246.632
forecast_0414,2025-01-18 6:00,16215.126,14519.578,10838.295
forecast_0415,2025-01-18 7:00,14549.713,12871.066,9065.182
forecast_0416,2025-01-18 8:00,11225.96,9362.759,6101.264
forecast_0417,2025-01-18 9:00,7195.311,5442.4062,2662.8022
forecast_0418,2025-01-18 10:00,5738.98,4449.885,2089.7764
forecast_0419,2025-01-18 11:00,5133.9053,4727.2515,2508.3713
forecast_0420,2025-01-18 12:00,5629.4243,5563.699,3457.1536
forecast_0421,2025-01-18 13:00,4699.338,4627.525,2629.532
forecast_0422,2025-01-18 14:00,3999.9165,3720.5305,2229.8687
forecast_0423,2025-01-18 15:00,4091.622,3985.3953,2300.379
forecast_0424,2025-01-18 16:00,5139.468,5268.9976,3203.5034
forecast_0425,2025-01-18 17:00,10179.475,9967.325,7869.1553
forecast_0426,2025-01-18 18:00,13832.992,14172.543,10549.669
forecast_0427,2025-01-18 19:00,16252.508,16499.666,13159.608
forecast_0428,2025-01-18 20:00,17667.4,17907.78,14706.455
forecast_0429,2025-01-18 21:00,18426.57,19060.66,15455.127
forecast_0430,2025-01-18 22:00,18639.555,19340.898,15430.861
forecast_0431,2025-01-18 23:00,18167.102,18841.352,14583.402
forecast_0432,2025-01-19 0:00,18353.084,18685.09,14114.57
forecast_0433,2025-01-19 1:00,16590.219,17022.781,12497.971
forecast_0434,2025-01-19 2:00,17259.709,17469.453,12823.283
forecast_0435,2025-01-19 3:00,18595.63,18568.502,13733.695
forecast_0436,2025-01-19 4:00,19426.361,19509.223,14985.936
forecast_0437,2025-01-19 5:00,19349.44,19472.45,15101.682
forecast_0438,2025-01-19 6:00,19550.906,19740.156,15578.641
forecast_0439,2025-01-19 7:00,19619.928,19588.035,15668.414
forecast_0440,2025-01-19 8:00,18966.613,18673.316,14782.075
forecast_0441,2025-01-19 9:00,17832.484,18363.973,14203.845
forecast_0442,2025-01-19 10:00,16726.586,16802.986,12497.022
forecast_0443,2025-01-19 11:00,13928.845,15079.42,11400.288
forecast_0444,2025-01-19 12:00,11776.847,13892.401,10454.161
forecast_0445,2025-01-19 13:00,11304.333,12560.561,9142.256
forecast_0446,2025-01-19 14:00,10907.209,12087.704,8986.559
forecast_0447,2025-01-19 15:00,9985.383,10051.741,7429.4995
forecast_0448,2025-01-19 16:00,9023.79,9811.636,6157.692
forecast_0449,2025-01-19 17:00,10820.347,11228.895,7816.312
forecast_0450,2025-01-19 18:00,12477.316,12819.291,9810.14
forecast_0451,2025-01-19 19:00,13272.963,13753.934,10378.842
forecast_0452,2025-01-19 20:00,13340.733,14041.592,9989.202
forecast_0453,2025-01-19 21:00,13569.576,14590.117,10752.28
forecast_0454,2025-01-19 22:00,13045.424,14226.005,10536.844
forecast_0455,2025-01-19 23:00,12936.003,14032.432,10651.862
forecast_0456,2025-01-20 0:00,11726.716,12632.929,9689.91
forecast_0457,2025-01-20 1:00,9622.702,9645.01,7129.498
forecast_0458,2025-01-20 2:00,8538.634,8108.5083,6129.287
forecast_0459,2025-01-20 3:00,6996.8237,6018.382,4052.4375
forecast_0460,2025-01-20 4:00,6376.84,5592.3486,3462.929
forecast_0461,2025-01-20 5:00,5733.034,5033.24,2812.562
forecast_0462,2025-01-20 6:00,4570.418,3812.1714,2087.7117
forecast_0463,2025-01-20 7:00,2999.61,2708.7246,1662.9604
forecast_0464,2025-01-20 8:00,2136.7866,2166.0671,1390.7683
forecast_0465,2025-01-20 9:00,1476.877,1729.7306,1173.3195
forecast_0466,2025-01-20 10:00,1156.8789,1252.9319,877.2596
forecast_0467,2025-01-20 11:00,1166.4901,1205.9462,827.4165
forecast_0468,2025-01-20 12:00,1135.998,1155.3434,750.13947
forecast_0469,2025-01-20 13:00,1121.6337,1180.4634,740.5508
forecast_0470,2025-01-20 14:00,1167.7682,1176.3435,759.8882
forecast_0471,2025-01-20 15:00,1211.0991,1309.0107,740.5508
forecast_0472,2025-01-20 16:00,1258.1577,1377.64,837.79987
forecast_0473,2025-01-20 17:00,1322.9883,1434.3799,877.8327
forecast_0474,2025-01-20 18:00,1190.9731,1258.8839,944.63855
forecast_0475,2025-01-20 19:00,1284.6147,1370.2927,873.81885
forecast_0476,2025-01-20 20:00,1288.2205,1411.056,850.9955
forecast_0477,2025-01-20 21:00,1349.7373,1628.7294,1038.2981
forecast_0478,2025-01-20 22:00,1611.3165,1833.9056,1182.2888
forecast_0479,2025-01-20 23:00,1832.1593,2110.123,1247.8015
forecast_0480,2025-01-21 0:00,1840.5796,1999.6257,1315.0361
forecast_0481,2025-01-21 1:00,2996.645,2765.1355,1665.6819
forecast_0482,2025-01-21 2:00,3280.2368,2931.3699,1717.1093
forecast_0483,2025-01-21 3:00,3605.4722,3193.0522,1899.4055
forecast_0484,2025-01-21 4:00,3992.8008,3473.8787,2094.4297
forecast_0485,2025-01-21 5:00,4345.247,3592.6882,2290.4731
forecast_0486,2025-01-21 6:00,3810.4238,3119.521,1973.6572
forecast_0487,2025-01-21 7:00,3475.6335,2887.3142,1953.8132
forecast_0488,2025-01-21 8:00,3162.7312,2632.793,1754.2742
forecast_0489,2025-01-21 9:00,2400.365,2253.5767,1247.425
forecast_0490,2025-01-21 10:00,2240.9968,2076.0366,1202.2855
forecast_0491,2025-01-21 11:00,2159.6704,1959.0388,1182.0103
forecast_0492,2025-01-21 12:00,2627.9395,2409.0767,1481.6957
forecast_0493,2025-01-21 13:00,2889.0977,2912.9326,1675.1818
forecast_0494,2025-01-21 14:00,3667.9797,3511.4685,2247.0286
forecast_0495,2025-01-21 15:00,5034.66,4611.1284,2808.6096
forecast_0496,2025-01-21 16:00,5462.6973,5113.172,2952.8464
forecast_0497,2025-01-21 17:00,5602.119,5422.596,3038.0366
forecast_0498,2025-01-21 18:00,7169.699,6982.6694,4782.136
forecast_0499,2025-01-21 19:00,9628.804,10660.886,7287.3516
forecast_0500,2025-01-21 20:00,11508.7,13125.133,9503.235
forecast_0501,2025-01-21 21:00,12354.68,13950.855,10322.306
forecast_0502,2025-01-21 22:00,12208.518,14139.392,10145.908
forecast_0503,2025-01-21 23:00,12566.398,14613.33,10725.583
forecast_0504,2025-01-22 0:00,11996.555,13790.202,10076.46
forecast_0505,2025-01-22 1:00,10462.453,11797.087,8267.51
forecast_0506,2025-01-22 2:00,11643.557,13190.883,9369.482
forecast_0507,2025-01-22 3:00,11877.652,13724.823,9968.873
forecast_0508,2025-01-22 4:00,12919.845,14314.482,10566.03
forecast_0509,2025-01-22 5:00,13291.512,14201.38,10671.656
forecast_0510,2025-01-22 6:00,13847.179,14252.006,10536.18
forecast_0511,2025-01-22 7:00,13504.799,14012.009,10683.279
forecast_0512,2025-01-22 8:00,12693.817,13377.838,10551.253
forecast_0513,2025-01-22 9:00,11328.299,12512.907,9695.161
forecast_0514,2025-01-22 10:00,10539.66,11913.338,9386.071
forecast_0515,2025-01-22 11:00,10768.151,10807.821,8551.113
forecast_0516,2025-01-22 12:00,9239.205,9351.788,6841.9717
forecast_0517,2025-01-22 13:00,8055.0454,7821.805,5872.701
forecast_0518,2025-01-22 14:00,5710.4795,5384.4795,3828.1523
forecast_0519,2025-01-22 15:00,4681.4736,4307.5747,2602.8354
forecast_0520,2025-01-22 16:00,6245.007,5747.116,4306.384
forecast_0521,2025-01-22 17:00,6585.162,6980.7104,4447.877
forecast_0522,2025-01-22 18:00,8954.301,9363.37,6586.329
forecast_0523,2025-01-22 19:00,9132.113,10089.037,6849.175
forecast_0524,2025-01-22 20:00,10005.601,11336.697,7130.1567
forecast_0525,2025-01-22 21:00,9940.393,11382.674,6553.9575
forecast_0526,2025-01-22 22:00,10239.908,10786.224,6525.1846
forecast_0527,2025-01-22 23:00,10469.349,11334.301,6668.22
forecast_0528,2025-01-23 0:00,11078.75,12177.681,7577.2534
forecast_0529,2025-01-23 1:00,12909.762,14803.841,10447.749
forecast_0530,2025-01-23 2:00,13215.228,15111.421,10605.617
forecast_0531,2025-01-23 3:00,13501.581,15136.62,10493.213
forecast_0532,2025-01-23 4:00,12951.107,14623.335,10060.247
forecast_0533,2025-01-23 5:00,12490.697,14174.999,9829.479
forecast_0534,2025-01-23 6:00,11565.673,13168.3955,8819.702
forecast_0535,2025-01-23 7:00,11177.963,12649.077,7672.2285
forecast_0536,2025-01-23 8:00,10206.953,11643.717,7003.2925
forecast_0537,2025-01-23 9:00,7936.744,9054.422,4615.1816
forecast_0538,2025-01-23 10:00,5512.1025,6125.352,3075.835
forecast_0539,2025-01-23 11:00,4206.0786,4678.898,2175.0498
forecast_0540,2025-01-23 12:00,3861.303,3695.7246,2032.566
forecast_0541,2025-01-23 13:00,3459.877,3051.5684,1826.736
forecast_0542,2025-01-23 14:00,3307.6753,2898.9368,1756.8015
forecast_0543,2025-01-23 15:00,2773.9338,2480.1304,1394.8104
forecast_0544,2025-01-23 16:00,2193.457,1971.7184,1082.102
forecast_0545,2025-01-23 17:00,2336.8457,2118.3574,1038.199
forecast_0546,2025-01-23 18:00,2945.7668,2664.4875,1293.2971
forecast_0547,2025-01-23 19:00,3614.9187,2971.6428,1596.9922
forecast_0548,2025-01-23 20:00,3526.5781,3006.5698,1581.3508
forecast_0549,2025-01-23 21:00,3259.985,2958.877,1601.4851
forecast_0550,2025-01-23 22:00,3725.7854,3253.061,1731.7579
forecast_0551,2025-01-23 23:00,4098.6426,3584.9583,1823.2423
forecast_0552,2025-01-24 0:00,3884.5615,3325.9475,1701.2338
forecast_0553,2025-01-24 1:00,2091.2175,1879.3088,1025.9238
forecast_0554,2025-01-24 2:00,2286.4128,2020.7491,1107.3093
forecast_0555,2025-01-24 3:00,2302.521,2079.0662,1060.1453
forecast_0556,2025-01-24 4:00,2217.118,1955.6208,924.46423
forecast_0557,2025-01-24 5:00,1848.3978,1741.4254,901.872
forecast_0558,2025-01-24 6:00,1665.8896,1730.4852,901.476
forecast_0559,2025-01-24 7:00,1737.1871,1751.1056,906.97845
forecast_0560,2025-01-24 8:00,1755.2441,1759.4552,953.2317
forecast_0561,2025-01-24 9:00,1388.9883,1466.3019,824.49194
forecast_0562,2025-01-24 10:00,1093.6523,1195.1929,820.64764
forecast_0563,2025-01-24 11:00,1087.966,1145.787,765.0169
forecast_0564,2025-01-24 12:00,1084.3386,1131.8401,783.73444
forecast_0565,2025-01-24 13:00,1079.9521,1171.4896,888.51825
forecast_0566,2025-01-24 14:00,1094.9733,1212.8468,908.2502
forecast_0567,2025-01-24 15:00,1056.1156,1226.3944,932.76184
forecast_0568,2025-01-24 16:00,1050.5913,1185.8135,888.8988
forecast_0569,2025-01-24 17:00,1094.538,1172.2227,970.66956
forecast_0570,2025-01-24 18:00,1402.4784,1391.2141,993.4004
forecast_0571,2025-01-24 19:00,1793.8668,1718.8899,1135.8407
forecast_0572,2025-01-24 20:00,2249.2434,2368.3376,1447.53
forecast_0573,2025-01-24 21:00,2303.4304,2904.979,1629.1229
forecast_0574,2025-01-24 22:00,2480.2837,3076.1445,1362.5687
forecast_0575,2025-01-24 23:00,2697.0828,2957.199,1781.8663
forecast_0576,2025-01-25 0:00,3169.001,3699.9568,2271.1853
forecast_0577,2025-01-25 1:00,2130.7278,2589.7122,1169.6539
forecast_0578,2025-01-25 2:00,2828.036,3175.9248,1703.9991
forecast_0579,2025-01-25 3:00,2995.2876,3845.103,2026.9679
forecast_0580,2025-01-25 4:00,3177.7383,4017.5278,2631.9875
forecast_0581,2025-01-25 5:00,3148.566,3908.468,2032.8679
forecast_0582,2025-01-25 6:00,3103.0383,3703.9504,2375.3623
forecast_0583,2025-01-25 7:00,2866.6538,3339.4102,1895.6051
forecast_0584,2025-01-25 8:00,3456.0547,3982.3796,2564.3774
forecast_0585,2025-01-25 9:00,3268.8145,3844.9285,2272.6648
forecast_0586,2025-01-25 10:00,2188.415,2847.4565,1626.4968
forecast_0587,2025-01-25 11:00,2016.0485,2345.5527,1395.7722
forecast_0588,2025-01-25 12:00,1730.1543,2033.9209,1278.9995
forecast_0589,2025-01-25 13:00,1769.7546,1527.5891,1186.2189
forecast_0590,2025-01-25 14:00,1815.566,1633.9873,1379.4768
forecast_0591,2025-01-25 15:00,1828.355,1639.6935,1249.5267
forecast_0592,2025-01-25 16:00,1904.212,1675.8488,1388.5348
forecast_0593,2025-01-25 17:00,2346.1226,2690.4321,1531.2686
forecast_0594,2025-01-25 18:00,2916.0803,3029.561,1614.134
forecast_0595,2025-01-25 19:00,3219.898,3527.4956,1875.7734
forecast_0596,2025-01-25 20:00,3492.624,3795.6162,2006.0393
forecast_0597,2025-01-25 21:00,4235.3047,4938.406,2701.512
forecast_0598,2025-01-25 22:00,4512.5815,5200.9404,2866.1575
forecast_0599,2025-01-25 23:00,4063.0447,4617.07,2355.4304
forecast_0600,2025-01-26 0:00,3230.174,3783.3962,2023.9894
forecast_0601,2025-01-26 1:00,4688.313,5133.393,3212.6365
forecast_0602,2025-01-26 2:00,4331.4272,4647.5967,2940.8455
forecast_0603,2025-01-26 3:00,4507.3105,4584.9927,2805.7192
forecast_0604,2025-01-26 4:00,3639.7917,3750.561,1874.4657
forecast_0605,2025-01-26 5:00,3363.237,3406.7524,1820.1528
forecast_0606,2025-01-26 6:00,2899.6594,3002.9458,1675.0399
forecast_0607,2025-01-26 7:00,2459.1968,2676.6428,1525.5089
forecast_0608,2025-01-26 8:00,2426.7874,2644.4243,1290.8584
forecast_0609,2025-01-26 9:00,2051.771,2025.0977,1159.8254
forecast_0610,2025-01-26 10:00,2009.3989,2033.793,1331.3007
forecast_0611,2025-01-26 11:00,1891.7318,1865.457,1192.905
forecast_0612,2025-01-26 12:00,1486.9569,1616.3262,1078.6597
forecast_0613,2025-01-26 13:00,1240.1311,1243.0857,917.1642
forecast_0614,2025-01-26 14:00,1169.8181,1253.5701,843.39453
forecast_0615,2025-01-26 15:00,1147.9966,1083.8014,855.9695
forecast_0616,2025-01-26 16:00,1148.4518,1112.6057,815.2754
forecast_0617,2025-01-26 17:00,1240.0708,1063.9581,762.80145
forecast_0618,2025-01-26 18:00,1327.36,1077.2018,727.75085
forecast_0619,2025-01-26 19:00,1412.3141,1388.1301,740.5508
forecast_0620,2025-01-26 20:00,1427.23,1196.0469,726.47327
forecast_0621,2025-01-26 21:00,1777.157,1609.0366,901.872
forecast_0622,2025-01-26 22:00,1809.5172,1720.885,901.476
forecast_0623,2025-01-26 23:00,2132.083,2098.4944,1046.1046
forecast_0624,2025-01-27 0:00,2212.7935,2046.0319,1023.0458
forecast_0625,2025-01-27 1:00,2159.2043,1907.7146,984.8208
forecast_0626,2025-01-27 2:00,2278.2173,1995.1323,904.1333
forecast_0627,2025-01-27 3:00,2569.87,2165.1677,1034.714
forecast_0628,2025-01-27 4:00,2899.9631,2704.5352,1380.8323
forecast_0629,2025-01-27 5:00,3082.234,2852.6838,1372
forecast_0630,2025-01-27 6:00,3204.1072,3053.5688,1539.8701
forecast_0631,2025-01-27 7:00,3133.4595,3193.3982,1656.441
forecast_0632,2025-01-27 8:00,3803.9404,3920.3076,2003.2024
forecast_0633,2025-01-27 9:00,3783.6128,3997.7463,1957.6047
forecast_0634,2025-01-27 10:00,2966.046,3009.029,1543.6381
forecast_0635,2025-01-27 11:00,3639.8733,3717.3845,2028.4911
forecast_0636,2025-01-27 12:00,7100.4785,7622.043,6035.6016
forecast_0637,2025-01-27 13:00,10411.349,11594.831,9300.361
forecast_0638,2025-01-27 14:00,15039.908,15838.272,13826.055
forecast_0639,2025-01-27 15:00,16393.215,17649.635,15251.201
forecast_0640,2025-01-27 16:00,16280.718,18052.346,15646.678
forecast_0641,2025-01-27 17:00,16491.436,17763.717,15531.56
forecast_0642,2025-01-27 18:00,16612.314,18039.96,15725.158
forecast_0643,2025-01-27 19:00,16312.686,17317.969,14100.624
forecast_0644,2025-01-27 20:00,16349.47,17697.156,15202.926
forecast_0645,2025-01-27 21:00,16145.174,17455.729,15275.383
forecast_0646,2025-01-27 22:00,16202.273,17630.273,15184.934
forecast_0647,2025-01-27 23:00,15954.97,17262.412,15203.967
forecast_0648,2025-01-28 0:00,16129.726,17598.318,14988.339
forecast_0649,2025-01-28 1:00,16795.678,18048.662,15320.641
forecast_0650,2025-01-28 2:00,16410.518,17773.184,15132.553
forecast_0651,2025-01-28 3:00,16522.494,17581.984,14961.4795
forecast_0652,2025-01-28 4:00,16071.434,17112.398,13581.283
forecast_0653,2025-01-28 5:00,15547.16,16939.232,14565.69
forecast_0654,2025-01-28 6:00,15683.649,16723.11,13934.939
forecast_0655,2025-01-28 7:00,15603.642,16456.457,13914.405
forecast_0656,2025-01-28 8:00,15729.129,16565.084,13528.4375
forecast_0657,2025-01-28 9:00,15946.8545,16516.271,13134.121
forecast_0658,2025-01-28 10:00,15872.353,16506.04,13907.525
forecast_0659,2025-01-28 11:00,15551.511,16413.105,14044.336
forecast_0660,2025-01-28 12:00,15111.805,16185.063,13950.42
forecast_0661,2025-01-28 13:00,14846.325,16066.138,14267.0205
forecast_0662,2025-01-28 14:00,14397.826,16214.488,14482.536
forecast_0663,2025-01-28 15:00,14975.799,16126.205,14876.534
forecast_0664,2025-01-28 16:00,15320.461,16152.275,14760.7705
forecast_0665,2025-01-28 17:00,14996.575,16134.761,14011.855
forecast_0666,2025-01-28 18:00,15327.157,16096.416,14242.943
forecast_0667,2025-01-28 19:00,15570.151,16424.24,14748.739
forecast_0668,2025-01-28 20:00,15405.33,16405.988,14829.317
forecast_0669,2025-01-28 21:00,15672.215,16726.314,15189.046
forecast_0670,2025-01-28 22:00,15890.432,17299.154,15297.072
forecast_0671,2025-01-28 23:00,16070.554,17604.88,15493.524
forecast_0672,2025-01-29 0:00,16145.529,17715.871,15455.103
forecast_0673,2025-01-29 1:00,15882.582,17328.793,15239.368
forecast_0674,2025-01-29 2:00,16325.722,17891.096,15266.153
forecast_0675,2025-01-29 3:00,16519.947,18211.684,15179.851
forecast_0676,2025-01-29 4:00,17035.516,18764.25,15330.493
forecast_0677,2025-01-29 5:00,17594.723,19048.186,15682.459
forecast_0678,2025-01-29 6:00,17572.525,19158.053,16201.478
forecast_0679,2025-01-29 7:00,17915.115,19351.506,16297.123
forecast_0680,2025-01-29 8:00,17901.49,19326.428,16327.449
forecast_0681,2025-01-29 9:00,17914.262,19124.594,15970.508
forecast_0682,2025-01-29 10:00,16944.09,17992.797,15244.636
forecast_0683,2025-01-29 11:00,15568.294,16568.756,14467.97
forecast_0684,2025-01-29 12:00,16103.641,16695.816,14469.268
forecast_0685,2025-01-29 13:00,16276.709,17519.66,15328.193
forecast_0686,2025-01-29 14:00,16012.977,17183.205,15114.752
forecast_0687,2025-01-29 15:00,15711.737,16719.596,14513.272
forecast_0688,2025-01-29 16:00,15214.694,15787.722,14188.803
forecast_0689,2025-01-29 17:00,15117.237,15733.327,13766.645
forecast_0690,2025-01-29 18:00,15468.187,16637.951,14095.345
forecast_0691,2025-01-29 19:00,15624.429,17220.252,14472.12
forecast_0692,2025-01-29 20:00,15816.346,17408.393,14240.696
forecast_0693,2025-01-29 21:00,15923.004,17308.658,14495.595
forecast_0694,2025-01-29 22:00,15861.963,17066.303,14009.232
forecast_0695,2025-01-29 23:00,16071.112,16830.023,14190.257
forecast_0696,2025-01-30 0:00,16362.604,17259.385,14065.382
forecast_0697,2025-01-30 1:00,15835.662,17786.777,13863.49
forecast_0698,2025-01-30 2:00,16022.4375,18393.318,13897.746
forecast_0699,2025-01-30 3:00,16230.966,18678.064,14283.575
forecast_0700,2025-01-30 4:00,16069.056,18693.393,13804.221
forecast_0701,2025-01-30 5:00,16165.87,18363.102,13443.216
forecast_0702,2025-01-30 6:00,16028.474,18274.744,12856.903
forecast_0703,2025-01-30 7:00,16444.951,18443.236,12711.8125
forecast_0704,2025-01-30 8:00,16745.197,18759.568,13119.414
forecast_0705,2025-01-30 9:00,16340.522,18065.924,13958.051
forecast_0706,2025-01-30 10:00,15861.771,16942.262,13700.447
forecast_0707,2025-01-30 11:00,15528.764,16088.209,13607.157
forecast_0708,2025-01-30 12:00,15084.737,15264.868,12880.56
forecast_0709,2025-01-30 13:00,14702.301,14620.134,12288.446
forecast_0710,2025-01-30 14:00,14577.046,14573.971,12560.337
forecast_0711,2025-01-30 15:00,14908.566,15075.747,13225.048
forecast_0712,2025-01-30 16:00,14662.76,15134.429,13319.577
forecast_0713,2025-01-30 17:00,14398.837,14943.87,12915.767
forecast_0714,2025-01-30 18:00,14432.896,14851.08,12452.689
forecast_0715,2025-01-30 19:00,14823.824,15189.184,12974.135
forecast_0716,2025-01-30 20:00,15927.007,17139.322,15231.066
forecast_0717,2025-01-30 21:00,16472.709,17754.875,15619.77
forecast_0718,2025-01-30 22:00,16775.49,17594.955,15529.954
forecast_0719,2025-01-30 23:00,16647.328,17475.555,15099.9795
forecast_0720,2025-01-31 0:00,15980.226,16936.18,13799.853
forecast_0721,2025-01-31 1:00,15929.395,17172.379,13823.948
forecast_0722,2025-01-31 2:00,15979.163,16804.764,13486.417
forecast_0723,2025-01-31 3:00,15240.745,16360.329,12764.66
forecast_0724,2025-01-31 4:00,15012.771,16197.326,12698.125
forecast_0725,2025-01-31 5:00,14564.526,15428.541,11492.883
forecast_0726,2025-01-31 6:00,15176.023,16497.764,12744.098
forecast_0727,2025-01-31 7:00,15252.754,16079.411,12196.269
forecast_0728,2025-01-31 8:00,14864.879,16207.694,13358.346
forecast_0729,2025-01-31 9:00,14048.239,15697.272,12057.599
forecast_0730,2025-01-31 10:00,11931.979,13674.182,10546.732
forecast_0731,2025-01-31 11:00,10528.729,12425.472,9771.87
forecast_0732,2025-01-31 12:00,9740.816,11143.938,8732.277
forecast_0733,2025-01-31 13:00,7460.384,8081.451,6077.662
forecast_0734,2025-01-31 14:00,6107.8774,6707.1655,4394.3687
forecast_0735,2025-01-31 15:00,5256.56,5374.09,3327.7058
forecast_0736,2025-01-31 16:00,4665.091,4467.11,2881.073
forecast_0737,2025-01-31 17:00,4079.506,3954.5232,2446.4702
forecast_0738,2025-01-31 18:00,4650.084,5096.234,2851.9106
forecast_0739,2025-01-31 19:00,4774.7783,5295.5586,2935.4353
forecast_0740,2025-01-31 20:00,4681.3447,5410.958,3093.2686
forecast_0741,2025-01-31 21:00,5186.275,5910.79,3502.7412
forecast_0742,2025-01-31 22:00,4007.1602,4458.6196,2328.1492
forecast_0743,2025-01-31 23:00,4559.167,5344.8164,2827.6438
forecast_0744,2025-02-01 0:00,3892.854,4090.0168,2212.0532
forecast_0745,2025-02-01 1:00,6049.4263,7054.243,3450.1665
forecast_0746,2025-02-01 2:00,5674.3896,6188.875,3002.4966
forecast_0747,2025-02-01 3:00,4859.032,4829.36,2509.1619
forecast_0748,2025-02-01 4:00,3951.9673,3344.6736,1777.9353
forecast_0749,2025-02-01 5:00,2788.5833,2399.4922,1175.4098
forecast_0750,2025-02-01 6:00,1935.7878,1667.554,946.337
forecast_0751,2025-02-01 7:00,1573.4418,1506.521,817.4688
forecast_0752,2025-02-01 8:00,1363.9744,1325.1505,820.01794
forecast_0753,2025-02-01 9:00,1249.2797,1197.1415,791.63025
forecast_0754,2025-02-01 10:00,1171.2417,1144.1986,773.0167
forecast_0755,2025-02-01 11:00,1171.5518,1103.5344,740.5508
forecast_0756,2025-02-01 12:00,1211.944,1143.806,740.5508
forecast_0757,2025-02-01 13:00,1168.8451,1110.5339,726.47327
forecast_0758,2025-02-01 14:00,1195.8801,1089.8286,740.5508
forecast_0759,2025-02-01 15:00,1110.8044,1106.466,755.22955
forecast_0760,2025-02-01 16:00,1155.4706,1202.2482,926.9336
forecast_0761,2025-02-01 17:00,1237.9437,1287.8977,897.00226
forecast_0762,2025-02-01 18:00,1187.2505,1199.0314,843.1484
forecast_0763,2025-02-01 19:00,1238.283,1183.3495,771.4192
forecast_0764,2025-02-01 20:00,1208.1353,1139.8718,727.75085
forecast_0765,2025-02-01 21:00,1257.0109,1158.6492,783.3398
forecast_0766,2025-02-01 22:00,1372.273,1230.7327,810.8598
forecast_0767,2025-02-01 23:00,1259.7527,1194.9736,930.91504
forecast_0768,2025-02-02 0:00,1396.198,1378.5566,978.0697
forecast_0769,2025-02-02 1:00,1842.8214,2073.288,1157.13
forecast_0770,2025-02-02 2:00,1675.8978,1700.8842,1090.2714
forecast_0771,2025-02-02 3:00,1515.9115,1705.7257,1059.5782
forecast_0772,2025-02-02 4:00,1391.1963,1520.1295,926.749
forecast_0773,2025-02-02 5:00,1480.5186,1452.0527,858.75726
forecast_0774,2025-02-02 6:00,1538.5525,1482.8153,888.8368
forecast_0775,2025-02-02 7:00,1538.6473,1535.216,904.1333
forecast_0776,2025-02-02 8:00,1516.5109,1483.0983,912.8923
forecast_0777,2025-02-02 9:00,1379.9713,1390.3743,825.0487
forecast_0778,2025-02-02 10:00,1340.2975,1333.3088,819.0282
forecast_0779,2025-02-02 11:00,1328.4886,1267.3472,817.4225
forecast_0780,2025-02-02 12:00,1335.6019,1367.8087,875.09625
forecast_0781,2025-02-02 13:00,1366.3832,1298.5406,894.5657
forecast_0782,2025-02-02 14:00,1461.6157,1408.9617,970.36804
forecast_0783,2025-02-02 15:00,1445.91,1497.1506,964.9991
forecast_0784,2025-02-02 16:00,1553.2336,1752.3452,1170.8843
forecast_0785,2025-02-02 17:00,2162.8184,2205.1897,1330.0057
forecast_0786,2025-02-02 18:00,4239.4185,3961.6726,2302.059
forecast_0787,2025-02-02 19:00,6952.672,7348.2207,4409.1387
forecast_0788,2025-02-02 20:00,9239.948,9937.29,6608.3916
forecast_0789,2025-02-02 21:00,10786.599,11767.849,8646.936
forecast_0790,2025-02-02 22:00,12465.046,13434.944,9974.223
forecast_0791,2025-02-02 23:00,13992.262,14735.056,10902.02
forecast_0792,2025-02-03 0:00,14443.993,15186.013,11533.774
forecast_0793,2025-02-03 1:00,16446.373,17119.574,13542.413
forecast_0794,2025-02-03 2:00,15858.126,16786.08,13519.644
forecast_0795,2025-02-03 3:00,15563.217,16392.342,12637.511
forecast_0796,2025-02-03 4:00,15294.134,15595.895,13253.3545
forecast_0797,2025-02-03 5:00,15466.339,16102.817,13259.547
forecast_0798,2025-02-03 6:00,15325.767,15864.262,13157.228
forecast_0799,2025-02-03 7:00,16046.945,16462.902,13530.158
forecast_0800,2025-02-03 8:00,16039.23,16450.592,14139.034
forecast_0801,2025-02-03 9:00,16000.597,16372.31,13545.972
forecast_0802,2025-02-03 10:00,15788.784,16306.807,13349.302
forecast_0803,2025-02-03 11:00,15443.238,15543.152,13228.15
forecast_0804,2025-02-03 12:00,14915.223,15189.24,12445.826
forecast_0805,2025-02-03 13:00,14803.477,15146.724,12500.279
forecast_0806,2025-02-03 14:00,14969.445,15424.278,12980.744
forecast_0807,2025-02-03 15:00,14858.872,15359.115,13334.831
forecast_0808,2025-02-03 16:00,14864.164,15154.937,12842.556
forecast_0809,2025-02-03 17:00,15380.191,15481.111,13524.25
forecast_0810,2025-02-03 18:00,15884.913,16011.714,14138.82
forecast_0811,2025-02-03 19:00,16148.745,16653.023,14466.969
forecast_0812,2025-02-03 20:00,16260.683,16805.049,15179.872
forecast_0813,2025-02-03 21:00,15973.105,16683.025,14711.254
forecast_0814,2025-02-03 22:00,16241.005,16870.977,15155.203
forecast_0815,2025-02-03 23:00,15915.9375,16790.125,15343.091
forecast_0816,2025-02-04 0:00,15512.222,16700.076,15267.834
forecast_0817,2025-02-04 1:00,16313.233,16916.3,15416.995
forecast_0818,2025-02-04 2:00,16178.006,17018.314,15292.2
forecast_0819,2025-02-04 3:00,15817.074,16587.33,14215.721
forecast_0820,2025-02-04 4:00,16009.158,16941.12,13285.805
forecast_0821,2025-02-04 5:00,15722.778,17113.768,12694.503
forecast_0822,2025-02-04 6:00,15849.696,16948.908,12731.934
forecast_0823,2025-02-04 7:00,15522.632,17147.363,12557.707
forecast_0824,2025-02-04 8:00,15159.835,16359.323,12109.871
forecast_0825,2025-02-04 9:00,14492.079,15551.278,12152.437
forecast_0826,2025-02-04 10:00,13660.553,15392.634,13131.653
forecast_0827,2025-02-04 11:00,14354.319,15851.99,13706.044
forecast_0828,2025-02-04 12:00,14425.056,15591.243,13865.904
forecast_0829,2025-02-04 13:00,13805.091,14020.587,13381.452
forecast_0830,2025-02-04 14:00,13551.342,13739.9375,12713.0205
forecast_0831,2025-02-04 15:00,14175.608,13958.245,12799.958
forecast_0832,2025-02-04 16:00,14764.772,15187.906,13864.59
forecast_0833,2025-02-04 17:00,15326.777,16038.253,13909.527
forecast_0834,2025-02-04 18:00,15331.336,16271.314,14025.103
forecast_0835,2025-02-04 19:00,15287.119,16601.783,14179.248
forecast_0836,2025-02-04 20:00,15842.148,17201.486,14287.591
forecast_0837,2025-02-04 21:00,15991.119,17300.174,14347.926
forecast_0838,2025-02-04 22:00,15921.407,17392.408,14235.792
forecast_0839,2025-02-04 23:00,15630.94,16418.057,13601.64
forecast_0840,2025-02-05 0:00,15632.909,16587.219,14299.333
forecast_0841,2025-02-05 1:00,15658.246,17162.1,14408.064
forecast_0842,2025-02-05 2:00,15713.907,16792.959,14265.753
forecast_0843,2025-02-05 3:00,15996.966,17162.596,14528.341
forecast_0844,2025-02-05 4:00,16044.658,17658.357,13981.069
forecast_0845,2025-02-05 5:00,15946.328,18021.266,13298.941
forecast_0846,2025-02-05 6:00,15897.918,18023.03,13623.25
forecast_0847,2025-02-05 7:00,15696.825,17626.154,13410.616
forecast_0848,2025-02-05 8:00,15421.235,16594.068,12771.395
forecast_0849,2025-02-05 9:00,15288.557,16603.701,12614.117
forecast_0850,2025-02-05 10:00,15586.297,16967.518,12045.072
forecast_0851,2025-02-05 11:00,15343.746,17183.99,12479.775
forecast_0852,2025-02-05 12:00,16065.515,17569.008,13238.554
forecast_0853,2025-02-05 13:00,15965.867,17545.908,13482.294
forecast_0854,2025-02-05 14:00,15578.554,16955.344,13519.863
forecast_0855,2025-02-05 15:00,15556.452,16909.938,13374.265
forecast_0856,2025-02-05 16:00,15430.453,16853.096,13781.828
forecast_0857,2025-02-05 17:00,15157.44,16482.756,13673.078
forecast_0858,2025-02-05 18:00,15149.017,15833.181,13226.692
forecast_0859,2025-02-05 19:00,15183.1875,15760.443,13537.712
forecast_0860,2025-02-05 20:00,15220.085,15961.032,13713.372
forecast_0861,2025-02-05 21:00,15687.382,16651.877,13837.5625
forecast_0862,2025-02-05 22:00,15924.57,17326.715,14222.706
forecast_0863,2025-02-05 23:00,15681.728,17492.934,14196.2295
forecast_0864,2025-02-06 0:00,15630.89,17302.092,13760.82
forecast_0865,2025-02-06 1:00,16887.932,18445.861,14697.823
forecast_0866,2025-02-06 2:00,16718.213,18114.346,14560.917
forecast_0867,2025-02-06 3:00,17300.043,18701.979,13837.986
forecast_0868,2025-02-06 4:00,17530.215,18893.867,13487.188
forecast_0869,2025-02-06 5:00,17981.604,19065.293,14318.147
forecast_0870,2025-02-06 6:00,17927.912,19207.135,14179.272
forecast_0871,2025-02-06 7:00,16945.219,18613.482,13628.701
forecast_0872,2025-02-06 8:00,16937.367,18236.188,13500.827
forecast_0873,2025-02-06 9:00,16353.333,17618.13,13360.953
forecast_0874,2025-02-06 10:00,14660.222,15320.417,12755.487
forecast_0875,2025-02-06 11:00,14124.363,13983.444,11095.235
forecast_0876,2025-02-06 12:00,14059.514,14112.191,11890.757
forecast_0877,2025-02-06 13:00,14532.824,14454.379,12666.218
forecast_0878,2025-02-06 14:00,13862.718,14057.965,12939.828
forecast_0879,2025-02-06 15:00,13271.222,13774.88,12426.415
forecast_0880,2025-02-06 16:00,13971.425,14351.193,13222.258
forecast_0881,2025-02-06 17:00,13834.046,14472.212,13164.267
forecast_0882,2025-02-06 18:00,14075.825,14379.137,13110.899
forecast_0883,2025-02-06 19:00,14641.606,14880.667,12916.983
forecast_0884,2025-02-06 20:00,15141.294,15402.714,13480.733
forecast_0885,2025-02-06 21:00,14890.165,14860.157,12821.776
forecast_0886,2025-02-06 22:00,14541.105,14412.624,12192.972
forecast_0887,2025-02-06 23:00,14546.72,13815.844,11569.363
forecast_0888,2025-02-07 0:00,13356.872,13048.241,11372.849
forecast_0889,2025-02-07 1:00,9354.448,9837.528,7607.3994
forecast_0890,2025-02-07 2:00,7472.563,9264.377,6187.049
forecast_0891,2025-02-07 3:00,6562.7695,7309.5415,4960.709
forecast_0892,2025-02-07 4:00,7451.697,8817.866,5277.3047
forecast_0893,2025-02-07 5:00,8833.897,10406.377,6183.5054
forecast_0894,2025-02-07 6:00,6701.3955,8165.568,3492.3662
forecast_0895,2025-02-07 7:00,5416.5947,6377.247,3813.5222
forecast_0896,2025-02-07 8:00,4721.448,5466.605,3117.0361
forecast_0897,2025-02-07 9:00,5765.054,6950.718,4761.513
forecast_0898,2025-02-07 10:00,9605.005,10211.371,8228.276
forecast_0899,2025-02-07 11:00,12256.847,11802.42,10336.38
forecast_0900,2025-02-07 12:00,13275.878,12882.822,12192.408
forecast_0901,2025-02-07 13:00,13679.058,14721.556,12623.519
forecast_0902,2025-02-07 14:00,14608.936,15217.045,12639.217
forecast_0903,2025-02-07 15:00,14570.487,15190.875,12734.026
forecast_0904,2025-02-07 16:00,14665.091,14583.76,12791.861
forecast_0905,2025-02-07 17:00,13894.523,14477.301,11971.541
forecast_0906,2025-02-07 18:00,13247.549,13188.595,11339.088
forecast_0907,2025-02-07 19:00,13381.665,13734.551,11581.898
forecast_0908,2025-02-07 20:00,13488.501,14482.128,11989.666
forecast_0909,2025-02-07 21:00,14642.254,15154.518,12008.42
forecast_0910,2025-02-07 22:00,15269.683,16035.988,11656.534
forecast_0911,2025-02-07 23:00,15471.018,16983.861,11926.556
forecast_0912,2025-02-08 0:00,15070.678,16785.91,10982.474
forecast_0913,2025-02-08 1:00,13837.424,15813.635,10707.162
forecast_0914,2025-02-08 2:00,14793.243,16435.824,11044.543
forecast_0915,2025-02-08 3:00,14786.731,16207.913,11290.746
forecast_0916,2025-02-08 4:00,14935.745,16172.618,10957.412
forecast_0917,2025-02-08 5:00,14799.524,16020.303,11050.42
forecast_0918,2025-02-08 6:00,15350.439,16568.643,11115.427
forecast_0919,2025-02-08 7:00,14592.255,16192.155,10602.74
forecast_0920,2025-02-08 8:00,14415.025,15986.893,10563.314
forecast_0921,2025-02-08 9:00,14133.077,15065.86,11158.956
forecast_0922,2025-02-08 10:00,12522.216,12754.494,10084.39
forecast_0923,2025-02-08 11:00,9741.089,9205.847,8563.868
forecast_0924,2025-02-08 12:00,7260.211,7537.631,6780.6177
forecast_0925,2025-02-08 13:00,5713.862,5345.2085,5065.928
forecast_0926,2025-02-08 14:00,4728.814,4617.3335,3546.4565
forecast_0927,2025-02-08 15:00,4572.544,4614.6147,3701.4878
forecast_0928,2025-02-08 16:00,5319.3096,5139.6274,4320.6045
forecast_0929,2025-02-08 17:00,5542.48,5737.2666,5241.551
forecast_0930,2025-02-08 18:00,7226.9927,6988.988,7182.4624
forecast_0931,2025-02-08 19:00,9364.207,8372.111,8996.582
forecast_0932,2025-02-08 20:00,10855.442,10216.305,9886.733
forecast_0933,2025-02-08 21:00,12287.555,11179.251,10452.044
forecast_0934,2025-02-08 22:00,15344.131,14620.247,11850.069
forecast_0935,2025-02-08 23:00,17564.766,16506.795,14895.151
forecast_0936,2025-02-09 0:00,18208.271,18066.438,15635.095
forecast_0937,2025-02-09 1:00,16579.615,15783.436,13370.145
forecast_0938,2025-02-09 2:00,17857.383,17245.066,15180.161
forecast_0939,2025-02-09 3:00,18124.752,17655.31,15229.832
forecast_0940,2025-02-09 4:00,18761.578,18226.143,15647.452
forecast_0941,2025-02-09 5:00,19827.832,19107.969,15993.234
forecast_0942,2025-02-09 6:00,20095.965,19452.652,16139.214
forecast_0943,2025-02-09 7:00,19833.086,19435.018,15995.633
forecast_0944,2025-02-09 8:00,19683.627,19423.146,15607.83
forecast_0945,2025-02-09 9:00,18191.707,18719.656,14586.228
forecast_0946,2025-02-09 10:00,15914.159,16244.676,12245.741
forecast_0947,2025-02-09 11:00,12748.76,14135.955,10855.717
forecast_0948,2025-02-09 12:00,11259.048,12794.8125,10106.379
forecast_0949,2025-02-09 13:00,10765.491,11488.088,9643.09
forecast_0950,2025-02-09 14:00,10939.047,11217.725,9339.289
forecast_0951,2025-02-09 15:00,11175.375,10524.079,8589.049
forecast_0952,2025-02-09 16:00,12357.873,11349.64,9995.245
forecast_0953,2025-02-09 17:00,13472.027,13550.3125,11042.222
forecast_0954,2025-02-09 18:00,14569.47,14859.068,11538.288
forecast_0955,2025-02-09 19:00,15299.273,15119.742,12012.966
forecast_0956,2025-02-09 20:00,15447.59,15311.453,12527.729
forecast_0957,2025-02-09 21:00,15520.28,16343.548,13560.783
forecast_0958,2025-02-09 22:00,16126.245,17196.398,14126.246
forecast_0959,2025-02-09 23:00,16924.29,17766.75,14996.596
forecast_0960,2025-02-10 0:00,17870.258,18724.293,15398.737
forecast_0961,2025-02-10 1:00,17776.146,18775.893,15129.884
forecast_0962,2025-02-10 2:00,17820.34,18640.82,15309.099
forecast_0963,2025-02-10 3:00,18145.16,19125.828,15671.626
forecast_0964,2025-02-10 4:00,18548.812,19391.094,15924.927
forecast_0965,2025-02-10 5:00,19176.816,19952.305,16438.83
forecast_0966,2025-02-10 6:00,18934.912,19973.512,16430.621
forecast_0967,2025-02-10 7:00,19226.121,20072.627,16443.766
forecast_0968,2025-02-10 8:00,19052.572,19824.486,16443.63
forecast_0969,2025-02-10 9:00,17975.436,19245.172,16215.695
forecast_0970,2025-02-10 10:00,16619.947,17923.836,14490.23
forecast_0971,2025-02-10 11:00,14794.68,15384.751,13149.231
forecast_0972,2025-02-10 12:00,13875.402,14419.286,12542.7705
forecast_0973,2025-02-10 13:00,13272.86,13223.689,11285.194
forecast_0974,2025-02-10 14:00,13468.008,13108.244,10801.166
forecast_0975,2025-02-10 15:00,12823.058,12355.379,10392.443
forecast_0976,2025-02-10 16:00,12682.677,12156.649,10384.704
forecast_0977,2025-02-10 17:00,12594.201,11956.219,10028.889
forecast_0978,2025-02-10 18:00,12939.098,12814.953,10581.313
forecast_0979,2025-02-10 19:00,13962.928,13772.117,10990.736
forecast_0980,2025-02-10 20:00,12867.684,13178.654,10556.253
forecast_0981,2025-02-10 21:00,11843.795,12592.792,9923.364
forecast_0982,2025-02-10 22:00,12307.166,13374.032,10431.171
forecast_0983,2025-02-10 23:00,11713.755,12053.712,9834.068
forecast_0984,2025-02-11 0:00,11180.376,11906.585,9614.299
forecast_0985,2025-02-11 1:00,11258.439,11728.401,9650.547
forecast_0986,2025-02-11 2:00,12405.049,12390.247,10329.818
forecast_0987,2025-02-11 3:00,13165.098,13387.298,10503.235
forecast_0988,2025-02-11 4:00,13315.264,13569.568,10564.898
forecast_0989,2025-02-11 5:00,10443.635,10738.065,8129.169
forecast_0990,2025-02-11 6:00,9538.886,9483.996,6225.405
forecast_0991,2025-02-11 7:00,9072.713,8533.196,6207.117
forecast_0992,2025-02-11 8:00,8162.092,7337.148,5450.718
forecast_0993,2025-02-11 9:00,8217.738,7005.396,4913.516
forecast_0994,2025-02-11 10:00,6608.0127,5437.802,3187.5544
forecast_0995,2025-02-11 11:00,4500.8716,3877.015,2095.8396
forecast_0996,2025-02-11 12:00,4168.563,3615.1353,2117.445
forecast_0997,2025-02-11 13:00,2950.101,2790.5593,1780.1578
forecast_0998,2025-02-11 14:00,2887.278,2637.184,1667.2577
forecast_0999,2025-02-11 15:00,2204.9187,1991.3954,1227.5016
forecast_1000,2025-02-11 16:00,2045.4032,2039.8298,1234.2712
forecast_1001,2025-02-11 17:00,2504.2366,2545.6553,1346.0573
forecast_1002,2025-02-11 18:00,5198.6064,4750.5225,3374.9666
forecast_1003,2025-02-11 19:00,8252.322,7235.7524,5979.4365
forecast_1004,2025-02-11 20:00,11099.453,10449.63,7443.099
forecast_1005,2025-02-11 21:00,11936.219,12259.423,8514.616
forecast_1006,2025-02-11 22:00,11903.879,12079.986,8018.5425
forecast_1007,2025-02-11 23:00,16374.703,16572.46,13623.0205
forecast_1008,2025-02-12 0:00,17726.424,18003.156,14235.334
forecast_1009,2025-02-12 1:00,15537.891,15637.967,12160.23
forecast_1010,2025-02-12 2:00,15948.021,16797.799,12878.82
forecast_1011,2025-02-12 3:00,15201.666,16521.287,12532.954
forecast_1012,2025-02-12 4:00,15338.507,16612.68,12723.924
forecast_1013,2025-02-12 5:00,14820.739,16136.921,12357.859
forecast_1014,2025-02-12 6:00,13439.132,14563.426,10707.334
forecast_1015,2025-02-12 7:00,9235.356,11421.298,7033.1353
forecast_1016,2025-02-12 8:00,7530.785,9717.171,5320.793
forecast_1017,2025-02-12 9:00,6789.8438,8076.9946,5353.6753
forecast_1018,2025-02-12 10:00,7461.063,9085.949,7428.5977
forecast_1019,2025-02-12 11:00,9555.587,12750.9,9920.406
forecast_1020,2025-02-12 12:00,11531.199,13692.284,10600.656
forecast_1021,2025-02-12 13:00,11896.81,13817.529,11333.898
forecast_1022,2025-02-12 14:00,13290.406,14709.475,12062.435
forecast_1023,2025-02-12 15:00,14633.126,15366.538,13303.24
forecast_1024,2025-02-12 16:00,14981.852,16076.236,14672.313
forecast_1025,2025-02-12 17:00,16261.333,16911.2,15590.134
forecast_1026,2025-02-12 18:00,17034.098,17546.95,15556.592
forecast_1027,2025-02-12 19:00,17433.295,17558.709,15683.124
forecast_1028,2025-02-12 20:00,16899.23,16811.773,14164.136
forecast_1029,2025-02-12 21:00,16515.781,16291.65,13805.004
forecast_1030,2025-02-12 22:00,16242.142,16239.593,13848.503
forecast_1031,2025-02-12 23:00,15741.256,15467.955,12984.219
forecast_1032,2025-02-13 0:00,15292.778,15076.155,12518.323
forecast_1033,2025-02-13 1:00,14164.435,13874.6875,11230.42
forecast_1034,2025-02-13 2:00,14134.278,14381.418,11540.81
forecast_1035,2025-02-13 3:00,14718.864,14640.593,11689.712
forecast_1036,2025-02-13 4:00,13278.3,13296.948,10493.498
forecast_1037,2025-02-13 5:00,13980.215,14446.975,10983.381
forecast_1038,2025-02-13 6:00,15760.833,16279.39,12797.921
forecast_1039,2025-02-13 7:00,17171.908,18059.895,13721.95
forecast_1040,2025-02-13 8:00,18228.096,18653.764,14647.774
forecast_1041,2025-02-13 9:00,18211.182,18726.457,15027.091
forecast_1042,2025-02-13 10:00,17170.787,17671.068,14597.578
forecast_1043,2025-02-13 11:00,15962.235,16368.856,13550.852
forecast_1044,2025-02-13 12:00,15615.824,16227.263,13209.126
forecast_1045,2025-02-13 13:00,15593.9375,15766.409,12992.366
forecast_1046,2025-02-13 14:00,15838.382,16446.719,13866.662
forecast_1047,2025-02-13 15:00,15743.413,16215.546,13709.749
forecast_1048,2025-02-13 16:00,16161.986,16697.95,14274.597
forecast_1049,2025-02-13 17:00,17282.867,17723.805,15757.067
forecast_1050,2025-02-13 18:00,18296.756,19026.945,16558.557
forecast_1051,2025-02-13 19:00,18619.69,19629.117,16713.27
forecast_1052,2025-02-13 20:00,18569.352,19429.66,16640.473
forecast_1053,2025-02-13 21:00,18508.164,19383.277,16615.186
forecast_1054,2025-02-13 22:00,18577.102,19480.01,16679.996
forecast_1055,2025-02-13 23:00,18753.648,19628.248,16686.475
forecast_1056,2025-02-14 0:00,18843.295,19719.79,16672.234
forecast_1057,2025-02-14 1:00,19289.006,20127.709,16763.998
forecast_1058,2025-02-14 2:00,19215.549,20093.617,16432.74
forecast_1059,2025-02-14 3:00,19007.424,19915.621,16534.807
forecast_1060,2025-02-14 4:00,19000.762,19860.516,16619.795
forecast_1061,2025-02-14 5:00,19809.016,20000.523,16761.215
forecast_1062,2025-02-14 6:00,19892.078,20064.064,16804.643
forecast_1063,2025-02-14 7:00,20298.123,20220.332,16820.152
forecast_1064,2025-02-14 8:00,20143.863,20133.809,16697.28
forecast_1065,2025-02-14 9:00,18207.592,19270.389,15316.874
forecast_1066,2025-02-14 10:00,15120.224,15887.796,12385.682
forecast_1067,2025-02-14 11:00,12930.942,13828.557,10438.86
forecast_1068,2025-02-14 12:00,11606.068,12859.042,9849.204
forecast_1069,2025-02-14 13:00,10793.037,11828.235,8890.269
forecast_1070,2025-02-14 14:00,10415.206,10940.009,9123.613
forecast_1071,2025-02-14 15:00,10646.748,11168.37,9387.574
forecast_1072,2025-02-14 16:00,12034.794,12895.066,10673.292
forecast_1073,2025-02-14 17:00,13544.671,14692.208,11699.953
forecast_1074,2025-02-14 18:00,15826.897,16581.064,14099.923
forecast_1075,2025-02-14 19:00,16535.076,17087.281,13469.394
forecast_1076,2025-02-14 20:00,16500.13,16894.03,12325.319
forecast_1077,2025-02-14 21:00,16356.659,16649.732,12480.815
forecast_1078,2025-02-14 22:00,16156.943,15960.418,11387.751
forecast_1079,2025-02-14 23:00,15851.657,15332.001,11102.945
forecast_1080,2025-02-15 0:00,17674.734,16534.518,13526.559
forecast_1081,2025-02-15 1:00,17132.836,15934.192,13014.814
forecast_1082,2025-02-15 2:00,17048.44,16206.068,12754.282
forecast_1083,2025-02-15 3:00,16468.219,15590.737,12189.043
forecast_1084,2025-02-15 4:00,16230.849,15137.387,11635.026
forecast_1085,2025-02-15 5:00,16500.004,15612.159,11868.5
forecast_1086,2025-02-15 6:00,17008.822,15975.784,11394.797
forecast_1087,2025-02-15 7:00,15361.483,14755.211,10350.05
forecast_1088,2025-02-15 8:00,14503.934,14563.387,10098.917
forecast_1089,2025-02-15 9:00,13729.233,14349.078,10000.284
forecast_1090,2025-02-15 10:00,11059.521,11787.389,8299.01
forecast_1091,2025-02-15 11:00,10748.393,11614.812,8488.914
forecast_1092,2025-02-15 12:00,11521.893,12672.529,9281.207
forecast_1093,2025-02-15 13:00,12313.892,13315.339,10725.036
forecast_1094,2025-02-15 14:00,13471.597,14610.26,12188.098
forecast_1095,2025-02-15 15:00,14425.212,15063.339,12750.285
forecast_1096,2025-02-15 16:00,14798.065,14971.929,12556.683
forecast_1097,2025-02-15 17:00,15852.411,16393.535,13571.688
forecast_1098,2025-02-15 18:00,17123.691,17326.902,14576.675
forecast_1099,2025-02-15 19:00,18321.312,18180.047,15672.822
forecast_1100,2025-02-15 20:00,18417.277,18638.428,16090.603
forecast_1101,2025-02-15 21:00,18223.006,18389.023,15694.285
forecast_1102,2025-02-15 22:00,18312.25,18376.412,15600.627
forecast_1103,2025-02-15 23:00,18048.719,18423.791,15545.164
forecast_1104,2025-02-16 0:00,18670.674,18837.45,15876.136
forecast_1105,2025-02-16 1:00,19652.629,19702.9,15986.6455
forecast_1106,2025-02-16 2:00,18825.098,18941.795,15362.273
forecast_1107,2025-02-16 3:00,18598.219,18740.445,14569.732
forecast_1108,2025-02-16 4:00,17780.762,18065.838,14025.232
forecast_1109,2025-02-16 5:00,16431.906,17052.904,12967.325
forecast_1110,2025-02-16 6:00,15741.77,16341.69,12128.167
forecast_1111,2025-02-16 7:00,15050.004,15854.059,11596.436
forecast_1112,2025-02-16 8:00,14552.344,15241.88,10874.3955
forecast_1113,2025-02-16 9:00,14416.471,15744.092,11472.293
forecast_1114,2025-02-16 10:00,11468.776,13100.779,9575.476
forecast_1115,2025-02-16 11:00,10157.146,11951.512,9376.28
forecast_1116,2025-02-16 12:00,9656.675,10421.765,9193.852
forecast_1117,2025-02-16 13:00,11201.759,12392.97,10525.089
forecast_1118,2025-02-16 14:00,13342.218,13985.664,11820.122
forecast_1119,2025-02-16 15:00,15276.805,15916.657,13575.31
forecast_1120,2025-02-16 16:00,16514.469,16843.197,15124.342
forecast_1121,2025-02-16 17:00,17586.176,18392.254,15945.165
forecast_1122,2025-02-16 18:00,16846.912,17964.38,16162.45
forecast_1123,2025-02-16 19:00,17501.107,18289.035,16006.896
forecast_1124,2025-02-16 20:00,17680.557,18751.342,15959.789
forecast_1125,2025-02-16 21:00,17697.35,18584.209,15772.181
forecast_1126,2025-02-16 22:00,17811.062,18312.066,15920.227
forecast_1127,2025-02-16 23:00,17312.404,17818.924,15432.669
forecast_1128,2025-02-17 0:00,16690.982,16662.879,14025.477
forecast_1129,2025-02-17 1:00,15204.286,14884.803,11604.828
forecast_1130,2025-02-17 2:00,15171.834,15073.646,11952.621
forecast_1131,2025-02-17 3:00,15362.897,15597.329,12295.098
forecast_1132,2025-02-17 4:00,14517.56,14179.885,10828.525
forecast_1133,2025-02-17 5:00,13432.874,13126.862,10205.321
forecast_1134,2025-02-17 6:00,12933.07,13030.501,10308.354
forecast_1135,2025-02-17 7:00,13587.0205,13412.515,10480.059
forecast_1136,2025-02-17 8:00,13873.636,13764.229,10499.967
forecast_1137,2025-02-17 9:00,13734.007,13578.98,10693.047
forecast_1138,2025-02-17 10:00,13919.3545,12874.404,10753.797
forecast_1139,2025-02-17 11:00,14115.733,13069.373,10494.597
forecast_1140,2025-02-17 12:00,13622.68,13137.958,10341.1875
forecast_1141,2025-02-17 13:00,13393.209,12808.281,10049.464
forecast_1142,2025-02-17 14:00,13040.022,12396.719,9523.639
forecast_1143,2025-02-17 15:00,12670.392,11831.279,9199.219
forecast_1144,2025-02-17 16:00,11910.859,10786.663,8280.092
forecast_1145,2025-02-17 17:00,10238.877,8677.911,6308.009
forecast_1146,2025-02-17 18:00,9166.856,8201.967,6088.9883
forecast_1147,2025-02-17 19:00,9305.235,8256.472,6077.239
forecast_1148,2025-02-17 20:00,8624.004,7462.545,5149.4146
forecast_1149,2025-02-17 21:00,7038.9673,6357.038,4125.39
forecast_1150,2025-02-17 22:00,6135.1724,6056.7593,3947.1494
forecast_1151,2025-02-17 23:00,6214.4307,5682.2344,4005.2554
forecast_1152,2025-02-18 0:00,6599.922,6406.681,4797.5737
forecast_1153,2025-02-18 1:00,7170.708,7382.1763,5989.525
forecast_1154,2025-02-18 2:00,10770.034,10637.949,8919.698
forecast_1155,2025-02-18 3:00,11960.999,11938.598,10108.238
forecast_1156,2025-02-18 4:00,12900.75,13219.984,10657.549
forecast_1157,2025-02-18 5:00,12831.872,12625.753,10438.134
forecast_1158,2025-02-18 6:00,13473.912,13862.966,11023.693
forecast_1159,2025-02-18 7:00,13805.018,14071.674,11138.771
forecast_1160,2025-02-18 8:00,12887.56,12841.575,10509.303
forecast_1161,2025-02-18 9:00,12793.287,12581.06,10326.644
forecast_1162,2025-02-18 10:00,12551.147,12637.76,10620.062
forecast_1163,2025-02-18 11:00,12727.017,12413.576,10508.09
forecast_1164,2025-02-18 12:00,12829.92,12218.327,10264.833
forecast_1165,2025-02-18 13:00,13630.225,12613.321,10485.993
forecast_1166,2025-02-18 14:00,14164.404,13140.271,10645.655
forecast_1167,2025-02-18 15:00,14110.673,13305.342,10620.19
forecast_1168,2025-02-18 16:00,13627.133,12637.541,10421.147
forecast_1169,2025-02-18 17:00,13285.775,12277.674,10093.831
forecast_1170,2025-02-18 18:00,12614.849,11564.182,9465.9375
forecast_1171,2025-02-18 19:00,11863.263,11139.366,9005.424
forecast_1172,2025-02-18 20:00,11465.436,10126.316,8677.333
forecast_1173,2025-02-18 21:00,11624.651,11241.827,9274.989
forecast_1174,2025-02-18 22:00,11420.197,12051.901,9691.342
forecast_1175,2025-02-18 23:00,10616.621,11442.08,8567.75
forecast_1176,2025-02-19 0:00,11195.979,12277.087,9329.968
forecast_1177,2025-02-19 1:00,8629.535,8949.509,7008.1406
forecast_1178,2025-02-19 2:00,11703.16,13019.28,9580.99
forecast_1179,2025-02-19 3:00,11325.12,12959.404,9598.998
forecast_1180,2025-02-19 4:00,11892.879,13369.366,9992.726
forecast_1181,2025-02-19 5:00,12459.73,13766.799,10322.162
forecast_1182,2025-02-19 6:00,12891.786,14002.104,10501.545
forecast_1183,2025-02-19 7:00,12765.949,13994.774,10754.697
forecast_1184,2025-02-19 8:00,12418.103,13732.037,10502.829
forecast_1185,2025-02-19 9:00,11022.221,12008.433,9536.308
forecast_1186,2025-02-19 10:00,8847.357,9680.983,8020.438
forecast_1187,2025-02-19 11:00,8322.228,8630.145,7115.7974
forecast_1188,2025-02-19 12:00,6638.4155,6937.6914,5899.578
forecast_1189,2025-02-19 13:00,5548.954,5137.0957,3742.5676
forecast_1190,2025-02-19 14:00,6163.4863,5424.9136,3974.0264
forecast_1191,2025-02-19 15:00,6853.906,6075.892,4381.4253
forecast_1192,2025-02-19 16:00,6849.515,5848.472,4424.7227
forecast_1193,2025-02-19 17:00,6719.031,5756.3438,4620.688
forecast_1194,2025-02-19 18:00,6806.7104,6064.931,5345.7925
forecast_1195,2025-02-19 19:00,6979.0645,6740.3433,5652.5107
forecast_1196,2025-02-19 20:00,7248.603,7277.7886,5641.354
forecast_1197,2025-02-19 21:00,8458.348,8311.113,6306.2383
forecast_1198,2025-02-19 22:00,9047.248,9109.626,8032.02
forecast_1199,2025-02-19 23:00,9907.876,10571.331,8620.357
forecast_1200,2025-02-20 0:00,10162.904,10979.612,9280.729
forecast_1201,2025-02-20 1:00,8480.417,7975.4736,7038.951
forecast_1202,2025-02-20 2:00,8778.252,9105.686,7238.72
forecast_1203,2025-02-20 3:00,9621.494,9947.235,8178.8438
forecast_1204,2025-02-20 4:00,9651.535,10236.767,8219.521
forecast_1205,2025-02-20 5:00,9746.432,10860.098,8647.729
forecast_1206,2025-02-20 6:00,10090.579,11518.789,9388.782
forecast_1207,2025-02-20 7:00,12270.51,13334.171,10222.418
forecast_1208,2025-02-20 8:00,13397.046,14215.655,10829.412
forecast_1209,2025-02-20 9:00,12458.136,13630.041,10597.428
forecast_1210,2025-02-20 10:00,11033.996,12158.552,9991.627
forecast_1211,2025-02-20 11:00,11134.669,11705.114,9726.837
forecast_1212,2025-02-20 12:00,10574.925,11345.991,9705.54
forecast_1213,2025-02-20 13:00,9646.45,9594.872,8221.094
forecast_1214,2025-02-20 14:00,10217.244,9454.317,8866.456
forecast_1215,2025-02-20 15:00,10177.473,9932.846,8961.408
forecast_1216,2025-02-20 16:00,9413.264,8468.844,7451.2944
forecast_1217,2025-02-20 17:00,9558.636,8903.9795,7896.259
forecast_1218,2025-02-20 18:00,10134.524,9877.442,9140.912
forecast_1219,2025-02-20 19:00,11133.574,10594.569,9762.06
forecast_1220,2025-02-20 20:00,10756.762,10829.681,9653.123
forecast_1221,2025-02-20 21:00,9463.213,9515.255,8323.424
forecast_1222,2025-02-20 22:00,8610.909,9284.972,7495.9385
forecast_1223,2025-02-20 23:00,9580.756,10398.782,8337.766
forecast_1224,2025-02-21 0:00,9848.364,10406.042,8511.418
forecast_1225,2025-02-21 1:00,9276.719,10158.018,7504.996
forecast_1226,2025-02-21 2:00,9901.821,10878.159,8822.938
forecast_1227,2025-02-21 3:00,9423.257,10248.372,8453.612
forecast_1228,2025-02-21 4:00,9384.702,9522.629,7970.819
forecast_1229,2025-02-21 5:00,9902.015,10036.53,8651.088
forecast_1230,2025-02-21 6:00,10224.755,10889.366,8566.768
forecast_1231,2025-02-21 7:00,10991.92,11749.028,9497.396
forecast_1232,2025-02-21 8:00,11094.866,11892.81,9151.075
forecast_1233,2025-02-21 9:00,9951.33,10872.531,9210.066
forecast_1234,2025-02-21 10:00,7482.0645,7729.7036,6417.057
forecast_1235,2025-02-21 11:00,6309.1216,6580.743,5559.9033
forecast_1236,2025-02-21 12:00,5390.264,6004.9287,4699.0264
forecast_1237,2025-02-21 13:00,7119.858,6224.767,4657.0654
forecast_1238,2025-02-21 14:00,8060.478,7228.5923,5912.317
forecast_1239,2025-02-21 15:00,8049.032,6554.6177,5344.6504
forecast_1240,2025-02-21 16:00,8154.6934,6583.1924,5493.8203
forecast_1241,2025-02-21 17:00,8531.088,6640.4077,5400.096
forecast_1242,2025-02-21 18:00,10524.33,8819.05,8041.531
forecast_1243,2025-02-21 19:00,11687.711,10331.716,9369.837
forecast_1244,2025-02-21 20:00,11778.672,10924.446,9617.28
forecast_1245,2025-02-21 21:00,12174.554,11805.943,9961.322
forecast_1246,2025-02-21 22:00,12166.955,11993.801,10250.995
forecast_1247,2025-02-21 23:00,12817.853,12508.587,10760.624
forecast_1248,2025-02-22 0:00,12923.962,12701.985,10836.033
forecast_1249,2025-02-22 1:00,14036.792,13169.02,11006.742
forecast_1250,2025-02-22 2:00,14940.652,14390.822,12366.123
forecast_1251,2025-02-22 3:00,15515.877,15433.861,13412.463
forecast_1252,2025-02-22 4:00,14715.975,14784.838,11952.884
forecast_1253,2025-02-22 5:00,13680.493,14062.919,11037.463
forecast_1254,2025-02-22 6:00,11775.979,11520.758,9146.823
forecast_1255,2025-02-22 7:00,11415.246,12257.843,9581.115
forecast_1256,2025-02-22 8:00,10277.662,10006.607,8059.7373
forecast_1257,2025-02-22 9:00,8677.942,7707.5303,6019.537
forecast_1258,2025-02-22 10:00,5282.5547,5055.856,3179.1528
forecast_1259,2025-02-22 11:00,4373.885,3665.9822,2397.4443
forecast_1260,2025-02-22 12:00,4548.0435,4194.262,2654.5586
forecast_1261,2025-02-22 13:00,7234.2983,6285.6445,5567.6196
forecast_1262,2025-02-22 14:00,7421.4087,6769.719,6026.42
forecast_1263,2025-02-22 15:00,7490.238,6599.111,5771.4043
forecast_1264,2025-02-22 16:00,7464.489,6523.924,5917.502
forecast_1265,2025-02-22 17:00,8095.718,6890.572,6570.001
forecast_1266,2025-02-22 18:00,9938.028,9326.154,8974.214
forecast_1267,2025-02-22 19:00,11658.265,11006.687,10196.807
forecast_1268,2025-02-22 20:00,12469.871,12717.441,11157.391
forecast_1269,2025-02-22 21:00,13782.205,14797.529,12404.72
forecast_1270,2025-02-22 22:00,14547.426,15492.6045,13274.273
forecast_1271,2025-02-22 23:00,15174.435,16246.764,13982.982
forecast_1272,2025-02-23 0:00,15160.976,16589.807,14388.375
forecast_1273,2025-02-23 1:00,14706.426,16111.996,14160.042
forecast_1274,2025-02-23 2:00,15195.212,16631.496,14489.459
forecast_1275,2025-02-23 3:00,15802.507,16957.037,14617.178
forecast_1276,2025-02-23 4:00,16106.049,17250.043,15428.265
forecast_1277,2025-02-23 5:00,16422.598,17207.781,15191.676
forecast_1278,2025-02-23 6:00,16635.04,17592.92,15157.79
forecast_1279,2025-02-23 7:00,16898.838,17733.6,15527.271
forecast_1280,2025-02-23 8:00,17246.146,17598.418,15498.439
forecast_1281,2025-02-23 9:00,16428.623,17363.623,15285.736
forecast_1282,2025-02-23 10:00,15739.565,16916.13,14953.58
forecast_1283,2025-02-23 11:00,15313.527,16161.779,14107.521
forecast_1284,2025-02-23 12:00,15185.392,15881.051,13141.999
forecast_1285,2025-02-23 13:00,14674.85,15069.061,12531.259
forecast_1286,2025-02-23 14:00,14370.47,14637.095,11964.201
forecast_1287,2025-02-23 15:00,14087.035,14008.005,11247.709
forecast_1288,2025-02-23 16:00,13445.736,13313.509,10433.26
forecast_1289,2025-02-23 17:00,12892.754,11948.266,9416.28
forecast_1290,2025-02-23 18:00,12415.752,11003.711,8937.467
forecast_1291,2025-02-23 19:00,11889.063,10802.688,8461.333
forecast_1292,2025-02-23 20:00,10993.807,10857.973,8754.431
forecast_1293,2025-02-23 21:00,11157.241,11329.027,9628.04
forecast_1294,2025-02-23 22:00,11557.603,11373.387,9471.774
forecast_1295,2025-02-23 23:00,11938.604,12698.513,9860.673
forecast_1296,2025-02-24 0:00,12352.827,13365.473,10161.285
forecast_1297,2025-02-24 1:00,13628.411,14281.714,11338.778
forecast_1298,2025-02-24 2:00,15322.885,15871.237,12334.997
forecast_1299,2025-02-24 3:00,16264.295,16822.023,12590.207
forecast_1300,2025-02-24 4:00,16215.307,16816.926,13420.224
forecast_1301,2025-02-24 5:00,15464.344,16211.315,12799.343
forecast_1302,2025-02-24 6:00,15367.672,15505.814,12082.748
forecast_1303,2025-02-24 7:00,15386.23,15563.532,12089.033
forecast_1304,2025-02-24 8:00,14977.277,15359.297,11873.299
forecast_1305,2025-02-24 9:00,14630.143,14164.358,11127.83
forecast_1306,2025-02-24 10:00,12313.64,12080.588,9978.481
forecast_1307,2025-02-24 11:00,10097.749,10560.412,8949.962
forecast_1308,2025-02-24 12:00,9644.082,9610.295,7948.6616
forecast_1309,2025-02-24 13:00,9292.65,9289.152,8153.1694
forecast_1310,2025-02-24 14:00,10372.616,9799.782,9165.031
forecast_1311,2025-02-24 15:00,11105.13,10705.07,9225.075
forecast_1312,2025-02-24 16:00,11156.692,10723.813,9047.66
forecast_1313,2025-02-24 17:00,11487.802,11700.308,9504.76
forecast_1314,2025-02-24 18:00,13254.952,13919.22,11168.66
forecast_1315,2025-02-24 19:00,15680.38,15700.842,13927.049
forecast_1316,2025-02-24 20:00,17516.164,17212,15237.026
forecast_1317,2025-02-24 21:00,18524.889,18300.19,16043.162
forecast_1318,2025-02-24 22:00,19502.605,19376.041,16610.426
forecast_1319,2025-02-24 23:00,20165.494,19763.63,16805.658
forecast_1320,2025-02-25 0:00,20402.227,20321.94,17036.035
forecast_1321,2025-02-25 1:00,21062.78,20551.64,17760.295
forecast_1322,2025-02-25 2:00,21189.213,20818.234,18140.88
forecast_1323,2025-02-25 3:00,21411.184,21157.225,18290.938
forecast_1324,2025-02-25 4:00,21509.326,21157.977,17824.404
forecast_1325,2025-02-25 5:00,21305.453,21174.436,18003.79
forecast_1326,2025-02-25 6:00,21344.225,21182.352,17481.736
forecast_1327,2025-02-25 7:00,21542.967,21113.637,17470.23
forecast_1328,2025-02-25 8:00,21539.6,21030.438,18035.076
forecast_1329,2025-02-25 9:00,21262.283,21149.162,18236.264
forecast_1330,2025-02-25 10:00,19833.838,20677.932,17622.787
forecast_1331,2025-02-25 11:00,18435.582,19557.549,16840.736
forecast_1332,2025-02-25 12:00,16529.646,17725.49,14960.046
forecast_1333,2025-02-25 13:00,16467.941,17124.436,14838.655
forecast_1334,2025-02-25 14:00,16352.8,17165.338,14864.716
forecast_1335,2025-02-25 15:00,16926.125,17611.209,15543.716
forecast_1336,2025-02-25 16:00,17552.871,18103.098,15847.322
forecast_1337,2025-02-25 17:00,19023.572,19339.176,16517.568
forecast_1338,2025-02-25 18:00,19642.117,19668.246,17005.15
forecast_1339,2025-02-25 19:00,19759.559,19703.547,17525.973
forecast_1340,2025-02-25 20:00,19963.652,19886.229,18043.797
forecast_1341,2025-02-25 21:00,19978.98,19977.082,17720.201
forecast_1342,2025-02-25 22:00,20301.35,20337.742,18862.809
forecast_1343,2025-02-25 23:00,20217.979,20352.418,18273.756
forecast_1344,2025-02-26 0:00,20086.857,20336.14,18032.24
forecast_1345,2025-02-26 1:00,19800.09,20204.81,17137.768
forecast_1346,2025-02-26 2:00,19799.482,20222.703,16746.797
forecast_1347,2025-02-26 3:00,19530.873,19971.48,16663.906
forecast_1348,2025-02-26 4:00,19174.627,19780.152,16664.488
forecast_1349,2025-02-26 5:00,19122.436,19784.37,16705.244
forecast_1350,2025-02-26 6:00,18453.748,19646.516,16456.951
forecast_1351,2025-02-26 7:00,17955.236,19543.346,16486.984
forecast_1352,2025-02-26 8:00,16875.465,18532.24,15920.93
forecast_1353,2025-02-26 9:00,16010.191,17282.354,14159.428
forecast_1354,2025-02-26 10:00,14066.646,14947.906,12324.163
forecast_1355,2025-02-26 11:00,13005.606,13846.245,11686.86
forecast_1356,2025-02-26 12:00,12756.678,13262.346,10526.501
forecast_1357,2025-02-26 13:00,13167.175,13628.428,10556.771
forecast_1358,2025-02-26 14:00,13737.956,13736.293,10727.636
forecast_1359,2025-02-26 15:00,14478.745,14634.435,11367.16
forecast_1360,2025-02-26 16:00,14739.916,15279.53,12113.76
forecast_1361,2025-02-26 17:00,14559.324,14972.56,11913.856
forecast_1362,2025-02-26 18:00,14888.945,15110.244,12925.894
forecast_1363,2025-02-26 19:00,16135.3,17165.693,15595.143
forecast_1364,2025-02-26 20:00,17811.459,19135.918,16210.081
forecast_1365,2025-02-26 21:00,19316.639,20250.438,16775.514
forecast_1366,2025-02-26 22:00,19038.764,20252.387,16667.209
forecast_1367,2025-02-26 23:00,18304.432,19741.322,16481.342
forecast_1368,2025-02-27 0:00,18924.479,20260.123,16752.049
forecast_1369,2025-02-27 1:00,18980.68,20228.203,16637.463
forecast_1370,2025-02-27 2:00,19269.957,20330.307,16707.521
forecast_1371,2025-02-27 3:00,19928.377,20729.043,16744.125
forecast_1372,2025-02-27 4:00,19756.195,20602.266,16778.457
forecast_1373,2025-02-27 5:00,19520.576,20389.4,16535.348
forecast_1374,2025-02-27 6:00,18767.588,19944.957,16217.127
forecast_1375,2025-02-27 7:00,18543.883,19654.396,16104.901
forecast_1376,2025-02-27 8:00,17614.2,18754.102,14834.938
forecast_1377,2025-02-27 9:00,17166.254,17765.912,13418.997
forecast_1378,2025-02-27 10:00,14717.815,16293.173,12757.919
forecast_1379,2025-02-27 11:00,14094.784,15249.456,11937.971
forecast_1380,2025-02-27 12:00,14309.835,15574.384,12055.946
forecast_1381,2025-02-27 13:00,12596.797,13683.592,10524.191
forecast_1382,2025-02-27 14:00,8421.007,8859.808,7844.633
forecast_1383,2025-02-27 15:00,7851.3154,8459.325,7751.1694
forecast_1384,2025-02-27 16:00,8065.06,8209.65,7013.8394
forecast_1385,2025-02-27 17:00,7810.882,8896.345,6165.9624
forecast_1386,2025-02-27 18:00,8205.535,9573.198,6655.0586
forecast_1387,2025-02-27 19:00,10839.604,12574.81,9312.509
forecast_1388,2025-02-27 20:00,11687.489,13436.927,9534.084
forecast_1389,2025-02-27 21:00,12852.075,14852.242,11146.413
forecast_1390,2025-02-27 22:00,12801.805,14827.282,10801.774
forecast_1391,2025-02-27 23:00,12646.085,14648.365,10694.219
forecast_1392,2025-02-28 0:00,12284.43,14397.553,10753.346
forecast_1393,2025-02-28 1:00,13785.24,15125.966,11171.995
forecast_1394,2025-02-28 2:00,14597.672,15076.961,12408.2
forecast_1395,2025-02-28 3:00,14980.962,15322.72,12134.562
forecast_1396,2025-02-28 4:00,15033.538,15908.726,12660.91
forecast_1397,2025-02-28 5:00,15598.412,16780.965,13763.637
forecast_1398,2025-02-28 6:00,17070.865,18024.27,14589.918
forecast_1399,2025-02-28 7:00,17853.418,18442.059,15101.487
forecast_1400,2025-02-28 8:00,17549.18,18512.37,15049.541
forecast_1401,2025-02-28 9:00,17932.605,18782.19,15800.19
forecast_1402,2025-02-28 10:00,17588.86,18783.654,15717.323
forecast_1403,2025-02-28 11:00,15840.581,17733.354,14575.427
forecast_1404,2025-02-28 12:00,13326.543,14971.456,12280.491
forecast_1405,2025-02-28 13:00,12326.459,13739.813,11033.508
forecast_1406,2025-02-28 14:00,11885.14,12962.261,10643.517
forecast_1407,2025-02-28 15:00,11945.271,12816.617,10614.78
forecast_1408,2025-02-28 16:00,13573.079,14383.477,11412.617
forecast_1409,2025-02-28 17:00,14679.905,15830.957,12578.451
forecast_1410,2025-02-28 18:00,15084.561,16130.388,12978.492
forecast_1411,2025-02-28 19:00,17035.27,17375.74,14035.148
forecast_1412,2025-02-28 20:00,16307.477,15975.493,11318.197
forecast_1413,2025-02-28 21:00,15577.921,14296.591,10379.446
forecast_1414,2025-02-28 22:00,14086.539,12648.072,9415.945
forecast_1415,2025-02-28 23:00,13166.877,11582.464,9352.851
forecast_1416,2025-03-01 0:00,9981.387,8081.1465,6321.518
forecast_1417,2025-03-01 1:00,14881.075,13268.884,9948.976
forecast_1418,2025-03-01 2:00,10357.658,7659.974,5499.066
forecast_1419,2025-03-01 3:00,7055.886,4943.0894,3213.8232
forecast_1420,2025-03-01 4:00,4773.3877,3759.248,2251.6404
forecast_1421,2025-03-01 5:00,3496.7593,2996.1965,1797.2585
forecast_1422,2025-03-01 6:00,3046.37,2929.364,1749.036
forecast_1423,2025-03-01 7:00,3220.9077,3017.9797,1738.9462
forecast_1424,2025-03-01 8:00,2571.6948,2354.5894,1268.4816
forecast_1425,2025-03-01 9:00,2361.916,2306.6702,1147.0686
forecast_1426,2025-03-01 10:00,2092.0676,2426.371,1144.3683
forecast_1427,2025-03-01 11:00,2211.4949,2507.3477,1171.5464
forecast_1428,2025-03-01 12:00,2328.303,2694.9722,1354.899
forecast_1429,2025-03-01 13:00,2874.8909,3039.005,1481.7441
forecast_1430,2025-03-01 14:00,4151.2593,4303.038,2129.6343
forecast_1431,2025-03-01 15:00,5116.33,5438.411,2639.336
forecast_1432,2025-03-01 16:00,4870.1167,5089.5513,2805.6208
forecast_1433,2025-03-01 17:00,5412.2397,5797.1816,3049.059
forecast_1434,2025-03-01 18:00,5073.481,5692.4097,2858.7568
forecast_1435,2025-03-01 19:00,4612.1484,5684.522,2792.63
forecast_1436,2025-03-01 20:00,4715.104,5245.7993,2516.0466
forecast_1437,2025-03-01 21:00,3748.5605,4350.067,2280.0676
forecast_1438,2025-03-01 22:00,3719.9666,3991.5425,2459.4788
forecast_1439,2025-03-01 23:00,3628.6013,3632.2458,2030.844
forecast_1440,2025-03-02 0:00,3327.4917,3487.022,1955.0104
forecast_1441,2025-03-02 1:00,5695.2217,6187.6255,3750.9563
forecast_1442,2025-03-02 2:00,5759.461,6188.311,3840.2437
forecast_1443,2025-03-02 3:00,5559.0483,5838.4727,3544.4165
forecast_1444,2025-03-02 4:00,5363.9385,5590.9165,2978.915
forecast_1445,2025-03-02 5:00,5309.7075,5573.877,2954.6543
forecast_1446,2025-03-02 6:00,3341.9607,3207.624,1653.2026
forecast_1447,2025-03-02 7:00,1794.7676,1912.9421,909.23987
forecast_1448,2025-03-02 8:00,1928.912,2054.8013,957.0581
forecast_1449,2025-03-02 9:00,2510.4524,2404.6118,1243.0012
forecast_1450,2025-03-02 10:00,2860.9326,3268.1462,1451.7717
forecast_1451,2025-03-02 11:00,3181.7363,3874.644,2108.541
forecast_1452,2025-03-02 12:00,3546.5613,4356.7056,2574.8113
forecast_1453,2025-03-02 13:00,3892.1138,4483.65,2962.6423
forecast_1454,2025-03-02 14:00,4080.1155,5327.2773,3613.5774
forecast_1455,2025-03-02 15:00,4603.6436,6125.95,4351.8477
forecast_1456,2025-03-02 16:00,5854.3154,7359.598,5199.55
forecast_1457,2025-03-02 17:00,6816.5776,9150.556,6736.122
forecast_1458,2025-03-02 18:00,6640.2056,7795.547,6671.9424
forecast_1459,2025-03-02 19:00,9880.012,11644.426,10814.908
forecast_1460,2025-03-02 20:00,8680.033,9869.249,8625.591
forecast_1461,2025-03-02 21:00,8747.833,9699.995,9230.769
forecast_1462,2025-03-02 22:00,11208.757,13300.951,11118.466
forecast_1463,2025-03-02 23:00,10102.236,12539.376,10844.594
forecast_1464,2025-03-03 0:00,10244.212,12521.457,10858.914
forecast_1465,2025-03-03 1:00,13597.227,16333.285,13209.698
forecast_1466,2025-03-03 2:00,13857.65,16568.674,13311.97
forecast_1467,2025-03-03 3:00,12635.659,15635.484,13152.937
forecast_1468,2025-03-03 4:00,13336.217,16051.549,13631.341
forecast_1469,2025-03-03 5:00,13529.048,15380.85,13577.331
forecast_1470,2025-03-03 6:00,14197.972,16311.053,14436.959
forecast_1471,2025-03-03 7:00,13768.66,16843.281,13301.595
forecast_1472,2025-03-03 8:00,12728.556,15982.428,12855.865
forecast_1473,2025-03-03 9:00,11697.651,14873.226,12043.342
forecast_1474,2025-03-03 10:00,10812.55,13983.449,11406.763
forecast_1475,2025-03-03 11:00,10618.504,13682.081,11126.356
forecast_1476,2025-03-03 12:00,9645.917,12921.253,10817.86
forecast_1477,2025-03-03 13:00,11212.074,14172.498,11881.35
forecast_1478,2025-03-03 14:00,10062.596,12695.223,11355.222
forecast_1479,2025-03-03 15:00,10968.494,13836.162,11426.323
forecast_1480,2025-03-03 16:00,10907.162,14056.333,11586.494
forecast_1481,2025-03-03 17:00,11280.165,14233.7295,11662.807
forecast_1482,2025-03-03 18:00,10871.337,14173.344,11644.271
forecast_1483,2025-03-03 19:00,9960.52,12328.3125,9916.197
forecast_1484,2025-03-03 20:00,8963.352,10997.368,9187.9375
forecast_1485,2025-03-03 21:00,10799.943,13316.022,10835.302
forecast_1486,2025-03-03 22:00,11642.286,14677.162,11135.525
forecast_1487,2025-03-03 23:00,11742.72,14291.014,11060.489
forecast_1488,2025-03-04 0:00,11977.609,15232.297,11574.302
forecast_1489,2025-03-04 1:00,12857.71,16537.701,12005.614
forecast_1490,2025-03-04 2:00,12531.049,16292.396,11901.429
forecast_1491,2025-03-04 3:00,12903.786,16457.604,12062.156
forecast_1492,2025-03-04 4:00,11005.417,14562.164,10896.74
forecast_1493,2025-03-04 5:00,10877.6,14394.207,10650.541
forecast_1494,2025-03-04 6:00,11727.682,15627.581,11339.664
forecast_1495,2025-03-04 7:00,11672.888,15767.39,11214.817
forecast_1496,2025-03-04 8:00,11897.435,15695.901,11248.225
forecast_1497,2025-03-04 9:00,12223.602,16057.478,11200.137
forecast_1498,2025-03-04 10:00,12157.899,16068.922,11804.053
forecast_1499,2025-03-04 11:00,12351.461,16075.159,12019.077
forecast_1500,2025-03-04 12:00,12358.388,15891.927,12009.985
forecast_1501,2025-03-04 13:00,12242.897,15802.992,11897.334
forecast_1502,2025-03-04 14:00,12778.36,16088.745,12451.437
forecast_1503,2025-03-04 15:00,13135.83,16652.889,12543.544
forecast_1504,2025-03-04 16:00,13094.57,16747.822,12716.815
forecast_1505,2025-03-04 17:00,12868.021,16118.024,12298.503
forecast_1506,2025-03-04 18:00,12325.928,15948.056,11991.5
forecast_1507,2025-03-04 19:00,11195.391,14458.828,11264.986
forecast_1508,2025-03-04 20:00,10902.689,14039.7,11071.876
forecast_1509,2025-03-04 21:00,11005.068,14425.307,11347.359
forecast_1510,2025-03-04 22:00,10348.52,13488.602,10439.355
forecast_1511,2025-03-04 23:00,9440.447,12907.892,10090.727
forecast_1512,2025-03-05 0:00,7421.4443,9024.385,7830.098
forecast_1513,2025-03-05 1:00,3198.6436,3943.8018,2334.1165
forecast_1514,2025-03-05 2:00,3009.7754,3753.6616,2199.1357
forecast_1515,2025-03-05 3:00,2747.6116,3620.1665,1882.37
forecast_1516,2025-03-05 4:00,2630.8489,3719.9531,1808.6113
forecast_1517,2025-03-05 5:00,3202.5,4181.5425,1927.1063
forecast_1518,2025-03-05 6:00,3080.1758,4215.456,1985.9735
forecast_1519,2025-03-05 7:00,3212.9092,3564.7573,2090.9727
forecast_1520,2025-03-05 8:00,2606.4717,3591.1172,1903.4944
forecast_1521,2025-03-05 9:00,2267.3896,2385.1758,1409.0067
forecast_1522,2025-03-05 10:00,1717.492,2347.2947,1138.6375
forecast_1523,2025-03-05 11:00,1798.1157,2388.2805,1103.5071
forecast_1524,2025-03-05 12:00,1349.4286,1467.7294,982.9554
forecast_1525,2025-03-05 13:00,1421.1351,1570.993,1111.5935
forecast_1526,2025-03-05 14:00,1318.6943,1465.8828,988.7875
forecast_1527,2025-03-05 15:00,1273.1177,1379.0017,938.4898
forecast_1528,2025-03-05 16:00,1202.5005,1369.0154,970.9499
forecast_1529,2025-03-05 17:00,1203.3751,1393.0016,967.23126
forecast_1530,2025-03-05 18:00,1167.0797,1353.5671,905.3988
forecast_1531,2025-03-05 19:00,1790.3607,2032.63,959.5303
forecast_1532,2025-03-05 20:00,2697.0479,2816.6091,1253.3759
forecast_1533,2025-03-05 21:00,2958.1836,3011.6685,1301.8962
forecast_1534,2025-03-05 22:00,2742.7576,2732.202,1335.7886
forecast_1535,2025-03-05 23:00,2436.455,2317.565,1079.7958
forecast_1536,2025-03-06 0:00,2400.0574,2301.2578,1077.4761
forecast_1537,2025-03-06 1:00,2091.095,2078.644,901.872
forecast_1538,2025-03-06 2:00,2026.1244,2047.3015,957.27277
forecast_1539,2025-03-06 3:00,1881.8901,1860.8931,947.93884
forecast_1540,2025-03-06 4:00,1848.5879,1960.6224,989.4844
forecast_1541,2025-03-06 5:00,1921.886,2064.6526,1048.0961
forecast_1542,2025-03-06 6:00,1717.9143,1774.5323,1023.7876
forecast_1543,2025-03-06 7:00,1651.2456,1725.031,1022.10046
forecast_1544,2025-03-06 8:00,1235.1406,1229.6322,868.4751
forecast_1545,2025-03-06 9:00,1141.8313,1120.1885,761.19415
forecast_1546,2025-03-06 10:00,1102.1956,1047.9232,738.74286
forecast_1547,2025-03-06 11:00,1043.804,1042.2429,752.69495
forecast_1548,2025-03-06 12:00,1041.7236,1090.7053,779.0835
forecast_1549,2025-03-06 13:00,1108.799,1142.582,761.01355
forecast_1550,2025-03-06 14:00,1186.2339,1206.2134,824.49194
forecast_1551,2025-03-06 15:00,1106.7823,1199.1362,770.3762
forecast_1552,2025-03-06 16:00,1175.2262,1233.3981,767.3931
forecast_1553,2025-03-06 17:00,1117.1696,1108.652,809.1945
forecast_1554,2025-03-06 18:00,1127.2668,1229.2686,798.4182
forecast_1555,2025-03-06 19:00,1140.1339,1179.0101,893.3311
forecast_1556,2025-03-06 20:00,1528.2108,1594.3187,884.9272
forecast_1557,2025-03-06 21:00,1615.227,1683.441,951.17664
forecast_1558,2025-03-06 22:00,1713.6311,1691.0314,992.6456
forecast_1559,2025-03-06 23:00,1818.6373,1825.0797,1099.7933
forecast_1560,2025-03-07 0:00,1625.4152,1680.7091,1090.1907
forecast_1561,2025-03-07 1:00,1589.919,1757.8755,1149.6194
forecast_1562,2025-03-07 2:00,1801.5743,1959.5437,1156.0287
forecast_1563,2025-03-07 3:00,1303.2805,1463.1333,1043.5276
forecast_1564,2025-03-07 4:00,1209.8148,1316.769,970.2009
forecast_1565,2025-03-07 5:00,1229.1573,1272.5972,927.5735
forecast_1566,2025-03-07 6:00,1254.825,1333.0648,948.1017
forecast_1567,2025-03-07 7:00,1239.1377,1373.2683,894.1411
forecast_1568,2025-03-07 8:00,1089.2952,1185.9563,881.72235
forecast_1569,2025-03-07 9:00,1058.7479,1108.5342,796.27
forecast_1570,2025-03-07 10:00,1020.5459,1042.2429,727.75085
forecast_1571,2025-03-07 11:00,1087.5951,1051.438,727.75085
forecast_1572,2025-03-07 12:00,1104.8455,1041.8788,754.0402
forecast_1573,2025-03-07 13:00,1141.2518,1035.8212,727.75085
forecast_1574,2025-03-07 14:00,1181.9421,1056.8972,727.75085
forecast_1575,2025-03-07 15:00,1092.2246,1072.5447,747.9993
forecast_1576,2025-03-07 16:00,1072.6698,1042.1161,782.23785
forecast_1577,2025-03-07 17:00,1127.1841,1061.385,860.71655
forecast_1578,2025-03-07 18:00,1345.2484,1276.343,979.0967
forecast_1579,2025-03-07 19:00,1602.7534,1457.7769,891.09814
forecast_1580,2025-03-07 20:00,1537.1847,1482.5482,973.9179
forecast_1581,2025-03-07 21:00,1660.7045,1670.5638,957.69604
forecast_1582,2025-03-07 22:00,2097.502,2104.671,1231.0336
forecast_1583,2025-03-07 23:00,2734.0273,2966.9136,1604.2317
forecast_1584,2025-03-08 0:00,3058.1755,3506.082,1793.8656
forecast_1585,2025-03-08 1:00,2798.432,3127.4058,1701.9731
forecast_1586,2025-03-08 2:00,3402.4243,4051.5518,1987.2975
forecast_1587,2025-03-08 3:00,4437.5146,4756.5225,2314.8672
forecast_1588,2025-03-08 4:00,5020.95,5880.285,2644.1714
forecast_1589,2025-03-08 5:00,4776.1353,5610.8623,2553.9436
forecast_1590,2025-03-08 6:00,5324.6816,6485.379,3119.6616
forecast_1591,2025-03-08 7:00,5224.2666,5720.0527,2877.497
forecast_1592,2025-03-08 8:00,4970.081,5135.9653,2753.4307
forecast_1593,2025-03-08 9:00,4242.5234,4456.3994,2394.6548
forecast_1594,2025-03-08 10:00,4595.0034,4554.85,2706.1514
forecast_1595,2025-03-08 11:00,4209.154,4566.624,2785.4194
forecast_1596,2025-03-08 12:00,4136.366,4405.504,2991.9697
forecast_1597,2025-03-08 13:00,4650.6934,4536.3877,3315.7102
forecast_1598,2025-03-08 14:00,6270.1953,5715.3535,5189.0547
forecast_1599,2025-03-08 15:00,8199.632,7551.3687,6485.9688
forecast_1600,2025-03-08 16:00,7561.4263,7492.027,6081.1484
forecast_1601,2025-03-08 17:00,7642.4497,7129.1855,5410.5874
forecast_1602,2025-03-08 18:00,8655.63,8081.4336,7152.1367
forecast_1603,2025-03-08 19:00,10043.228,10076.99,7971.3984
forecast_1604,2025-03-08 20:00,10242.069,10560.735,8218.489
forecast_1605,2025-03-08 21:00,10205.179,11051.279,8240.308
forecast_1606,2025-03-08 22:00,10902.452,11612.18,8856.27
forecast_1607,2025-03-08 23:00,10643.053,11391.397,9133.18
forecast_1608,2025-03-09 0:00,10799.265,11079.652,8620.499
forecast_1609,2025-03-09 1:00,7654.715,6954.168,4968.251
forecast_1610,2025-03-09 2:00,7254.7275,6839.8066,4972.8037
forecast_1611,2025-03-09 3:00,7030.338,6403.9253,4466.011
forecast_1612,2025-03-09 4:00,6470.8716,5678.629,3555.405
forecast_1613,2025-03-09 5:00,5749.4487,4630.5796,2982.9702
forecast_1614,2025-03-09 6:00,5424.303,4280.93,2741.6775
forecast_1615,2025-03-09 7:00,5367.7383,4336.1733,3203.6987
forecast_1616,2025-03-09 8:00,2955.5999,2336.829,1568.2487
forecast_1617,2025-03-09 9:00,1472.8201,1514.759,935.2546
forecast_1618,2025-03-09 10:00,1237.7512,1094.223,740.5508
forecast_1619,2025-03-09 11:00,1140.8048,1054.7483,751.5428
forecast_1620,2025-03-09 12:00,1037.6844,1053.428,752.2146
forecast_1621,2025-03-09 13:00,1022.9726,1032.3119,727.75085
forecast_1622,2025-03-09 14:00,1025.0145,1087.4589,740.5508
forecast_1623,2025-03-09 15:00,1101.3225,1094.6141,740.5508
forecast_1624,2025-03-09 16:00,1114.3698,1077.2148,727.75085
forecast_1625,2025-03-09 17:00,1083.8837,1079.9164,738.74286
forecast_1626,2025-03-09 18:00,1096.9282,1109.022,747.9993
forecast_1627,2025-03-09 19:00,1321.8013,1354.4628,950.61444
forecast_1628,2025-03-09 20:00,1578.2502,1548.677,1068.1698
forecast_1629,2025-03-09 21:00,1720.9667,1663.6808,1208.6176
forecast_1630,2025-03-09 22:00,2119.056,2227.7686,1386.8444
forecast_1631,2025-03-09 23:00,3136.1223,3163.5425,2081.5334
forecast_1632,2025-03-10 0:00,4462.371,4470.139,2646.6772
forecast_1633,2025-03-10 1:00,6238.738,6481.9194,4197.7373
forecast_1634,2025-03-10 2:00,7589.8423,8021.241,4896.15
forecast_1635,2025-03-10 3:00,7756.5864,8113.812,4788.751
forecast_1636,2025-03-10 4:00,8243.009,8242.713,4752.9155
forecast_1637,2025-03-10 5:00,6893.8013,7500.6714,4373.8696
forecast_1638,2025-03-10 6:00,6537.1455,6874.853,4030.0032
forecast_1639,2025-03-10 7:00,7299.92,7508.465,4578.9956
forecast_1640,2025-03-10 8:00,6553.169,6842.817,3897.1646
forecast_1641,2025-03-10 9:00,4990.2446,4962.404,2825.2654
forecast_1642,2025-03-10 10:00,3846.7036,3614.9873,2032.1521
forecast_1643,2025-03-10 11:00,3395.678,3691.4656,2317.6736
forecast_1644,2025-03-10 12:00,3062.1626,3328.94,1999.3225
forecast_1645,2025-03-10 13:00,3317.871,3532.611,2459.4622
forecast_1646,2025-03-10 14:00,4261.2163,4411.75,3111.2832
forecast_1647,2025-03-10 15:00,4908.0513,5247.854,3932.8232
forecast_1648,2025-03-10 16:00,5954.517,6180.3125,5101.853
forecast_1649,2025-03-10 17:00,6441.5103,6763.4824,5655.906
forecast_1650,2025-03-10 18:00,6017.372,6398.276,4832.8306
forecast_1651,2025-03-10 19:00,7881.7837,8303.659,6825.2925
forecast_1652,2025-03-10 20:00,9462.556,9965.718,7967.9497
forecast_1653,2025-03-10 21:00,11060.876,12197.337,9150.493
forecast_1654,2025-03-10 22:00,13635.601,14663.951,11688.846
forecast_1655,2025-03-10 23:00,16098.534,16579.945,13361.916
forecast_1656,2025-03-11 0:00,18362.787,19064.184,16355.708
forecast_1657,2025-03-11 1:00,17614.488,17821.793,13844.088
forecast_1658,2025-03-11 2:00,17681.527,17909.676,13739.66
forecast_1659,2025-03-11 3:00,18031.504,18347.629,14308.852
forecast_1660,2025-03-11 4:00,18840.736,19079.832,15511.187
forecast_1661,2025-03-11 5:00,18897.43,18788.186,14739.821
forecast_1662,2025-03-11 6:00,17584.207,16683.176,12902.058
forecast_1663,2025-03-11 7:00,15344.601,13840.247,9770.8125
forecast_1664,2025-03-11 8:00,10729.115,9149.145,6425.4204
forecast_1665,2025-03-11 9:00,4898.9,3738.5864,2233.3423
forecast_1666,2025-03-11 10:00,3363.2817,2684.447,1466.4789
forecast_1667,2025-03-11 11:00,2440.1536,2097.1392,1254.6129
forecast_1668,2025-03-11 12:00,2074.5745,1987.9744,1151.3784
forecast_1669,2025-03-11 13:00,1575.003,1615.2947,906.97845
forecast_1670,2025-03-11 14:00,1683.0082,1609.4027,954.0809
forecast_1671,2025-03-11 15:00,1812.9409,1773.342,1087.6962
forecast_1672,2025-03-11 16:00,2023.4053,1848.407,1111.3394
forecast_1673,2025-03-11 17:00,2242.8616,2317.2036,1281.386
forecast_1674,2025-03-11 18:00,4437.0215,4766.2637,3038.0579
forecast_1675,2025-03-11 19:00,5674.989,6235.972,5053.6714
forecast_1676,2025-03-11 20:00,6906.0454,7833.945,5539.2114
forecast_1677,2025-03-11 21:00,9600.161,10269.569,7933.2866
forecast_1678,2025-03-11 22:00,10615.861,11257.443,8527.083
forecast_1679,2025-03-11 23:00,14875.749,15677.698,12707.396
forecast_1680,2025-03-12 0:00,15888.163,17568.574,14355.452
forecast_1681,2025-03-12 1:00,14889.089,16041.538,13244.046
forecast_1682,2025-03-12 2:00,14320.833,15573.125,11756.855
forecast_1683,2025-03-12 3:00,12620.752,13739.322,9800.788
forecast_1684,2025-03-12 4:00,13478.084,15029.932,10570.546
forecast_1685,2025-03-12 5:00,16453.283,17072.459,13608.211
forecast_1686,2025-03-12 6:00,18257.861,18881.291,16221.6045
forecast_1687,2025-03-12 7:00,18874.244,19338.307,16459.25
forecast_1688,2025-03-12 8:00,19629.3,19811.412,16757.648
forecast_1689,2025-03-12 9:00,18878.254,19581.678,16527.043
forecast_1690,2025-03-12 10:00,18647.66,19221.934,16492.344
forecast_1691,2025-03-12 11:00,17618.512,17885.479,15817.451
forecast_1692,2025-03-12 12:00,17595.203,17914.271,15921.468
forecast_1693,2025-03-12 13:00,17208.842,18099.826,15843.415
forecast_1694,2025-03-12 14:00,17429.246,18334.572,15894.865
forecast_1695,2025-03-12 15:00,18020.11,18867.428,16096.911
forecast_1696,2025-03-12 16:00,18734.385,19472.244,16717.61
forecast_1697,2025-03-12 17:00,19520.021,19642.092,16669.537
forecast_1698,2025-03-12 18:00,18945.54,18973.834,16364.317
forecast_1699,2025-03-12 19:00,17312.295,17364.74,15775.691
forecast_1700,2025-03-12 20:00,15319.487,15635.655,13194.523
forecast_1701,2025-03-12 21:00,14375.426,14736.791,12182.209
forecast_1702,2025-03-12 22:00,13579.39,14084.046,11392.003
forecast_1703,2025-03-12 23:00,13123.313,13203.0625,10635.127
forecast_1704,2025-03-13 0:00,13016.11,13912.123,10539.807
forecast_1705,2025-03-13 1:00,13075.914,13984.133,9989.347
forecast_1706,2025-03-13 2:00,13590.619,14412.952,10246.742
forecast_1707,2025-03-13 3:00,14085.859,14602.775,10344.898
forecast_1708,2025-03-13 4:00,14025.35,14666.66,10461.6045
forecast_1709,2025-03-13 5:00,14060.118,14662.235,9860.01
forecast_1710,2025-03-13 6:00,12367.189,13306.75,9293.082
forecast_1711,2025-03-13 7:00,11025.089,12482.5,8300.949
forecast_1712,2025-03-13 8:00,11443.456,12818.927,7544.4424
forecast_1713,2025-03-13 9:00,10885.333,11113.529,7362.778
forecast_1714,2025-03-13 10:00,8088.119,8237.161,5782.345
forecast_1715,2025-03-13 11:00,4672.35,4612.3164,2834.3938
forecast_1716,2025-03-13 12:00,4149.4385,3705.7246,2157.4146
forecast_1717,2025-03-13 13:00,3947.4175,3407.1646,1981.7552
forecast_1718,2025-03-13 14:00,3190.75,2627.3196,1385.3794
forecast_1719,2025-03-13 15:00,2166.05,1996.2002,1168.8038
forecast_1720,2025-03-13 16:00,1814.9102,1596.4657,1109.4094
forecast_1721,2025-03-13 17:00,1406.7268,1413.6705,855.21747
forecast_1722,2025-03-13 18:00,1819.3864,1737.5289,951.8195
forecast_1723,2025-03-13 19:00,2470.631,2491.297,1201.2776
forecast_1724,2025-03-13 20:00,3738.8542,3463.9692,1687.5684
forecast_1725,2025-03-13 21:00,4400.127,4026.0786,1940.4769
forecast_1726,2025-03-13 22:00,4733.8525,4346.7085,2443.134
forecast_1727,2025-03-13 23:00,4980.9756,4458.9956,2551.1047
forecast_1728,2025-03-14 0:00,4598.302,3590.942,2100.8914
forecast_1729,2025-03-14 1:00,3554.8972,2825.3574,1537.2594
forecast_1730,2025-03-14 2:00,2971.1038,2516.7922,1396.4175
forecast_1731,2025-03-14 3:00,3182.0913,2786.9045,1339.4396
forecast_1732,2025-03-14 4:00,2843.835,2718.347,1252.8348
forecast_1733,2025-03-14 5:00,2229.3691,2019.0184,954.0809
forecast_1734,2025-03-14 6:00,1991.2253,2055.63,974.50446
forecast_1735,2025-03-14 7:00,1754.155,1661.5624,829.5984
forecast_1736,2025-03-14 8:00,1567.6027,1644.4781,909.23987
forecast_1737,2025-03-14 9:00,1328.7938,1511.5072,900.3852
forecast_1738,2025-03-14 10:00,1376.5061,1592.1528,990.63495
forecast_1739,2025-03-14 11:00,1355.3936,1675.1849,1229.6869
forecast_1740,2025-03-14 12:00,1543.9084,1908.0986,1390.194
forecast_1741,2025-03-14 13:00,1447.0107,1732.6508,1258.2983
forecast_1742,2025-03-14 14:00,1466.0985,1729.3865,1273.8615
forecast_1743,2025-03-14 15:00,1634.1112,1856.1433,1297.9973
forecast_1744,2025-03-14 16:00,1722.8295,1890.4257,1215.5876
forecast_1745,2025-03-14 17:00,1756.4387,1908.9504,1153.6442
forecast_1746,2025-03-14 18:00,1727.8378,1647.6973,1153.6442
forecast_1747,2025-03-14 19:00,1915.6649,1695.2628,951.8195
forecast_1748,2025-03-14 20:00,2349.656,1905.636,1035.9376
forecast_1749,2025-03-14 21:00,2549.4907,2094.5857,1032.903
forecast_1750,2025-03-14 22:00,2829.388,2332.8823,1100.1426
forecast_1751,2025-03-14 23:00,3001.1191,2329.7214,1227.8787
forecast_1752,2025-03-15 0:00,3366.7888,2537.4473,1280.3654
forecast_1753,2025-03-15 1:00,3843.5347,3335.0415,1512.4678
forecast_1754,2025-03-15 2:00,3531.8447,2986.2073,1296.9386
forecast_1755,2025-03-15 3:00,3847.5957,3479.4497,1355.2699
forecast_1756,2025-03-15 4:00,3941.7131,3702.679,1576.1345
forecast_1757,2025-03-15 5:00,4414.1104,3893.4849,1769.4225
forecast_1758,2025-03-15 6:00,4691.0117,4154.4077,1737.9377
forecast_1759,2025-03-15 7:00,4723.2344,4059.9482,1793.3926
forecast_1760,2025-03-15 8:00,4826.6177,4327.845,1917.3052
forecast_1761,2025-03-15 9:00,4591.469,4706.595,3207.992
forecast_1762,2025-03-15 10:00,5039.999,5095.5366,3799.753
forecast_1763,2025-03-15 11:00,5007.134,5669.807,4209.4663
forecast_1764,2025-03-15 12:00,3669.4458,4099.1,2429.6184
forecast_1765,2025-03-15 13:00,3611.5977,3964.8298,2163.7898
forecast_1766,2025-03-15 14:00,2987.83,3381.406,2062.1716
forecast_1767,2025-03-15 15:00,2151.4731,2007.9825,1419.5052
forecast_1768,2025-03-15 16:00,2213.3477,1975.2448,1343.8027
forecast_1769,2025-03-15 17:00,2065.0835,1898.1895,1375.3071
forecast_1770,2025-03-15 18:00,1694.4264,1889.6486,1167.5426
forecast_1771,2025-03-15 19:00,2276.9553,2065.1555,1232.9895
forecast_1772,2025-03-15 20:00,2454.3545,2489.505,1391.2185
forecast_1773,2025-03-15 21:00,2386.1672,2414.4036,1358.3995
forecast_1774,2025-03-15 22:00,2433.1646,2413.1218,1367.3607
forecast_1775,2025-03-15 23:00,2301.8196,2201.3892,1304.0392
forecast_1776,2025-03-16 0:00,2241.1704,1973.6389,1122.3087
forecast_1777,2025-03-16 1:00,1811.466,1525.5709,901.872
forecast_1778,2025-03-16 2:00,1759.2106,1601.7548,875.58264
forecast_1779,2025-03-16 3:00,1684.7023,1429.4233,975.886
forecast_1780,2025-03-16 4:00,1557.9739,1291.398,878.85834
forecast_1781,2025-03-16 5:00,1415.2446,1231.6285,894.80255
forecast_1782,2025-03-16 6:00,1448.571,1223.246,899.166
forecast_1783,2025-03-16 7:00,1353.0767,1192.5491,827.3668
forecast_1784,2025-03-16 8:00,1345.0709,1202.9459,968.9591
forecast_1785,2025-03-16 9:00,1247.6783,1112.8385,810.5807
forecast_1786,2025-03-16 10:00,1134.7288,1197.0372,827.2148
forecast_1787,2025-03-16 11:00,1168.3647,1375.0007,972.48987
forecast_1788,2025-03-16 12:00,1392.7675,1643.8115,1033.3423
forecast_1789,2025-03-16 13:00,2068.9902,2288.852,1440.1598
forecast_1790,2025-03-16 14:00,3273.885,3881.3567,2609.3213
forecast_1791,2025-03-16 15:00,5343.245,5335.8447,4056.71
forecast_1792,2025-03-16 16:00,7784.6733,7165.0835,7056.698
forecast_1793,2025-03-16 17:00,9575.928,9837.624,9243.007
forecast_1794,2025-03-16 18:00,10621.61,11038.412,10690.788
forecast_1795,2025-03-16 19:00,10473.748,10846.437,10207.678
forecast_1796,2025-03-16 20:00,11873.644,11997.226,11180.878
forecast_1797,2025-03-16 21:00,13411.01,14009.263,11773.615
forecast_1798,2025-03-16 22:00,12741.233,12537.61,9960.891
forecast_1799,2025-03-16 23:00,9366.079,8830.422,6974.8374
forecast_1800,2025-03-17 0:00,8641.387,8357.38,6706.59
forecast_1801,2025-03-17 1:00,14260.411,15471.894,10880.188
forecast_1802,2025-03-17 2:00,12858.926,13395.675,8957.628
forecast_1803,2025-03-17 3:00,10760.17,11037.695,7678.416
forecast_1804,2025-03-17 4:00,9419.758,9426.368,6929.675
forecast_1805,2025-03-17 5:00,9654.585,8829.954,7194.6133
forecast_1806,2025-03-17 6:00,7451.0176,6803.7656,4072.3843
forecast_1807,2025-03-17 7:00,5771.695,5620.621,2845.4873
forecast_1808,2025-03-17 8:00,3291.444,2854.379,1339.6963
forecast_1809,2025-03-17 9:00,2494.6562,2330.3374,1135.8956
forecast_1810,2025-03-17 10:00,1931.6691,1727.7998,1244.3256
forecast_1811,2025-03-17 11:00,2504.038,2414.0693,1759.9386
forecast_1812,2025-03-17 12:00,4678.027,4838.712,3754.026
forecast_1813,2025-03-17 13:00,7170.211,7369.435,7214.2217
forecast_1814,2025-03-17 14:00,9177.009,9067.445,8686.119
forecast_1815,2025-03-17 15:00,10816.855,10747.76,9368.523
forecast_1816,2025-03-17 16:00,11422.509,10363.454,9447.451
forecast_1817,2025-03-17 17:00,11249.681,10093.662,8966.468
forecast_1818,2025-03-17 18:00,10109.467,9332.428,7755.41
forecast_1819,2025-03-17 19:00,9615.326,9322.612,7494.9385
forecast_1820,2025-03-17 20:00,10553.832,10685.197,8815.819
forecast_1821,2025-03-17 21:00,12140.406,12767.371,10085.442
forecast_1822,2025-03-17 22:00,12821.552,14076.382,10571.375
forecast_1823,2025-03-17 23:00,10968.796,11958.957,8971.281
forecast_1824,2025-03-18 0:00,8124.5073,8780.21,6052.551
forecast_1825,2025-03-18 1:00,7429.9443,9646.014,5279.502
forecast_1826,2025-03-18 2:00,6632.5063,7617.6006,3922.2458
forecast_1827,2025-03-18 3:00,4492.639,5501.853,2504.0977
forecast_1828,2025-03-18 4:00,3454.4968,3849.6306,2059.3647
forecast_1829,2025-03-18 5:00,3609.2014,3855.4187,1918.5874
forecast_1830,2025-03-18 6:00,2517.9377,3235.244,1464.907
forecast_1831,2025-03-18 7:00,2095.6084,2152.0474,1128.8457
forecast_1832,2025-03-18 8:00,2099.7612,2147.8706,1160.6738
forecast_1833,2025-03-18 9:00,2460.1655,2565.3218,1706.859
forecast_1834,2025-03-18 10:00,1901.0372,1885.8871,1411.3043
forecast_1835,2025-03-18 11:00,1697.2106,1495.0345,916.24603
forecast_1836,2025-03-18 12:00,2529.7227,2272.8665,1052.248
forecast_1837,2025-03-18 13:00,3094.8066,2513.2866,1177.1553
forecast_1838,2025-03-18 14:00,4172.982,3501.5398,1558.5084
forecast_1839,2025-03-18 15:00,7083.059,6156.216,3353.1729
forecast_1840,2025-03-18 16:00,12638.766,11240.716,8861.153
forecast_1841,2025-03-18 17:00,14873.846,14702.863,12455.799
forecast_1842,2025-03-18 18:00,14984.706,15455.737,13701.806
forecast_1843,2025-03-18 19:00,12939.179,13881.5,11552.855
forecast_1844,2025-03-18 20:00,12421.889,14591.101,11099.8
forecast_1845,2025-03-18 21:00,9222.906,10414.844,8489.298
forecast_1846,2025-03-18 22:00,7392.6787,7145.106,5372.159
forecast_1847,2025-03-18 23:00,5496.037,5720.8423,2806.6838
forecast_1848,2025-03-19 0:00,4560.8154,5207.5337,2170.7756
forecast_1849,2025-03-19 1:00,3379.9236,3554.9077,1629.5768
forecast_1850,2025-03-19 2:00,3256.203,3132.3696,1502.9738
forecast_1851,2025-03-19 3:00,3292.4248,2997.9858,1592.8232
forecast_1852,2025-03-19 4:00,2941.012,2689.4412,1595.5508
forecast_1853,2025-03-19 5:00,2923.5486,2734.4182,1664.7109
forecast_1854,2025-03-19 6:00,2922.7788,2745.7148,1730.1719
forecast_1855,2025-03-19 7:00,3901.8667,3429.3389,2041.8867
forecast_1856,2025-03-19 8:00,3992.348,4013.5364,2290.3672
forecast_1857,2025-03-19 9:00,4686.536,4618.1343,3322.23
forecast_1858,2025-03-19 10:00,5200.699,5226.683,4446.4224
forecast_1859,2025-03-19 11:00,5941.1104,6599.3765,5893.3745
forecast_1860,2025-03-19 12:00,7412.9688,7799.3687,6609.683
forecast_1861,2025-03-19 13:00,7929.404,8214.158,7131.763
forecast_1862,2025-03-19 14:00,8248.034,7701.234,6809.566
forecast_1863,2025-03-19 15:00,10131.777,9986.781,8638.164
forecast_1864,2025-03-19 16:00,11093.713,10613.995,9414.13
forecast_1865,2025-03-19 17:00,11139.783,10557.542,9219.774
forecast_1866,2025-03-19 18:00,12248.8125,12337.316,10302.3955
forecast_1867,2025-03-19 19:00,13004.235,13084.905,10647.158
forecast_1868,2025-03-19 20:00,14015,14078.274,10911.258
forecast_1869,2025-03-19 21:00,14867.697,15600.388,12785.551
forecast_1870,2025-03-19 22:00,15780.707,16953.37,13324.829
forecast_1871,2025-03-19 23:00,15641.806,16711.26,13294.122
forecast_1872,2025-03-20 0:00,17143.055,18589.902,15101.633
forecast_1873,2025-03-20 1:00,17006.795,18400.838,14948.211
forecast_1874,2025-03-20 2:00,18270.367,19372.705,15986.144
forecast_1875,2025-03-20 3:00,18893.18,19730.365,16187.108
forecast_1876,2025-03-20 4:00,19251.531,19847.27,16330.051
forecast_1877,2025-03-20 5:00,19522.465,20058.77,16660.557
forecast_1878,2025-03-20 6:00,19816.232,20401.656,17118.537
forecast_1879,2025-03-20 7:00,20164.271,20326.8,17444.51
forecast_1880,2025-03-20 8:00,18974.104,20234.922,17152.824
forecast_1881,2025-03-20 9:00,18164.951,19317.264,16492.963
forecast_1882,2025-03-20 10:00,16852.514,18105.129,15677.011
forecast_1883,2025-03-20 11:00,16553.463,17717.795,15419.299
forecast_1884,2025-03-20 12:00,16225.247,17355.947,14897.654
forecast_1885,2025-03-20 13:00,16536.086,17619.15,15756.954
forecast_1886,2025-03-20 14:00,16583.96,18419.168,15909.338
forecast_1887,2025-03-20 15:00,17788.01,18983.21,16146.775
forecast_1888,2025-03-20 16:00,17893.004,19063.72,16280.281
forecast_1889,2025-03-20 17:00,17906.545,19313.994,16529.973
forecast_1890,2025-03-20 18:00,18095.992,19521.117,16679.514
forecast_1891,2025-03-20 19:00,18989.943,19943.746,16941.232
forecast_1892,2025-03-20 20:00,19064.03,20171.125,17377.572
forecast_1893,2025-03-20 21:00,19772.098,20452.865,18020.86
forecast_1894,2025-03-20 22:00,19095.357,19944.234,17742.904
forecast_1895,2025-03-20 23:00,18608.014,19363.744,16746.934
forecast_1896,2025-03-21 0:00,17811.879,18452.842,16077.53
forecast_1897,2025-03-21 1:00,18267.85,19303.727,17090.156
forecast_1898,2025-03-21 2:00,18961.09,19811.846,17079.861
forecast_1899,2025-03-21 3:00,18506.012,19651.162,16914.504
forecast_1900,2025-03-21 4:00,19145.55,20065.266,17250.828
forecast_1901,2025-03-21 5:00,19639.213,20286.553,17200.88
forecast_1902,2025-03-21 6:00,20065.688,20447.404,17274.7
forecast_1903,2025-03-21 7:00,19912.125,20280.412,17131.285
forecast_1904,2025-03-21 8:00,19786.645,20128.328,17179.967
forecast_1905,2025-03-21 9:00,18599.635,19790.291,16780.574
forecast_1906,2025-03-21 10:00,18807.129,19772.64,16663.355
forecast_1907,2025-03-21 11:00,18442.781,19096.154,16465.45
forecast_1908,2025-03-21 12:00,17790.59,18800.756,16158.073
forecast_1909,2025-03-21 13:00,17119.818,18326.053,15730.323
forecast_1910,2025-03-21 14:00,17186.102,17970.346,15504.252
forecast_1911,2025-03-21 15:00,16322.829,17370.492,14984.145
forecast_1912,2025-03-21 16:00,16686.834,18024.062,14565.819
forecast_1913,2025-03-21 17:00,17388.459,18580.326,15673.767
forecast_1914,2025-03-21 18:00,17956.348,18976.607,16180.165
forecast_1915,2025-03-21 19:00,18194.535,19213.664,16469.084
forecast_1916,2025-03-21 20:00,17845.934,19169.066,16501.01
forecast_1917,2025-03-21 21:00,18080.754,19239.879,16441.938
forecast_1918,2025-03-21 22:00,17297.63,18671.94,16303.957
forecast_1919,2025-03-21 23:00,17974.953,19098.682,16566.2
forecast_1920,2025-03-22 0:00,18087.541,19121.764,16416.46
forecast_1921,2025-03-22 1:00,18733.355,19275.617,16595.287
forecast_1922,2025-03-22 2:00,18865.213,19597.027,16586.574
forecast_1923,2025-03-22 3:00,18369.312,19306.514,16381.207
forecast_1924,2025-03-22 4:00,17981.873,18563.375,15845.343
forecast_1925,2025-03-22 5:00,18170.635,18631.451,15731.887
forecast_1926,2025-03-22 6:00,18335.72,18758.418,15761.385
forecast_1927,2025-03-22 7:00,18632.898,18910.174,15591.67
forecast_1928,2025-03-22 8:00,18331.738,19015.87,15545.065
forecast_1929,2025-03-22 9:00,18081.484,18950.209,16112.482
forecast_1930,2025-03-22 10:00,17718.281,18971,16239.562
forecast_1931,2025-03-22 11:00,17685.258,18780.223,15946.026
forecast_1932,2025-03-22 12:00,17430.441,18813.418,15894.91
forecast_1933,2025-03-22 13:00,17151.592,18506.297,15722.247
forecast_1934,2025-03-22 14:00,17215.889,18625.125,16084.903
forecast_1935,2025-03-22 15:00,16743.072,18270.97,15773.867
forecast_1936,2025-03-22 16:00,16605.56,17951.709,15605.985
forecast_1937,2025-03-22 17:00,16566.773,17943.299,15549.932
forecast_1938,2025-03-22 18:00,16972.04,17960.133,15433.562
forecast_1939,2025-03-22 19:00,17583.582,18699.555,15686.31
forecast_1940,2025-03-22 20:00,16864.025,18121.113,15883.319
forecast_1941,2025-03-22 21:00,17104.818,17887.953,15799.274
forecast_1942,2025-03-22 22:00,17376.328,18336.008,16130.886
forecast_1943,2025-03-22 23:00,17711.48,18758.523,15906.956
forecast_1944,2025-03-23 0:00,17984.102,18768.568,15729.715
forecast_1945,2025-03-23 1:00,17133.97,17640.844,14589.872
forecast_1946,2025-03-23 2:00,16723.713,17088.73,13597.663
forecast_1947,2025-03-23 3:00,16861.994,17000.777,13857.449
forecast_1948,2025-03-23 4:00,16382.878,16490.611,13201.398
forecast_1949,2025-03-23 5:00,15445.167,15381.248,12267.7
forecast_1950,2025-03-23 6:00,14493.442,14322.643,10926.494
forecast_1951,2025-03-23 7:00,11968.376,12249.386,8609.059
forecast_1952,2025-03-23 8:00,7754.8384,7611.4766,3667.0728
forecast_1953,2025-03-23 9:00,4439.506,4107.122,1710.4974
forecast_1954,2025-03-23 10:00,2572.6145,2441.4885,1103.4329
forecast_1955,2025-03-23 11:00,1974.0277,1790.5131,1079.8876
forecast_1956,2025-03-23 12:00,1657.9478,1497.9945,900.4061
forecast_1957,2025-03-23 13:00,1860.9004,1645.1216,977.3201
forecast_1958,2025-03-23 14:00,2139.5525,1988.0413,1142.7714
forecast_1959,2025-03-23 15:00,3005.4587,2775.8179,1728.478
forecast_1960,2025-03-23 16:00,3900.9006,3935.753,2665.4011
forecast_1961,2025-03-23 17:00,4125.132,4490.3843,2838.0195
forecast_1962,2025-03-23 18:00,2990.4746,3414.633,1781.1151
forecast_1963,2025-03-23 19:00,4418.294,5718.1924,2957.3325
forecast_1964,2025-03-23 20:00,6869.4116,8374.269,5712.5293
forecast_1965,2025-03-23 21:00,9552.456,11877.993,8751.9795
forecast_1966,2025-03-23 22:00,11108.732,13664.639,10513.298
forecast_1967,2025-03-23 23:00,11724.495,14188.865,11515.738
forecast_1968,2025-03-24 0:00,12115.727,14352.881,11134.099
forecast_1969,2025-03-24 1:00,12208.886,14469.039,11077.815
forecast_1970,2025-03-24 2:00,11124.582,13519.979,10288.422
forecast_1971,2025-03-24 3:00,11372.567,13969.095,10892.42
forecast_1972,2025-03-24 4:00,10478.383,13023.669,10195.13
forecast_1973,2025-03-24 5:00,10858.27,13189.105,10266.394
forecast_1974,2025-03-24 6:00,12885.831,15234.645,12766.456
forecast_1975,2025-03-24 7:00,13234.164,14738.501,11253.709
forecast_1976,2025-03-24 8:00,13919.538,15254.1875,12244.763
forecast_1977,2025-03-24 9:00,13656.7,15303.543,12769.455
forecast_1978,2025-03-24 10:00,14703.279,15834.496,13659.765
forecast_1979,2025-03-24 11:00,15220.263,16242.272,13794.555
forecast_1980,2025-03-24 12:00,15925.546,16727.113,14725.655
forecast_1981,2025-03-24 13:00,15926.327,16523.184,14684.167
forecast_1982,2025-03-24 14:00,15666.03,16180.52,13800.439
forecast_1983,2025-03-24 15:00,14819.2,15423.853,13240.622
forecast_1984,2025-03-24 16:00,14761.774,15329.087,13363.278
forecast_1985,2025-03-24 17:00,14304.452,14648.592,12761.0625
forecast_1986,2025-03-24 18:00,12705.387,13402.355,11311.139
forecast_1987,2025-03-24 19:00,13600.59,14486.501,12242.15
forecast_1988,2025-03-24 20:00,13842.993,14766.726,12735.553
forecast_1989,2025-03-24 21:00,13547.3125,13877.377,12377.967
forecast_1990,2025-03-24 22:00,15812.28,16837.408,15465.544
forecast_1991,2025-03-24 23:00,17035.01,17899.738,15919.051
forecast_1992,2025-03-25 0:00,17788.756,17748.88,15862.031
forecast_1993,2025-03-25 1:00,18005.871,18662.896,16388.797
forecast_1994,2025-03-25 2:00,18005.016,18211.676,15919.235
forecast_1995,2025-03-25 3:00,15995.782,15842.337,12628.169
forecast_1996,2025-03-25 4:00,12853.652,13647.891,10704.055
forecast_1997,2025-03-25 5:00,9604.849,10754.185,7594.324
forecast_1998,2025-03-25 6:00,7914.339,8871.502,5777.113
forecast_1999,2025-03-25 7:00,8102.2866,9189.17,5716.177
forecast_2000,2025-03-25 8:00,8945.748,10184.922,6906.479
forecast_2001,2025-03-25 9:00,8504.598,10040.769,6416.9463
forecast_2002,2025-03-25 10:00,8905.445,9989.76,7370.538
forecast_2003,2025-03-25 11:00,9157.731,10731.947,9209.719
forecast_2004,2025-03-25 12:00,10441.65,12103.408,10281.99
forecast_2005,2025-03-25 13:00,12333.764,14483.294,12844.086
forecast_2006,2025-03-25 14:00,14714.791,16449.527,15212.173
forecast_2007,2025-03-25 15:00,15264.2705,16710.332,15250.709
forecast_2008,2025-03-25 16:00,14978.775,17000.53,15372.797
forecast_2009,2025-03-25 17:00,16400.365,17898.658,15615.532
forecast_2010,2025-03-25 18:00,17381.3,18623.63,16149.298
forecast_2011,2025-03-25 19:00,17362.201,18501.432,15567.284
forecast_2012,2025-03-25 20:00,17060.256,17983.012,15261.532
forecast_2013,2025-03-25 21:00,17597.02,18921.74,15334.9795
forecast_2014,2025-03-25 22:00,17889.445,19585.867,14919.618
forecast_2015,2025-03-25 23:00,18458.78,19786.656,15530.689
forecast_2016,2025-03-26 0:00,18433.701,19692.275,15891.902
forecast_2017,2025-03-26 1:00,18906.62,19414.02,16030.69
forecast_2018,2025-03-26 2:00,18690.812,18531.197,16087.021
forecast_2019,2025-03-26 3:00,17716.229,17414.209,15628.832
forecast_2020,2025-03-26 4:00,17090.643,16564.943,14382.518
forecast_2021,2025-03-26 5:00,16021.6,15793.732,12384.044
forecast_2022,2025-03-26 6:00,13794.746,12833.298,8901.22
forecast_2023,2025-03-26 7:00,7775.1914,7961.7773,4327.501
forecast_2024,2025-03-26 8:00,4326.194,4257.2505,1788.5004
forecast_2025,2025-03-26 9:00,2825.0034,2936.9033,1437.8904
forecast_2026,2025-03-26 10:00,1981.5018,2015.5463,958.7371
forecast_2027,2025-03-26 11:00,1833.23,1853.6083,1011.1288
forecast_2028,2025-03-26 12:00,2248.5283,2519.537,1230.47
forecast_2029,2025-03-26 13:00,2442.8875,2725.7554,1260.1677
forecast_2030,2025-03-26 14:00,2685.124,3054.5942,1636.8201
forecast_2031,2025-03-26 15:00,3317.391,3549.3684,1730.5238
forecast_2032,2025-03-26 16:00,3159.0476,3493.6648,1613.5017
forecast_2033,2025-03-26 17:00,3218.6777,3772.9011,1663.4647
forecast_2034,2025-03-26 18:00,4849.139,5908.806,2783.6455
forecast_2035,2025-03-26 19:00,7651.0283,9534.014,5693.0127
forecast_2036,2025-03-26 20:00,8811.817,10126.196,7121.1416
forecast_2037,2025-03-26 21:00,10104.3545,11623.548,7739.123
forecast_2038,2025-03-26 22:00,11577.416,13243.402,9623.802
forecast_2039,2025-03-26 23:00,13073.709,15103.29,10876.714
forecast_2040,2025-03-27 0:00,15559.067,17114.906,13559.5
forecast_2041,2025-03-27 1:00,15926.699,18419.154,14215.839
forecast_2042,2025-03-27 2:00,16137.344,18698.06,15071.042
forecast_2043,2025-03-27 3:00,17043.32,18921.28,15457.228
forecast_2044,2025-03-27 4:00,17789.441,19260.084,16424.588
forecast_2045,2025-03-27 5:00,14851.072,16059.97,12395.257
forecast_2046,2025-03-27 6:00,14000.64,15665.754,11187.97
forecast_2047,2025-03-27 7:00,13085.0205,14606.888,10866.627
forecast_2048,2025-03-27 8:00,14749.137,16173.714,12977.161
forecast_2049,2025-03-27 9:00,13813.214,15477.948,12705.838
forecast_2050,2025-03-27 10:00,12681.285,14164.565,11267.031
forecast_2051,2025-03-27 11:00,12259.252,13995.101,11216.39
forecast_2052,2025-03-27 12:00,11121.066,12600.594,9893.936
forecast_2053,2025-03-27 13:00,10191.27,11365.004,8845.1
forecast_2054,2025-03-27 14:00,10555.919,12102.391,9819.593
forecast_2055,2025-03-27 15:00,9938.173,10930.882,8478.831
forecast_2056,2025-03-27 16:00,8163.4175,8474.788,6206.49
forecast_2057,2025-03-27 17:00,8969.928,9518.303,7050.401
forecast_2058,2025-03-27 18:00,10394.881,10632.462,8510.567
forecast_2059,2025-03-27 19:00,11011.238,11131.181,8994.961
forecast_2060,2025-03-27 20:00,10864.677,10779.583,8297.054
forecast_2061,2025-03-27 21:00,12805.035,12762.373,10105.972
forecast_2062,2025-03-27 22:00,13297.706,13092.314,10292.465
forecast_2063,2025-03-27 23:00,12365.319,13099.359,9986.446
forecast_2064,2025-03-28 0:00,11395.443,12284.032,8886.926
forecast_2065,2025-03-28 1:00,4585.423,4162.983,2141.15
forecast_2066,2025-03-28 2:00,4188.74,3575.9578,2141.2776
forecast_2067,2025-03-28 3:00,3499.8708,3368.0403,1769.4468
forecast_2068,2025-03-28 4:00,3562.919,3585.1853,2144.5554
forecast_2069,2025-03-28 5:00,2884.9033,2574.9194,1643.4005
forecast_2070,2025-03-28 6:00,2036.337,1964.5171,1177.0825
forecast_2071,2025-03-28 7:00,1787.5497,1644.6389,994.36224
forecast_2072,2025-03-28 8:00,1474.6779,1433.4857,946.32336
forecast_2073,2025-03-28 9:00,1592.8898,1479.5197,1046.1892
forecast_2074,2025-03-28 10:00,1602.5298,1476.5272,1125.9866
forecast_2075,2025-03-28 11:00,1717.6743,1573.0497,1013.3705
forecast_2076,2025-03-28 12:00,2003.07,1600.4496,1035.9376
forecast_2077,2025-03-28 13:00,2257.866,2164.5056,1445.276
forecast_2078,2025-03-28 14:00,2495.4573,2428.0925,1392.7577
forecast_2079,2025-03-28 15:00,2723.7686,2555.3486,1406.1335
forecast_2080,2025-03-28 16:00,2857.1033,2518.619,1377.357
forecast_2081,2025-03-28 17:00,2735.4497,2548.5808,1403.7701
forecast_2082,2025-03-28 18:00,3657.4624,3728.1921,2048.3845
forecast_2083,2025-03-28 19:00,4294.3755,4434.902,2681.7751
forecast_2084,2025-03-28 20:00,6497.216,6103.641,4012.4282
forecast_2085,2025-03-28 21:00,7252.6787,7244.3027,4802.1636
forecast_2086,2025-03-28 22:00,7325.6143,6603.2144,4211.0786
forecast_2087,2025-03-28 23:00,7035.617,6660.4,3807.6216
forecast_2088,2025-03-29 0:00,6341.182,6333.7173,3389.1833
forecast_2089,2025-03-29 1:00,1824.3414,1427.0939,910.7289
forecast_2090,2025-03-29 2:00,1502.665,1445.6426,824.09595
forecast_2091,2025-03-29 3:00,1747.4279,1795.3389,826.7532
forecast_2092,2025-03-29 4:00,2449.4497,2801.1226,1435.5643
forecast_2093,2025-03-29 5:00,4775.335,5029.1997,2988.8633
forecast_2094,2025-03-29 6:00,6608.1123,7248.991,5135.2
forecast_2095,2025-03-29 7:00,7755.4087,9214.568,6396.937
forecast_2096,2025-03-29 8:00,7961.5293,8325.032,6774.4253
forecast_2097,2025-03-29 9:00,7345.15,7706.6753,6447.677
forecast_2098,2025-03-29 10:00,8183.8413,8317.066,7311.116
forecast_2099,2025-03-29 11:00,10693.195,10458.713,9511.316
forecast_2100,2025-03-29 12:00,12442.707,12858.903,10528.314
forecast_2101,2025-03-29 13:00,13693.82,13944.952,11436.106
forecast_2102,2025-03-29 14:00,13961.709,14556.583,12274.453
forecast_2103,2025-03-29 15:00,14653.3955,14863.139,11928.043
forecast_2104,2025-03-29 16:00,14940.897,14801.691,12544.128
forecast_2105,2025-03-29 17:00,14825.696,14583.613,11410.235
forecast_2106,2025-03-29 18:00,14512.034,14102.045,10716.37
forecast_2107,2025-03-29 19:00,13707.242,13190.086,10016.804
forecast_2108,2025-03-29 20:00,14044.465,12942.424,10262.966
forecast_2109,2025-03-29 21:00,14356.562,13476.087,10519.896
forecast_2110,2025-03-29 22:00,14419.69,13075.576,10391.462
forecast_2111,2025-03-29 23:00,13564.393,11982.123,9240.545
forecast_2112,2025-03-30 0:00,12925.118,11083.698,8582.654
forecast_2113,2025-03-30 1:00,13315.749,11945.937,9191.991
forecast_2114,2025-03-30 2:00,12868.669,11217.881,8776.697
forecast_2115,2025-03-30 3:00,12174.345,10236.194,8332.775
forecast_2116,2025-03-30 4:00,11611.003,10270.037,8308.685
forecast_2117,2025-03-30 5:00,11121.541,10007.657,7943.652
forecast_2118,2025-03-30 6:00,11283.323,10580.277,8362.067
forecast_2119,2025-03-30 7:00,10411.758,9451.546,7164.068
forecast_2120,2025-03-30 8:00,8929.193,7154.81,5949.0693
forecast_2121,2025-03-30 9:00,8995.244,7220.834,5929.1475
forecast_2122,2025-03-30 10:00,9528.254,7325.378,6375.0674
forecast_2123,2025-03-30 11:00,9439.964,7417.324,6782.993
forecast_2124,2025-03-30 12:00,9353.489,7704.832,7352.2314
forecast_2125,2025-03-30 13:00,10023.257,8732.617,7580.0576
forecast_2126,2025-03-30 14:00,10506.083,8665.734,7740.4927
forecast_2127,2025-03-30 15:00,9680.505,8013.923,7017.276
forecast_2128,2025-03-30 16:00,8552.239,7077.46,5451.4517
forecast_2129,2025-03-30 17:00,7793.5063,6389.1274,4900.126
forecast_2130,2025-03-30 18:00,7304.3096,6409.235,4764.6963
forecast_2131,2025-03-30 19:00,7741.95,6928.3145,5530.1807
forecast_2132,2025-03-30 20:00,7450.896,7285.4204,5436.5156
forecast_2133,2025-03-30 21:00,7537.474,7040.4106,5188.9136
forecast_2134,2025-03-30 22:00,8276.345,8284.999,5577.3916
forecast_2135,2025-03-30 23:00,8965.698,9192.806,6724.3276
forecast_2136,2025-03-31 0:00,9970.322,10086.837,7376.332
forecast_2137,2025-03-31 1:00,14903.863,15789.686,13472.688
forecast_2138,2025-03-31 2:00,15285.994,16291.664,13919.08
forecast_2139,2025-03-31 3:00,15351.843,16423.582,13865.318
forecast_2140,2025-03-31 4:00,15756.575,16813.537,13762.492
forecast_2141,2025-03-31 5:00,15762.107,16937.053,14041.802
forecast_2142,2025-03-31 6:00,15333.487,16324.463,12837.246
forecast_2143,2025-03-31 7:00,11465.167,12750.759,8961.143
forecast_2144,2025-03-31 8:00,8136.8,7605.8257,5721.607
forecast_2145,2025-03-31 9:00,6078.9473,5791.4556,3711.7163
forecast_2146,2025-03-31 10:00,4082.7925,3750.1467,2184.4185
forecast_2147,2025-03-31 11:00,3298.4836,3109.296,1816.5487
forecast_2148,2025-03-31 12:00,3716.6033,3423.1692,2382.21
forecast_2149,2025-03-31 13:00,4374.4023,3857.7024,3116.2378
forecast_2150,2025-03-31 14:00,4551.438,4090.0432,2781.3599
forecast_2151,2025-03-31 15:00,4742.853,4217.731,3202.2178
forecast_2152,2025-03-31 16:00,4776.742,3948.4675,2809.4885
forecast_2153,2025-03-31 17:00,5056.6895,4591.507,3569.9158
forecast_2154,2025-03-31 18:00,5182.365,4999.1035,4098.9697
forecast_2155,2025-03-31 19:00,7445.015,7222.664,7153.432
forecast_2156,2025-03-31 20:00,9544.241,9248.865,8587.489
forecast_2157,2025-03-31 21:00,9772.663,10442.698,9201.825
forecast_2158,2025-03-31 22:00,11749.37,12488.564,9964.1045
forecast_2159,2025-03-31 23:00,13358.932,13963.461,11169.007
forecast_2160,2025-04-01 0:00,13535.84,14472.424,11188.726
forecast_2161,2025-04-01 1:00,6809.0103,7312.9414,5783.9873
forecast_2162,2025-04-01 2:00,7475.514,7772.1436,6216.3804
forecast_2163,2025-04-01 3:00,7461.184,7561.189,6068.4487
forecast_2164,2025-04-01 4:00,7617.671,7734.529,6171.2363
forecast_2165,2025-04-01 5:00,6551.622,6217.1206,4752.517
forecast_2166,2025-04-01 6:00,6308.088,5560.952,3973.8188
forecast_2167,2025-04-01 7:00,4743.2637,4210.3813,2828.4058
forecast_2168,2025-04-01 8:00,3181.805,2826.679,1700.4612
forecast_2169,2025-04-01 9:00,1982.0183,1757.1016,1050.496
forecast_2170,2025-04-01 10:00,1157.7699,1130.2885,798.2026
forecast_2171,2025-04-01 11:00,1116.3054,1063.7102,740.5508
forecast_2172,2025-04-01 12:00,1117.2849,1062.1147,726.47327
forecast_2173,2025-04-01 13:00,1169.2034,1110.4409,740.5508
forecast_2174,2025-04-01 14:00,1308.9556,1365.9801,951.8195
forecast_2175,2025-04-01 15:00,1388.4265,1356.4785,954.8542
forecast_2176,2025-04-01 16:00,1321.8773,1407.3262,830.17096
forecast_2177,2025-04-01 17:00,1282.0201,1280.4781,796.147
forecast_2178,2025-04-01 18:00,1498.6368,1378.231,754.0402
forecast_2179,2025-04-01 19:00,1657.8821,1443.9192,766.84015
forecast_2180,2025-04-01 20:00,1867.496,1706.0686,853.53925
forecast_2181,2025-04-01 21:00,2014.7711,1945.8597,933.87427
forecast_2182,2025-04-01 22:00,2244.9175,2395.1304,1028.1082
forecast_2183,2025-04-01 23:00,2238.9783,2609.8855,1209.79
forecast_2184,2025-04-02 0:00,2321.9556,2729.7207,1300.8206
forecast_2185,2025-04-02 1:00,1888.7646,1788.18,971.2136
forecast_2186,2025-04-02 2:00,1888.1074,1766.0946,925.6011
forecast_2187,2025-04-02 3:00,1732.2728,1678.0857,938.1978
forecast_2188,2025-04-02 4:00,1624.9829,1638.4857,932.8938
forecast_2189,2025-04-02 5:00,1545.8563,1628.5504,929.23224
forecast_2190,2025-04-02 6:00,1565.4108,1529.4136,961.6326
forecast_2191,2025-04-02 7:00,1516.1962,1606.7682,880.905
forecast_2192,2025-04-02 8:00,1301.0585,1434.9515,844.2203
forecast_2193,2025-04-02 9:00,1289.7358,1449.1954,848.0885
forecast_2194,2025-04-02 10:00,1241.0203,1550.0189,824.49194
forecast_2195,2025-04-02 11:00,1503.6528,1945.1881,1076.4835
forecast_2196,2025-04-02 12:00,1284.6991,1610.5656,954.8542
forecast_2197,2025-04-02 13:00,1447.5636,1773.25,957.1154
forecast_2198,2025-04-02 14:00,1525.3611,1881.1068,1089.0314
forecast_2199,2025-04-02 15:00,1868.2047,2147.6753,1362.849
forecast_2200,2025-04-02 16:00,2161.8257,2213.4954,1362.4944
forecast_2201,2025-04-02 17:00,2031.5804,2082.7898,1336.6124
forecast_2202,2025-04-02 18:00,2025.4495,2521.075,1305.441
forecast_2203,2025-04-02 19:00,1547.1293,1585.0778,901.872
forecast_2204,2025-04-02 20:00,1602.3435,1599.4664,901.872
forecast_2205,2025-04-02 21:00,1772.3824,1733.287,1097.1079
forecast_2206,2025-04-02 22:00,2043.0563,2052.5906,1232.4138
forecast_2207,2025-04-02 23:00,1769.3042,2208.1262,1342.0641
forecast_2208,2025-04-03 0:00,2032.2574,2317.5535,1100.1426
forecast_2209,2025-04-03 1:00,2070.34,2345.9966,1147.1241
forecast_2210,2025-04-03 2:00,2100.5579,2309.1018,1193.0452
forecast_2211,2025-04-03 3:00,2042.2875,2235.9973,1205.8516
forecast_2212,2025-04-03 4:00,2093.3303,2373.4456,1257.577
forecast_2213,2025-04-03 5:00,2168.947,2553.1619,1299.8618
forecast_2214,2025-04-03 6:00,2251.427,2627.1277,1433.8973
forecast_2215,2025-04-03 7:00,2262.394,2649.8127,1446.8304
forecast_2216,2025-04-03 8:00,2042.655,2335.3901,1263.979
forecast_2217,2025-04-03 9:00,1735.5408,2137.7773,1102.7349
forecast_2218,2025-04-03 10:00,1341.5101,1679.1895,1038.9894
forecast_2219,2025-04-03 11:00,1262.2838,1569.971,906.97845
forecast_2220,2025-04-03 12:00,1233.2494,1499.3988,901.872
forecast_2221,2025-04-03 13:00,1206.7333,1470.004,824.49194
forecast_2222,2025-04-03 14:00,1263.0972,1502.7688,906.97845
forecast_2223,2025-04-03 15:00,1198.0532,1458.1384,901.872
forecast_2224,2025-04-03 16:00,1247.8574,1305.9004,819.19073
forecast_2225,2025-04-03 17:00,1144.992,1191.7245,809.1945
forecast_2226,2025-04-03 18:00,1419.0442,1502.1835,891.09814
forecast_2227,2025-04-03 19:00,1582.7988,1743.9792,971.18353
forecast_2228,2025-04-03 20:00,1816.1449,2004.4113,957.1154
forecast_2229,2025-04-03 21:00,1880.1614,2209.8296,1146.3955
forecast_2230,2025-04-03 22:00,2135.8271,2597.7383,1476.8995
forecast_2231,2025-04-03 23:00,2831.3198,3126.9004,1863.7825
forecast_2232,2025-04-04 0:00,3928.3691,4179.0425,2730.073
forecast_2233,2025-04-04 1:00,4763.523,5250.8403,3433.2097
forecast_2234,2025-04-04 2:00,5829.356,6619.1914,4878.4834
forecast_2235,2025-04-04 3:00,6669.339,7584.9175,5876.9653
forecast_2236,2025-04-04 4:00,7338.1836,8323.937,6486.846
forecast_2237,2025-04-04 5:00,8400.299,9379.969,7859.8433
forecast_2238,2025-04-04 6:00,8397.648,9280.373,6771.3833
forecast_2239,2025-04-04 7:00,8046.803,8491.767,5556.3984
forecast_2240,2025-04-04 8:00,7075.7783,7714.1665,4442.0396
forecast_2241,2025-04-04 9:00,6119.7676,5591.7305,3270.2598
forecast_2242,2025-04-04 10:00,2766.569,2497.1501,1558.6381
forecast_2243,2025-04-04 11:00,1897.9628,1793.14,1253.3242
forecast_2244,2025-04-04 12:00,1807.6647,1879.3167,1137.404
forecast_2245,2025-04-04 13:00,1656.1731,1623.2339,1035.0226
forecast_2246,2025-04-04 14:00,1610.9708,1512.7155,1004.6832
forecast_2247,2025-04-04 15:00,1825.5703,1636.0117,1137.6079
forecast_2248,2025-04-04 16:00,2533.165,2293.6812,1517.5597
forecast_2249,2025-04-04 17:00,2776.5725,2670.1677,1629.8473
forecast_2250,2025-04-04 18:00,3039.2585,3137.114,1726.0674
forecast_2251,2025-04-04 19:00,2912.5374,2985.6304,1567.0902
forecast_2252,2025-04-04 20:00,3816.6836,4293.8467,1987.069
forecast_2253,2025-04-04 21:00,3731.983,4405.107,2222.9326
forecast_2254,2025-04-04 22:00,3738.932,4343.0967,2004.7689
forecast_2255,2025-04-04 23:00,4703.1147,5379.267,2591.0352
forecast_2256,2025-04-05 0:00,5947.309,7531.513,3856.6274
forecast_2257,2025-04-05 1:00,8946.829,11001.401,7096.2383
forecast_2258,2025-04-05 2:00,9794.469,12405.511,8244.098
forecast_2259,2025-04-05 3:00,9318.288,11746.869,7604.427
forecast_2260,2025-04-05 4:00,9815.065,12324.338,8506.195
forecast_2261,2025-04-05 5:00,9137.861,12381.606,7811.845
forecast_2262,2025-04-05 6:00,8879.943,12002.371,7806.483
forecast_2263,2025-04-05 7:00,6620.2534,9535.016,4704.643
forecast_2264,2025-04-05 8:00,6023.7827,8144.6333,4068.8608
forecast_2265,2025-04-05 9:00,5231.855,6577.938,3317.376
forecast_2266,2025-04-05 10:00,3662.3853,3859.1675,1864.577
forecast_2267,2025-04-05 11:00,5189.041,5967.3237,3383.138
forecast_2268,2025-04-05 12:00,7728.848,9839.385,7300.204
forecast_2269,2025-04-05 13:00,9551.631,11901.812,9416.475
forecast_2270,2025-04-05 14:00,11813.923,13529.897,10780.508
forecast_2271,2025-04-05 15:00,11855.176,13682.251,10582.696
forecast_2272,2025-04-05 16:00,12455.293,13930.2,10685.81
forecast_2273,2025-04-05 17:00,12784.161,14006.33,11222.935
forecast_2274,2025-04-05 18:00,14749.567,15193.836,12901.195
forecast_2275,2025-04-05 19:00,14985.098,15012.999,13257.572
forecast_2276,2025-04-05 20:00,15190.883,15730.057,14596.73
forecast_2277,2025-04-05 21:00,14660.649,15618.121,14047.756
forecast_2278,2025-04-05 22:00,14250.022,15336.027,13428.864
forecast_2279,2025-04-05 23:00,15410.156,16693.977,15041.678
forecast_2280,2025-04-06 0:00,15976.998,16935.777,14710.328
forecast_2281,2025-04-06 1:00,14285.496,15225.61,12748.504
forecast_2282,2025-04-06 2:00,14340.637,15713.927,12916.208
forecast_2283,2025-04-06 3:00,15035.422,16044.063,13469.423
forecast_2284,2025-04-06 4:00,14947.289,15497.033,13296.956
forecast_2285,2025-04-06 5:00,15695.94,16470.418,14549.372
forecast_2286,2025-04-06 6:00,15476.935,15828.791,13576.511
forecast_2287,2025-04-06 7:00,15848.236,16195.917,14306.873
forecast_2288,2025-04-06 8:00,15447.91,15961.597,13786.532
forecast_2289,2025-04-06 9:00,15237.633,15362.622,12795.019
forecast_2290,2025-04-06 10:00,13992.816,14069.871,10802.177
forecast_2291,2025-04-06 11:00,12704.659,12524.976,9936.149
forecast_2292,2025-04-06 12:00,12587.67,13116.429,10396.384
forecast_2293,2025-04-06 13:00,13222.528,13793.621,11409.217
forecast_2294,2025-04-06 14:00,14311.591,14601.831,12209.954
forecast_2295,2025-04-06 15:00,14522.926,14671.192,12087.871
forecast_2296,2025-04-06 16:00,13671.686,13694.05,11602.619
forecast_2297,2025-04-06 17:00,13657.946,13639.896,11213.541
forecast_2298,2025-04-06 18:00,13473.687,13726.029,11328.261
forecast_2299,2025-04-06 19:00,13429.988,14398.5,11969.453
forecast_2300,2025-04-06 20:00,12930.551,13611.106,11770.332
forecast_2301,2025-04-06 21:00,12994.143,13690.721,12035.876
forecast_2302,2025-04-06 22:00,14136.776,14962.271,12864.383
forecast_2303,2025-04-06 23:00,14231.856,14696.863,12488.163
forecast_2304,2025-04-07 0:00,14203.87,15297.806,13295.56
forecast_2305,2025-04-07 1:00,14943.012,16330.058,14048.611
forecast_2306,2025-04-07 2:00,14671.896,16088.368,13457.855
forecast_2307,2025-04-07 3:00,14152.784,15340.07,12114.52
forecast_2308,2025-04-07 4:00,14305.628,15653.161,12462.795
forecast_2309,2025-04-07 5:00,14103.402,15811.274,12591.406
forecast_2310,2025-04-07 6:00,14239.457,15939.531,12349.931
forecast_2311,2025-04-07 7:00,14458.742,15939.925,12149.893
forecast_2312,2025-04-07 8:00,13064.558,14548.1045,11098.784
forecast_2313,2025-04-07 9:00,12448.514,13804.719,10967.415
forecast_2314,2025-04-07 10:00,11037.099,12293.694,10031.269
forecast_2315,2025-04-07 11:00,9904.344,10989.417,9187.327
forecast_2316,2025-04-07 12:00,10141.316,10061.933,8682.082
forecast_2317,2025-04-07 13:00,9710.298,9493.871,7915.6113
forecast_2318,2025-04-07 14:00,11208.8955,11057.138,9708.812
forecast_2319,2025-04-07 15:00,12902.838,13471.724,11729.198
forecast_2320,2025-04-07 16:00,14944.581,15382.8545,13737.14
forecast_2321,2025-04-07 17:00,15413.976,16094.969,13857.195
forecast_2322,2025-04-07 18:00,15187.772,16159.349,14010.103
forecast_2323,2025-04-07 19:00,16128.444,17407.195,15706.431
forecast_2324,2025-04-07 20:00,17356.598,18662.684,16351.45
forecast_2325,2025-04-07 21:00,17679.246,19247.166,16554.139
forecast_2326,2025-04-07 22:00,18130.402,19448.193,16090.944
forecast_2327,2025-04-07 23:00,18578.316,19649.307,14988.78
forecast_2328,2025-04-08 0:00,18284.926,19794.398,14019.471
forecast_2329,2025-04-08 1:00,18414.684,19520.219,14753.503
forecast_2330,2025-04-08 2:00,18579.111,19709.787,14052.318
forecast_2331,2025-04-08 3:00,19132.031,19981.88,13920.627
forecast_2332,2025-04-08 4:00,19455.688,20288.732,16633.896
forecast_2333,2025-04-08 5:00,19033.951,19970.049,16810.047
forecast_2334,2025-04-08 6:00,18462.635,18548.055,15809.35
forecast_2335,2025-04-08 7:00,17932.043,18175.307,15124.323
forecast_2336,2025-04-08 8:00,17384.227,17405.906,14686.293
forecast_2337,2025-04-08 9:00,16092.111,15707.767,12976.423
forecast_2338,2025-04-08 10:00,14244.24,14019.631,12025.279
forecast_2339,2025-04-08 11:00,13844.953,13525.445,10690.413
forecast_2340,2025-04-08 12:00,14127.558,13787.134,10770.678
forecast_2341,2025-04-08 13:00,13696.608,13522.885,10642.7
forecast_2342,2025-04-08 14:00,12988.534,12085.249,9617.016
forecast_2343,2025-04-08 15:00,11810.265,10061.642,7876.94
forecast_2344,2025-04-08 16:00,7966.0913,5856.1675,3685.2256
forecast_2345,2025-04-08 17:00,5417.16,4796.797,2553.504
forecast_2346,2025-04-08 18:00,2728.2217,2392.4233,1301.4027
forecast_2347,2025-04-08 19:00,2030.7465,1999.9221,1025.1188
forecast_2348,2025-04-08 20:00,1809.0712,1659.0803,870.2447
forecast_2349,2025-04-08 21:00,1776.7292,1688.4032,946.6466
forecast_2350,2025-04-08 22:00,1689.595,1810.9215,979.128
forecast_2351,2025-04-08 23:00,1776.125,1942.4202,1133.0266
forecast_2352,2025-04-09 0:00,1668.9718,1880.3344,1025.1711
forecast_2353,2025-04-09 1:00,1745.4025,1888.8921,1051.6167
forecast_2354,2025-04-09 2:00,1694.3574,1909.373,1126.0563
forecast_2355,2025-04-09 3:00,1655.1626,1841.2089,1160.8129
forecast_2356,2025-04-09 4:00,1887.8038,1961.8672,1176.4736
forecast_2357,2025-04-09 5:00,1925.3854,2087.847,1298.8066
forecast_2358,2025-04-09 6:00,2123.6174,2085.89,1244.0125
forecast_2359,2025-04-09 7:00,2433.1804,2480.2869,1286.6738
forecast_2360,2025-04-09 8:00,2231.988,2502.9731,1179.1298
forecast_2361,2025-04-09 9:00,2291.4382,2556.2844,1334.427
forecast_2362,2025-04-09 10:00,2389.1328,2696.8757,1425.9675
forecast_2363,2025-04-09 11:00,2726.0132,3003.7556,1637.0642
forecast_2364,2025-04-09 12:00,3982.6406,4269.1753,2518.8938
forecast_2365,2025-04-09 13:00,3877.7932,4185.8853,2638.5242
forecast_2366,2025-04-09 14:00,4400.806,5172.924,2763.6975
forecast_2367,2025-04-09 15:00,5162.6685,5885.155,4123.8633
forecast_2368,2025-04-09 16:00,7263.608,8580.815,6787.2383
forecast_2369,2025-04-09 17:00,8264.981,9412.493,7664.15
forecast_2370,2025-04-09 18:00,7906.2686,8821.281,6115.221
forecast_2371,2025-04-09 19:00,5501.282,6160.975,3336.369
forecast_2372,2025-04-09 20:00,5719.6826,6456.544,3526.1782
forecast_2373,2025-04-09 21:00,5661.396,5987.4243,3054.5286
forecast_2374,2025-04-09 22:00,7330.8833,8167.0254,4461.2715
forecast_2375,2025-04-09 23:00,7800.5933,9250.984,5549.6216
forecast_2376,2025-04-10 0:00,8096.748,9922.108,6215.068
forecast_2377,2025-04-10 1:00,7355.8916,8508.502,4678.279
forecast_2378,2025-04-10 2:00,8359.798,9665.902,6371.135
forecast_2379,2025-04-10 3:00,9084.202,10601.08,7013.9106
forecast_2380,2025-04-10 4:00,8609.446,10270.173,6266.11
forecast_2381,2025-04-10 5:00,7872.141,8382.651,5154.839
forecast_2382,2025-04-10 6:00,6875.2476,7237.528,4555.206
forecast_2383,2025-04-10 7:00,6081.476,6122.204,3889.4966
forecast_2384,2025-04-10 8:00,5664.7583,5841.006,3631.9148
forecast_2385,2025-04-10 9:00,5594.103,6180.184,3108.772
forecast_2386,2025-04-10 10:00,5188.3306,5388.879,3009.217
forecast_2387,2025-04-10 11:00,5131.9385,5017.6475,3005.0818
forecast_2388,2025-04-10 12:00,4201.891,3778.435,2364.445
forecast_2389,2025-04-10 13:00,3917.3032,3523.644,2134.9453
forecast_2390,2025-04-10 14:00,4123.7803,3897.808,2343.626
forecast_2391,2025-04-10 15:00,4603.137,4289.025,2447.827
forecast_2392,2025-04-10 16:00,4434.9526,4240.2124,2267.5837
forecast_2393,2025-04-10 17:00,3920.1978,3874.81,1976.6238
forecast_2394,2025-04-10 18:00,3552.7122,3331.4478,1547.1566
forecast_2395,2025-04-10 19:00,3635.2056,3572.2537,1617.0605
forecast_2396,2025-04-10 20:00,3373.3052,3341.7903,1532.2751
forecast_2397,2025-04-10 21:00,3249.8977,3219.119,1577.8892
forecast_2398,2025-04-10 22:00,3485.2517,3509.9502,1865.3164
forecast_2399,2025-04-10 23:00,3489.6074,3398.863,1912.8263
forecast_2400,2025-04-11 0:00,3520.0403,3358.5752,1799.7181
forecast_2401,2025-04-11 1:00,2606.7114,2405.157,1629.8896
forecast_2402,2025-04-11 2:00,2795.2532,2468.8247,1661.094
forecast_2403,2025-04-11 3:00,2634.053,2419.2483,1643.3539
forecast_2404,2025-04-11 4:00,2416.5276,2264.8218,1429.9042
forecast_2405,2025-04-11 5:00,2256.834,2187.1768,1513.0874
forecast_2406,2025-04-11 6:00,2227.9053,2075.5613,1370.7079
forecast_2407,2025-04-11 7:00,1937.7766,1990.5284,1276.7781
forecast_2408,2025-04-11 8:00,1486.0829,1598.5686,1039.319
forecast_2409,2025-04-11 9:00,1265.9937,1303.3047,864.9487
forecast_2410,2025-04-11 10:00,1148.0161,1199.3782,727.75085
forecast_2411,2025-04-11 11:00,1131.1704,1293.909,768.07635
forecast_2412,2025-04-11 12:00,1148.4705,1444.3539,845.89734
forecast_2413,2025-04-11 13:00,1164.4496,1383.6489,848.1473
forecast_2414,2025-04-11 14:00,1236.2994,1516.7902,861.3346
forecast_2415,2025-04-11 15:00,1357.1935,1458.6831,958.71405
forecast_2416,2025-04-11 16:00,1430.319,1389.0997,899.545
forecast_2417,2025-04-11 17:00,1271.6445,1299.0824,831.7052
forecast_2418,2025-04-11 18:00,1521.4146,1481.3933,875.9587
forecast_2419,2025-04-11 19:00,2333.6514,2252.6545,1080.7985
forecast_2420,2025-04-11 20:00,3291.9753,3869.878,1979.5984
forecast_2421,2025-04-11 21:00,3471.0857,4421.0503,2015.2153
forecast_2422,2025-04-11 22:00,3836.235,4813.8438,2226.9297
forecast_2423,2025-04-11 23:00,4109.3555,5462.2544,2511.3801
forecast_2424,2025-04-12 0:00,3604.8289,4594.2173,2170.3394
forecast_2425,2025-04-12 1:00,2364.798,2682.113,1462.4568
forecast_2426,2025-04-12 2:00,3028.7615,3217.4585,1721.5709
forecast_2427,2025-04-12 3:00,3683.9978,4102.7524,1862.7439
forecast_2428,2025-04-12 4:00,4379.253,5876.665,2419.054
forecast_2429,2025-04-12 5:00,4524.3203,5726.5215,2503.111
forecast_2430,2025-04-12 6:00,4757.3965,6345.2456,2527.6438
forecast_2431,2025-04-12 7:00,5743.7065,7669.013,3295.6995
forecast_2432,2025-04-12 8:00,5581.0547,6437.416,2944.3738
forecast_2433,2025-04-12 9:00,7230.2334,8810.694,5089.5522
forecast_2434,2025-04-12 10:00,7184.2705,8823.321,6193.8726
forecast_2435,2025-04-12 11:00,7585.88,9721.821,7009.165
forecast_2436,2025-04-12 12:00,9141.241,10613.527,8562.419
forecast_2437,2025-04-12 13:00,9772.012,11854.2705,9218.327
forecast_2438,2025-04-12 14:00,10050.752,11915.019,9391.734
forecast_2439,2025-04-12 15:00,8727.703,10416.874,8515.121
forecast_2440,2025-04-12 16:00,8745.932,10474.35,8069.9873
forecast_2441,2025-04-12 17:00,8883.105,10616.332,7834.958
forecast_2442,2025-04-12 18:00,11510.944,12911.89,9482.877
forecast_2443,2025-04-12 19:00,12175.369,13518.186,9638.725
forecast_2444,2025-04-12 20:00,14722.447,15568.099,12031.452
forecast_2445,2025-04-12 21:00,15318.008,16171.518,12394.804
forecast_2446,2025-04-12 22:00,15914.141,16946.92,13053.972
forecast_2447,2025-04-12 23:00,16915.775,17917.021,14079.25
forecast_2448,2025-04-13 0:00,17384.432,17959.545,14695.523
forecast_2449,2025-04-13 1:00,16159.481,17557.893,13711.283
forecast_2450,2025-04-13 2:00,14021.43,15536.002,11588.219
forecast_2451,2025-04-13 3:00,15031.938,15870.682,12033.484
forecast_2452,2025-04-13 4:00,14617.583,15960.366,13699.772
forecast_2453,2025-04-13 5:00,16889.111,17235.88,13991.043
forecast_2454,2025-04-13 6:00,17120.398,17523.055,15096.852
forecast_2455,2025-04-13 7:00,18457.873,19480.395,15846.732
forecast_2456,2025-04-13 8:00,18321.584,19254.922,15608.809
forecast_2457,2025-04-13 9:00,18447.725,19582.09,16357.192
forecast_2458,2025-04-13 10:00,16672.105,18756.516,15844.513
forecast_2459,2025-04-13 11:00,15422.704,18165.092,15443.451
forecast_2460,2025-04-13 12:00,15742.7295,18216.02,15681.271
forecast_2461,2025-04-13 13:00,15845.211,18404.662,15937.668
forecast_2462,2025-04-13 14:00,15707.229,18186.654,15915.898
forecast_2463,2025-04-13 15:00,15752.241,18303.512,15908.809
forecast_2464,2025-04-13 16:00,16676.44,18263.537,16002.854
forecast_2465,2025-04-13 17:00,18002.645,19343.834,16299.6875
forecast_2466,2025-04-13 18:00,18284.27,19523.951,16512.742
forecast_2467,2025-04-13 19:00,18127.723,19313.26,16439.58
forecast_2468,2025-04-13 20:00,17870.826,19337.87,16767.994
forecast_2469,2025-04-13 21:00,18240.125,19317.258,16415.467
forecast_2470,2025-04-13 22:00,17813.396,18973.121,16105.241
forecast_2471,2025-04-13 23:00,15968.919,17764.473,15426.777
forecast_2472,2025-04-14 0:00,15590.744,17621.45,15444.666
forecast_2473,2025-04-14 1:00,14111.57,16730.879,14131.975
forecast_2474,2025-04-14 2:00,12405.18,14612.871,11102.618
forecast_2475,2025-04-14 3:00,11035.306,12860.241,9587.739
forecast_2476,2025-04-14 4:00,9562.527,11215.701,7274.2563
forecast_2477,2025-04-14 5:00,8652.627,9726.817,6682.8237
forecast_2478,2025-04-14 6:00,7029.0273,7416.233,3407.9275
forecast_2479,2025-04-14 7:00,5420.787,5789.4614,2579.1228
forecast_2480,2025-04-14 8:00,4302.906,4568.349,2359.3513
forecast_2481,2025-04-14 9:00,3087.1443,3487.6423,1815.8931
forecast_2482,2025-04-14 10:00,2537.4814,2797.9424,1620.3424
forecast_2483,2025-04-14 11:00,3914.3323,4533.449,2952.9897
forecast_2484,2025-04-14 12:00,4887.427,5772.9097,3380.22
forecast_2485,2025-04-14 13:00,3247.645,4307.246,2917.8938
forecast_2486,2025-04-14 14:00,2949.8604,3033.6865,1838.5323
forecast_2487,2025-04-14 15:00,1901.893,1652.8312,1107.7374
forecast_2488,2025-04-14 16:00,1358.2295,2115.1013,1104.3694
forecast_2489,2025-04-14 17:00,1871.2582,1762.904,1108.2334
forecast_2490,2025-04-14 18:00,2943.8105,3020.945,1801.0326
forecast_2491,2025-04-14 19:00,3044.2803,3681.366,1753.0586
forecast_2492,2025-04-14 20:00,3733.3713,4312.0786,2094.7559
forecast_2493,2025-04-14 21:00,4823.8843,5091.454,2552.4583
forecast_2494,2025-04-14 22:00,5025.5977,5308.4263,2560.2854
forecast_2495,2025-04-14 23:00,5004.947,4890.385,2319.9407
forecast_2496,2025-04-15 0:00,5370.358,5428.2285,2322.6736
forecast_2497,2025-04-15 1:00,8621.483,8858.798,5668.485
forecast_2498,2025-04-15 2:00,8565.316,8333.115,4025.461
forecast_2499,2025-04-15 3:00,8241.467,7452.1357,3760.31
forecast_2500,2025-04-15 4:00,7798.0063,7057.085,3983.1763
forecast_2501,2025-04-15 5:00,7053.5386,6439.5347,3895.2952
forecast_2502,2025-04-15 6:00,6484.928,6240.9355,3670.5164
forecast_2503,2025-04-15 7:00,7050.206,7666.987,4880.8286
forecast_2504,2025-04-15 8:00,6856.179,7004.2515,4844.2505
forecast_2505,2025-04-15 9:00,7360.4023,7983.402,5882.2554
forecast_2506,2025-04-15 10:00,9299.171,9920.785,7112.767
forecast_2507,2025-04-15 11:00,9373.101,9099.948,7115.3486
forecast_2508,2025-04-15 12:00,9592.296,8654.05,6473.8774
forecast_2509,2025-04-15 13:00,9482.668,8710.073,6777.2754
forecast_2510,2025-04-15 14:00,10622.153,10001.644,8413.024
forecast_2511,2025-04-15 15:00,11826.492,11637.009,9428.952
forecast_2512,2025-04-15 16:00,12439.641,12190.358,9904.315
forecast_2513,2025-04-15 17:00,12950.339,12531.945,10280.262
forecast_2514,2025-04-15 18:00,13421.449,13533.35,11152.902
forecast_2515,2025-04-15 19:00,13863.799,13823.735,11421.944
forecast_2516,2025-04-15 20:00,14766.818,15033.791,13014.521
forecast_2517,2025-04-15 21:00,15433.935,16258.83,14356.927
forecast_2518,2025-04-15 22:00,16447.266,17607.13,16046.402
forecast_2519,2025-04-15 23:00,16876.682,18088.957,16152.105
forecast_2520,2025-04-16 0:00,17050.475,18306,16045.599
forecast_2521,2025-04-16 1:00,16504.586,17767.264,14215.588
forecast_2522,2025-04-16 2:00,15818.848,16978.285,13753.758
forecast_2523,2025-04-16 3:00,16198.52,17188.871,13756.775
forecast_2524,2025-04-16 4:00,15780.337,16465.291,12729.02
forecast_2525,2025-04-16 5:00,17315.365,17913.35,14615.969
forecast_2526,2025-04-16 6:00,17683.72,18595.062,15273.608
forecast_2527,2025-04-16 7:00,16042.413,15909.797,12145.728
forecast_2528,2025-04-16 8:00,13455.791,14771.904,11410.88
forecast_2529,2025-04-16 9:00,12013.124,13386.951,10109.443
forecast_2530,2025-04-16 10:00,10525.299,11468.419,9179.831
forecast_2531,2025-04-16 11:00,10232.801,11239.669,8926.479
forecast_2532,2025-04-16 12:00,11806.584,12597.004,10080.293
forecast_2533,2025-04-16 13:00,13151.916,14095.293,11369.822
forecast_2534,2025-04-16 14:00,14459.645,15189.968,13165.433
forecast_2535,2025-04-16 15:00,15496.73,16667.402,14506.681
forecast_2536,2025-04-16 16:00,16942.215,17895.084,15598.6
forecast_2537,2025-04-16 17:00,17401.912,18384.027,16225.791
forecast_2538,2025-04-16 18:00,17742.732,18760.19,16375.188
forecast_2539,2025-04-16 19:00,18001.422,18924.164,16646.467
forecast_2540,2025-04-16 20:00,18165.451,19031.81,16697.156
forecast_2541,2025-04-16 21:00,18241.816,19370.166,16800.164
forecast_2542,2025-04-16 22:00,17907.914,19241.926,16424.752
forecast_2543,2025-04-16 23:00,17710.652,19149.479,16176.2295
forecast_2544,2025-04-17 0:00,18279.314,19207.309,16175.437
forecast_2545,2025-04-17 1:00,16865.07,18454.607,15674.124
forecast_2546,2025-04-17 2:00,16135.941,18052.463,14842.598
forecast_2547,2025-04-17 3:00,16351.585,18158.568,15378.561
forecast_2548,2025-04-17 4:00,15575.123,17096.932,13210.747
forecast_2549,2025-04-17 5:00,15447.822,17092.04,13530.571
forecast_2550,2025-04-17 6:00,15573.875,17634.867,13892.663
forecast_2551,2025-04-17 7:00,16591.895,18210.896,15548.844
forecast_2552,2025-04-17 8:00,15335.711,16887.38,14744.73
forecast_2553,2025-04-17 9:00,12459.798,14049.826,11291.34
forecast_2554,2025-04-17 10:00,10061.946,12650.944,10013.728
forecast_2555,2025-04-17 11:00,9994.0625,12583.414,10075.649
forecast_2556,2025-04-17 12:00,9517.779,12604.722,10321.711
forecast_2557,2025-04-17 13:00,9425.407,11307.602,9716.307
forecast_2558,2025-04-17 14:00,10615.0205,12648.947,10522.378
forecast_2559,2025-04-17 15:00,9526.154,12053.241,10408.846
forecast_2560,2025-04-17 16:00,11073.101,13900.256,12216.933
forecast_2561,2025-04-17 17:00,11881.992,14348.457,12418.273
forecast_2562,2025-04-17 18:00,12129.646,14432.763,12611.901
forecast_2563,2025-04-17 19:00,12995.1455,14976.396,13247.766
forecast_2564,2025-04-17 20:00,13787.557,15416.386,14236.271
forecast_2565,2025-04-17 21:00,12365.515,14595.442,12284.193
forecast_2566,2025-04-17 22:00,13102.556,15233.723,13034.469
forecast_2567,2025-04-17 23:00,13339.35,15956.234,13195.302
forecast_2568,2025-04-18 0:00,16886.922,18412.762,15513.778
forecast_2569,2025-04-18 1:00,17204.723,18704.959,16057.064
forecast_2570,2025-04-18 2:00,17453.664,18772.8,15976.654
forecast_2571,2025-04-18 3:00,18241.42,19598.797,16399.246
forecast_2572,2025-04-18 4:00,18775.732,19841.635,16693.268
forecast_2573,2025-04-18 5:00,18606.773,19310.395,16406.928
forecast_2574,2025-04-18 6:00,16669.95,17405.137,14517.91
forecast_2575,2025-04-18 7:00,16150.098,16462.762,14298.7705
forecast_2576,2025-04-18 8:00,14045.195,14911.706,12098.18
forecast_2577,2025-04-18 9:00,11710.478,13088.914,10749.933
forecast_2578,2025-04-18 10:00,11755.813,12867.406,10648.131
forecast_2579,2025-04-18 11:00,11266.741,12359.923,10045.424
forecast_2580,2025-04-18 12:00,11967.046,12648.727,10167.665
forecast_2581,2025-04-18 13:00,10495.655,11031.114,9311.307
forecast_2582,2025-04-18 14:00,9926.283,10052.691,8338.662
forecast_2583,2025-04-18 15:00,8415.406,9032.8955,7290.0776
forecast_2584,2025-04-18 16:00,8376.909,8407.223,6690.876
forecast_2585,2025-04-18 17:00,7601.1396,7844.5117,5914.43
forecast_2586,2025-04-18 18:00,8723.917,8832.225,7607.888
forecast_2587,2025-04-18 19:00,8830.329,9717.5,7839.2896
forecast_2588,2025-04-18 20:00,10173.53,11212.189,9322.774
forecast_2589,2025-04-18 21:00,10661.272,11720.933,9381.957
forecast_2590,2025-04-18 22:00,11797.735,13369.632,10463.986
forecast_2591,2025-04-18 23:00,11183.635,13833.825,10658.804
forecast_2592,2025-04-19 0:00,11356.892,13652.431,10459.637
forecast_2593,2025-04-19 1:00,12010.118,14572.183,10959.961
forecast_2594,2025-04-19 2:00,13803.06,15641.979,11962.443
forecast_2595,2025-04-19 3:00,15158.962,16544.277,13671.501
forecast_2596,2025-04-19 4:00,14774.891,16212.693,13940.843
forecast_2597,2025-04-19 5:00,13700.619,15076.233,12081.897
forecast_2598,2025-04-19 6:00,12927.545,15252.448,12276.433
forecast_2599,2025-04-19 7:00,12124.359,14304.207,10938.04
forecast_2600,2025-04-19 8:00,12220.669,14513.59,11722.08
forecast_2601,2025-04-19 9:00,11823.003,14201.876,11683.407
forecast_2602,2025-04-19 10:00,11608.178,13587.23,11365.839
forecast_2603,2025-04-19 11:00,12071.062,13672.577,12167.043
forecast_2604,2025-04-19 12:00,14059.72,16164.181,15077.8
forecast_2605,2025-04-19 13:00,14997.149,16781.979,15402.131
forecast_2606,2025-04-19 14:00,15346.24,17261.674,15719.751
forecast_2607,2025-04-19 15:00,15808.756,17694.766,15826.43
forecast_2608,2025-04-19 16:00,16364.408,18073.793,16071.49
forecast_2609,2025-04-19 17:00,16753.611,18445.598,16379.035
forecast_2610,2025-04-19 18:00,17544.97,18494.28,16015.447
forecast_2611,2025-04-19 19:00,16776.096,17394.783,15085.573
forecast_2612,2025-04-19 20:00,16886.139,16843.035,15409.605
forecast_2613,2025-04-19 21:00,16042.96,16211.1875,14256.811
forecast_2614,2025-04-19 22:00,14506.223,14919.644,12610.336
forecast_2615,2025-04-19 23:00,12207.419,13043.435,10789.147
forecast_2616,2025-04-20 0:00,11043.7,11439.991,9562.479
forecast_2617,2025-04-20 1:00,10688.099,11457.984,9473.65
forecast_2618,2025-04-20 2:00,8768.495,9122.416,7010.0845
forecast_2619,2025-04-20 3:00,5656.8364,5521.822,3052.9075
forecast_2620,2025-04-20 4:00,4612.617,4407.8096,2476.063
forecast_2621,2025-04-20 5:00,2912.5566,2861.5066,1491.2407
forecast_2622,2025-04-20 6:00,2156.479,2015.7738,942.1205
forecast_2623,2025-04-20 7:00,1667.6274,1527.2722,817.4225
forecast_2624,2025-04-20 8:00,1453.7384,1333.0906,798.2026
forecast_2625,2025-04-20 9:00,1333.096,1304.1007,798.2026
forecast_2626,2025-04-20 10:00,1281.0448,1188.0284,798.2026
forecast_2627,2025-04-20 11:00,1343.7389,1246.514,726.47327
forecast_2628,2025-04-20 12:00,1305.052,1184.5923,851.946
forecast_2629,2025-04-20 13:00,1312.3022,1205.5743,822.8506
forecast_2630,2025-04-20 14:00,1366.934,1364.1365,824.49194
forecast_2631,2025-04-20 15:00,1367.2228,1361.9314,904.1333
forecast_2632,2025-04-20 16:00,1328.1185,1342.7334,817.4225
forecast_2633,2025-04-20 17:00,1278.2913,1222.1775,798.2026
forecast_2634,2025-04-20 18:00,1322.6951,1253.0344,777.9702
forecast_2635,2025-04-20 19:00,1464.2898,1314.1755,818.4509
forecast_2636,2025-04-20 20:00,1590.4166,1416.9978,870.4527
forecast_2637,2025-04-20 21:00,1586.0636,1524.1504,972.01776
forecast_2638,2025-04-20 22:00,2051.5967,1821.566,1074.1327
forecast_2639,2025-04-20 23:00,1731.2327,1648.8157,1065.5063
forecast_2640,2025-04-21 0:00,1818.7343,1521.6359,1018.49774
forecast_2641,2025-04-21 1:00,1870.5957,1894.1448,1172.1875
forecast_2642,2025-04-21 2:00,2005.7115,2078.8425,1223.8297
forecast_2643,2025-04-21 3:00,1838.0614,1858.6993,1075.8556
forecast_2644,2025-04-21 4:00,1923.7397,1942.7249,1191.2046
forecast_2645,2025-04-21 5:00,2125.149,2013.7463,1216.7966
forecast_2646,2025-04-21 6:00,2362.8662,2256.3376,1335.9316
forecast_2647,2025-04-21 7:00,2733.6755,2851.948,1333.5542
forecast_2648,2025-04-21 8:00,2860.2559,3038.615,1435.7241
forecast_2649,2025-04-21 9:00,2718.399,3074.7878,1380.2736
forecast_2650,2025-04-21 10:00,2359.631,2228.8025,1100.1426
forecast_2651,2025-04-21 11:00,2307.3125,2332.8008,1224.8209
forecast_2652,2025-04-21 12:00,2343.6467,2384.5535,1238.2726
forecast_2653,2025-04-21 13:00,2465.218,2641.2878,1401.0641
forecast_2654,2025-04-21 14:00,2461.0835,2653.5173,1338.2998
forecast_2655,2025-04-21 15:00,2460.1057,2769.9878,1389.6608
forecast_2656,2025-04-21 16:00,2577.6372,2834.772,1437.1838
forecast_2657,2025-04-21 17:00,2460.565,2717.691,1464.8108
forecast_2658,2025-04-21 18:00,2705.0244,3137.2866,1643.012
forecast_2659,2025-04-21 19:00,4441.992,5155.0356,2696.1182
forecast_2660,2025-04-21 20:00,6736.42,8249.646,4571.3584
forecast_2661,2025-04-21 21:00,6445.4565,7991.3677,4172.019
forecast_2662,2025-04-21 22:00,8257.442,9559.985,5366.8574
forecast_2663,2025-04-21 23:00,8685.526,10419.167,6440.667
forecast_2664,2025-04-22 0:00,8900.422,10645.56,6355.1367
forecast_2665,2025-04-22 1:00,9652.263,11258.038,7396.6465
forecast_2666,2025-04-22 2:00,10418.607,11427.343,7855.772
forecast_2667,2025-04-22 3:00,7383.5996,9185.33,5330.599
forecast_2668,2025-04-22 4:00,7291.1436,9023.217,5072.955
forecast_2669,2025-04-22 5:00,6016.1113,8276.332,3892.9485
forecast_2670,2025-04-22 6:00,5401.1157,7757.3086,3962.3257
forecast_2671,2025-04-22 7:00,4959.7095,6478.9814,3397.272
forecast_2672,2025-04-22 8:00,4560.7925,5542.957,2965.2002
forecast_2673,2025-04-22 9:00,6666.612,8197.687,4892.5776
forecast_2674,2025-04-22 10:00,7612.05,10416.244,7815.4
forecast_2675,2025-04-22 11:00,9766.449,12113.635,9742.701
forecast_2676,2025-04-22 12:00,11148.099,13657.751,10953.926
forecast_2677,2025-04-22 13:00,11500.706,13878.806,10600.483
forecast_2678,2025-04-22 14:00,9770.176,11828.308,7945.0073
forecast_2679,2025-04-22 15:00,5868.4214,6904.6167,3508.4915
forecast_2680,2025-04-22 16:00,4244.412,4306.0273,1879.142
forecast_2681,2025-04-22 17:00,3404.0298,3091.231,1482.6692
forecast_2682,2025-04-22 18:00,2544.9893,2392.2686,1075.5918
forecast_2683,2025-04-22 19:00,3849.184,4014.6628,2146.1323
forecast_2684,2025-04-22 20:00,4618.06,5538.929,2496.986
forecast_2685,2025-04-22 21:00,4504.89,3986.7063,2117.749
forecast_2686,2025-04-22 22:00,4235.5083,3834.139,1934.9497
forecast_2687,2025-04-22 23:00,5072.417,5394.663,2757.8545
forecast_2688,2025-04-23 0:00,5098.675,6329.2266,3206.7322
forecast_2689,2025-04-23 1:00,6827.1606,8458.733,4637.9033
forecast_2690,2025-04-23 2:00,6756.044,6934.1196,4065.224
forecast_2691,2025-04-23 3:00,6527.777,7158.381,4387.301
forecast_2692,2025-04-23 4:00,5744.271,6210.7393,3515.1423
forecast_2693,2025-04-23 5:00,5840.1353,6175.3896,3390.8518
forecast_2694,2025-04-23 6:00,5525.7236,5906.793,2994.5613
forecast_2695,2025-04-23 7:00,4893.794,5271.843,2628.603
forecast_2696,2025-04-23 8:00,4096.7075,4659.4805,2105.9521
forecast_2697,2025-04-23 9:00,3045.4993,3479.071,1726.4142
forecast_2698,2025-04-23 10:00,1932.0416,1711.0139,945.86615
forecast_2699,2025-04-23 11:00,1501.7736,1532.795,886.57465
forecast_2700,2025-04-23 12:00,1396.3201,1568.7687,875.58264
forecast_2701,2025-04-23 13:00,1238.8113,1335.3529,819.4353
forecast_2702,2025-04-23 14:00,1214.9363,1302.728,796.08453
forecast_2703,2025-04-23 15:00,1562.5808,1573.8411,952.59467
forecast_2704,2025-04-23 16:00,1899.4116,1814.2482,1002.6586
forecast_2705,2025-04-23 17:00,2416.2632,2347.451,1158.0415
forecast_2706,2025-04-23 18:00,2937.7,2796.9148,1349.7261
forecast_2707,2025-04-23 19:00,3242.246,3241.9116,1580.23
forecast_2708,2025-04-23 20:00,5649.8545,5312.5493,3180.3765
forecast_2709,2025-04-23 21:00,7090.687,7316.546,4939.5015
forecast_2710,2025-04-23 22:00,10281.341,10132.586,8528.22
forecast_2711,2025-04-23 23:00,11999.276,12879.205,10732.384
forecast_2712,2025-04-24 0:00,15508.146,16096.712,13497.026
forecast_2713,2025-04-24 1:00,16117.062,16360.13,13778.516
forecast_2714,2025-04-24 2:00,16432.625,16624.146,13876.446
forecast_2715,2025-04-24 3:00,17252.39,17129.678,14576.012
forecast_2716,2025-04-24 4:00,17398.32,17061.791,15110.627
forecast_2717,2025-04-24 5:00,17321.297,17522.871,15085.854
forecast_2718,2025-04-24 6:00,17981.156,18126.111,15279.46
forecast_2719,2025-04-24 7:00,16523.672,16650.295,13662.239
forecast_2720,2025-04-24 8:00,14074.026,14961.485,11921.986
forecast_2721,2025-04-24 9:00,11234.052,12189.787,9594.973
forecast_2722,2025-04-24 10:00,8980.865,10511.144,7967.1367
forecast_2723,2025-04-24 11:00,10293.609,11186.326,9434.199
forecast_2724,2025-04-24 12:00,11661.544,12796.574,10570.44
forecast_2725,2025-04-24 13:00,13018.452,13994.673,11801.045
forecast_2726,2025-04-24 14:00,15080.749,15808.597,13776.047
forecast_2727,2025-04-24 15:00,16149.431,16873.955,14773.365
forecast_2728,2025-04-24 16:00,15955.106,17023.83,14824.966
forecast_2729,2025-04-24 17:00,16293.118,17169.727,14982.607
forecast_2730,2025-04-24 18:00,16569.326,17504.527,15568.025
forecast_2731,2025-04-24 19:00,17198.047,18312.12,15422.184
forecast_2732,2025-04-24 20:00,17461.83,18587.398,15271.737
forecast_2733,2025-04-24 21:00,17015.93,18077.217,15305.084
forecast_2734,2025-04-24 22:00,15723.893,16444.572,12758.037
forecast_2735,2025-04-24 23:00,15373.355,15937.11,11910.164
forecast_2736,2025-04-25 0:00,15281.021,15732.42,11925.642
forecast_2737,2025-04-25 1:00,14719.197,14784.389,10679.066
forecast_2738,2025-04-25 2:00,14699.793,14842.518,11424.795
forecast_2739,2025-04-25 3:00,13946.173,14024.662,10045.672
forecast_2740,2025-04-25 4:00,13470.548,13718.215,9928.701
forecast_2741,2025-04-25 5:00,13414.122,13561.28,10009.689
forecast_2742,2025-04-25 6:00,13963.158,14428.164,10533.619
forecast_2743,2025-04-25 7:00,13059.722,13352.86,9779.047
forecast_2744,2025-04-25 8:00,13478.31,13461.668,9480.552
forecast_2745,2025-04-25 9:00,13045.837,12843.2,9569.682
forecast_2746,2025-04-25 10:00,13013.888,13096.298,9985.171
forecast_2747,2025-04-25 11:00,13476.577,13192.437,10126.919
forecast_2748,2025-04-25 12:00,12709.566,12612.346,9591.335
forecast_2749,2025-04-25 13:00,12431.319,11793.3545,8927.241
forecast_2750,2025-04-25 14:00,12161.57,11632.361,9008.467
forecast_2751,2025-04-25 15:00,11890.158,11496.838,9244.415
forecast_2752,2025-04-25 16:00,11664.757,10716.334,8612.005
forecast_2753,2025-04-25 17:00,11844.726,10961.842,8788.742
forecast_2754,2025-04-25 18:00,12128.505,11515.913,9305.145
forecast_2755,2025-04-25 19:00,12344.395,12003.239,9653.604
forecast_2756,2025-04-25 20:00,13046.117,12997.668,10199.384
forecast_2757,2025-04-25 21:00,14744.621,14782.549,11537.1875
forecast_2758,2025-04-25 22:00,14459.276,14376.546,11052.941
forecast_2759,2025-04-25 23:00,13265.57,13107.67,10316.943
forecast_2760,2025-04-26 0:00,12090.101,12792.558,9597.682
forecast_2761,2025-04-26 1:00,10082.354,11088.139,7440.1797
forecast_2762,2025-04-26 2:00,11516.982,12208.295,9019.953
forecast_2763,2025-04-26 3:00,14077.926,15266.421,11213.388
forecast_2764,2025-04-26 4:00,14316.839,15391.011,11396.255
forecast_2765,2025-04-26 5:00,14194.618,15175.251,11234.329
forecast_2766,2025-04-26 6:00,14313.207,15955.025,12443.971
forecast_2767,2025-04-26 7:00,14052.282,15289.447,12263.443
forecast_2768,2025-04-26 8:00,14172.051,14963.116,12261.087
forecast_2769,2025-04-26 9:00,13743.929,14838.935,12366.112
forecast_2770,2025-04-26 10:00,12580.482,13704.567,11512.081
forecast_2771,2025-04-26 11:00,13139.202,14129.517,12166.429
forecast_2772,2025-04-26 12:00,13564.455,14316.05,12354.171
forecast_2773,2025-04-26 13:00,13256.447,13931.567,11981.489
forecast_2774,2025-04-26 14:00,14472.8545,15129.067,13141.52
forecast_2775,2025-04-26 15:00,16005.144,16516.285,14366.808
forecast_2776,2025-04-26 16:00,15524.078,16215.988,14447.955
forecast_2777,2025-04-26 17:00,15824.354,16967.6,15526.652
forecast_2778,2025-04-26 18:00,17043.14,18360.654,15905.862
forecast_2779,2025-04-26 19:00,17829.613,18813.99,16343.18
forecast_2780,2025-04-26 20:00,18171.957,19203.709,16506.463
forecast_2781,2025-04-26 21:00,18552.09,19490.553,16821.514
forecast_2782,2025-04-26 22:00,19408.215,19673.877,16808.639
forecast_2783,2025-04-26 23:00,19640.969,19751.488,16881.229
forecast_2784,2025-04-27 0:00,19551.68,19875.58,16937.914
forecast_2785,2025-04-27 1:00,20090.908,19878.314,16799.85
forecast_2786,2025-04-27 2:00,19711.975,19669.086,16747.807
forecast_2787,2025-04-27 3:00,19533.846,19634.309,16566.348
forecast_2788,2025-04-27 4:00,19269.662,19611.742,16412.652
forecast_2789,2025-04-27 5:00,18578.768,19038.924,15868.051
forecast_2790,2025-04-27 6:00,18108.816,18785.162,15514.337
forecast_2791,2025-04-27 7:00,17080.592,18027.84,15320.874
forecast_2792,2025-04-27 8:00,16126.482,17240.21,15001.802
forecast_2793,2025-04-27 9:00,15465.449,16324.949,14045.452
forecast_2794,2025-04-27 10:00,14783.908,15321.862,13400.884
forecast_2795,2025-04-27 11:00,15455.321,16306.585,14540.81
forecast_2796,2025-04-27 12:00,15735.932,16978.688,15277.072
forecast_2797,2025-04-27 13:00,15890.11,17123.111,15500.748
forecast_2798,2025-04-27 14:00,16070.2295,17160.016,15524.314
forecast_2799,2025-04-27 15:00,15653.494,16605.283,14278.747
forecast_2800,2025-04-27 16:00,15566.51,16540.21,14976.406
forecast_2801,2025-04-27 17:00,15503.036,16628.246,14636.484
forecast_2802,2025-04-27 18:00,15214.247,16159.693,14455.507
forecast_2803,2025-04-27 19:00,15144.101,16481.229,14448.43
forecast_2804,2025-04-27 20:00,15946.711,16989.646,15062.0205
forecast_2805,2025-04-27 21:00,15370.325,16686.047,13964.217
forecast_2806,2025-04-27 22:00,17020.348,18043.686,15572.951
forecast_2807,2025-04-27 23:00,16843.01,18334.414,15910.866
forecast_2808,2025-04-28 0:00,15963.16,16931.643,13945.834
forecast_2809,2025-04-28 1:00,15667.936,16305.814,13707.986
forecast_2810,2025-04-28 2:00,14921.772,16241.464,13480.163
forecast_2811,2025-04-28 3:00,14988.429,16133.427,13248.463
forecast_2812,2025-04-28 4:00,13366.062,14918.867,10947.941
forecast_2813,2025-04-28 5:00,11042.021,12874.978,9419.029
forecast_2814,2025-04-28 6:00,10324.114,11301.581,9070.015
forecast_2815,2025-04-28 7:00,9234.895,10217.907,8211.915
forecast_2816,2025-04-28 8:00,7048.405,7610.3105,4638.1973
forecast_2817,2025-04-28 9:00,4915.7837,4377.1494,2705.9707
forecast_2818,2025-04-28 10:00,5514.599,5314.278,3358.5618
forecast_2819,2025-04-28 11:00,9217.665,8843.829,7559.579
forecast_2820,2025-04-28 12:00,11825.215,11304.9,9867.862
forecast_2821,2025-04-28 13:00,12879.332,12574.09,9795.457
forecast_2822,2025-04-28 14:00,13242.867,13365.242,9747.005
forecast_2823,2025-04-28 15:00,12916.137,11981.838,9547.208
forecast_2824,2025-04-28 16:00,10144.553,7348.6636,5436.5225
forecast_2825,2025-04-28 17:00,7160.888,4684.516,2874.462
forecast_2826,2025-04-28 18:00,4788.4263,3674.4233,2122.5486
forecast_2827,2025-04-28 19:00,4884.972,4811.8857,2148.5159
forecast_2828,2025-04-28 20:00,5946.8,5400.942,3206.2185
forecast_2829,2025-04-28 21:00,6237.072,6566.0366,3517.4429
forecast_2830,2025-04-28 22:00,6571.0225,6457.7437,3529.3916
forecast_2831,2025-04-28 23:00,5889.555,5920.8447,3036.0137
forecast_2832,2025-04-29 0:00,5411.073,5522.291,2795.8035
forecast_2833,2025-04-29 1:00,3952.061,3721.4114,1766.7872
forecast_2834,2025-04-29 2:00,3586.4785,3235.6772,1533.2479
forecast_2835,2025-04-29 3:00,2973.6367,2696.428,1317.6704
forecast_2836,2025-04-29 4:00,2703.808,2482.5576,1107.2211
forecast_2837,2025-04-29 5:00,3694.8208,3333.149,1732.7996
forecast_2838,2025-04-29 6:00,4820.967,4832.5386,2583.0044
forecast_2839,2025-04-29 7:00,5178.629,5499.0024,2861.6626
forecast_2840,2025-04-29 8:00,6274.1235,6701.1743,4491.611
forecast_2841,2025-04-29 9:00,6386.1855,6312.4175,4521.2935
forecast_2842,2025-04-29 10:00,7715.8374,7427.076,5577.2866
forecast_2843,2025-04-29 11:00,7921.346,7718.1084,5733.2773
forecast_2844,2025-04-29 12:00,7469.322,7109.917,5382.425
forecast_2845,2025-04-29 13:00,7608.8633,6497.6274,5356.8037
forecast_2846,2025-04-29 14:00,7136.1772,5942.3677,5383.2935
forecast_2847,2025-04-29 15:00,8468.376,7776.699,7022.019
forecast_2848,2025-04-29 16:00,9128.473,8464.21,6932.5786
forecast_2849,2025-04-29 17:00,8453.629,7872.6323,6151.438
forecast_2850,2025-04-29 18:00,6783.9326,5897.133,4131.543
forecast_2851,2025-04-29 19:00,9999.548,10618.572,8289.084
forecast_2852,2025-04-29 20:00,12966.742,13810.523,11436.387
forecast_2853,2025-04-29 21:00,14999.277,15500.341,13654.666
forecast_2854,2025-04-29 22:00,18004.834,18784.477,16022.519
forecast_2855,2025-04-29 23:00,19273.53,19589.992,17364.248
forecast_2856,2025-04-30 0:00,18844.354,19289.389,16539.043
forecast_2857,2025-04-30 1:00,19448.598,19711.533,16340.885
forecast_2858,2025-04-30 2:00,20273.123,19981.387,16894.703
forecast_2859,2025-04-30 3:00,20302.451,20039.965,17060.729
forecast_2860,2025-04-30 4:00,20215.219,20057.445,17385.963
forecast_2861,2025-04-30 5:00,19976.338,19773.404,16910.352
forecast_2862,2025-04-30 6:00,19383.871,19658.432,16556.773
forecast_2863,2025-04-30 7:00,17743.457,18745.055,15947.83
forecast_2864,2025-04-30 8:00,16512.684,17050.693,15044.578
forecast_2865,2025-04-30 9:00,16440.336,17196.447,14896.636
forecast_2866,2025-04-30 10:00,14456.032,15654.041,13402.316
forecast_2867,2025-04-30 11:00,13526.917,15258.067,13725.209
forecast_2868,2025-04-30 12:00,12863.651,14244.879,12872.388
forecast_2869,2025-04-30 13:00,11740.858,13327.791,11951.276
forecast_2870,2025-04-30 14:00,10687.229,12606.834,11016.505
forecast_2871,2025-04-30 15:00,10398.337,12421.611,10770.775
forecast_2872,2025-04-30 16:00,9409.691,11127.3,9636.52
forecast_2873,2025-04-30 17:00,7461.0415,8739.487,7204.406
forecast_2874,2025-04-30 18:00,6324.161,7066.746,5674.5312
forecast_2875,2025-04-30 19:00,5529.309,6422.447,4290.1
forecast_2876,2025-04-30 20:00,5946.221,7226.827,5311.302
forecast_2877,2025-04-30 21:00,8000.7373,10122.521,6719.942
forecast_2878,2025-04-30 22:00,9548.916,11839.943,8809.809
forecast_2879,2025-04-30 23:00,10402.107,13030.319,9965.417
forecast_2880,2025-05-01 0:00,10475.413,12855.576,9678.343
forecast_2881,2025-05-01 1:00,12261.72,14024.452,10475.398
forecast_2882,2025-05-01 2:00,12780.399,14490.56,11604.934
forecast_2883,2025-05-01 3:00,13612.643,15512.492,12034.547
forecast_2884,2025-05-01 4:00,14509.421,16346.699,13224.165
forecast_2885,2025-05-01 5:00,14487.617,16458.176,13326.385
forecast_2886,2025-05-01 6:00,15178.989,16608.879,13800.789
forecast_2887,2025-05-01 7:00,16005.5,17058.414,13973.636
forecast_2888,2025-05-01 8:00,16043.495,17856.436,15075.092
forecast_2889,2025-05-01 9:00,15964.239,16916.082,14991.087
forecast_2890,2025-05-01 10:00,15381.496,16750.135,14933.141
forecast_2891,2025-05-01 11:00,15123.465,16764.398,14916.171
forecast_2892,2025-05-01 12:00,15637.8545,16429.887,14361.267
forecast_2893,2025-05-01 13:00,14490.111,16500.666,15100.794
forecast_2894,2025-05-01 14:00,14882.552,17060.133,15387.8125
forecast_2895,2025-05-01 15:00,15583.2705,17222.467,15713.884
forecast_2896,2025-05-01 16:00,16062.716,17540.682,16447.955
forecast_2897,2025-05-01 17:00,14638.193,15889.973,14018.633
forecast_2898,2025-05-01 18:00,12365.505,13824.204,11610.399
forecast_2899,2025-05-01 19:00,11533.405,13535.87,10626.857
forecast_2900,2025-05-01 20:00,12434.335,14516.422,12342.043
forecast_2901,2025-05-01 21:00,11320.8955,13389.116,10357.024
forecast_2902,2025-05-01 22:00,12177.182,13967.651,10772.02
forecast_2903,2025-05-01 23:00,16058.677,16965.146,14158.305
forecast_2904,2025-05-02 0:00,17803.262,18113.385,15477.788
forecast_2905,2025-05-02 1:00,17109.885,17331.139,14110.424
forecast_2906,2025-05-02 2:00,15975.032,16544.455,14057.854
forecast_2907,2025-05-02 3:00,16027.791,16467.938,12912.044
forecast_2908,2025-05-02 4:00,15145.444,15802.311,12449.56
forecast_2909,2025-05-02 5:00,15605.512,16208.517,13247.513
forecast_2910,2025-05-02 6:00,15742.931,16735.469,14045.4
forecast_2911,2025-05-02 7:00,15279.867,15413.128,13205.34
forecast_2912,2025-05-02 8:00,14391.507,14619.016,11857.9375
forecast_2913,2025-05-02 9:00,13602.477,13251.19,10657.971
forecast_2914,2025-05-02 10:00,12354.464,11776.48,9750.572
forecast_2915,2025-05-02 11:00,10912.39,10095.308,8185.909
forecast_2916,2025-05-02 12:00,9724.906,8385.456,6940.158
forecast_2917,2025-05-02 13:00,8849.987,7511.267,5348.8076
forecast_2918,2025-05-02 14:00,9553.981,8754.835,6206.9
forecast_2919,2025-05-02 15:00,8480.717,7545.733,4931.573
forecast_2920,2025-05-02 16:00,7734.559,6824.705,4384.2754
forecast_2921,2025-05-02 17:00,7287.615,6695.035,4199.955
forecast_2922,2025-05-02 18:00,9347.726,9766.1455,7112.3076
forecast_2923,2025-05-02 19:00,10378.169,10788.525,8505.483
forecast_2924,2025-05-02 20:00,11340.352,12607.83,9994.167
forecast_2925,2025-05-02 21:00,11709.445,12141.863,9978.424
forecast_2926,2025-05-02 22:00,11916.641,13266.92,10030.054
forecast_2927,2025-05-02 23:00,11593.088,12875.707,9637.12
forecast_2928,2025-05-03 0:00,12115.5205,13406.336,10240.23
forecast_2929,2025-05-03 1:00,11823.205,13755.265,10653.036
forecast_2930,2025-05-03 2:00,12184.649,13455.5205,10701.104
forecast_2931,2025-05-03 3:00,10801.352,12260.098,9227.038
forecast_2932,2025-05-03 4:00,9241.241,10528.233,7399.747
forecast_2933,2025-05-03 5:00,8536.646,10006.171,5702.545
forecast_2934,2025-05-03 6:00,5941.574,6430.028,3596.943
forecast_2935,2025-05-03 7:00,4134.4146,3863.934,1780.695
forecast_2936,2025-05-03 8:00,4503.2354,4614.472,2707.7876
forecast_2937,2025-05-03 9:00,6205.4956,6530.087,3958.801
forecast_2938,2025-05-03 10:00,8169.172,9646.44,5898.2476
forecast_2939,2025-05-03 11:00,11284.462,13151.157,10236.633
forecast_2940,2025-05-03 12:00,12916.578,14713.53,10917.585
forecast_2941,2025-05-03 13:00,12899.61,14545.195,11373.185
forecast_2942,2025-05-03 14:00,12491.644,13672.017,11145.454
forecast_2943,2025-05-03 15:00,13315.021,13416.418,11136.754
forecast_2944,2025-05-03 16:00,13537.559,13749.488,11108.089
forecast_2945,2025-05-03 17:00,12609.94,12438.96,10182.148
forecast_2946,2025-05-03 18:00,13114.352,12976.792,10732.1
forecast_2947,2025-05-03 19:00,14094.4,14167.2295,12041.33
forecast_2948,2025-05-03 20:00,15107.806,15184.926,13749.149
forecast_2949,2025-05-03 21:00,15509.398,15877.537,13243.544
forecast_2950,2025-05-03 22:00,15530.053,15728.758,12626.614
forecast_2951,2025-05-03 23:00,15389.583,15648.089,13307.8125
forecast_2952,2025-05-04 0:00,15458.32,16187.231,13564.464
forecast_2953,2025-05-04 1:00,14898.555,16162.946,13609.533
forecast_2954,2025-05-04 2:00,14201.388,15122.717,12829.01
forecast_2955,2025-05-04 3:00,14418.161,15514.24,11911.093
forecast_2956,2025-05-04 4:00,15065.518,16069.874,12191.5625
forecast_2957,2025-05-04 5:00,15440.115,16497,11538.037
forecast_2958,2025-05-04 6:00,15668.749,16533.379,11912.269
forecast_2959,2025-05-04 7:00,15551.415,16239.95,11605.705
forecast_2960,2025-05-04 8:00,15113.159,15273.7295,10386.47
forecast_2961,2025-05-04 9:00,13663.001,13150.527,9605.526
forecast_2962,2025-05-04 10:00,14065.742,13163.908,10201.597
forecast_2963,2025-05-04 11:00,14285.018,13644.965,10710.869
forecast_2964,2025-05-04 12:00,14803.659,14888.528,11386.592
forecast_2965,2025-05-04 13:00,15340.968,15578.508,13190.624
forecast_2966,2025-05-04 14:00,15402.174,16080.28,13274.299
forecast_2967,2025-05-04 15:00,15657.5205,16393.514,13587.084
forecast_2968,2025-05-04 16:00,16438.113,17004.902,13897.45
forecast_2969,2025-05-04 17:00,16468.908,16808.06,12879.71
forecast_2970,2025-05-04 18:00,16403.227,16609.125,12789.81
forecast_2971,2025-05-04 19:00,15588.368,15820.531,11866.905
forecast_2972,2025-05-04 20:00,14932.273,14674.494,10569.931
forecast_2973,2025-05-04 21:00,12991.441,11950.5205,9509.621
forecast_2974,2025-05-04 22:00,10554.381,10279.2705,6369.8457
forecast_2975,2025-05-04 23:00,5784.94,5965.5503,3014.4197
forecast_2976,2025-05-05 0:00,4922.736,4368.57,2197.6714
forecast_2977,2025-05-05 1:00,5288.452,5313.3027,2599.8865
forecast_2978,2025-05-05 2:00,4345.3555,3665.7478,2481.032
forecast_2979,2025-05-05 3:00,5186.839,4620.108,2925.808
forecast_2980,2025-05-05 4:00,5222.3,4279.6084,2550.782
forecast_2981,2025-05-05 5:00,3685.7068,2901.9365,1825.8258
forecast_2982,2025-05-05 6:00,2423.3235,1969.3533,1213.9703
forecast_2983,2025-05-05 7:00,2037.0055,1867.2513,909.23987
forecast_2984,2025-05-05 8:00,1461.8376,1410.0239,824.49194
forecast_2985,2025-05-05 9:00,1404.7592,1313.9841,818.4509
forecast_2986,2025-05-05 10:00,1201.0577,1179.0483,727.75085
forecast_2987,2025-05-05 11:00,1196.2786,1137.1097,727.75085
forecast_2988,2025-05-05 12:00,1175.8997,1235.2146,727.75085
forecast_2989,2025-05-05 13:00,1068.5713,1123.006,757.7647
forecast_2990,2025-05-05 14:00,1237.1519,1356.6881,971.58215
forecast_2991,2025-05-05 15:00,1297.8813,1363.1981,993.4431
forecast_2992,2025-05-05 16:00,1303.8075,1401.6134,899.7858
forecast_2993,2025-05-05 17:00,1878.2991,1756.0164,994.7401
forecast_2994,2025-05-05 18:00,2641.8555,2520.7551,1232.95
forecast_2995,2025-05-05 19:00,4183.907,4761.729,2102.8242
forecast_2996,2025-05-05 20:00,4010.86,4604.1763,2031.6466
forecast_2997,2025-05-05 21:00,4028.2302,4520.31,2087.7607
forecast_2998,2025-05-05 22:00,5017.606,5421.802,2663.098
forecast_2999,2025-05-05 23:00,4154.497,4174.4023,1941.3317
forecast_3000,2025-05-06 0:00,4485.481,4781.143,2081.2205
forecast_3001,2025-05-06 1:00,1953.3282,1883.344,1053.3278
forecast_3002,2025-05-06 2:00,1811.5885,1839.8932,963.32007
forecast_3003,2025-05-06 3:00,1741.5511,1785.3269,1002.3192
forecast_3004,2025-05-06 4:00,1660.106,1754.7407,1101.7573
forecast_3005,2025-05-06 5:00,2131.5815,2203.7996,1295.3105
forecast_3006,2025-05-06 6:00,2368.095,2559.522,1331.4314
forecast_3007,2025-05-06 7:00,2722.5625,2796.6855,1455.4495
forecast_3008,2025-05-06 8:00,2671.491,2772.3633,1452.0262
forecast_3009,2025-05-06 9:00,2399.764,2494.631,1264.4293
forecast_3010,2025-05-06 10:00,1785.4749,1930.7117,957.1154
forecast_3011,2025-05-06 11:00,1614.6575,1648.8187,901.872
forecast_3012,2025-05-06 12:00,1539.9543,1717.6047,901.872
forecast_3013,2025-05-06 13:00,1518.1011,1612.5288,951.8195
forecast_3014,2025-05-06 14:00,1594.7792,1660.765,954.0809
forecast_3015,2025-05-06 15:00,1691.737,1887.1921,957.1154
forecast_3016,2025-05-06 16:00,1528.6644,1656.7311,916.1155
forecast_3017,2025-05-06 17:00,1348.4215,1436.5123,817.28
forecast_3018,2025-05-06 18:00,1462.5846,1351.2965,914.64734
forecast_3019,2025-05-06 19:00,1483.0498,1246.3704,899.2109
forecast_3020,2025-05-06 20:00,1583.4797,1601.477,1047.9114
forecast_3021,2025-05-06 21:00,1791.8616,1641.0916,1208.2308
forecast_3022,2025-05-06 22:00,2315.4214,2495.547,1633.1389
forecast_3023,2025-05-06 23:00,2589.8835,2684.6167,1715.2881
forecast_3024,2025-05-07 0:00,2895.2065,3147.5657,1850.1293
forecast_3025,2025-05-07 1:00,4055.1382,3460.356,2007.5156
forecast_3026,2025-05-07 2:00,3756.9336,3197.908,1917.8384
forecast_3027,2025-05-07 3:00,3309.559,2681.075,1523.571
forecast_3028,2025-05-07 4:00,2850.0237,2625.54,1793.4557
forecast_3029,2025-05-07 5:00,4054.5217,3304.3376,2078.7698
forecast_3030,2025-05-07 6:00,4278.9414,3853.1106,2165.6716
forecast_3031,2025-05-07 7:00,4278.2646,3894.7502,2049.0747
forecast_3032,2025-05-07 8:00,3944.276,3420.9138,1693.5515
forecast_3033,2025-05-07 9:00,2962.957,2903.53,1466.8247
forecast_3034,2025-05-07 10:00,3132.076,2877.2378,1530.4265
forecast_3035,2025-05-07 11:00,2788.4133,2582.2075,1449.9183
forecast_3036,2025-05-07 12:00,2818.298,2529.9438,1447.5802
forecast_3037,2025-05-07 13:00,2542.0479,2290.224,1307.2454
forecast_3038,2025-05-07 14:00,2760.9583,2469.4346,1334.0901
forecast_3039,2025-05-07 15:00,2219.1958,1872.9814,987.2973
forecast_3040,2025-05-07 16:00,2126.6924,1799.1078,1005.2185
forecast_3041,2025-05-07 17:00,2020.7643,1737.3351,954.0809
forecast_3042,2025-05-07 18:00,1835.1437,1641.53,931.6573
forecast_3043,2025-05-07 19:00,2050.5334,2118.0454,1185.1229
forecast_3044,2025-05-07 20:00,2849.36,2858.5312,1461.6062
forecast_3045,2025-05-07 21:00,5313.842,5973.0444,3159.9902
forecast_3046,2025-05-07 22:00,5777.5103,6196.174,3697.1553
forecast_3047,2025-05-07 23:00,7836.0117,8071.3906,5577.759
forecast_3048,2025-05-08 0:00,5933.519,5926.3784,3237.6377
forecast_3049,2025-05-08 1:00,5544.207,6012.7144,3162.494
forecast_3050,2025-05-08 2:00,7517.4487,7428.525,4328.8525
forecast_3051,2025-05-08 3:00,9494.776,9398.601,6395.8516
forecast_3052,2025-05-08 4:00,12166.348,12060.921,8498.344
forecast_3053,2025-05-08 5:00,11172.93,10897.271,7386.987
forecast_3054,2025-05-08 6:00,8987.2,8685.737,5543.8003
forecast_3055,2025-05-08 7:00,5784.0146,5682.212,3390.0156
forecast_3056,2025-05-08 8:00,4056.078,3922.2642,1990.289
forecast_3057,2025-05-08 9:00,2272.9268,2140.7498,1178.0964
forecast_3058,2025-05-08 10:00,1413.647,1360.6632,824.49194
forecast_3059,2025-05-08 11:00,1220.4285,1287.885,818.9051
forecast_3060,2025-05-08 12:00,1356.3479,1546.4125,901.476
forecast_3061,2025-05-08 13:00,1550.5629,1659.71,931.05035
forecast_3062,2025-05-08 14:00,2901.3284,3434.9678,2055.5498
forecast_3063,2025-05-08 15:00,2638.9875,2823.1543,1703.0421
forecast_3064,2025-05-08 16:00,3254.7388,3557.5266,2228.435
forecast_3065,2025-05-08 17:00,3212.2754,3497.6677,2106.742
forecast_3066,2025-05-08 18:00,3745.4897,4260.1294,2635.3376
forecast_3067,2025-05-08 19:00,4647.5005,5872.523,3472.9465
forecast_3068,2025-05-08 20:00,4014.8564,4231.637,1914.0154
forecast_3069,2025-05-08 21:00,3881.7725,4445.3066,2025.7539
forecast_3070,2025-05-08 22:00,3455.0608,3676.0833,1936.4407
forecast_3071,2025-05-08 23:00,3371.1306,3355.8015,1765.4591
forecast_3072,2025-05-09 0:00,4603.121,5527.633,2544.0913
forecast_3073,2025-05-09 1:00,6121.5635,8176.5166,3701.132
forecast_3074,2025-05-09 2:00,7144.2295,8915.752,3922.34
forecast_3075,2025-05-09 3:00,5216.2925,6328.741,2692.499
forecast_3076,2025-05-09 4:00,5529.0264,7515.48,3040.9138
forecast_3077,2025-05-09 5:00,3874.9705,4368.506,1932.6432
forecast_3078,2025-05-09 6:00,3303.7153,3665.4543,1640.5903
forecast_3079,2025-05-09 7:00,3149.7683,3111.0044,1461.0425
forecast_3080,2025-05-09 8:00,2967.3555,2946.7146,1452.4766
forecast_3081,2025-05-09 9:00,2921.717,3144.3103,1291.5548
forecast_3082,2025-05-09 10:00,4466.423,4907.1357,2491.6428
forecast_3083,2025-05-09 11:00,4935.714,5460.5337,2512.5488
forecast_3084,2025-05-09 12:00,6963.882,7461.4023,3905.6658
forecast_3085,2025-05-09 13:00,8757.115,10388.258,6859.809
forecast_3086,2025-05-09 14:00,11155.726,13574.231,10285.874
forecast_3087,2025-05-09 15:00,11689.195,13405.014,9638.661
forecast_3088,2025-05-09 16:00,12007.226,13661.072,10097.196
forecast_3089,2025-05-09 17:00,12353.283,13751.109,9972.719
forecast_3090,2025-05-09 18:00,11390.3545,13020.057,9420.245
forecast_3091,2025-05-09 19:00,10038.455,10985.94,6940.9683
forecast_3092,2025-05-09 20:00,6898.728,6419.615,2686.7517
forecast_3093,2025-05-09 21:00,4677.33,4449.4,1835.046
forecast_3094,2025-05-09 22:00,3369.6123,3140.2756,1462.3672
forecast_3095,2025-05-09 23:00,3661.8633,3605.755,1747.2457
forecast_3096,2025-05-10 0:00,7987.5225,7725.751,5220.214
forecast_3097,2025-05-10 1:00,13044.219,13690.08,10822.597
forecast_3098,2025-05-10 2:00,14174.559,15378.711,12162.513
forecast_3099,2025-05-10 3:00,14710.824,16066.548,13159.254
forecast_3100,2025-05-10 4:00,14885.881,16515.32,13290.663
forecast_3101,2025-05-10 5:00,14906.556,16673.52,13583.879
forecast_3102,2025-05-10 6:00,16341.838,17537.27,14896.638
forecast_3103,2025-05-10 7:00,18428.85,19009.182,16518.293
forecast_3104,2025-05-10 8:00,18754.3,19681.838,16603.947
forecast_3105,2025-05-10 9:00,18889.088,19711.67,16752.848
forecast_3106,2025-05-10 10:00,19065.781,19784.842,16889.307
forecast_3107,2025-05-10 11:00,19075.121,19778.936,16842.445
forecast_3108,2025-05-10 12:00,18809.645,19575.805,16718.05
forecast_3109,2025-05-10 13:00,18583.723,19232.213,16599.115
forecast_3110,2025-05-10 14:00,18622.496,19366.871,16636.396
forecast_3111,2025-05-10 15:00,18172.758,18919.09,16334.476
forecast_3112,2025-05-10 16:00,17430.188,17797.201,16237.936
forecast_3113,2025-05-10 17:00,16312.755,16564.303,14608.306
forecast_3114,2025-05-10 18:00,15133.823,15103.807,13309.907
forecast_3115,2025-05-10 19:00,13328.084,13699.247,11854.845
forecast_3116,2025-05-10 20:00,11983.322,11833.793,9919.797
forecast_3117,2025-05-10 21:00,9845.434,10005.163,7677.2285
forecast_3118,2025-05-10 22:00,10145.838,10941.259,8579.905
forecast_3119,2025-05-10 23:00,9234.719,9866.956,7240.449
forecast_3120,2025-05-11 0:00,7640.0586,7888.249,5314.1255
forecast_3121,2025-05-11 1:00,8875.332,10093.043,7215.729
forecast_3122,2025-05-11 2:00,9271.496,10353.682,7366.014
forecast_3123,2025-05-11 3:00,8523.943,9218.732,6679.578
forecast_3124,2025-05-11 4:00,8213.842,8978.506,6388.1294
forecast_3125,2025-05-11 5:00,8845.763,9598.555,6901.729
forecast_3126,2025-05-11 6:00,6708.222,7205.45,4320.742
forecast_3127,2025-05-11 7:00,5102.4297,5683.693,3225.826
forecast_3128,2025-05-11 8:00,4813.867,4465.427,2824.9858
forecast_3129,2025-05-11 9:00,3051.9,2827.5312,1757.4224
forecast_3130,2025-05-11 10:00,1894.7968,1677.2865,1194.3726
forecast_3131,2025-05-11 11:00,1876.7246,1789.1277,1191.052
forecast_3132,2025-05-11 12:00,2077.9727,1806.64,1047.901
forecast_3133,2025-05-11 13:00,2703.5994,2479.1526,1545.2721
forecast_3134,2025-05-11 14:00,4293.389,3788.0486,2162.4802
forecast_3135,2025-05-11 15:00,4026.8213,3597.038,2466.6682
forecast_3136,2025-05-11 16:00,4440.5806,4022.8682,2505.1084
forecast_3137,2025-05-11 17:00,4857.5215,4576.5703,2531.3672
forecast_3138,2025-05-11 18:00,4692.287,4172.759,2298.724
forecast_3139,2025-05-11 19:00,5455.5073,5544.0254,3100.9355
forecast_3140,2025-05-11 20:00,7796.7466,7434.8833,5448.8765
forecast_3141,2025-05-11 21:00,9889.414,10685.803,8215.762
forecast_3142,2025-05-11 22:00,11922.035,12882.49,9946.029
forecast_3143,2025-05-11 23:00,13290.434,14409.739,11143.402
forecast_3144,2025-05-12 0:00,14028.512,15045.447,11753.813
forecast_3145,2025-05-12 1:00,12337.204,13894.041,10481.524
forecast_3146,2025-05-12 2:00,13326.236,14763.129,11411.293
forecast_3147,2025-05-12 3:00,14055.376,15386.569,12274.09
forecast_3148,2025-05-12 4:00,14457.89,15876.987,13113.37
forecast_3149,2025-05-12 5:00,15102.78,16027.163,13805.27
forecast_3150,2025-05-12 6:00,14923.488,15707.483,12784.416
forecast_3151,2025-05-12 7:00,13721.065,15462.956,12683.287
forecast_3152,2025-05-12 8:00,13024.988,14076.033,10672.883
forecast_3153,2025-05-12 9:00,12674.116,13540.482,10375.416
forecast_3154,2025-05-12 10:00,11946.95,12652.639,9874.068
forecast_3155,2025-05-12 11:00,10684.058,11129.2,8837.86
forecast_3156,2025-05-12 12:00,10322.664,10792.427,8720.897
forecast_3157,2025-05-12 13:00,9850.934,9632.316,7425.3677
forecast_3158,2025-05-12 14:00,9066.095,8318.708,6596.273
forecast_3159,2025-05-12 15:00,9129.867,8477.954,6855.336
forecast_3160,2025-05-12 16:00,9523.429,8970.585,7707.081
forecast_3161,2025-05-12 17:00,9864.9375,9442.079,8152.81
forecast_3162,2025-05-12 18:00,10185.043,9751.364,8065.394
forecast_3163,2025-05-12 19:00,11942.144,12233.782,10035.2
forecast_3164,2025-05-12 20:00,14362.683,14401.703,11779.142
forecast_3165,2025-05-12 21:00,16511.22,16309.571,13747.719
forecast_3166,2025-05-12 22:00,17826.047,18188.732,15509.889
forecast_3167,2025-05-12 23:00,18013.922,18414.531,16018.754
forecast_3168,2025-05-13 0:00,19434.453,19264.068,16198.139
forecast_3169,2025-05-13 1:00,20554.477,19710.977,16458.979
forecast_3170,2025-05-13 2:00,20619.414,19907.334,16541.068
forecast_3171,2025-05-13 3:00,20133.002,19819.451,16354.081
forecast_3172,2025-05-13 4:00,19427.604,19466.889,16481.025
forecast_3173,2025-05-13 5:00,20163.123,19903.559,16604.113
forecast_3174,2025-05-13 6:00,19386.475,19606.873,16601.656
forecast_3175,2025-05-13 7:00,18589.516,19348.174,16504.822
forecast_3176,2025-05-13 8:00,17255.225,18226.637,16039.709
forecast_3177,2025-05-13 9:00,16059.746,17089.91,14469.293
forecast_3178,2025-05-13 10:00,15165.251,16341.639,13856.025
forecast_3179,2025-05-13 11:00,15188.372,16469.361,14300.935
forecast_3180,2025-05-13 12:00,15031.826,16312.219,14157.49
forecast_3181,2025-05-13 13:00,14547.526,15575.643,13756.205
forecast_3182,2025-05-13 14:00,14215.863,15257.242,13189.161
forecast_3183,2025-05-13 15:00,14021.099,15072.737,12872.849
forecast_3184,2025-05-13 16:00,14099.72,15101.407,13376.712
forecast_3185,2025-05-13 17:00,13764.954,14899.684,12904.658
forecast_3186,2025-05-13 18:00,13964.247,15320.627,13675.92
forecast_3187,2025-05-13 19:00,15557.241,16647.818,14449.126
forecast_3188,2025-05-13 20:00,17453.936,18147.043,15969.566
forecast_3189,2025-05-13 21:00,18187.742,18713.58,16223.959
forecast_3190,2025-05-13 22:00,19116.932,19232.47,16390.955
forecast_3191,2025-05-13 23:00,19451.158,19640.416,16464.83
forecast_3192,2025-05-14 0:00,19684.652,19770.363,16472.738
forecast_3193,2025-05-14 1:00,19149.982,19525.77,16340.977
forecast_3194,2025-05-14 2:00,19722.8,19598.695,16372.797
forecast_3195,2025-05-14 3:00,19674.77,19620.367,16381.829
forecast_3196,2025-05-14 4:00,19964.78,19721.459,16455.645
forecast_3197,2025-05-14 5:00,20107.406,19616.553,16441.654
forecast_3198,2025-05-14 6:00,19923.975,19446.408,16056.902
forecast_3199,2025-05-14 7:00,18553.21,18558.818,14504.2705
forecast_3200,2025-05-14 8:00,15312.275,15818.453,12246.62
forecast_3201,2025-05-14 9:00,11392.544,11947.811,9628.867
forecast_3202,2025-05-14 10:00,8038.4233,8349.932,6820.7617
forecast_3203,2025-05-14 11:00,6325.8633,6358.0894,4613.927
forecast_3204,2025-05-14 12:00,5238.95,5702.053,4010.7983
forecast_3205,2025-05-14 13:00,5379.0464,5531.473,4422.185
forecast_3206,2025-05-14 14:00,5053.818,5339.1577,4175.6406
forecast_3207,2025-05-14 15:00,5163.2993,5844.984,4300.4756
forecast_3208,2025-05-14 16:00,5588.111,6655.075,5249.2896
forecast_3209,2025-05-14 17:00,5345.2866,6029.978,4497.766
forecast_3210,2025-05-14 18:00,5841.6245,6711.228,5043.82
forecast_3211,2025-05-14 19:00,8253.884,9826.798,7387.454
forecast_3212,2025-05-14 20:00,9636.299,11628.19,8305.372
forecast_3213,2025-05-14 21:00,10456.096,12464.056,9551.854
forecast_3214,2025-05-14 22:00,10472.713,13231.161,9452.379
forecast_3215,2025-05-14 23:00,10980.424,12770.192,9322.071
forecast_3216,2025-05-15 0:00,11938.656,13476.911,10313.594
forecast_3217,2025-05-15 1:00,12705.533,14910.684,11923.198
forecast_3218,2025-05-15 2:00,13192.37,15616.609,11963.415
forecast_3219,2025-05-15 3:00,12113.636,14771.452,11027.256
forecast_3220,2025-05-15 4:00,12948.322,15262.161,12300.008
forecast_3221,2025-05-15 5:00,12720.501,15446.008,12311.133
forecast_3222,2025-05-15 6:00,14203.862,16234.135,13069.143
forecast_3223,2025-05-15 7:00,15580.414,17349.473,15501.165
forecast_3224,2025-05-15 8:00,16497.064,17891.97,15654.625
forecast_3225,2025-05-15 9:00,15377.874,17288.924,15826.042
forecast_3226,2025-05-15 10:00,15043.0205,16449.164,14919.063
forecast_3227,2025-05-15 11:00,14063.016,15600.174,13218.353
forecast_3228,2025-05-15 12:00,13922.585,15379.537,13348.56
forecast_3229,2025-05-15 13:00,15412.8545,16758.844,14959.817
forecast_3230,2025-05-15 14:00,17022.29,18113.629,16258.185
forecast_3231,2025-05-15 15:00,16377.152,17577.93,15679.436
forecast_3232,2025-05-15 16:00,15590.858,17059.424,15497.827
forecast_3233,2025-05-15 17:00,15438.997,17127.744,15494.783
forecast_3234,2025-05-15 18:00,16773.412,18185.771,16303.165
forecast_3235,2025-05-15 19:00,17107.668,18220.1,16518.795
forecast_3236,2025-05-15 20:00,16965.764,18105.623,16556.502
forecast_3237,2025-05-15 21:00,17448.342,18742.07,16721.646
forecast_3238,2025-05-15 22:00,18615.139,19543.22,17232.145
forecast_3239,2025-05-15 23:00,17419.807,18333.365,16719.992
forecast_3240,2025-05-16 0:00,16643.408,17878.72,16386.193
forecast_3241,2025-05-16 1:00,17661.53,18464.28,16446.023
forecast_3242,2025-05-16 2:00,18274.693,19106.354,16594.928
forecast_3243,2025-05-16 3:00,18309.203,19049.115,16337.659
forecast_3244,2025-05-16 4:00,17849.6,18839.316,16371.904
forecast_3245,2025-05-16 5:00,16941.676,17904.438,15857.816
forecast_3246,2025-05-16 6:00,16438.783,17044.41,15010.784
forecast_3247,2025-05-16 7:00,15014.12,15774.636,13014.441
forecast_3248,2025-05-16 8:00,13686.411,14932.518,12234.622
forecast_3249,2025-05-16 9:00,12589.221,13885.605,10869.466
forecast_3250,2025-05-16 10:00,11340.562,12982.776,10483.248
forecast_3251,2025-05-16 11:00,9838.588,12167.726,9809.119
forecast_3252,2025-05-16 12:00,9816.951,11535.459,9543.142
forecast_3253,2025-05-16 13:00,8065.0337,9056.911,8140.657
forecast_3254,2025-05-16 14:00,7190.795,8046.952,6148.2085
forecast_3255,2025-05-16 15:00,5178.573,6270.335,4099.9062
forecast_3256,2025-05-16 16:00,5485.2134,6610.059,4768.6396
forecast_3257,2025-05-16 17:00,5697.171,7114.73,3977.204
forecast_3258,2025-05-16 18:00,4557.92,5363.7715,3215.542
forecast_3259,2025-05-16 19:00,4806.8643,5541.437,3002.717
forecast_3260,2025-05-16 20:00,4530.6475,5034.098,2533.531
forecast_3261,2025-05-16 21:00,4363.1523,4929.7363,2445.1492
forecast_3262,2025-05-16 22:00,3832.904,4443.6914,1733.9568
forecast_3263,2025-05-16 23:00,3865.8728,4694.7114,2189.5945
forecast_3264,2025-05-17 0:00,3555.3804,3770.874,2018.1897
forecast_3265,2025-05-17 1:00,5776.8325,5632.6167,2594.0295
forecast_3266,2025-05-17 2:00,4628.848,5141.365,2559.5437
forecast_3267,2025-05-17 3:00,5132.0723,6565.2007,3077.3774
forecast_3268,2025-05-17 4:00,4234.69,5159.6987,2323.921
forecast_3269,2025-05-17 5:00,3575.338,4050.099,1911.4111
forecast_3270,2025-05-17 6:00,2452.9778,2603.1846,1200.0887
forecast_3271,2025-05-17 7:00,1773.9227,1797.2631,1090.3209
forecast_3272,2025-05-17 8:00,2658.614,2587.9216,1160.2468
forecast_3273,2025-05-17 9:00,4598.045,4839.418,2542.3901
forecast_3274,2025-05-17 10:00,5115.265,5223.0957,2853.897
forecast_3275,2025-05-17 11:00,5226.584,5582.8394,2981.549
forecast_3276,2025-05-17 12:00,6096.781,6531.0635,4762.911
forecast_3277,2025-05-17 13:00,9846.137,9930.965,8451.689
forecast_3278,2025-05-17 14:00,11482.609,12368.263,10550.961
forecast_3279,2025-05-17 15:00,12729.774,13647.842,12004.98
forecast_3280,2025-05-17 16:00,14742.164,15533.67,14039.728
forecast_3281,2025-05-17 17:00,16138.049,16730.592,15451.528
forecast_3282,2025-05-17 18:00,17889.24,18810.807,16467.193
forecast_3283,2025-05-17 19:00,18520.756,19249.092,17121.223
forecast_3284,2025-05-17 20:00,18815.68,19205.686,16557.482
forecast_3285,2025-05-17 21:00,18955.354,19282.941,16677.104
forecast_3286,2025-05-17 22:00,19116.932,19257.936,16402.686
forecast_3287,2025-05-17 23:00,19481.182,19466.365,16109.366
forecast_3288,2025-05-18 0:00,18867.652,18953.18,15825.486
forecast_3289,2025-05-18 1:00,18591.691,18494.645,15408.181
forecast_3290,2025-05-18 2:00,17546.85,17402.088,14124.511
forecast_3291,2025-05-18 3:00,15380.43,15823.094,12602.612
forecast_3292,2025-05-18 4:00,13845.816,14122.967,10729.307
forecast_3293,2025-05-18 5:00,11424.893,11690.719,8438.008
forecast_3294,2025-05-18 6:00,8185.573,8449.232,4791.6274
forecast_3295,2025-05-18 7:00,4130.834,3695.8076,1771.5731
forecast_3296,2025-05-18 8:00,2179.429,1997.1577,1099.958
forecast_3297,2025-05-18 9:00,1613.1984,1475.1816,914.0152
forecast_3298,2025-05-18 10:00,1436.8667,1367.1335,802.8143
forecast_3299,2025-05-18 11:00,1838.363,1798.7985,1065.0725
forecast_3300,2025-05-18 12:00,2455.926,2415.9988,1317.4984
forecast_3301,2025-05-18 13:00,3558.627,3065.751,1699.9087
forecast_3302,2025-05-18 14:00,4147.6772,3255.7305,2085.514
forecast_3303,2025-05-18 15:00,4816.272,3806.2864,2476.5393
forecast_3304,2025-05-18 16:00,5268.1113,4227.7065,3063.8481
forecast_3305,2025-05-18 17:00,7622.404,6221.4624,5358.4
forecast_3306,2025-05-18 18:00,8465.728,7550.2476,6212.7896
forecast_3307,2025-05-18 19:00,10441.128,10417.59,8292.995
forecast_3308,2025-05-18 20:00,12206.549,12499.046,9585.739
forecast_3309,2025-05-18 21:00,12570.84,13605.154,10319.877
forecast_3310,2025-05-18 22:00,13004.365,14321.834,11224.274
forecast_3311,2025-05-18 23:00,13331.367,14603.218,11111.758
forecast_3312,2025-05-19 0:00,13891.14,15125.042,11283.294
forecast_3313,2025-05-19 1:00,11678.784,13398.547,9650.843
forecast_3314,2025-05-19 2:00,10093.048,12442.379,8259.239
forecast_3315,2025-05-19 3:00,9201.729,10716.851,6942.828
forecast_3316,2025-05-19 4:00,9159.746,11243.279,7014.335
forecast_3317,2025-05-19 5:00,9305.2705,11491.603,7788.148
forecast_3318,2025-05-19 6:00,9619.802,11882.668,8124.0747
forecast_3319,2025-05-19 7:00,11090.6,13094.409,9440.309
forecast_3320,2025-05-19 8:00,11781.422,13896.019,10713.844
forecast_3321,2025-05-19 9:00,12061.245,14436.224,10853.578
forecast_3322,2025-05-19 10:00,12669.248,14384.633,12119.2295
forecast_3323,2025-05-19 11:00,14369.847,15597.537,13857.233
forecast_3324,2025-05-19 12:00,15334.671,16524.68,14885.338
forecast_3325,2025-05-19 13:00,15351.23,16853.47,15163.31
forecast_3326,2025-05-19 14:00,15913.338,17580.615,15467.701
forecast_3327,2025-05-19 15:00,16821.047,18154.148,16241.311
forecast_3328,2025-05-19 16:00,17491.99,18000.904,15918.7295
forecast_3329,2025-05-19 17:00,18041.812,18494.727,16211.884
forecast_3330,2025-05-19 18:00,18352.543,19003.334,16505.393
forecast_3331,2025-05-19 19:00,18835.926,19150.889,16758.592
forecast_3332,2025-05-19 20:00,18860.098,19207.613,16798.016
forecast_3333,2025-05-19 21:00,19141.21,19522.684,17071.246
forecast_3334,2025-05-19 22:00,18632.748,18719.76,16557.324
forecast_3335,2025-05-19 23:00,18101.025,18363.09,16129.263
forecast_3336,2025-05-20 0:00,17921.875,18541.031,15991.171
forecast_3337,2025-05-20 1:00,18571.656,19336.96,17576.363
forecast_3338,2025-05-20 2:00,18540.328,19416.385,17442.26
forecast_3339,2025-05-20 3:00,18350.316,19020.592,17162.79
forecast_3340,2025-05-20 4:00,18607.04,19552.326,16867.602
forecast_3341,2025-05-20 5:00,18107.324,19228.934,16519.559
forecast_3342,2025-05-20 6:00,18246.438,18963.387,16526.768
forecast_3343,2025-05-20 7:00,17486.088,17756.69,16430.879
forecast_3344,2025-05-20 8:00,16461.447,17415.068,16375.613
forecast_3345,2025-05-20 9:00,15862.209,16810.936,15908.942
forecast_3346,2025-05-20 10:00,14584.837,14507.464,13386.802
forecast_3347,2025-05-20 11:00,13747.239,14183.798,12745.929
forecast_3348,2025-05-20 12:00,12594.896,13762.814,12001.5205
forecast_3349,2025-05-20 13:00,12856.928,14146.92,12300.446
forecast_3350,2025-05-20 14:00,13674.078,14592.817,12411.58
forecast_3351,2025-05-20 15:00,14798.612,15627.223,14304.58
forecast_3352,2025-05-20 16:00,15125.144,15984.878,15201.873
forecast_3353,2025-05-20 17:00,14615.796,15454.954,15191.001
forecast_3354,2025-05-20 18:00,13890.776,15279.424,15473.791
forecast_3355,2025-05-20 19:00,14944.164,16043.491,15709.016
forecast_3356,2025-05-20 20:00,15413.07,16357.565,16116.078
forecast_3357,2025-05-20 21:00,16333.996,16917.008,16225.006
forecast_3358,2025-05-20 22:00,16808.44,17304.412,16270.984
forecast_3359,2025-05-20 23:00,16367.846,17158.76,16108.611
forecast_3360,2025-05-21 0:00,16188.86,17308.67,15834.962
forecast_3361,2025-05-21 1:00,16240.637,17166.596,15649.006
forecast_3362,2025-05-21 2:00,16525.07,17461.244,16054.495
forecast_3363,2025-05-21 3:00,17098.03,17631.518,15576.814
forecast_3364,2025-05-21 4:00,16470.904,17207.283,14441.787
forecast_3365,2025-05-21 5:00,15188.574,16061.864,13269.985
forecast_3366,2025-05-21 6:00,13018.301,14006.319,10079.345
forecast_3367,2025-05-21 7:00,9338.216,9308.039,5767.731
forecast_3368,2025-05-21 8:00,6426.6074,6734.8394,3755.6287
forecast_3369,2025-05-21 9:00,3646.5908,3463.4526,1880.938
forecast_3370,2025-05-21 10:00,1968.513,1825.7246,990.32336
forecast_3371,2025-05-21 11:00,1643.1482,1624.5437,901.872
forecast_3372,2025-05-21 12:00,1594.3258,1572.8303,901.872
forecast_3373,2025-05-21 13:00,2090.2886,1916.3049,1289.1571
forecast_3374,2025-05-21 14:00,2182.3743,2031.698,1313.9258
forecast_3375,2025-05-21 15:00,1752.3344,1708.2162,1052.2668
forecast_3376,2025-05-21 16:00,1551.1237,1612.5665,929.0733
forecast_3377,2025-05-21 17:00,1426.6276,1418.5664,880.74567
forecast_3378,2025-05-21 18:00,1624.9589,1423.6039,857.09143
forecast_3379,2025-05-21 19:00,1839.9459,1877.0074,971.1931
forecast_3380,2025-05-21 20:00,2003.2808,2053.2146,1133.3105
forecast_3381,2025-05-21 21:00,2101.9932,2187.8833,1247.0868
forecast_3382,2025-05-21 22:00,2451.264,2717.5808,1425.7782
forecast_3383,2025-05-21 23:00,2267.8223,2421.0195,1254.9778
forecast_3384,2025-05-22 0:00,2182.2495,2162.3867,1302.9996
forecast_3385,2025-05-22 1:00,2670.367,2805.6648,1100.9119
forecast_3386,2025-05-22 2:00,2414.5876,2373.4744,1047.1603
forecast_3387,2025-05-22 3:00,2971.5874,2860.8176,1268.2783
forecast_3388,2025-05-22 4:00,3201.2505,3062.589,1234.4332
forecast_3389,2025-05-22 5:00,2585.529,2400.4604,1005.88
forecast_3390,2025-05-22 6:00,2021.2703,1852.2214,930.64764
forecast_3391,2025-05-22 7:00,1779.2825,1730.1373,993.0242
forecast_3392,2025-05-22 8:00,2287.824,2568.4978,1432.5125
forecast_3393,2025-05-22 9:00,3210.8286,3555.0469,1781.8208
forecast_3394,2025-05-22 10:00,4034.4055,4623.5283,1984.6361
forecast_3395,2025-05-22 11:00,3850.2505,4748.921,2102.577
forecast_3396,2025-05-22 12:00,3625.9395,4407.2715,1973.3314
forecast_3397,2025-05-22 13:00,3240.3264,4140.4556,1934.254
forecast_3398,2025-05-22 14:00,2869.2751,3599.7786,1836.7322
forecast_3399,2025-05-22 15:00,2413.8079,3095.46,1693.0222
forecast_3400,2025-05-22 16:00,1878.7437,2146.0244,1252.5327
forecast_3401,2025-05-22 17:00,1466.163,1570.8403,1030.7709
forecast_3402,2025-05-22 18:00,1373.317,1482.8795,889.0233
forecast_3403,2025-05-22 19:00,1538.2866,1668.8563,824.49194
forecast_3404,2025-05-22 20:00,2281.3247,2287.8752,826.7532
forecast_3405,2025-05-22 21:00,2607.3894,2495.6594,1035.6238
forecast_3406,2025-05-22 22:00,3418.989,3302.6292,1410.4613
forecast_3407,2025-05-22 23:00,3582.3828,3456.1948,1440.5083
forecast_3408,2025-05-23 0:00,3744.2212,3651.2356,1500.8242
forecast_3409,2025-05-23 1:00,4103.8555,3860.3083,1477.8098
forecast_3410,2025-05-23 2:00,4431.908,3959.692,1690.9342
forecast_3411,2025-05-23 3:00,3986.155,3805.8726,1532.1803
forecast_3412,2025-05-23 4:00,4851.228,4712.273,1800.4006
forecast_3413,2025-05-23 5:00,4241.183,4267.4624,1653.164
forecast_3414,2025-05-23 6:00,4242.8457,4050.4797,1590.7985
forecast_3415,2025-05-23 7:00,4435.87,3671.3325,1466.6416
forecast_3416,2025-05-23 8:00,3911.941,3526.8157,1499.2126
forecast_3417,2025-05-23 9:00,3971.165,3615.401,1563.7765
forecast_3418,2025-05-23 10:00,3640.6765,3047.3887,1323.8389
forecast_3419,2025-05-23 11:00,3269.0286,2782.4216,1369.743
forecast_3420,2025-05-23 12:00,2916.8809,2721.6292,1449.9028
forecast_3421,2025-05-23 13:00,2632.364,2420.606,1379.8837
forecast_3422,2025-05-23 14:00,2464.8179,2273.7117,1150.3828
forecast_3423,2025-05-23 15:00,2357.4292,2499.361,1271.6974
forecast_3424,2025-05-23 16:00,2375.9412,2370.473,1234.0695
forecast_3425,2025-05-23 17:00,3047.0303,3069.2397,1480.927
forecast_3426,2025-05-23 18:00,3876.1665,3630.8787,1724.2084
forecast_3427,2025-05-23 19:00,3770.9055,3613.2173,1475.1742
forecast_3428,2025-05-23 20:00,4330.3003,4350.373,1701.295
forecast_3429,2025-05-23 21:00,5382.6655,5333.42,2105.1477
forecast_3430,2025-05-23 22:00,5811.8994,6104.0815,2178.3374
forecast_3431,2025-05-23 23:00,5122.389,4853.183,1805.9983
forecast_3432,2025-05-24 0:00,4787.1807,4510.5894,1582.8397
forecast_3433,2025-05-24 1:00,5877.4165,5394.2153,2038.3264
forecast_3434,2025-05-24 2:00,5630.1514,5435.72,2052.228
forecast_3435,2025-05-24 3:00,5663.5396,5262.119,1897.3702
forecast_3436,2025-05-24 4:00,4806.124,5289.933,2102.5474
forecast_3437,2025-05-24 5:00,5017.0293,5699.066,2087.6453
forecast_3438,2025-05-24 6:00,5265.021,6064.8496,2721.6848
forecast_3439,2025-05-24 7:00,5938.871,6899.5093,2954.3835
forecast_3440,2025-05-24 8:00,5508.234,6880.8926,3209.2827
forecast_3441,2025-05-24 9:00,4976.061,6501.0103,3205.1787
forecast_3442,2025-05-24 10:00,4302.3647,5728.946,2599.3313
forecast_3443,2025-05-24 11:00,4247.268,5477.994,2690.769
forecast_3444,2025-05-24 12:00,4124.9253,5324.0615,2673.8582
forecast_3445,2025-05-24 13:00,3908.3884,5179.08,2662.0093
forecast_3446,2025-05-24 14:00,3596.283,4927.046,2494.5554
forecast_3447,2025-05-24 15:00,4065.8972,5390.6953,3170.1511
forecast_3448,2025-05-24 16:00,5150.1807,7050.8174,4555.797
forecast_3449,2025-05-24 17:00,5667.679,7516.615,5452.7764
forecast_3450,2025-05-24 18:00,6606.0938,8837.837,6359.508
forecast_3451,2025-05-24 19:00,6379.429,8500.349,5653.18
forecast_3452,2025-05-24 20:00,6400.313,7718.62,5043.1094
forecast_3453,2025-05-24 21:00,5836.79,7592.261,4667.2046
forecast_3454,2025-05-24 22:00,5390.7783,6754.7783,3666.1943
forecast_3455,2025-05-24 23:00,4953.1816,5846.7188,3277.3635
forecast_3456,2025-05-25 0:00,4884.2397,5707.6035,2900.0378
forecast_3457,2025-05-25 1:00,4545.154,5362.0254,2463.7134
forecast_3458,2025-05-25 2:00,3655.5718,4321.7026,2029.1892
forecast_3459,2025-05-25 3:00,3602.0352,3960.1067,1736.6033
forecast_3460,2025-05-25 4:00,3623.2856,3519.6145,1721.891
forecast_3461,2025-05-25 5:00,3934.0337,3712.8572,1754.3236
forecast_3462,2025-05-25 6:00,4512.6514,4338.7783,2035.7794
forecast_3463,2025-05-25 7:00,4105.6934,3693.089,1756.2827
forecast_3464,2025-05-25 8:00,3617.2097,3101.1016,1520.5039
forecast_3465,2025-05-25 9:00,2445.2053,2352.1938,1229.3025
forecast_3466,2025-05-25 10:00,1593.8944,1470.4556,864.78564
forecast_3467,2025-05-25 11:00,1724.8767,1527.8608,904.1333
forecast_3468,2025-05-25 12:00,2645.9417,2359.2073,1258.4496
forecast_3469,2025-05-25 13:00,3175.2734,2875.6067,1623.039
forecast_3470,2025-05-25 14:00,3071.975,2752.2625,1543.468
forecast_3471,2025-05-25 15:00,2963.1384,2511.6382,1463.5892
forecast_3472,2025-05-25 16:00,2576.4055,2647.8357,1532.5621
forecast_3473,2025-05-25 17:00,3252.8682,3044.695,1709.6813
forecast_3474,2025-05-25 18:00,2914.023,3119.9397,1758.3298
forecast_3475,2025-05-25 19:00,4352.258,4478.276,2537.102
forecast_3476,2025-05-25 20:00,5418.5796,5818.286,3043.0652
forecast_3477,2025-05-25 21:00,6702.9404,6756.1245,3714.8843
forecast_3478,2025-05-25 22:00,7506.3003,8519.463,6024.979
forecast_3479,2025-05-25 23:00,8741.71,9005.818,6503.5566
forecast_3480,2025-05-26 0:00,8535.57,8728.963,6617.441
forecast_3481,2025-05-26 1:00,9454.699,10356.372,7598.769
forecast_3482,2025-05-26 2:00,9196.167,9812.421,7363.0483
forecast_3483,2025-05-26 3:00,8658.443,8658.147,5941.31
forecast_3484,2025-05-26 4:00,7263.908,6593.717,3984.415
forecast_3485,2025-05-26 5:00,4781.5635,4553.1074,2517.7366
forecast_3486,2025-05-26 6:00,3749.08,3114.3757,1671.8304
forecast_3487,2025-05-26 7:00,2155.012,1934.6964,1052.0878
forecast_3488,2025-05-26 8:00,1458.038,1491.9425,828.86176
forecast_3489,2025-05-26 9:00,1188.819,1182.5616,780.21423
forecast_3490,2025-05-26 10:00,1132.7362,1157.8801,762.91016
forecast_3491,2025-05-26 11:00,1164.048,1119.2084,753.64435
forecast_3492,2025-05-26 12:00,1179.4724,1155.1115,760.2627
forecast_3493,2025-05-26 13:00,1372.7184,1400.3953,1023.1068
forecast_3494,2025-05-26 14:00,1260.2523,1468.1014,959.42944
forecast_3495,2025-05-26 15:00,1106.5715,1162.5607,810.84375
forecast_3496,2025-05-26 16:00,1271.3229,1353.5547,840.87
forecast_3497,2025-05-26 17:00,1301.596,1559.2479,1095.6627
forecast_3498,2025-05-26 18:00,1283.7144,1428.6586,922.03394
forecast_3499,2025-05-26 19:00,1547.8226,1671.8706,1087.5636
forecast_3500,2025-05-26 20:00,1667.6655,1886.4106,1102.3959
forecast_3501,2025-05-26 21:00,2585.5415,2955.852,1577.3214
forecast_3502,2025-05-26 22:00,2957.1436,3403.541,1785.6544
forecast_3503,2025-05-26 23:00,4481.981,5125.925,2567.0544
forecast_3504,2025-05-27 0:00,5511.1836,6303.4287,3510.0295
forecast_3505,2025-05-27 1:00,6489.63,7197.4077,4212.151
forecast_3506,2025-05-27 2:00,6980.4487,8068.133,4408.8394
forecast_3507,2025-05-27 3:00,6390.0234,7119.458,4173.348
forecast_3508,2025-05-27 4:00,5786.001,6540.4175,3898.5425
forecast_3509,2025-05-27 5:00,5253.1025,5855.0137,3293.8806
forecast_3510,2025-05-27 6:00,3965.6152,3701.1187,2277.075
forecast_3511,2025-05-27 7:00,2152.324,2039.2269,1237.285
forecast_3512,2025-05-27 8:00,1413.3386,1446.1877,943.4438
forecast_3513,2025-05-27 9:00,1211.0891,1226.6166,873.3391
forecast_3514,2025-05-27 10:00,1185.6167,1244.0765,883.1407
forecast_3515,2025-05-27 11:00,1165.6202,1203.5791,909.644
forecast_3516,2025-05-27 12:00,1387.4685,1621.7329,1124.4103
forecast_3517,2025-05-27 13:00,1518.3055,1374.2593,986.53827
forecast_3518,2025-05-27 14:00,1479.9417,1401.7805,1001.5067
forecast_3519,2025-05-27 15:00,1298.5801,1226.1803,942.6806
forecast_3520,2025-05-27 16:00,1274.7438,1093.9211,866.44006
forecast_3521,2025-05-27 17:00,1210.5042,1105.8147,832.96387
forecast_3522,2025-05-27 18:00,1322.4358,1277.9126,753.64435
forecast_3523,2025-05-27 19:00,1413.2726,1410.3994,826.1252
forecast_3524,2025-05-27 20:00,1521.0123,1573.3772,982.0594
forecast_3525,2025-05-27 21:00,1882.4153,1916.3856,1101.5212
forecast_3526,2025-05-27 22:00,2216.5452,2339.4321,1327.1501
forecast_3527,2025-05-27 23:00,2685.0063,2812.2075,1636.0143
forecast_3528,2025-05-28 0:00,3277.6692,3181.7048,1770.0415
forecast_3529,2025-05-28 1:00,4441.5244,4696.2524,2729.897
forecast_3530,2025-05-28 2:00,5353.1973,5869.517,3246.4028
forecast_3531,2025-05-28 3:00,5786.0815,5920.233,3269.9954
forecast_3532,2025-05-28 4:00,5698.287,5377.74,2857.74
forecast_3533,2025-05-28 5:00,5503.245,5288.5806,2909.7222
forecast_3534,2025-05-28 6:00,3815.552,3133.2668,1643.6628
forecast_3535,2025-05-28 7:00,2108.31,1736.6577,1066.1796
forecast_3536,2025-05-28 8:00,1234.6494,1275.2982,817.4225
forecast_3537,2025-05-28 9:00,1085.0261,1174.6149,751.5428
forecast_3538,2025-05-28 10:00,1105.0798,1151.1283,751.5428
forecast_3539,2025-05-28 11:00,1239.7527,1170.1448,766.84015
forecast_3540,2025-05-28 12:00,1287.211,1226.3915,829.5984
forecast_3541,2025-05-28 13:00,1276.2455,1215.5758,824.49194
forecast_3542,2025-05-28 14:00,1392.9739,1474.9928,874.43945
forecast_3543,2025-05-28 15:00,1803.0326,1591.4777,901.872
forecast_3544,2025-05-28 16:00,1609.3324,1624.0481,1003.8945
forecast_3545,2025-05-28 17:00,1788.521,1670.0778,1020.4699
forecast_3546,2025-05-28 18:00,1498.233,1374.9072,905.5568
forecast_3547,2025-05-28 19:00,1451.0651,1325.2556,993.2933
forecast_3548,2025-05-28 20:00,1633.0767,1561.8777,910.7861
forecast_3549,2025-05-28 21:00,2561.8787,2324.9944,1252.9631
forecast_3550,2025-05-28 22:00,2631.806,2318.5024,1494.2833
forecast_3551,2025-05-28 23:00,2647.192,2395.2627,1403.6102
forecast_3552,2025-05-29 0:00,2244.8982,2061.7354,1335.4159
forecast_3553,2025-05-29 1:00,1969.5724,1780.4218,1144.6509
forecast_3554,2025-05-29 2:00,2331.3296,2070.8062,1132.5046
forecast_3555,2025-05-29 3:00,2850.8918,2390.904,1189.1187
forecast_3556,2025-05-29 4:00,2843.3213,2311.688,1184.0438
forecast_3557,2025-05-29 5:00,2441.4194,2067.9138,1086.3541
forecast_3558,2025-05-29 6:00,1818.6182,1815.3008,927.8317
forecast_3559,2025-05-29 7:00,1557.3196,1599.3151,826.7532
forecast_3560,2025-05-29 8:00,1389.6156,1482.6655,798.2026
forecast_3561,2025-05-29 9:00,1266.901,1343.654,809.1945
forecast_3562,2025-05-29 10:00,1161.5199,1281.4617,798.2026
forecast_3563,2025-05-29 11:00,1249.4634,1403.379,906.97845
forecast_3564,2025-05-29 12:00,1315.8843,1524.094,1011.28326
forecast_3565,2025-05-29 13:00,1423.841,1637.196,1036.9832
forecast_3566,2025-05-29 14:00,1364.821,1663.2935,1025.5361
forecast_3567,2025-05-29 15:00,1402.039,1680.2354,1026.6147
forecast_3568,2025-05-29 16:00,1592.7625,1817.7632,1216.9373
forecast_3569,2025-05-29 17:00,1819.2952,1995.2483,1219.2932
forecast_3570,2025-05-29 18:00,1797.2532,2004.7178,1087.6461
forecast_3571,2025-05-29 19:00,2314.0159,2838.2244,1226.3665
forecast_3572,2025-05-29 20:00,2632.2761,3198.844,1232.897
forecast_3573,2025-05-29 21:00,2742.91,3052.75,1259.7118
forecast_3574,2025-05-29 22:00,3195.0051,3360.357,1454.8403
forecast_3575,2025-05-29 23:00,3179.8083,3088.8164,1410.764
forecast_3576,2025-05-30 0:00,2986.4019,2898.7708,1216.0115
forecast_3577,2025-05-30 1:00,2570.782,2619.1987,1302.2506
forecast_3578,2025-05-30 2:00,2771.1892,2749.6392,1332.6444
forecast_3579,2025-05-30 3:00,3062.828,3041.0781,1504.3738
forecast_3580,2025-05-30 4:00,3582.35,3625.298,1557.401
forecast_3581,2025-05-30 5:00,3637.752,4291.7837,1740.9036
forecast_3582,2025-05-30 6:00,3879.765,4372.91,1856.6921
forecast_3583,2025-05-30 7:00,3591.9026,4299.6396,1756.2974
forecast_3584,2025-05-30 8:00,3150.7334,3577.5273,1780.1361
forecast_3585,2025-05-30 9:00,2945.635,3378.872,1777.1477
forecast_3586,2025-05-30 10:00,2386.2979,2744.7307,1546.55
forecast_3587,2025-05-30 11:00,2018.9664,2420.489,1477.6904
forecast_3588,2025-05-30 12:00,1847.6462,2273.023,1442.1046
forecast_3589,2025-05-30 13:00,1612.1162,1943.5911,1230.716
forecast_3590,2025-05-30 14:00,1537.8809,1820.477,1188.0486
forecast_3591,2025-05-30 15:00,1560.4634,1812.1696,1195.6245
forecast_3592,2025-05-30 16:00,1712.9198,1840.2246,1160.5171
forecast_3593,2025-05-30 17:00,1732.9138,1884.541,1068.2095
forecast_3594,2025-05-30 18:00,1867.9299,1991.0507,1057.8779
forecast_3595,2025-05-30 19:00,2199.2817,2502.8423,1051.1776
forecast_3596,2025-05-30 20:00,2655.7231,3020.222,1191.6796
forecast_3597,2025-05-30 21:00,2895.2646,3087.851,1284.9459
forecast_3598,2025-05-30 22:00,3172.569,3122.7937,1373.8949
forecast_3599,2025-05-30 23:00,2876.7615,2317.7131,1219.5034
forecast_3600,2025-05-31 0:00,2488.546,2086.4258,1067.8466
forecast_3601,2025-05-31 1:00,1884.8794,1910.4486,1094.4229
forecast_3602,2025-05-31 2:00,2072.2861,2179.241,1078.3468
forecast_3603,2025-05-31 3:00,2257.1265,2470.5403,1200.2043
forecast_3604,2025-05-31 4:00,2469.907,2346.891,1192.4835
forecast_3605,2025-05-31 5:00,2399.7463,2351.069,1197.6277
forecast_3606,2025-05-31 6:00,2391.5117,2281.4883,1224.9486
forecast_3607,2025-05-31 7:00,2225.9858,2311.1958,1228.2764
forecast_3608,2025-05-31 8:00,2217.9443,2488.6157,1382.1072
forecast_3609,2025-05-31 9:00,1730.5298,1803.6472,1230.9752
forecast_3610,2025-05-31 10:00,1558.3949,1651.5566,1041.94
forecast_3611,2025-05-31 11:00,2030.523,2164.7708,1353.03
forecast_3612,2025-05-31 12:00,2206.761,2509.03,1572.3436
forecast_3613,2025-05-31 13:00,2054.2573,2193.4053,1474.9537
forecast_3614,2025-05-31 14:00,2029.0931,2332.1238,1533.8956
forecast_3615,2025-05-31 15:00,2164.4773,2150.078,1407.607
forecast_3616,2025-05-31 16:00,2248.0608,2218.8345,1470.6877
forecast_3617,2025-05-31 17:00,2117.8425,2106.3354,1313.7947
forecast_3618,2025-05-31 18:00,2045.5334,2111.2852,1265.1724
forecast_3619,2025-05-31 19:00,2246.3044,2548.344,1179.6404
forecast_3620,2025-05-31 20:00,2352.9446,2739.456,1314.3928
forecast_3621,2025-05-31 21:00,2467.9053,2889.8958,1464.9835
forecast_3622,2025-05-31 22:00,2660.9146,2822.7222,1505.1912
forecast_3623,2025-05-31 23:00,2736.3071,2806.468,1704.713
forecast_3624,2025-06-01 0:00,1792.0857,1774.703,1271.4333
forecast_3625,2025-06-01 1:00,1897.8599,1623.5903,1118.1409
forecast_3626,2025-06-01 2:00,2063.2556,1971.691,1176.5598
forecast_3627,2025-06-01 3:00,3036.3037,2818.463,1505.7803
forecast_3628,2025-06-01 4:00,3164.8354,2793.3655,1685.8405
forecast_3629,2025-06-01 5:00,2880.8699,2617.8416,1465.9634
forecast_3630,2025-06-01 6:00,2399.3452,2144.2356,1138.6473
forecast_3631,2025-06-01 7:00,2064.3318,1738.6798,1041.5979
forecast_3632,2025-06-01 8:00,1486.897,1423.8049,855.78345
forecast_3633,2025-06-01 9:00,1302.5476,1212.5978,766.4442
forecast_3634,2025-06-01 10:00,1220.3536,1129.147,747.9993
forecast_3635,2025-06-01 11:00,1282.9425,1203.466,761.692
forecast_3636,2025-06-01 12:00,1262.5765,1151.6737,753.64435
forecast_3637,2025-06-01 13:00,1280.1371,1113.4718,746.9708
forecast_3638,2025-06-01 14:00,1226.468,1124.5182,746.9708
forecast_3639,2025-06-01 15:00,1231.903,1093.6876,746.9708
forecast_3640,2025-06-01 16:00,1118.6526,1072.5477,738.74286
forecast_3641,2025-06-01 17:00,1047.5387,1057.0725,764.83777
forecast_3642,2025-06-01 18:00,1544.4545,1562.0455,1039.7119
forecast_3643,2025-06-01 19:00,2310.0938,2588.4922,1517.9895
forecast_3644,2025-06-01 20:00,4001.6792,4094.131,2431.2502
forecast_3645,2025-06-01 21:00,4241.179,4319.6895,2563.2532
forecast_3646,2025-06-01 22:00,5850.1665,6063.201,3687.3164
forecast_3647,2025-06-01 23:00,4487.487,4411.922,2235.062
forecast_3648,2025-06-02 0:00,5693.958,5985.9473,3406.3474
forecast_3649,2025-06-02 1:00,5107.8535,5246.7954,2987.9817
forecast_3650,2025-06-02 2:00,3996.999,3667.5657,2055.502
forecast_3651,2025-06-02 3:00,5166.505,5365.167,2866.279
forecast_3652,2025-06-02 4:00,3393.7905,3140.9612,1685.1204
forecast_3653,2025-06-02 5:00,3351.4636,3255.264,1891.6982
forecast_3654,2025-06-02 6:00,1728.8944,1704.4718,1098.6914
forecast_3655,2025-06-02 7:00,1443.111,1473.9694,958.13763
forecast_3656,2025-06-02 8:00,1317.8127,1500.4216,956.7391
forecast_3657,2025-06-02 9:00,1301.8639,1556.373,946.11865
forecast_3658,2025-06-02 10:00,1452.8671,1737.6191,979.68646
forecast_3659,2025-06-02 11:00,1280.3987,1744.094,983.9371
forecast_3660,2025-06-02 12:00,1447.1194,1859.2375,1158.8483
forecast_3661,2025-06-02 13:00,1378.7017,1927.7365,1162.1957
forecast_3662,2025-06-02 14:00,1505.1687,2031.3312,1289.2866
forecast_3663,2025-06-02 15:00,2726.6543,3237.35,2254.033
forecast_3664,2025-06-02 16:00,3562.1487,3606.3936,2236.5938
forecast_3665,2025-06-02 17:00,3872.5403,3742.9497,2491.513
forecast_3666,2025-06-02 18:00,4378.492,4054.3403,2557.2031
forecast_3667,2025-06-02 19:00,3763.1777,3590.3691,2066.2012
forecast_3668,2025-06-02 20:00,3296.3972,3178.7832,1698.7858
forecast_3669,2025-06-02 21:00,3077.577,3376.9434,1613.3616
forecast_3670,2025-06-02 22:00,2753.6965,2950.0466,1532.4965
forecast_3671,2025-06-02 23:00,2128.9495,2383.8875,1459.304
forecast_3672,2025-06-03 0:00,2350.2373,2473.126,1613.6382
forecast_3673,2025-06-03 1:00,2551.9631,2795.4094,1537.5076
forecast_3674,2025-06-03 2:00,2580.1296,2686.2876,1405.7477
forecast_3675,2025-06-03 3:00,2896.642,3441.597,1800.5793
forecast_3676,2025-06-03 4:00,2987.7559,3052.2156,1672.9001
forecast_3677,2025-06-03 5:00,3646.1758,3832.3298,2252.811
forecast_3678,2025-06-03 6:00,3391.3364,3562.0154,2121.173
forecast_3679,2025-06-03 7:00,2554.2966,2576.638,1681.5623
forecast_3680,2025-06-03 8:00,1969.4335,1786.8208,1245.5303
forecast_3681,2025-06-03 9:00,1948.2192,1835.1694,1437.5497
forecast_3682,2025-06-03 10:00,3211.293,3278.0261,2012.3337
forecast_3683,2025-06-03 11:00,4158.52,4391.3657,2703.8237
forecast_3684,2025-06-03 12:00,6283.4966,5754.771,4190.394
forecast_3685,2025-06-03 13:00,8624.52,7953.6763,5804.7715
forecast_3686,2025-06-03 14:00,10690.045,10260.047,8405.212
forecast_3687,2025-06-03 15:00,11576.536,12011.125,9686.73
forecast_3688,2025-06-03 16:00,11653.376,11103.671,9269.162
forecast_3689,2025-06-03 17:00,12706.657,12442.946,10269.8545
forecast_3690,2025-06-03 18:00,13987.243,13625.148,11272.363
forecast_3691,2025-06-03 19:00,13801.063,13651.561,11851.119
forecast_3692,2025-06-03 20:00,14706.951,15214.576,12793.381
forecast_3693,2025-06-03 21:00,16811.354,17729.154,15301.673
forecast_3694,2025-06-03 22:00,16958.605,18020.213,14218.684
forecast_3695,2025-06-03 23:00,16582.318,17043.047,13103.066
forecast_3696,2025-06-04 0:00,16002.49,15875.293,12252.221
forecast_3697,2025-06-04 1:00,14148.008,14139.391,11079.108
forecast_3698,2025-06-04 2:00,14360.822,13977.36,10753.161
forecast_3699,2025-06-04 3:00,15175.314,15682.359,13071.643
forecast_3700,2025-06-04 4:00,15671.763,16647.24,14327.9
forecast_3701,2025-06-04 5:00,16167.546,16966.898,14125.882
forecast_3702,2025-06-04 6:00,17284.37,17697.291,15578.342
forecast_3703,2025-06-04 7:00,17734.088,18817.64,16032.376
forecast_3704,2025-06-04 8:00,17928.342,18990.477,16209.156
forecast_3705,2025-06-04 9:00,17895.902,18695.527,15982.933
forecast_3706,2025-06-04 10:00,17632.97,18579.09,16125.125
forecast_3707,2025-06-04 11:00,17280.982,18257.207,16019.057
forecast_3708,2025-06-04 12:00,16838.057,17913.264,15727.074
forecast_3709,2025-06-04 13:00,16441.85,17345.342,15599.772
forecast_3710,2025-06-04 14:00,16005.725,16429.79,12913.248
forecast_3711,2025-06-04 15:00,14847.732,14545.054,11962.716
forecast_3712,2025-06-04 16:00,14125.83,13661.628,10710.249
forecast_3713,2025-06-04 17:00,13348.801,12376.55,10191.294
forecast_3714,2025-06-04 18:00,12900.002,11962.061,9959.16
forecast_3715,2025-06-04 19:00,13334.888,12777.2295,9691.725
forecast_3716,2025-06-04 20:00,13857.404,13376.523,10053.96
forecast_3717,2025-06-04 21:00,13312.383,13140.62,10176.791
forecast_3718,2025-06-04 22:00,12324.924,12414.884,9714.647
forecast_3719,2025-06-04 23:00,12957.034,13749.6875,10406.434
forecast_3720,2025-06-05 0:00,13078.792,14152.683,11127.303
forecast_3721,2025-06-05 1:00,10761.42,10665.865,8117.651
forecast_3722,2025-06-05 2:00,13200.494,13869.382,10514.283
forecast_3723,2025-06-05 3:00,15276.985,16091.966,12508.955
forecast_3724,2025-06-05 4:00,15461.683,16501.035,12730.931
forecast_3725,2025-06-05 5:00,14816.691,15755.556,12156.667
forecast_3726,2025-06-05 6:00,14027.139,15139.22,11516.452
forecast_3727,2025-06-05 7:00,15048.0205,16420.688,12739.91
forecast_3728,2025-06-05 8:00,13274.379,14201.819,11035.323
forecast_3729,2025-06-05 9:00,10962.017,12293.342,9369.306
forecast_3730,2025-06-05 10:00,8826.69,9707.186,6966.254
forecast_3731,2025-06-05 11:00,8139.6475,8222.853,5551.953
forecast_3732,2025-06-05 12:00,7363.5796,7667.9697,5233.8486
forecast_3733,2025-06-05 13:00,7332.99,7090.119,4687.789
forecast_3734,2025-06-05 14:00,7626.994,7715.0684,5977.9927
forecast_3735,2025-06-05 15:00,7547.2886,7694.398,5675.25
forecast_3736,2025-06-05 16:00,9471.564,9220.591,7873.54
forecast_3737,2025-06-05 17:00,10611.205,10015.229,8702.728
forecast_3738,2025-06-05 18:00,12684.63,12272.433,10928.206
forecast_3739,2025-06-05 19:00,14945.771,15246.15,13269.643
forecast_3740,2025-06-05 20:00,16001.093,15880.14,15317.196
forecast_3741,2025-06-05 21:00,18095.227,17421.725,15785.812
forecast_3742,2025-06-05 22:00,19746.633,18712.371,16445.855
forecast_3743,2025-06-05 23:00,19974.395,19015.662,16517.84
forecast_3744,2025-06-06 0:00,19522.246,18908.004,16471.146
forecast_3745,2025-06-06 1:00,19816.748,19085.719,16219.616
forecast_3746,2025-06-06 2:00,19550.967,19050.17,16319.436
forecast_3747,2025-06-06 3:00,20031.709,19554.182,16437.871
forecast_3748,2025-06-06 4:00,19943.543,19770.314,16408.32
forecast_3749,2025-06-06 5:00,19466.672,19316.78,16057.382
forecast_3750,2025-06-06 6:00,19225.186,19150.355,16302.967
forecast_3751,2025-06-06 7:00,17997.436,19000.475,16315.173
forecast_3752,2025-06-06 8:00,16628.225,17811.049,15940.207
forecast_3753,2025-06-06 9:00,14613.913,15531.499,13846.172
forecast_3754,2025-06-06 10:00,13795.494,15198.819,12964.527
forecast_3755,2025-06-06 11:00,13857.34,15251.137,13250.768
forecast_3756,2025-06-06 12:00,14024.968,14954.696,13667.593
forecast_3757,2025-06-06 13:00,14263.279,15267.885,14067.22
forecast_3758,2025-06-06 14:00,14723.899,15695.841,14218.07
forecast_3759,2025-06-06 15:00,14902.042,15868.726,15392.539
forecast_3760,2025-06-06 16:00,15080.087,15826.775,15274.991
forecast_3761,2025-06-06 17:00,14700.604,15513.781,15095.912
forecast_3762,2025-06-06 18:00,14408.262,15525.394,14492.824
forecast_3763,2025-06-06 19:00,16158.914,17447.092,16044.876
forecast_3764,2025-06-06 20:00,17030.064,17749.34,16317.769
forecast_3765,2025-06-06 21:00,17423.355,18220.705,16405.812
forecast_3766,2025-06-06 22:00,18051.795,18608.135,16312.217
forecast_3767,2025-06-06 23:00,17821.787,18480.73,16030.371
forecast_3768,2025-06-07 0:00,17977.326,18646.75,16283.189
forecast_3769,2025-06-07 1:00,18108.217,18479.27,15897.256
forecast_3770,2025-06-07 2:00,18087.975,18358.824,15971.003
forecast_3771,2025-06-07 3:00,17827.928,18193.934,15914.926
forecast_3772,2025-06-07 4:00,18076.469,18372.588,15582.205
forecast_3773,2025-06-07 5:00,18550.59,18717.879,15411.951
forecast_3774,2025-06-07 6:00,18485.41,18845.256,16072.026
forecast_3775,2025-06-07 7:00,17464.76,18547.59,16028.079
forecast_3776,2025-06-07 8:00,15134.651,16661.332,14223.129
forecast_3777,2025-06-07 9:00,12121.14,14001.753,10598.538
forecast_3778,2025-06-07 10:00,10667.486,11048.44,9635.209
forecast_3779,2025-06-07 11:00,8898.061,9595.741,8236.536
forecast_3780,2025-06-07 12:00,7369.025,8245.876,6473.9297
forecast_3781,2025-06-07 13:00,6832.9,6681.346,5666.9917
forecast_3782,2025-06-07 14:00,6491.5547,6767.6636,5704.0327
forecast_3783,2025-06-07 15:00,6417.4897,6423.5054,5205.7646
forecast_3784,2025-06-07 16:00,6482.2417,6586.515,5578.282
forecast_3785,2025-06-07 17:00,5881.488,6530.0854,5245.733
forecast_3786,2025-06-07 18:00,6364.164,7377.702,5773.578
forecast_3787,2025-06-07 19:00,8023.9277,8981.236,7068.135
forecast_3788,2025-06-07 20:00,10995.13,12398.128,10135.064
forecast_3789,2025-06-07 21:00,13198.988,14282.115,11753.401
forecast_3790,2025-06-07 22:00,13476.415,14276.259,11191.4375
forecast_3791,2025-06-07 23:00,13935.437,14508.657,12022.514
forecast_3792,2025-06-08 0:00,14193.039,14785.053,12391.597
forecast_3793,2025-06-08 1:00,11935.913,13403.584,10544.428
forecast_3794,2025-06-08 2:00,12000.46,13416.673,10499.372
forecast_3795,2025-06-08 3:00,11165.075,13054.384,9908.398
forecast_3796,2025-06-08 4:00,11288.351,12943.652,9367.983
forecast_3797,2025-06-08 5:00,9742.213,10567.939,6889.061
forecast_3798,2025-06-08 6:00,7080.6655,6507.4087,3735.848
forecast_3799,2025-06-08 7:00,4496.6514,3856.507,1994.8839
forecast_3800,2025-06-08 8:00,2684.1877,2442.7017,1269.1881
forecast_3801,2025-06-08 9:00,2087.6355,1953.9572,953.63055
forecast_3802,2025-06-08 10:00,1212.7849,1229.9841,759.7707
forecast_3803,2025-06-08 11:00,1121.6417,1128.247,738.74286
forecast_3804,2025-06-08 12:00,1061.6824,1170.6981,727.75085
forecast_3805,2025-06-08 13:00,1030.9075,1092.7249,727.75085
forecast_3806,2025-06-08 14:00,1152.4142,1185.0002,726.47327
forecast_3807,2025-06-08 15:00,1186.9067,1194.0049,761.54144
forecast_3808,2025-06-08 16:00,1108.0066,1078.4196,713.67346
forecast_3809,2025-06-08 17:00,1239.1024,1138.5465,727.75085
forecast_3810,2025-06-08 18:00,1566.0333,1486.161,824.73895
forecast_3811,2025-06-08 19:00,1966.1515,1967.5668,1006.0496
forecast_3812,2025-06-08 20:00,2359.1277,2288.989,1243.6022
forecast_3813,2025-06-08 21:00,2629.9556,2668.427,1410.1135
forecast_3814,2025-06-08 22:00,5093.5347,5032.3325,2638.653
forecast_3815,2025-06-08 23:00,7884.5825,7780.9546,5553.0146
forecast_3816,2025-06-09 0:00,9707.8955,9425.796,8335.909
forecast_3817,2025-06-09 1:00,9459.914,10335.897,7955.1255
forecast_3818,2025-06-09 2:00,10058.225,11108.458,8092.832
forecast_3819,2025-06-09 3:00,9545.776,10931.625,7253.4565
forecast_3820,2025-06-09 4:00,8568.944,9675.867,6277.8687
forecast_3821,2025-06-09 5:00,7702.3237,7952.329,5359.791
forecast_3822,2025-06-09 6:00,5588.4404,5882.1714,3628.4077
forecast_3823,2025-06-09 7:00,4096.3164,3946.6477,2132.0789
forecast_3824,2025-06-09 8:00,2454.2493,2484.9988,1267.5503
forecast_3825,2025-06-09 9:00,1560.3353,1574.7139,1014.7961
forecast_3826,2025-06-09 10:00,1333.8485,1501.4569,997.82404
forecast_3827,2025-06-09 11:00,1552.6288,1825.3276,1102.135
forecast_3828,2025-06-09 12:00,1568.082,1802.6986,1096.9235
forecast_3829,2025-06-09 13:00,1734.451,1967.3633,1126.2777
forecast_3830,2025-06-09 14:00,1994.4242,2469.3347,1552.2002
forecast_3831,2025-06-09 15:00,2101.8047,2586.8247,1631.7957
forecast_3832,2025-06-09 16:00,2003.5872,2326.6143,1598.1387
forecast_3833,2025-06-09 17:00,2239.5168,2736.2952,1950.0653
forecast_3834,2025-06-09 18:00,2722.7585,3284.4043,2089.7197
forecast_3835,2025-06-09 19:00,2762.2097,3232.6677,1717.6594
forecast_3836,2025-06-09 20:00,3779.4348,4365.014,2147.8113
forecast_3837,2025-06-09 21:00,6229.2285,7112.0947,3869.905
forecast_3838,2025-06-09 22:00,9394.761,10702.997,7569.982
forecast_3839,2025-06-09 23:00,9602.437,10740.488,7674.969
forecast_3840,2025-06-10 0:00,9644.505,11054.682,7224.1743
forecast_3841,2025-06-10 1:00,14338.283,15187.747,12765.374
forecast_3842,2025-06-10 2:00,15513.735,16209.463,14117.472
forecast_3843,2025-06-10 3:00,16340.266,17205.277,15867.538
forecast_3844,2025-06-10 4:00,16071.9,16903.615,14479.102
forecast_3845,2025-06-10 5:00,17295.682,17700.764,15614.974
forecast_3846,2025-06-10 6:00,17071.209,16811.648,14070.565
forecast_3847,2025-06-10 7:00,15600.721,15887.491,13478.095
forecast_3848,2025-06-10 8:00,12482.03,13852.765,10441.775
forecast_3849,2025-06-10 9:00,8785.11,9974.838,6722.4707
forecast_3850,2025-06-10 10:00,6533.615,7063.611,4238.4453
forecast_3851,2025-06-10 11:00,5417.0044,5754.0293,3823.6406
forecast_3852,2025-06-10 12:00,6954.006,6655.633,4951.8477
forecast_3853,2025-06-10 13:00,7346.791,8239.025,6071.0684
forecast_3854,2025-06-10 14:00,7783.6797,8812.128,6935.158
forecast_3855,2025-06-10 15:00,8461.917,9183.333,7431.2754
forecast_3856,2025-06-10 16:00,8958.039,9690.702,8107.8394
forecast_3857,2025-06-10 17:00,9761.15,10121.177,8118.552
forecast_3858,2025-06-10 18:00,11354.416,11544.861,9497.761
forecast_3859,2025-06-10 19:00,11502.86,12046.662,10165.199
forecast_3860,2025-06-10 20:00,12661.131,12838.9375,11219.012
forecast_3861,2025-06-10 21:00,13326.631,14083.31,12350.795
forecast_3862,2025-06-10 22:00,14646.847,15130.125,13347.2295
forecast_3863,2025-06-10 23:00,15479.712,15610.963,13579.981
forecast_3864,2025-06-11 0:00,14946.6455,15446.47,13126.864
forecast_3865,2025-06-11 1:00,14232.649,15145.342,12372.157
forecast_3866,2025-06-11 2:00,14536.072,14996.318,12522.679
forecast_3867,2025-06-11 3:00,12968.322,13978.636,10379.613
forecast_3868,2025-06-11 4:00,13119.266,13845.055,10002.19
forecast_3869,2025-06-11 5:00,13621.823,13974.089,9757.804
forecast_3870,2025-06-11 6:00,13506.511,14177.203,9415.586
forecast_3871,2025-06-11 7:00,12962.544,13607.299,9379.539
forecast_3872,2025-06-11 8:00,10854.865,11647.007,7872.317
forecast_3873,2025-06-11 9:00,9207.375,9706.459,6980.6597
forecast_3874,2025-06-11 10:00,9397.232,9052.372,6735.75
forecast_3875,2025-06-11 11:00,8269.6455,7466.0166,5371.9336
forecast_3876,2025-06-11 12:00,8095.6274,7088.926,4863.198
forecast_3877,2025-06-11 13:00,7964.6245,7304.127,4824.5024
forecast_3878,2025-06-11 14:00,7746.6475,7019.298,4728.4775
forecast_3879,2025-06-11 15:00,6870.4067,5538.3857,3775.4111
forecast_3880,2025-06-11 16:00,5871.938,5124.6904,3513.6016
forecast_3881,2025-06-11 17:00,6855.1436,6581.41,3867.0022
forecast_3882,2025-06-11 18:00,5277.17,4720.4604,2742.4165
forecast_3883,2025-06-11 19:00,5256.437,4879.803,2671.612
forecast_3884,2025-06-11 20:00,6339.0693,6271.8374,3530.2878
forecast_3885,2025-06-11 21:00,6402.6157,6141.9004,3580.6812
forecast_3886,2025-06-11 22:00,7183.2295,7893.611,4891.2603
forecast_3887,2025-06-11 23:00,7863.2344,8015.4077,5568.0376
forecast_3888,2025-06-12 0:00,7579.583,7459.1636,4369.3027
forecast_3889,2025-06-12 1:00,5055.1694,4425.0015,2696.867
forecast_3890,2025-06-12 2:00,5232.931,4727.9595,3102.2827
forecast_3891,2025-06-12 3:00,3952.7266,3664.5166,2083.9045
forecast_3892,2025-06-12 4:00,3281.1885,3002.5557,1633.5214
forecast_3893,2025-06-12 5:00,2588.6572,2500.6267,1365.2058
forecast_3894,2025-06-12 6:00,1799.8585,1969.8961,979.75397
forecast_3895,2025-06-12 7:00,1600.5012,1812.444,909.869
forecast_3896,2025-06-12 8:00,1448.7999,1626.3923,889.3948
forecast_3897,2025-06-12 9:00,1370.155,1549.5813,912.5848
forecast_3898,2025-06-12 10:00,1124.7725,1268.7264,823.2414
forecast_3899,2025-06-12 11:00,1101.3987,1266.4008,849.2947
forecast_3900,2025-06-12 12:00,1110.8606,1239.6282,860.2649
forecast_3901,2025-06-12 13:00,1101.4233,1236.2502,872.2037
forecast_3902,2025-06-12 14:00,1057.2322,1246.3141,859.12085
forecast_3903,2025-06-12 15:00,1069.345,1190.7317,835.203
forecast_3904,2025-06-12 16:00,1031.4587,1096.403,859.8331
forecast_3905,2025-06-12 17:00,1100.5973,1196.2875,876.0793
forecast_3906,2025-06-12 18:00,1396.7303,1539.4081,983.6936
forecast_3907,2025-06-12 19:00,1592.6418,1885.867,1088.4841
forecast_3908,2025-06-12 20:00,2042.001,2505.5186,1536.8121
forecast_3909,2025-06-12 21:00,2189.78,2292.5771,1492.7502
forecast_3910,2025-06-12 22:00,2792.713,3043.466,1890.4316
forecast_3911,2025-06-12 23:00,3259.0352,3293.16,2193.9343
forecast_3912,2025-06-13 0:00,3818.735,4027.1882,2492.3037
forecast_3913,2025-06-13 1:00,5172.836,6020.9307,3434.1357
forecast_3914,2025-06-13 2:00,6627.7534,6954.944,4561.0996
forecast_3915,2025-06-13 3:00,7580.7427,8141.061,4590.911
forecast_3916,2025-06-13 4:00,5884.932,5698.1094,3242.075
forecast_3917,2025-06-13 5:00,5327.8438,4989.4355,2943.9888
forecast_3918,2025-06-13 6:00,3947.2246,3537.0264,2133.817
forecast_3919,2025-06-13 7:00,2137.371,2144.2734,1380.6268
forecast_3920,2025-06-13 8:00,1446.5387,1601.7959,1029.594
forecast_3921,2025-06-13 9:00,1426.1233,1525.1049,975.689
forecast_3922,2025-06-13 10:00,1343.1425,1501.7141,930.79395
forecast_3923,2025-06-13 11:00,1145.0671,1355.5952,958.547
forecast_3924,2025-06-13 12:00,1266.5593,1491.2283,1103.853
forecast_3925,2025-06-13 13:00,1301.9574,1738.6517,1224.4297
forecast_3926,2025-06-13 14:00,1603.5039,2018.7935,1334.9554
forecast_3927,2025-06-13 15:00,1828.3375,2194.4194,1590.1664
forecast_3928,2025-06-13 16:00,1669.0105,1885.4296,1314.69
forecast_3929,2025-06-13 17:00,2160.5488,2462.7974,1767.0845
forecast_3930,2025-06-13 18:00,2755.1326,2912.8684,2069.0354
forecast_3931,2025-06-13 19:00,2801.4407,3010.7104,1874.3102
forecast_3932,2025-06-13 20:00,2839.0505,2941.6824,1979.7928
forecast_3933,2025-06-13 21:00,4040.616,4281.0703,2873.758
forecast_3934,2025-06-13 22:00,4535.676,4493.949,2888.1514
forecast_3935,2025-06-13 23:00,5294.8804,6152.3975,4300.155
forecast_3936,2025-06-14 0:00,4242.163,4599.3687,2892.2266
forecast_3937,2025-06-14 1:00,9546.092,12155.079,9374.607
forecast_3938,2025-06-14 2:00,9634.894,11471.519,8730.572
forecast_3939,2025-06-14 3:00,9297.722,11455.773,8568.408
forecast_3940,2025-06-14 4:00,6920.71,7930.839,4378.9204
forecast_3941,2025-06-14 5:00,5128.77,6038.6626,3222.7007
forecast_3942,2025-06-14 6:00,4208.1533,3954.983,2304.072
forecast_3943,2025-06-14 7:00,2339.2615,2062.818,1004.8064
forecast_3944,2025-06-14 8:00,1599.538,1488.4037,827.9267
forecast_3945,2025-06-14 9:00,2270.8972,2070.3132,1040.8356
forecast_3946,2025-06-14 10:00,1891.1357,1722.1521,1054.9895
forecast_3947,2025-06-14 11:00,1744.8391,1795.1465,1083.3132
forecast_3948,2025-06-14 12:00,1791.4679,1827.6721,1053.1642
forecast_3949,2025-06-14 13:00,1545.2372,1561.0353,1019.8464
forecast_3950,2025-06-14 14:00,1656.6624,1883.6294,1115.5397
forecast_3951,2025-06-14 15:00,1524.6191,1623.4303,1084.9241
forecast_3952,2025-06-14 16:00,1525.0743,1532.1636,1028.3987
forecast_3953,2025-06-14 17:00,1557.5293,1624.9202,940.3093
forecast_3954,2025-06-14 18:00,1684.5006,1703.8055,904.1333
forecast_3955,2025-06-14 19:00,1998.9452,2119.3855,904.1333
forecast_3956,2025-06-14 20:00,1886.9703,1908.8406,940.0386
forecast_3957,2025-06-14 21:00,1835.9579,1767.8545,969.7806
forecast_3958,2025-06-14 22:00,1974.634,1694.2145,1122.7645
forecast_3959,2025-06-14 23:00,2121.247,1970.142,1259.2711
forecast_3960,2025-06-15 0:00,2074.2078,1976.7975,1347.0996
forecast_3961,2025-06-15 1:00,5676.043,5348.9326,4063.1716
forecast_3962,2025-06-15 2:00,5767.844,5537.4155,4019.842
forecast_3963,2025-06-15 3:00,4757.0474,4894.1816,3116.2634
forecast_3964,2025-06-15 4:00,4806.9346,4612.922,3352.1726
forecast_3965,2025-06-15 5:00,6563.2856,6169.053,4877.104
forecast_3966,2025-06-15 6:00,6975.329,6804.248,4981.3716
forecast_3967,2025-06-15 7:00,4555.7803,4231.553,2345.1704
forecast_3968,2025-06-15 8:00,2484.7246,2490.9675,1360.9714
forecast_3969,2025-06-15 9:00,1756.326,1789.7334,1006.8078
forecast_3970,2025-06-15 10:00,1681.7097,1625.5986,981.34985
forecast_3971,2025-06-15 11:00,1775.5616,1815.6273,1000.5837
forecast_3972,2025-06-15 12:00,2459.9963,3176.1423,1491.785
forecast_3973,2025-06-15 13:00,2354.699,3000.9119,1524.3992
forecast_3974,2025-06-15 14:00,2672.9849,3531.1433,1786.6185
forecast_3975,2025-06-15 15:00,3074.437,3970.7297,2241.588
forecast_3976,2025-06-15 16:00,4302.656,5122.4453,3295.255
forecast_3977,2025-06-15 17:00,3996.2634,4914.731,3001.1558
forecast_3978,2025-06-15 18:00,4612.4326,5856.385,3832.0522
forecast_3979,2025-06-15 19:00,6190.984,7796.6553,6226.9556
forecast_3980,2025-06-15 20:00,7723.632,9084.373,7133.8145
forecast_3981,2025-06-15 21:00,8748.242,11494.667,9132.422
forecast_3982,2025-06-15 22:00,10346.832,13312.513,10438.466
forecast_3983,2025-06-15 23:00,10871.675,13273.315,10186.714
forecast_3984,2025-06-16 0:00,10953.117,13698.674,10815.892
forecast_3985,2025-06-16 1:00,9828.609,11520.507,9220.801
forecast_3986,2025-06-16 2:00,10986.376,13173.329,10211.104
forecast_3987,2025-06-16 3:00,10446.001,13437.081,10486.0205
forecast_3988,2025-06-16 4:00,9797.126,12415.553,9828.092
forecast_3989,2025-06-16 5:00,8305.568,11333.685,8732.799
forecast_3990,2025-06-16 6:00,8798.898,11024.181,8699.651
forecast_3991,2025-06-16 7:00,8415.269,10717.431,7989.4077
forecast_3992,2025-06-16 8:00,9714.686,11501.042,8164.2104
forecast_3993,2025-06-16 9:00,9853.679,12083.478,9190.679
forecast_3994,2025-06-16 10:00,10096.842,12021.445,8979.343
forecast_3995,2025-06-16 11:00,9201.738,11004.4795,8690.123
forecast_3996,2025-06-16 12:00,8171.7324,10512.531,7897.9585
forecast_3997,2025-06-16 13:00,9103.589,10789.637,9482.324
forecast_3998,2025-06-16 14:00,9412.742,11631.144,9945.852
forecast_3999,2025-06-16 15:00,12213.302,13502.253,11650.876
forecast_4000,2025-06-16 16:00,12429.466,13960.241,11689.115
forecast_4001,2025-06-16 17:00,15033.014,16219.167,14440.092
forecast_4002,2025-06-16 18:00,14971.048,16080.057,13719.949
forecast_4003,2025-06-16 19:00,13352.058,14250.786,11616.822
forecast_4004,2025-06-16 20:00,13029.731,14297.472,11676.205
forecast_4005,2025-06-16 21:00,13439.376,14845.027,12752.878
forecast_4006,2025-06-16 22:00,15307.692,16657.158,14203.179
forecast_4007,2025-06-16 23:00,15577.357,16951.53,14870.869
forecast_4008,2025-06-17 0:00,16660.998,18114.156,16012.421
forecast_4009,2025-06-17 1:00,15975.326,17843.826,15841.712
forecast_4010,2025-06-17 2:00,16658.842,18492.393,16035.965
forecast_4011,2025-06-17 3:00,16659.887,18408.729,16127.585
forecast_4012,2025-06-17 4:00,15953.372,18264.879,15888.263
forecast_4013,2025-06-17 5:00,15649.194,17588.043,15432.972
forecast_4014,2025-06-17 6:00,15502.572,17242.275,15252.558
forecast_4015,2025-06-17 7:00,15023.912,17160.338,14781.422
forecast_4016,2025-06-17 8:00,13514.722,15192.641,12867.243
forecast_4017,2025-06-17 9:00,12227.546,14552.825,11775.731
forecast_4018,2025-06-17 10:00,10884.375,13247.253,11172.093
forecast_4019,2025-06-17 11:00,10314.936,12304.843,10937.688
forecast_4020,2025-06-17 12:00,10772.449,12528.468,11101.502
forecast_4021,2025-06-17 13:00,9755.233,11617.593,9550.583
forecast_4022,2025-06-17 14:00,9422.233,11577.021,9842.878
forecast_4023,2025-06-17 15:00,9207.403,10513.328,8935.116
forecast_4024,2025-06-17 16:00,9487.714,10561.247,9406.157
forecast_4025,2025-06-17 17:00,8172.446,9571.748,7778.0967
forecast_4026,2025-06-17 18:00,7278.469,9127.714,7393.4004
forecast_4027,2025-06-17 19:00,6319.9595,8027.9634,5507.2134
forecast_4028,2025-06-17 20:00,5976.193,7975.974,5128.084
forecast_4029,2025-06-17 21:00,6619.4336,9085.583,5949.7734
forecast_4030,2025-06-17 22:00,7586.4116,9575.583,5887.4775
forecast_4031,2025-06-17 23:00,8513.658,10950.941,7592.3706
forecast_4032,2025-06-18 0:00,9366.085,11426.813,8425.848
forecast_4033,2025-06-18 1:00,8467.078,10267.256,7087.002
forecast_4034,2025-06-18 2:00,9569.989,11128.809,7620.924
forecast_4035,2025-06-18 3:00,10654.039,12556.642,8817.795
forecast_4036,2025-06-18 4:00,10924.492,12266.735,9088.926
forecast_4037,2025-06-18 5:00,11849.861,13380.974,9830.246
forecast_4038,2025-06-18 6:00,11516.562,12536.289,9860.03
forecast_4039,2025-06-18 7:00,10363.143,11140.99,9208.2295
forecast_4040,2025-06-18 8:00,8776.216,9609.456,7871.81
forecast_4041,2025-06-18 9:00,6503.3154,7168.343,4459.8306
forecast_4042,2025-06-18 10:00,5594.5674,5619.102,3273.6326
forecast_4043,2025-06-18 11:00,4869.737,4791.62,2641.098
forecast_4044,2025-06-18 12:00,4642.318,4415.623,2670.028
forecast_4045,2025-06-18 13:00,4308.904,4013.1997,2262.634
forecast_4046,2025-06-18 14:00,3892.9893,3536.205,2114.2136
forecast_4047,2025-06-18 15:00,4500.622,4288.563,2571.4912
forecast_4048,2025-06-18 16:00,4757.4185,4538.653,2916.8801
forecast_4049,2025-06-18 17:00,5115.3086,4790.3335,3188.1292
forecast_4050,2025-06-18 18:00,6471.5527,5765.6855,3625.3228
forecast_4051,2025-06-18 19:00,5168.8496,5145.662,3301.51
forecast_4052,2025-06-18 20:00,7285.801,7358.9927,5337.883
forecast_4053,2025-06-18 21:00,9622.519,10565.011,8175.456
forecast_4054,2025-06-18 22:00,10971.279,11830.588,8581.15
forecast_4055,2025-06-18 23:00,12579.051,13794.433,10550.43
forecast_4056,2025-06-19 0:00,13259.328,14326.19,11322.382
forecast_4057,2025-06-19 1:00,13995.277,14625.669,11827.94
forecast_4058,2025-06-19 2:00,13888.793,14241.694,11003.5625
forecast_4059,2025-06-19 3:00,14132.684,15133.445,12142.1455
forecast_4060,2025-06-19 4:00,13539.978,14633.899,11896.511
forecast_4061,2025-06-19 5:00,13274.77,14288.984,11348.786
forecast_4062,2025-06-19 6:00,11461.032,12559.19,9049.648
forecast_4063,2025-06-19 7:00,8594.273,8827.857,4414.659
forecast_4064,2025-06-19 8:00,6072.2095,5132.847,2440.4639
forecast_4065,2025-06-19 9:00,2723.563,2324.448,1306.6619
forecast_4066,2025-06-19 10:00,1714.0515,1452.8015,966.6984
forecast_4067,2025-06-19 11:00,1314.2732,1198.5256,798.2026
forecast_4068,2025-06-19 12:00,1161.9418,1178.8652,786.1315
forecast_4069,2025-06-19 13:00,1139.9786,1096.828,740.5508
forecast_4070,2025-06-19 14:00,1111.9377,1179.6073,809.1945
forecast_4071,2025-06-19 15:00,1351.6368,1434.059,894.80255
forecast_4072,2025-06-19 16:00,1427.2552,1729.7638,904.1333
forecast_4073,2025-06-19 17:00,2325.9065,2515.6736,1512.4901
forecast_4074,2025-06-19 18:00,2834.331,3163.0159,1975.2903
forecast_4075,2025-06-19 19:00,3223.2114,3600.74,2500.5671
forecast_4076,2025-06-19 20:00,4017.874,5009.147,2964.573
forecast_4077,2025-06-19 21:00,4933.9233,6329.163,4056.749
forecast_4078,2025-06-19 22:00,6755.117,9039.668,5640.232
forecast_4079,2025-06-19 23:00,7675.0376,10094.345,6927.6025
forecast_4080,2025-06-20 0:00,8010.0635,10261.338,6975.5493
forecast_4081,2025-06-20 1:00,9631.807,12633.661,8780.228
forecast_4082,2025-06-20 2:00,10768.665,13379.549,9926.384
forecast_4083,2025-06-20 3:00,11640.468,14376.298,10614.841
forecast_4084,2025-06-20 4:00,12372.518,15091.396,11745.285
forecast_4085,2025-06-20 5:00,12413.123,15093.025,11681.154
forecast_4086,2025-06-20 6:00,11764.962,14534.791,10793.272
forecast_4087,2025-06-20 7:00,9841.359,13326.447,9669.742
forecast_4088,2025-06-20 8:00,8026.7905,10983.409,7625.591
forecast_4089,2025-06-20 9:00,8321.831,11358.187,8206.685
forecast_4090,2025-06-20 10:00,8417.624,11585.526,9505.02
forecast_4091,2025-06-20 11:00,11173.196,14008.664,11565.794
forecast_4092,2025-06-20 12:00,12800.191,15680.65,13660.944
forecast_4093,2025-06-20 13:00,14120.832,16506.428,15358.405
forecast_4094,2025-06-20 14:00,14532.834,16935.242,15694.501
forecast_4095,2025-06-20 15:00,14790.292,17016.094,15703.87
forecast_4096,2025-06-20 16:00,17077.113,18217.887,16602.816
forecast_4097,2025-06-20 17:00,17207.363,18432.258,16638.385
forecast_4098,2025-06-20 18:00,17877.188,18547.613,16556.135
forecast_4099,2025-06-20 19:00,18196.326,18813.969,16839.53
forecast_4100,2025-06-20 20:00,17926.9,18483.84,16936.781
forecast_4101,2025-06-20 21:00,17852.758,18310.338,17023.645
forecast_4102,2025-06-20 22:00,17571.592,18196.654,16726.262
forecast_4103,2025-06-20 23:00,17873.6,18649.162,16818.059
forecast_4104,2025-06-21 0:00,17402.3,18441.158,16524.057
forecast_4105,2025-06-21 1:00,17555.865,18531.523,16486.807
forecast_4106,2025-06-21 2:00,17675.695,18612.535,16661.812
forecast_4107,2025-06-21 3:00,17663.525,18380.303,16801.693
forecast_4108,2025-06-21 4:00,15737.074,17154.973,16216.865
forecast_4109,2025-06-21 5:00,14547.719,16027.561,15103.036
forecast_4110,2025-06-21 6:00,14873.41,16380.93,14911.744
forecast_4111,2025-06-21 7:00,14147.959,15485.361,13448.966
forecast_4112,2025-06-21 8:00,14113.785,15696.708,14134.545
forecast_4113,2025-06-21 9:00,12974.001,14623.491,12280.236
forecast_4114,2025-06-21 10:00,11364.661,13519.817,11584.848
forecast_4115,2025-06-21 11:00,9464.09,11285.056,9578.1
forecast_4116,2025-06-21 12:00,8457.877,10178.131,7896.6753
forecast_4117,2025-06-21 13:00,8730.9375,10005.268,8166.747
forecast_4118,2025-06-21 14:00,8726.066,9592.295,8384.602
forecast_4119,2025-06-21 15:00,11268.525,12418.25,10485.532
forecast_4120,2025-06-21 16:00,11586.71,12784.915,10227.802
forecast_4121,2025-06-21 17:00,10903.1875,11928.872,10283.791
forecast_4122,2025-06-21 18:00,10241.466,10674.666,9838.721
forecast_4123,2025-06-21 19:00,12275.392,13090.473,10912.248
forecast_4124,2025-06-21 20:00,11808.857,12968.666,10332.594
forecast_4125,2025-06-21 21:00,11885.055,13556.943,10692.337
forecast_4126,2025-06-21 22:00,12184.455,13954.695,11501.208
forecast_4127,2025-06-21 23:00,13378.633,14581.934,11916.049
forecast_4128,2025-06-22 0:00,15217.919,15562.743,12602.0205
forecast_4129,2025-06-22 1:00,14308.06,14304.034,11419.238
forecast_4130,2025-06-22 2:00,14707.17,15298.842,12168.385
forecast_4131,2025-06-22 3:00,14161.695,14304.011,10797.778
forecast_4132,2025-06-22 4:00,13221.248,13646.391,10232.469
forecast_4133,2025-06-22 5:00,11903.164,12352.91,9301.7705
forecast_4134,2025-06-22 6:00,11140.7,12033.658,8415.848
forecast_4135,2025-06-22 7:00,10403.521,11144.943,8460.595
forecast_4136,2025-06-22 8:00,8741.901,9171.528,5771.446
forecast_4137,2025-06-22 9:00,7243.953,8313.536,4627.5894
forecast_4138,2025-06-22 10:00,5844.4844,6794.162,3832.4358
forecast_4139,2025-06-22 11:00,6547.1104,6593.723,3841.42
forecast_4140,2025-06-22 12:00,6346.7705,6741.779,4062.128
forecast_4141,2025-06-22 13:00,5651.932,5962.5405,3741.853
forecast_4142,2025-06-22 14:00,4167.7085,3713.9504,2278.1665
forecast_4143,2025-06-22 15:00,3916.4072,3337.8757,1930.7147
forecast_4144,2025-06-22 16:00,4373.2646,4117.5425,2602.5264
forecast_4145,2025-06-22 17:00,4652.721,4219.227,2604.768
forecast_4146,2025-06-22 18:00,5436.5195,5541.5615,3451.6206
forecast_4147,2025-06-22 19:00,5874.365,5812.606,3523.1008
forecast_4148,2025-06-22 20:00,6211.4995,6158.3164,3938.3823
forecast_4149,2025-06-22 21:00,6454.314,6668.203,4173.651
forecast_4150,2025-06-22 22:00,8061.922,8371.289,5458.8994
forecast_4151,2025-06-22 23:00,8334.219,8310.429,5698.3086
forecast_4152,2025-06-23 0:00,6227.1123,5666.778,3812.8613
forecast_4153,2025-06-23 1:00,4978.672,4258.3657,2707.9136
forecast_4154,2025-06-23 2:00,4525.412,3874.5374,2669.7659
forecast_4155,2025-06-23 3:00,4259.398,3634.0334,2560.96
forecast_4156,2025-06-23 4:00,4400.7183,3635.79,2646.0315
forecast_4157,2025-06-23 5:00,4087.4802,3442.9333,2282.583
forecast_4158,2025-06-23 6:00,2935.3394,2695.3276,1624.3667
forecast_4159,2025-06-23 7:00,2102.946,2071.0134,1133.2405
forecast_4160,2025-06-23 8:00,1562.2717,1797.3469,1009.666
forecast_4161,2025-06-23 9:00,1434.9531,1514.5942,839.6259
forecast_4162,2025-06-23 10:00,1384.5529,1538.786,871.4907
forecast_4163,2025-06-23 11:00,1407.4224,1526.4548,910.7979
forecast_4164,2025-06-23 12:00,1402.8828,1463.0297,904.1333
forecast_4165,2025-06-23 13:00,1383.5499,1443.2614,918.12946
forecast_4166,2025-06-23 14:00,1381.2449,1414.4801,906.97845
forecast_4167,2025-06-23 15:00,1419.4,1458.5851,906.97845
forecast_4168,2025-06-23 16:00,1430.4407,1472.3105,846.84406
forecast_4169,2025-06-23 17:00,1220.1917,1282.116,744.55005
forecast_4170,2025-06-23 18:00,1119.7283,1160.9275,729.6901
forecast_4171,2025-06-23 19:00,1183.0103,1182.3497,713.67346
forecast_4172,2025-06-23 20:00,1429.4863,1396.0887,727.75085
forecast_4173,2025-06-23 21:00,1403.0825,1299.9426,732.8196
forecast_4174,2025-06-23 22:00,1496.5792,1449.4535,809.73395
forecast_4175,2025-06-23 23:00,1403.8795,1509.3608,843.8692
forecast_4176,2025-06-24 0:00,1461.9204,1572.4816,928.2097
forecast_4177,2025-06-24 1:00,1648.9928,1431.3883,917.93164
forecast_4178,2025-06-24 2:00,1923.6343,1734.0546,1023.1107
forecast_4179,2025-06-24 3:00,1790.1512,1668.7087,1041.4299
forecast_4180,2025-06-24 4:00,2169.077,2112.5376,1124.1868
forecast_4181,2025-06-24 5:00,2329.4258,2426.8467,1235.8441
forecast_4182,2025-06-24 6:00,2195.6377,2229.5845,1136.1527
forecast_4183,2025-06-24 7:00,2750.4426,2734.6462,1265.4678
forecast_4184,2025-06-24 8:00,3009.4377,3255.2844,1476.6501
forecast_4185,2025-06-24 9:00,3132.1282,3249.8726,1546.7305
forecast_4186,2025-06-24 10:00,3069.7205,3207.5603,1592.8855
forecast_4187,2025-06-24 11:00,2859.7815,2909.3813,1530.9917
forecast_4188,2025-06-24 12:00,2868.6199,3027.243,1582.8174
forecast_4189,2025-06-24 13:00,2816.6643,2665.202,1541.7573
forecast_4190,2025-06-24 14:00,2759.788,2731.9321,1506.3707
forecast_4191,2025-06-24 15:00,2689.597,2896.5242,1636.3932
forecast_4192,2025-06-24 16:00,3054.0007,3070.3105,1542.0907
forecast_4193,2025-06-24 17:00,3255.663,3300.6868,1670.9651
forecast_4194,2025-06-24 18:00,3414.337,3237.0676,1614.3829
forecast_4195,2025-06-24 19:00,4003.06,4439.5894,2017.1829
forecast_4196,2025-06-24 20:00,4971.7783,5692.576,2430.0164
forecast_4197,2025-06-24 21:00,6609.443,7694.8096,3475.7595
forecast_4198,2025-06-24 22:00,6964.095,8001.5903,3425.33
forecast_4199,2025-06-24 23:00,7508.055,8821.376,3488.9045
forecast_4200,2025-06-25 0:00,7492.495,8991.866,3738.6616
forecast_4201,2025-06-25 1:00,5855.025,6332.213,2540.2258
forecast_4202,2025-06-25 2:00,5421.013,6150.2437,2454.6567
forecast_4203,2025-06-25 3:00,4539.5376,4716.7896,1879.1517
forecast_4204,2025-06-25 4:00,4635.1025,4768.1357,2145.2393
forecast_4205,2025-06-25 5:00,4310.75,4038.9006,1635.2545
forecast_4206,2025-06-25 6:00,4290.4487,4004.9355,1509.2113
forecast_4207,2025-06-25 7:00,3961.518,3579.9265,1499.5824
forecast_4208,2025-06-25 8:00,3706.6692,3557.3972,1573.1803
forecast_4209,2025-06-25 9:00,3665.5693,3617.4229,1687.3224
forecast_4210,2025-06-25 10:00,3590.564,3378.124,1463.2737
forecast_4211,2025-06-25 11:00,3149.3875,3032.961,1339.334
forecast_4212,2025-06-25 12:00,2612.3638,2764.2524,1414.0361
forecast_4213,2025-06-25 13:00,2248.0388,2327.5933,1067.274
forecast_4214,2025-06-25 14:00,2241.993,2385.9766,1179.1768
forecast_4215,2025-06-25 15:00,1842.8673,1915.541,1006.2984
forecast_4216,2025-06-25 16:00,1782.716,1879.1614,964.5853
forecast_4217,2025-06-25 17:00,2022.9742,2081.0063,986.67
forecast_4218,2025-06-25 18:00,2127.6438,2364.9934,994.2381
forecast_4219,2025-06-25 19:00,2642.117,3011.8337,1351.7498
forecast_4220,2025-06-25 20:00,3474.6917,3843.4004,1734.0675
forecast_4221,2025-06-25 21:00,3731.5981,4429.3726,2058.2793
forecast_4222,2025-06-25 22:00,4799.1597,5765.917,3109.505
forecast_4223,2025-06-25 23:00,5649.648,7189.6006,4086.3735
forecast_4224,2025-06-26 0:00,6760.7437,7550.573,5207.701
forecast_4225,2025-06-26 1:00,9527.045,11152.239,7922.4746
forecast_4226,2025-06-26 2:00,11108.742,12243.515,9260.239
forecast_4227,2025-06-26 3:00,11855.039,13294.531,9734.765
forecast_4228,2025-06-26 4:00,12456.541,13336.916,9729.13
forecast_4229,2025-06-26 5:00,12602.862,13511.158,10215.762
forecast_4230,2025-06-26 6:00,12348.916,12498.834,10473.922
forecast_4231,2025-06-26 7:00,11651.348,12107.835,9626.744
forecast_4232,2025-06-26 8:00,11539.242,12134.39,9913.797
forecast_4233,2025-06-26 9:00,10623.822,11270.017,9445.202
forecast_4234,2025-06-26 10:00,8415.747,9223.211,7079.449
forecast_4235,2025-06-26 11:00,7456.666,8087.2744,5644.949
forecast_4236,2025-06-26 12:00,7433.5225,8024.4927,5675.421
forecast_4237,2025-06-26 13:00,6985.9043,7360.281,5102.1816
forecast_4238,2025-06-26 14:00,6299.1646,5839.491,4055.9836
forecast_4239,2025-06-26 15:00,6603.3716,6133.338,4682.3096
forecast_4240,2025-06-26 16:00,6128.197,5861.2114,4226.2715
forecast_4241,2025-06-26 17:00,6571.908,6350.416,4129.918
forecast_4242,2025-06-26 18:00,5888.392,6108.639,3845.5037
forecast_4243,2025-06-26 19:00,5444.308,5342.7275,3434.2412
forecast_4244,2025-06-26 20:00,6410.973,6533.5615,4429.878
forecast_4245,2025-06-26 21:00,7277.3047,7652.7656,5097.9634
forecast_4246,2025-06-26 22:00,7855.4976,8091.8774,6158.8647
forecast_4247,2025-06-26 23:00,7385.6562,6561.9546,4965.9136
forecast_4248,2025-06-27 0:00,7178.079,6821.8594,4937.055
forecast_4249,2025-06-27 1:00,4681.3867,4325.903,2747.7378
forecast_4250,2025-06-27 2:00,3990.313,3813.1028,2241.0476
forecast_4251,2025-06-27 3:00,5373.7725,4714.65,3706.8767
forecast_4252,2025-06-27 4:00,6823.184,6485.926,5739.3325
forecast_4253,2025-06-27 5:00,5503.797,4695.973,3574.2727
forecast_4254,2025-06-27 6:00,4458.104,3772.382,2389.873
forecast_4255,2025-06-27 7:00,3237.9773,2911.3477,1835.9646
forecast_4256,2025-06-27 8:00,2311.1094,2207.1533,1429.2992
forecast_4257,2025-06-27 9:00,1746.2643,1650.4581,1065.6276
forecast_4258,2025-06-27 10:00,1350.9039,1332.29,982.09424
forecast_4259,2025-06-27 11:00,1181.3018,1266.8119,824.49194
forecast_4260,2025-06-27 12:00,1186.3997,1362.9008,937.7738
forecast_4261,2025-06-27 13:00,1778.829,1924.6385,1242.858
forecast_4262,2025-06-27 14:00,2419.9639,2401.211,1370.135
forecast_4263,2025-06-27 15:00,1953.9823,1883.276,1122.237
forecast_4264,2025-06-27 16:00,1754.2621,1901.0715,1123.9121
forecast_4265,2025-06-27 17:00,1567.7554,1582.0286,921.5769
forecast_4266,2025-06-27 18:00,1415.038,1434.7638,895.6412
forecast_4267,2025-06-27 19:00,1724.424,1861.8115,970.77606
forecast_4268,2025-06-27 20:00,2573.461,2817.0588,1712.8578
forecast_4269,2025-06-27 21:00,3846.7134,4324.184,2452.8804
forecast_4270,2025-06-27 22:00,5794.4336,7094.1577,4092.561
forecast_4271,2025-06-27 23:00,7504.7485,8085.7744,5063.563
forecast_4272,2025-06-28 0:00,7029.925,7341.793,4188.0156
forecast_4273,2025-06-28 1:00,9164.157,9468.831,6990.1846
forecast_4274,2025-06-28 2:00,9791.442,10112.863,8030.319
forecast_4275,2025-06-28 3:00,11957.726,11945.612,8718.142
forecast_4276,2025-06-28 4:00,12896.167,13061.415,9721.826
forecast_4277,2025-06-28 5:00,12838.01,13336.117,9963.384
forecast_4278,2025-06-28 6:00,11042.695,11927.508,8563.667
forecast_4279,2025-06-28 7:00,11727.638,12610.181,9830.523
forecast_4280,2025-06-28 8:00,8202.95,9107.954,5214.4727
forecast_4281,2025-06-28 9:00,6520.312,7229.818,3814.4778
forecast_4282,2025-06-28 10:00,4919.3936,5425.6284,2823.902
forecast_4283,2025-06-28 11:00,3288.8235,3331.7693,1966.2352
forecast_4284,2025-06-28 12:00,1542.3414,1616.605,1072.9883
forecast_4285,2025-06-28 13:00,1545.9526,1712.6223,1008.48
forecast_4286,2025-06-28 14:00,2198.926,2725.3547,1409.6693
forecast_4287,2025-06-28 15:00,2380.1953,2935.6252,1593.172
forecast_4288,2025-06-28 16:00,2565.528,2791.1685,1546.0282
forecast_4289,2025-06-28 17:00,3381.511,3610.8308,2068.0115
forecast_4290,2025-06-28 18:00,4222.535,4742.684,2762.9636
forecast_4291,2025-06-28 19:00,4801.555,5616.723,3193.043
forecast_4292,2025-06-28 20:00,6478.9917,7754.4106,5925.922
forecast_4293,2025-06-28 21:00,8261.871,10513.043,7835.414
forecast_4294,2025-06-28 22:00,9468.864,11180.63,8274.165
forecast_4295,2025-06-28 23:00,9636.868,11520.61,8652.243
forecast_4296,2025-06-29 0:00,9793.93,11431.639,8733.75
forecast_4297,2025-06-29 1:00,11212.445,12727.584,9972.868
forecast_4298,2025-06-29 2:00,11888.358,13381.739,10690.891
forecast_4299,2025-06-29 3:00,12352.838,13595.675,11183.942
forecast_4300,2025-06-29 4:00,13723.317,14648.82,12009.32
forecast_4301,2025-06-29 5:00,13649.63,14542.213,12219.136
forecast_4302,2025-06-29 6:00,13761.062,14324.269,11812.138
forecast_4303,2025-06-29 7:00,13491.887,14409.204,11754.925
forecast_4304,2025-06-29 8:00,11974.871,12704.245,10443.225
forecast_4305,2025-06-29 9:00,9247.833,10138.034,7621.836
forecast_4306,2025-06-29 10:00,5411.9766,5722.4316,3508.8582
forecast_4307,2025-06-29 11:00,4871.911,4788.3516,3004.698
forecast_4308,2025-06-29 12:00,4218.9614,4491.9756,2576.0984
forecast_4309,2025-06-29 13:00,3810.9011,3520.942,2253.8906
forecast_4310,2025-06-29 14:00,3565.658,3256.345,2110.6316
forecast_4311,2025-06-29 15:00,3348.626,3183.1943,2059.4963
forecast_4312,2025-06-29 16:00,3873.6895,3490.9436,2389.4956
forecast_4313,2025-06-29 17:00,4168.814,3587.6018,2678.688
forecast_4314,2025-06-29 18:00,4295.0176,3741.8396,2544.641
forecast_4315,2025-06-29 19:00,4841.1323,4637.7446,3327.7031
forecast_4316,2025-06-29 20:00,5777.34,6892.3496,4635.2275
forecast_4317,2025-06-29 21:00,7950.6978,8863.282,6744.251
forecast_4318,2025-06-29 22:00,11392.166,12381.063,10025.334
forecast_4319,2025-06-29 23:00,12704.042,13655.091,10599.788
forecast_4320,2025-06-30 0:00,12832.558,13733.455,10918.834
forecast_4321,2025-06-30 1:00,10896.47,12377.601,9617.921
forecast_4322,2025-06-30 2:00,10784.409,12682.761,10073.852
forecast_4323,2025-06-30 3:00,11194.044,12817.451,10113.438
forecast_4324,2025-06-30 4:00,11741.0205,13157.927,10362.089
forecast_4325,2025-06-30 5:00,12766.72,13965.532,10725.847
forecast_4326,2025-06-30 6:00,12918.076,14017.114,10728.164
forecast_4327,2025-06-30 7:00,12136.64,13084.598,10096.663
forecast_4328,2025-06-30 8:00,10271.449,11088.953,8528.415
forecast_4329,2025-06-30 9:00,7819.9,8182.071,5933.8325
forecast_4330,2025-06-30 10:00,4712.229,4519.926,2717.202
forecast_4331,2025-06-30 11:00,3120.6467,3334.1982,2069.491
forecast_4332,2025-06-30 12:00,3455.0222,3654.306,2177.4553
forecast_4333,2025-06-30 13:00,4330.886,4634.7134,3146.3318
forecast_4334,2025-06-30 14:00,5193.681,5690.1235,4804.14
forecast_4335,2025-06-30 15:00,6464.2163,6934.0645,5750.7217
forecast_4336,2025-06-30 16:00,7861.1987,7997.2993,6511.3857
forecast_4337,2025-06-30 17:00,7316.2896,7791.291,6826.2764
forecast_4338,2025-06-30 18:00,8427.128,8798.61,6927.408
forecast_4339,2025-06-30 19:00,8935.654,10415.988,7910.7812
forecast_4340,2025-06-30 20:00,9887.715,11127.623,8653.374
forecast_4341,2025-06-30 21:00,11434.319,13322.397,10259.965
forecast_4342,2025-06-30 22:00,13280.281,14677.065,11096.405
forecast_4343,2025-06-30 23:00,13700.56,15287.21,11903.595
forecast_4344,2025-07-01 0:00,13226.307,14735.461,11797.049
forecast_4345,2025-07-01 1:00,12522.384,13992.6455,10890.459
forecast_4346,2025-07-01 2:00,12913.613,14317.673,11267.872
forecast_4347,2025-07-01 3:00,12767.048,14036.263,11024.389
forecast_4348,2025-07-01 4:00,12897.172,14088.652,11349.282
forecast_4349,2025-07-01 5:00,13753.202,14996.663,12127.4795
forecast_4350,2025-07-01 6:00,13608.224,14772.145,11432.845
forecast_4351,2025-07-01 7:00,11710.523,12943.935,10171.777
forecast_4352,2025-07-01 8:00,10529.447,12349.455,9050.459
forecast_4353,2025-07-01 9:00,9256.92,10071.902,7278.3345
forecast_4354,2025-07-01 10:00,7860.3823,7726.085,6282.128
forecast_4355,2025-07-01 11:00,7872.3306,7857.7505,6506.27
forecast_4356,2025-07-01 12:00,7813.3843,7506.5605,6819.084
forecast_4357,2025-07-01 13:00,7393.1445,6713.1943,5985.5005
forecast_4358,2025-07-01 14:00,6908.669,6361.6235,5350.0903
forecast_4359,2025-07-01 15:00,5872.1787,6068.7134,4851.7656
forecast_4360,2025-07-01 16:00,6751.6436,6268.244,5572.2153
forecast_4361,2025-07-01 17:00,6879.087,6325.3945,5587.198
forecast_4362,2025-07-01 18:00,6611.5127,6660.883,5603.0244
forecast_4363,2025-07-01 19:00,7631.394,8113.311,6747.4814
forecast_4364,2025-07-01 20:00,9184.884,10026.602,7928.438
forecast_4365,2025-07-01 21:00,11658.249,12509.3955,10145.403
forecast_4366,2025-07-01 22:00,12870.718,14345.42,12034.477
forecast_4367,2025-07-01 23:00,13856.469,14926.182,12783.573
forecast_4368,2025-07-02 0:00,15531.554,16403.992,15213.528
forecast_4369,2025-07-02 1:00,15776.107,16052.271,14538.606
forecast_4370,2025-07-02 2:00,16876.24,17381.379,16219.183
forecast_4371,2025-07-02 3:00,16781.637,17395.855,15799.892
forecast_4372,2025-07-02 4:00,16513.934,17364.064,15953.309
forecast_4373,2025-07-02 5:00,16719.98,17608.088,16115.546
forecast_4374,2025-07-02 6:00,15980.101,17265.96,15484.05
forecast_4375,2025-07-02 7:00,16125.566,17148.62,15772.025
forecast_4376,2025-07-02 8:00,14728.441,15870.865,14158.044
forecast_4377,2025-07-02 9:00,12709.191,13743.11,11086.039
forecast_4378,2025-07-02 10:00,10975.494,11277.308,9344.809
forecast_4379,2025-07-02 11:00,9497.015,9901.223,8099.192
forecast_4380,2025-07-02 12:00,9634.525,9828.536,8223.341
forecast_4381,2025-07-02 13:00,8953.361,8364.841,7293.368
forecast_4382,2025-07-02 14:00,8001.741,8042.2305,6759.149
forecast_4383,2025-07-02 15:00,7123.665,6477.824,5380.2744
forecast_4384,2025-07-02 16:00,5627.8237,5507.2676,4194.773
forecast_4385,2025-07-02 17:00,5424.111,5052.1343,3682.3242
forecast_4386,2025-07-02 18:00,5007.632,4720.8867,3461.6155
forecast_4387,2025-07-02 19:00,5845.8296,5601.6953,4159.0083
forecast_4388,2025-07-02 20:00,7008.2153,8011.255,5860.273
forecast_4389,2025-07-02 21:00,8424.593,10018.743,7585.7485
forecast_4390,2025-07-02 22:00,10363.324,12573.484,9425.027
forecast_4391,2025-07-02 23:00,10986.086,12722.554,9794.965
forecast_4392,2025-07-03 0:00,11242.104,13187.816,9763.987
forecast_4393,2025-07-03 1:00,11936.445,13299.632,10194.457
forecast_4394,2025-07-03 2:00,12920.072,13915.591,11525.746
forecast_4395,2025-07-03 3:00,14418.237,14765.565,12712.824
forecast_4396,2025-07-03 4:00,14828.454,15100.288,12938.147
forecast_4397,2025-07-03 5:00,15470.285,15940.078,13940.709
forecast_4398,2025-07-03 6:00,15490.287,16046.554,14030.91
forecast_4399,2025-07-03 7:00,15688.194,15666.929,13436.189
forecast_4400,2025-07-03 8:00,14449.346,14913.517,12689.564
forecast_4401,2025-07-03 9:00,13647.776,14492.028,12539.16
forecast_4402,2025-07-03 10:00,10722.8125,11553.942,9743.432
forecast_4403,2025-07-03 11:00,8603.527,9480.33,8069.062
forecast_4404,2025-07-03 12:00,8249.231,8367.774,7986.187
forecast_4405,2025-07-03 13:00,7671.0415,7106.2197,7464.98
forecast_4406,2025-07-03 14:00,7810.8745,7215.1562,7177.7954
forecast_4407,2025-07-03 15:00,8461.504,8344.024,7768.352
forecast_4408,2025-07-03 16:00,9074.404,8251.07,8135.155
forecast_4409,2025-07-03 17:00,8006.182,7432.559,7219.071
forecast_4410,2025-07-03 18:00,8858.139,8811.919,7925.242
forecast_4411,2025-07-03 19:00,11397.039,11656.552,10170.646
forecast_4412,2025-07-03 20:00,13316.627,14016.275,11946.567
forecast_4413,2025-07-03 21:00,14227.681,14682.299,12987.49
forecast_4414,2025-07-03 22:00,15326.031,15707.931,13781.164
forecast_4415,2025-07-03 23:00,15538.254,15933.474,14536.581
forecast_4416,2025-07-04 0:00,16477.777,16802.955,16001.579
forecast_4417,2025-07-04 1:00,15619.86,16217.714,14566.262
forecast_4418,2025-07-04 2:00,16198.352,16565.605,16023.168
forecast_4419,2025-07-04 3:00,16972.848,17451.967,16495.432
forecast_4420,2025-07-04 4:00,17522.037,17703.963,16646.225
forecast_4421,2025-07-04 5:00,17769.445,18088.87,17160.033
forecast_4422,2025-07-04 6:00,18137.404,18870.324,17186.502
forecast_4423,2025-07-04 7:00,17668.268,18441.451,17604.99
forecast_4424,2025-07-04 8:00,17787.047,18172.133,17323.037
forecast_4425,2025-07-04 9:00,16836.26,17921.084,16201.297
forecast_4426,2025-07-04 10:00,15853.113,16805.867,15693.302
forecast_4427,2025-07-04 11:00,15518.09,16231.32,15573.471
forecast_4428,2025-07-04 12:00,15432.347,16354.291,15983.098
forecast_4429,2025-07-04 13:00,14785.918,15955.919,15017.453
forecast_4430,2025-07-04 14:00,12974.306,15268.423,13703.029
forecast_4431,2025-07-04 15:00,14652.732,16210.062,15422.127
forecast_4432,2025-07-04 16:00,15047.246,16234.671,15555.292
forecast_4433,2025-07-04 17:00,15905.283,16780.574,16270.122
forecast_4434,2025-07-04 18:00,14980.199,16302.214,16169.788
forecast_4435,2025-07-04 19:00,16304.815,16900.926,16496.55
forecast_4436,2025-07-04 20:00,16169.25,17699.115,16614.37
forecast_4437,2025-07-04 21:00,16202.995,17455.139,16754.443
forecast_4438,2025-07-04 22:00,17333.049,18234.111,16865.484
forecast_4439,2025-07-04 23:00,17711.12,18902.205,17014.553
forecast_4440,2025-07-05 0:00,17256.217,18820.193,17769.545
forecast_4441,2025-07-05 1:00,15231.529,16539.906,16098.99
forecast_4442,2025-07-05 2:00,15488.506,16967.486,16349.931
forecast_4443,2025-07-05 3:00,15624.386,16573.562,16103.842
forecast_4444,2025-07-05 4:00,15469.649,16342.322,16006.333
forecast_4445,2025-07-05 5:00,15913.037,16542.906,16161.436
forecast_4446,2025-07-05 6:00,15775.644,16651.781,16116.9375
forecast_4447,2025-07-05 7:00,15387.056,16912.701,15957.717
forecast_4448,2025-07-05 8:00,14111.023,15314.95,14271.085
forecast_4449,2025-07-05 9:00,12881.667,14387.915,12437.958
forecast_4450,2025-07-05 10:00,11745.703,13093.276,11172.547
forecast_4451,2025-07-05 11:00,11409.051,12435.881,10479.867
forecast_4452,2025-07-05 12:00,11106.683,11692.545,10294.608
forecast_4453,2025-07-05 13:00,11913.463,11330.626,10681.142
forecast_4454,2025-07-05 14:00,11407.538,10891.273,10340.488
forecast_4455,2025-07-05 15:00,11466.527,10592.083,10259.324
forecast_4456,2025-07-05 16:00,11271.49,10067.338,10218.78
forecast_4457,2025-07-05 17:00,11119.292,10195.295,10121.702
forecast_4458,2025-07-05 18:00,11095.206,10779.785,10232.418
forecast_4459,2025-07-05 19:00,12389.003,13439.731,12346.018
forecast_4460,2025-07-05 20:00,14635.183,15474.8125,15602.354
forecast_4461,2025-07-05 21:00,15359.277,16815.658,16052.233
forecast_4462,2025-07-05 22:00,15769.732,16779.803,16357.833
forecast_4463,2025-07-05 23:00,16223.311,16879.29,16368.996
forecast_4464,2025-07-06 0:00,16265.586,16434.473,15990.897
forecast_4465,2025-07-06 1:00,17519.105,17493.594,16665.365
forecast_4466,2025-07-06 2:00,17930.3,17721.275,16621.72
forecast_4467,2025-07-06 3:00,18171.102,17822.336,16967.16
forecast_4468,2025-07-06 4:00,18101.596,17940.018,16994.717
forecast_4469,2025-07-06 5:00,17718.309,17756.348,16869.422
forecast_4470,2025-07-06 6:00,17163.494,17646.682,16916.26
forecast_4471,2025-07-06 7:00,16830.209,17542.033,16741.703
forecast_4472,2025-07-06 8:00,15841.43,17065.947,16201.2295
forecast_4473,2025-07-06 9:00,13701.677,15763.908,14631.182
forecast_4474,2025-07-06 10:00,11918.836,13267.535,11692.351
forecast_4475,2025-07-06 11:00,10376.175,10877.879,9709.416
forecast_4476,2025-07-06 12:00,9019.473,9793.793,8581.941
forecast_4477,2025-07-06 13:00,7033.577,6739.072,5743.913
forecast_4478,2025-07-06 14:00,5902.8804,5573.5107,3886.03
forecast_4479,2025-07-06 15:00,4882.486,4593.1084,3068.326
forecast_4480,2025-07-06 16:00,5120.7715,4562.2573,3186.4153
forecast_4481,2025-07-06 17:00,5205.4385,4472.562,3111.8403
forecast_4482,2025-07-06 18:00,5316.6826,4774.3486,3170.886
forecast_4483,2025-07-06 19:00,6376.609,6065.994,4231.8516
forecast_4484,2025-07-06 20:00,8851.623,8904.319,7105.491
forecast_4485,2025-07-06 21:00,10786.45,10843.108,8497.6
forecast_4486,2025-07-06 22:00,11701.199,11728.374,8846.229
forecast_4487,2025-07-06 23:00,11825.58,11968.976,8931.953
forecast_4488,2025-07-07 0:00,12622.759,12497.823,9484.055
forecast_4489,2025-07-07 1:00,11333.675,10249.142,8024.137
forecast_4490,2025-07-07 2:00,11809.676,10900.318,8293.255
forecast_4491,2025-07-07 3:00,11481.827,11024.546,8216.018
forecast_4492,2025-07-07 4:00,9730.67,9667.188,6214.714
forecast_4493,2025-07-07 5:00,6266.617,5295.005,2805.1687
forecast_4494,2025-07-07 6:00,4110.5166,3188.868,1601.7435
forecast_4495,2025-07-07 7:00,3099.1477,2179.5684,1100.1426
forecast_4496,2025-07-07 8:00,1887.6146,1533.8833,824.69025
forecast_4497,2025-07-07 9:00,1336.9023,1200.0411,817.4225
forecast_4498,2025-07-07 10:00,1139.8124,1115.1027,740.5508
forecast_4499,2025-07-07 11:00,1196.5632,1161.6272,798.2026
forecast_4500,2025-07-07 12:00,1159.4841,1240.0854,824.09595
forecast_4501,2025-07-07 13:00,1184.812,1366.5242,906.97845
forecast_4502,2025-07-07 14:00,1258.0656,1357.4425,963.002
forecast_4503,2025-07-07 15:00,1265.2484,1328.3668,888.8368
forecast_4504,2025-07-07 16:00,1295.47,1379.3696,824.49194
forecast_4505,2025-07-07 17:00,1373.038,1358.5844,894.80255
forecast_4506,2025-07-07 18:00,1394.7177,1454.5035,895.83105
forecast_4507,2025-07-07 19:00,1354.8186,1418.8759,824.49194
forecast_4508,2025-07-07 20:00,1517.3325,1509.2858,824.49194
forecast_4509,2025-07-07 21:00,1645.3444,1625.4855,824.49194
forecast_4510,2025-07-07 22:00,1832.0973,1779.1224,824.49194
forecast_4511,2025-07-07 23:00,1696.9259,1675.9539,824.49194
forecast_4512,2025-07-08 0:00,1636.4465,1623.3313,824.49194
forecast_4513,2025-07-08 1:00,1529.6958,1500.275,864.5182
forecast_4514,2025-07-08 2:00,1352.3206,1366.8243,817.5023
forecast_4515,2025-07-08 3:00,1324.4186,1265.6104,809.623
forecast_4516,2025-07-08 4:00,1345.5237,1288.1725,798.2026
forecast_4517,2025-07-08 5:00,1354.0647,1280.3948,822.75653
forecast_4518,2025-07-08 6:00,1275.533,1258.6743,745.6742
forecast_4519,2025-07-08 7:00,1203.6526,1251.1047,817.4225
forecast_4520,2025-07-08 8:00,1210.1146,1320.2385,793.8436
forecast_4521,2025-07-08 9:00,1202.0024,1285.4253,751.5428
forecast_4522,2025-07-08 10:00,1183.9119,1190.6731,740.5508
forecast_4523,2025-07-08 11:00,1200.7754,1264.646,809.1945
forecast_4524,2025-07-08 12:00,1333.35,1319.2412,824.49194
forecast_4525,2025-07-08 13:00,1476.9489,1519.8761,906.97845
forecast_4526,2025-07-08 14:00,1366.8997,1466.2548,901.872
forecast_4527,2025-07-08 15:00,1409.9668,1468.2291,906.97845
forecast_4528,2025-07-08 16:00,1354.8397,1418.2562,901.872
forecast_4529,2025-07-08 17:00,1284.0352,1321.6506,824.49194
forecast_4530,2025-07-08 18:00,1215.8569,1254.6422,824.49194
forecast_4531,2025-07-08 19:00,1217.4043,1274.3824,766.4442
forecast_4532,2025-07-08 20:00,1315.3842,1371.6323,818.4509
forecast_4533,2025-07-08 21:00,1579.2968,1607.5652,818.4509
forecast_4534,2025-07-08 22:00,2055.517,2096.2288,888.8368
forecast_4535,2025-07-08 23:00,2022.8242,2042.6188,906.97845
forecast_4536,2025-07-09 0:00,2091.415,2105.943,901.872
forecast_4537,2025-07-09 1:00,1997.992,2017.464,824.49194
forecast_4538,2025-07-09 2:00,2176.731,2249.08,901.872
forecast_4539,2025-07-09 3:00,2253.0552,2209.513,904.1333
forecast_4540,2025-07-09 4:00,2211.3237,2107.5425,902.637
forecast_4541,2025-07-09 5:00,2293.2097,2279.7715,931.71216
forecast_4542,2025-07-09 6:00,2353.1133,2453.107,945.08856
forecast_4543,2025-07-09 7:00,2357.2026,2479.3936,1029.2595
forecast_4544,2025-07-09 8:00,2248.4397,2340.0808,1115.1096
forecast_4545,2025-07-09 9:00,2053.344,2192.409,1031.0448
forecast_4546,2025-07-09 10:00,1668.5885,1854.0212,1020.4126
forecast_4547,2025-07-09 11:00,1751.7797,2013.6603,1201.8475
forecast_4548,2025-07-09 12:00,1807.955,2083.2693,1313.8601
forecast_4549,2025-07-09 13:00,1636.7205,1866.6742,1357.0209
forecast_4550,2025-07-09 14:00,1719.5284,2007.4352,1417.4153
forecast_4551,2025-07-09 15:00,1748.643,1962.4354,1239.1808
forecast_4552,2025-07-09 16:00,1780.0411,1918.923,1189.3982
forecast_4553,2025-07-09 17:00,1810.2548,1897.5634,1050.112
forecast_4554,2025-07-09 18:00,1909.6575,1989.0461,1005.7923
forecast_4555,2025-07-09 19:00,2108.9792,2219.0547,971.46985
forecast_4556,2025-07-09 20:00,2454.5774,2739.6338,1098.7714
forecast_4557,2025-07-09 21:00,2933.0132,3153.6482,1283.4429
forecast_4558,2025-07-09 22:00,3721.0876,3938.241,1666.2007
forecast_4559,2025-07-09 23:00,3839.3748,4362.9165,1678.4073
forecast_4560,2025-07-10 0:00,4044.4504,4468.96,1678.9247
forecast_4561,2025-07-10 1:00,4023.425,4225.5024,1658.4265
forecast_4562,2025-07-10 2:00,4117.313,4344.652,1645.2236
forecast_4563,2025-07-10 3:00,3946.0127,4295.8438,1612.5779
forecast_4564,2025-07-10 4:00,4232.1343,4687.2188,1770.4464
forecast_4565,2025-07-10 5:00,4561.774,5398.469,2146.1938
forecast_4566,2025-07-10 6:00,4920.3345,5700.5063,2290.225
forecast_4567,2025-07-10 7:00,5153.959,6039.198,2617.3625
forecast_4568,2025-07-10 8:00,5412.2705,6870.7974,3646.935
forecast_4569,2025-07-10 9:00,5503.566,7460.1475,4466.1562
forecast_4570,2025-07-10 10:00,4318.7266,5583.5605,3687.1038
forecast_4571,2025-07-10 11:00,4185.0884,5391.943,3607.8652
forecast_4572,2025-07-10 12:00,4102.206,5162.1924,3245.4663
forecast_4573,2025-07-10 13:00,3630.69,4653.982,2628.3967
forecast_4574,2025-07-10 14:00,3719.3252,4783.482,2838.841
forecast_4575,2025-07-10 15:00,3586.567,4440.5576,2475.4236
forecast_4576,2025-07-10 16:00,3711.2673,4363.2686,2443.677
forecast_4577,2025-07-10 17:00,3810.3965,4546.385,2474.1094
forecast_4578,2025-07-10 18:00,4296.451,5324.9775,2548.5674
forecast_4579,2025-07-10 19:00,4970.94,6182.525,3305.914
forecast_4580,2025-07-10 20:00,5547.177,6741.032,3915.093
forecast_4581,2025-07-10 21:00,6769.296,7833.936,4890.2285
forecast_4582,2025-07-10 22:00,7931.385,9546.833,5827.272
forecast_4583,2025-07-10 23:00,7935.815,9454.467,6168.8213
forecast_4584,2025-07-11 0:00,7960.936,9699.785,6209.112
forecast_4585,2025-07-11 1:00,7752.8804,9688.9375,5679.449
forecast_4586,2025-07-11 2:00,7748.0645,9637.909,5435.618
forecast_4587,2025-07-11 3:00,7836.158,9717.854,5774.523
forecast_4588,2025-07-11 4:00,7675.5396,9559.988,6031.6265
forecast_4589,2025-07-11 5:00,7922.366,9970.995,6144.1924
forecast_4590,2025-07-11 6:00,8144.451,10188.448,6577.774
forecast_4591,2025-07-11 7:00,8444.324,10326.024,7102.1973
forecast_4592,2025-07-11 8:00,8273.8545,10379.232,7326.848
forecast_4593,2025-07-11 9:00,7456.927,9563.706,6911.7637
forecast_4594,2025-07-11 10:00,5390.9976,6762.208,4413.976
forecast_4595,2025-07-11 11:00,4648.073,5861.3394,4001.5574
forecast_4596,2025-07-11 12:00,5019.4336,6466.3213,5395.3184
forecast_4597,2025-07-11 13:00,4739.3203,5877.2036,3917.626
forecast_4598,2025-07-11 14:00,4469.0674,5200.5005,3737.387
forecast_4599,2025-07-11 15:00,3433.457,4437.604,2737.7854
forecast_4600,2025-07-11 16:00,3200.707,4091.588,2395.697
forecast_4601,2025-07-11 17:00,3516.6816,4126.856,2459.5142
forecast_4602,2025-07-11 18:00,4516.096,5762.5825,3059.632
forecast_4603,2025-07-11 19:00,4998.7314,6134.1973,3023.8257
forecast_4604,2025-07-11 20:00,5592.3325,6497.031,3157.5337
forecast_4605,2025-07-11 21:00,6634.6084,7370.4185,4004.85
forecast_4606,2025-07-11 22:00,6627.2603,7860.5347,3706.6838
forecast_4607,2025-07-11 23:00,6990.4414,7845.565,4087.8457
forecast_4608,2025-07-12 0:00,7151.332,8223.91,3617.983
forecast_4609,2025-07-12 1:00,6161.9536,6641.071,2913.6184
forecast_4610,2025-07-12 2:00,5429.1904,5949.412,2206.8054
forecast_4611,2025-07-12 3:00,5099.4243,5756.358,2207.7222
forecast_4612,2025-07-12 4:00,5149.2085,5306.3774,2138.4998
forecast_4613,2025-07-12 5:00,4623.6426,4791.8267,1911.6168
forecast_4614,2025-07-12 6:00,4245.804,4146.64,1701.699
forecast_4615,2025-07-12 7:00,4116.413,4050.81,1694.0237
forecast_4616,2025-07-12 8:00,3451.9355,3245.8372,1512.9122
forecast_4617,2025-07-12 9:00,2426.5764,2484.701,1299.606
forecast_4618,2025-07-12 10:00,1628.3707,1690.1545,935.04474
forecast_4619,2025-07-12 11:00,1446.5565,1651.949,967.4363
forecast_4620,2025-07-12 12:00,1329.5005,1470.7118,921.361
forecast_4621,2025-07-12 13:00,1280.0691,1361.9783,820.1815
forecast_4622,2025-07-12 14:00,1289.2856,1345.53,836.23944
forecast_4623,2025-07-12 15:00,1260.534,1296.8981,888.8368
forecast_4624,2025-07-12 16:00,1220.5331,1227.5118,798.2026
forecast_4625,2025-07-12 17:00,1164.4194,1108.9037,713.67346
forecast_4626,2025-07-12 18:00,1200.4626,1123.9337,740.5508
forecast_4627,2025-07-12 19:00,1255.3524,1177.3464,766.4442
forecast_4628,2025-07-12 20:00,1665.273,1716.6433,1014.83203
forecast_4629,2025-07-12 21:00,2076.4407,2344.6033,1226.2145
forecast_4630,2025-07-12 22:00,2368.7754,2491.0486,1258.5555
forecast_4631,2025-07-12 23:00,2765.8635,2519.7249,1314.682
forecast_4632,2025-07-13 0:00,3497.0134,3115.5676,1828.5674
forecast_4633,2025-07-13 1:00,3187.9934,3127.529,1772.5444
forecast_4634,2025-07-13 2:00,3463.5251,3160.8406,1915.7654
forecast_4635,2025-07-13 3:00,3253.5305,2812.8328,1579.4098
forecast_4636,2025-07-13 4:00,2128.801,1822.1022,1105.5735
forecast_4637,2025-07-13 5:00,1877.9025,1592.858,1016.0244
forecast_4638,2025-07-13 6:00,1504.7058,1578.4607,953.63055
forecast_4639,2025-07-13 7:00,1588.4138,1605.0151,966.0769
forecast_4640,2025-07-13 8:00,1361.0222,1468.2609,818.4509
forecast_4641,2025-07-13 9:00,1315.8068,1324.7692,824.49194
forecast_4642,2025-07-13 10:00,1173.1658,1180.4846,766.84015
forecast_4643,2025-07-13 11:00,1352.6232,1352.0565,829.5984
forecast_4644,2025-07-13 12:00,1266.0508,1285.8982,867.1399
forecast_4645,2025-07-13 13:00,1201.3156,1269.8679,795.538
forecast_4646,2025-07-13 14:00,1378.2201,1532.6621,1033.8702
forecast_4647,2025-07-13 15:00,1401.8752,1478.2308,906.97845
forecast_4648,2025-07-13 16:00,1619.6624,1726.8384,1128.7869
forecast_4649,2025-07-13 17:00,2824.1921,2681.7617,1608.7133
forecast_4650,2025-07-13 18:00,2789.1946,2899.338,1630.2772
forecast_4651,2025-07-13 19:00,3029.7751,3020.6082,1910.5659
forecast_4652,2025-07-13 20:00,3075.259,3187.3352,1690.3219
forecast_4653,2025-07-13 21:00,3731.7188,3549.5347,1441.3821
forecast_4654,2025-07-13 22:00,4023.515,3975.0293,1544.5575
forecast_4655,2025-07-13 23:00,3876.476,4268.9062,1958.8158
forecast_4656,2025-07-14 0:00,4026.0928,4488.6665,2092.0007
forecast_4657,2025-07-14 1:00,4841.109,5440.613,2623.7473
forecast_4658,2025-07-14 2:00,5031.603,5215.484,2511.9465
forecast_4659,2025-07-14 3:00,5392.7544,6688.4004,3970.667
forecast_4660,2025-07-14 4:00,4965.7803,5760.844,2696.7861
forecast_4661,2025-07-14 5:00,5099.358,5356.0366,2223.7114
forecast_4662,2025-07-14 6:00,5161.325,5561.2036,2803.079
forecast_4663,2025-07-14 7:00,5526.303,6416.2544,3304.7512
forecast_4664,2025-07-14 8:00,5437.543,6013.985,2938.32
forecast_4665,2025-07-14 9:00,6140.609,6182.5835,2899.6465
forecast_4666,2025-07-14 10:00,5030.4863,5162.361,2293.3228
forecast_4667,2025-07-14 11:00,5948.533,5858.978,2913.9995
forecast_4668,2025-07-14 12:00,5070.1772,5031.4746,2234.0347
forecast_4669,2025-07-14 13:00,4871.9644,5010.9893,2211.1155
forecast_4670,2025-07-14 14:00,4523.862,4664.4346,2138.74
forecast_4671,2025-07-14 15:00,5445.3438,5585.891,2758.995
forecast_4672,2025-07-14 16:00,6479.632,5667.626,3460.722
forecast_4673,2025-07-14 17:00,6100.9546,5376.9917,2920.8591
forecast_4674,2025-07-14 18:00,6061.847,5411.9385,2599.6238
forecast_4675,2025-07-14 19:00,6335.0635,6069.1826,2663.7039
forecast_4676,2025-07-14 20:00,6477.3184,6225.7217,2953.4885
forecast_4677,2025-07-14 21:00,5592.203,6287.126,2759.617
forecast_4678,2025-07-14 22:00,5949.3027,6198.9683,2961.483
forecast_4679,2025-07-14 23:00,6177.5254,6067.9243,3094.856
forecast_4680,2025-07-15 0:00,7114.8228,6472.352,3726.9731
forecast_4681,2025-07-15 1:00,10607.747,11245.974,9357.708
forecast_4682,2025-07-15 2:00,11072.476,12266.1045,9670.39
forecast_4683,2025-07-15 3:00,10613.56,11549.061,9620.963
forecast_4684,2025-07-15 4:00,9333.054,10778.545,8682.793
forecast_4685,2025-07-15 5:00,8408.039,9492.634,6699.4507
forecast_4686,2025-07-15 6:00,8761.754,9584.12,7787.4907
forecast_4687,2025-07-15 7:00,7731.4536,8631.47,5961.374
forecast_4688,2025-07-15 8:00,6919.3745,8300.758,5431.9434
forecast_4689,2025-07-15 9:00,7368.65,9081.809,6444.86
forecast_4690,2025-07-15 10:00,5892.3237,6729.489,4142.3643
forecast_4691,2025-07-15 11:00,4969.1875,5143.1367,3574.564
forecast_4692,2025-07-15 12:00,4380.927,4940.614,3155.2214
forecast_4693,2025-07-15 13:00,3748.0354,3922.9988,2809.8982
forecast_4694,2025-07-15 14:00,3867.831,4320.815,2840.5115
forecast_4695,2025-07-15 15:00,4701.15,5295.836,3699.023
forecast_4696,2025-07-15 16:00,4679.186,5275.2993,3971.6272
forecast_4697,2025-07-15 17:00,4220.6406,4600.5654,2913.7717
forecast_4698,2025-07-15 18:00,4225.4897,4441,2993.0867
forecast_4699,2025-07-15 19:00,3486.204,4274.1943,2775.8076
forecast_4700,2025-07-15 20:00,4042.3875,5055.3716,2878.3513
forecast_4701,2025-07-15 21:00,4913.053,6521.677,3433.0693
forecast_4702,2025-07-15 22:00,5354.252,6862.8696,3620.9192
forecast_4703,2025-07-15 23:00,5220.418,6331.306,3397.7993
forecast_4704,2025-07-16 0:00,6794.085,8644.808,3946.071
forecast_4705,2025-07-16 1:00,10944.721,11801.579,8860.553
forecast_4706,2025-07-16 2:00,11752.221,13531.09,10023.887
forecast_4707,2025-07-16 3:00,13104.825,14658.121,11031.926
forecast_4708,2025-07-16 4:00,13444.084,14654.272,11523.379
forecast_4709,2025-07-16 5:00,12802.741,14454.611,11055.471
forecast_4710,2025-07-16 6:00,12760.746,14060.813,10605.888
forecast_4711,2025-07-16 7:00,10719.516,11986.712,8685.276
forecast_4712,2025-07-16 8:00,10088.125,11723.368,7830.8335
forecast_4713,2025-07-16 9:00,6768.601,7010.38,4378.8164
forecast_4714,2025-07-16 10:00,6614.447,6561.9404,4315.854
forecast_4715,2025-07-16 11:00,5343.608,6248.9375,4013.8718
forecast_4716,2025-07-16 12:00,4937.1997,5791.5093,3492.5022
forecast_4717,2025-07-16 13:00,5943.337,8253.314,4997.3813
forecast_4718,2025-07-16 14:00,5361.725,6604.4395,3864.0789
forecast_4719,2025-07-16 15:00,4991.9146,6015.796,3531.6567
forecast_4720,2025-07-16 16:00,5465.5483,6529.496,3878.8691
forecast_4721,2025-07-16 17:00,5593.596,6848.488,3804.621
forecast_4722,2025-07-16 18:00,5797.0073,7332.1235,4125.6587
forecast_4723,2025-07-16 19:00,5738.678,6488.58,3884.7397
forecast_4724,2025-07-16 20:00,4857.6826,6161.6895,3173.2117
forecast_4725,2025-07-16 21:00,6018.713,6784.5425,4111.522
forecast_4726,2025-07-16 22:00,8016.21,9836.291,6699.0693
forecast_4727,2025-07-16 23:00,9739.186,12071.999,8283.107
forecast_4728,2025-07-17 0:00,11376.3545,13459.635,9986.414
forecast_4729,2025-07-17 1:00,12292.206,14618.861,12159.62
forecast_4730,2025-07-17 2:00,12994.466,15338.777,12492.096
forecast_4731,2025-07-17 3:00,12644.927,15225.124,12597.562
forecast_4732,2025-07-17 4:00,12495.322,15187.062,12216.839
forecast_4733,2025-07-17 5:00,11600.277,13944.98,10878.974
forecast_4734,2025-07-17 6:00,11400.744,13902.327,10909.928
forecast_4735,2025-07-17 7:00,12362.445,14425.479,11600.776
forecast_4736,2025-07-17 8:00,12125.383,14488.529,11397.887
forecast_4737,2025-07-17 9:00,11798.414,14339.231,11101.167
forecast_4738,2025-07-17 10:00,11728.864,14393.893,11214.6875
forecast_4739,2025-07-17 11:00,11495.763,14418.104,11332.251
forecast_4740,2025-07-17 12:00,10960.838,13461.569,10310.614
forecast_4741,2025-07-17 13:00,11091.804,13780.374,10819.88
forecast_4742,2025-07-17 14:00,10928.361,13535.31,10920.896
forecast_4743,2025-07-17 15:00,10372.863,13120.428,10259.554
forecast_4744,2025-07-17 16:00,8920.646,11014.132,8742.059
forecast_4745,2025-07-17 17:00,7650.116,9533.535,7388.7666
forecast_4746,2025-07-17 18:00,8236.379,10045.323,8501.28
forecast_4747,2025-07-17 19:00,9198.573,10806.293,8843.837
forecast_4748,2025-07-17 20:00,8996.8,11414.765,9000.346
forecast_4749,2025-07-17 21:00,10326.193,12993.935,10415.471
forecast_4750,2025-07-17 22:00,9055.106,12363.32,9767.741
forecast_4751,2025-07-17 23:00,10338.744,12855.616,9932.103
forecast_4752,2025-07-18 0:00,10473.737,13317.956,10023.925
forecast_4753,2025-07-18 1:00,11917.563,14941.581,12242.828
forecast_4754,2025-07-18 2:00,10559.428,13833.336,10998.636
forecast_4755,2025-07-18 3:00,11825.225,14078.242,11254.508
forecast_4756,2025-07-18 4:00,10938.997,13366.94,10341.034
forecast_4757,2025-07-18 5:00,11177.67,13432.857,10472.934
forecast_4758,2025-07-18 6:00,11036.139,12828.323,9761.306
forecast_4759,2025-07-18 7:00,10399.676,13147.268,10026.927
forecast_4760,2025-07-18 8:00,9750.655,12064.087,9282.85
forecast_4761,2025-07-18 9:00,9243.191,12750.678,9910.265
forecast_4762,2025-07-18 10:00,8053.073,10652.62,7465.5293
forecast_4763,2025-07-18 11:00,5891.1226,8032.214,5008.759
forecast_4764,2025-07-18 12:00,4362.7666,5173.3174,2873.7563
forecast_4765,2025-07-18 13:00,2635.404,3099.447,1658.0854
forecast_4766,2025-07-18 14:00,3157.8728,3632.982,1983.6097
forecast_4767,2025-07-18 15:00,4228.7246,4838.991,2879.394
forecast_4768,2025-07-18 16:00,4173.338,4397.9414,2294.29
forecast_4769,2025-07-18 17:00,5354.8022,6972.4253,4098.1104
forecast_4770,2025-07-18 18:00,7016.869,9018.017,6305.539
forecast_4771,2025-07-18 19:00,6516.081,7941.947,5792.025
forecast_4772,2025-07-18 20:00,7473.5244,9564.114,6775.0938
forecast_4773,2025-07-18 21:00,8507.111,10878.296,8256.061
forecast_4774,2025-07-18 22:00,7968.286,9786.128,7131.5283
forecast_4775,2025-07-18 23:00,8566.493,10978.901,8119.7173
forecast_4776,2025-07-19 0:00,8381.909,11242.2,8126.3115
forecast_4777,2025-07-19 1:00,7336.089,9585.373,6628.2354
forecast_4778,2025-07-19 2:00,6328.672,8045.9263,4954.7153
forecast_4779,2025-07-19 3:00,5858.6895,7343.7573,3878.934
forecast_4780,2025-07-19 4:00,5434.808,6403.8984,3530.9653
forecast_4781,2025-07-19 5:00,4882.288,5719.2456,2919.0054
forecast_4782,2025-07-19 6:00,5137.1597,5639.778,3156.907
forecast_4783,2025-07-19 7:00,5905.936,6448.1274,4144.6113
forecast_4784,2025-07-19 8:00,6197.068,7268.9834,4536.2563
forecast_4785,2025-07-19 9:00,5256.105,6836.487,3925.6511
forecast_4786,2025-07-19 10:00,6750.487,8127.327,5880.277
forecast_4787,2025-07-19 11:00,8614.117,11382.243,8990.209
forecast_4788,2025-07-19 12:00,9254.843,11979.61,10324.515
forecast_4789,2025-07-19 13:00,8544.034,10528.961,9127.541
forecast_4790,2025-07-19 14:00,10216.559,12829.29,10895.4375
forecast_4791,2025-07-19 15:00,11019.059,13296.076,11606.528
forecast_4792,2025-07-19 16:00,11347.287,13566.917,11870.625
forecast_4793,2025-07-19 17:00,10754.384,12803.885,10790.933
forecast_4794,2025-07-19 18:00,9665.506,12458.337,10517.301
forecast_4795,2025-07-19 19:00,9609.072,12588.882,10202.183
forecast_4796,2025-07-19 20:00,10498.814,13163.061,10535.55
forecast_4797,2025-07-19 21:00,12052.306,13973.62,11813.152
forecast_4798,2025-07-19 22:00,13012.033,14500.087,12499.795
forecast_4799,2025-07-19 23:00,11504.014,13320.789,10595.76
forecast_4800,2025-07-20 0:00,11032.344,13001.762,10079.577
forecast_4801,2025-07-20 1:00,12217.472,14581.372,12611.545
forecast_4802,2025-07-20 2:00,12232.272,14549.734,12892.635
forecast_4803,2025-07-20 3:00,12702.075,14933.093,12643.888
forecast_4804,2025-07-20 4:00,12530.3,14514.428,12018.255
forecast_4805,2025-07-20 5:00,11639.572,14166.713,11101.608
forecast_4806,2025-07-20 6:00,11722.964,14101.661,11129.854
forecast_4807,2025-07-20 7:00,11598.431,13803.126,11220.824
forecast_4808,2025-07-20 8:00,9528.483,12437.21,9677.225
forecast_4809,2025-07-20 9:00,9190.152,11886.819,9275.544
forecast_4810,2025-07-20 10:00,9266.654,10804.022,8780.863
forecast_4811,2025-07-20 11:00,8318.204,9084.707,7400.135
forecast_4812,2025-07-20 12:00,6400.4917,7432.554,6227.313
forecast_4813,2025-07-20 13:00,5573.322,6481.23,5533.955
forecast_4814,2025-07-20 14:00,5450.5244,6243.335,4520.7188
forecast_4815,2025-07-20 15:00,4920.827,5936.858,4474.145
forecast_4816,2025-07-20 16:00,4840.4644,5677.941,4088.2751
forecast_4817,2025-07-20 17:00,4420.192,5013.457,3625.857
forecast_4818,2025-07-20 18:00,4134.417,4856.42,3453.458
forecast_4819,2025-07-20 19:00,5604.5605,6369.4526,4673.924
forecast_4820,2025-07-20 20:00,7088.687,8444.813,6511.9497
forecast_4821,2025-07-20 21:00,9168.907,10299.649,8014.4067
forecast_4822,2025-07-20 22:00,11213.24,12465.609,9882.725
forecast_4823,2025-07-20 23:00,11094.875,12569.918,9762.882
forecast_4824,2025-07-21 0:00,11562.844,13059.057,10093.6
forecast_4825,2025-07-21 1:00,11913.788,13451.628,10225.914
forecast_4826,2025-07-21 2:00,12575.536,13998.229,10884.596
forecast_4827,2025-07-21 3:00,12614.612,13929.954,10436.469
forecast_4828,2025-07-21 4:00,11779.302,13001.884,9435.086
forecast_4829,2025-07-21 5:00,11069.738,11891.406,8346.209
forecast_4830,2025-07-21 6:00,11476.613,11709.951,8769.768
forecast_4831,2025-07-21 7:00,10688.445,10750.443,8617.196
forecast_4832,2025-07-21 8:00,10854.041,11528.68,8754.062
forecast_4833,2025-07-21 9:00,10973.721,11909.925,9471.702
forecast_4834,2025-07-21 10:00,8447.407,9159.751,7415.76
forecast_4835,2025-07-21 11:00,8167.5312,7993.711,7123.1265
forecast_4836,2025-07-21 12:00,7074.766,7245.135,5563.1
forecast_4837,2025-07-21 13:00,6256.122,5945.249,4923.4497
forecast_4838,2025-07-21 14:00,6318.7417,6203.8525,5149.1377
forecast_4839,2025-07-21 15:00,5307.0254,5302.692,4089.2668
forecast_4840,2025-07-21 16:00,5421.535,5199.6353,3601.4905
forecast_4841,2025-07-21 17:00,5379.254,5561.618,4481.463
forecast_4842,2025-07-21 18:00,5871.9517,5970.74,4426.453
forecast_4843,2025-07-21 19:00,9790.018,9656.986,8357.576
forecast_4844,2025-07-21 20:00,11157.386,11681.479,9620.073
forecast_4845,2025-07-21 21:00,13553.786,13686.2,11677.164
forecast_4846,2025-07-21 22:00,14902.434,15746.966,13126.792
forecast_4847,2025-07-21 23:00,14876.715,15388.35,13226.069
forecast_4848,2025-07-22 0:00,14817.5205,15214.093,12690.181
forecast_4849,2025-07-22 1:00,14556.517,15478.94,13396.121
forecast_4850,2025-07-22 2:00,15790.105,16428.39,14544.515
forecast_4851,2025-07-22 3:00,14908.011,15790.495,14321.137
forecast_4852,2025-07-22 4:00,15019.663,15993.404,13860.693
forecast_4853,2025-07-22 5:00,15542.849,16454.543,14260.371
forecast_4854,2025-07-22 6:00,15189.425,15924.068,13223.39
forecast_4855,2025-07-22 7:00,13350.874,14138.777,11555.925
forecast_4856,2025-07-22 8:00,12480.996,13299.043,10995.258
forecast_4857,2025-07-22 9:00,9766.116,10646.845,8334.09
forecast_4858,2025-07-22 10:00,6971.6914,6705.2954,4374.927
forecast_4859,2025-07-22 11:00,4949.7812,5214.482,3200.5425
forecast_4860,2025-07-22 12:00,3957.5337,3761.0325,2314.0327
forecast_4861,2025-07-22 13:00,3115.726,3161.8389,1998.8859
forecast_4862,2025-07-22 14:00,3258.2246,3227.7183,2095.1865
forecast_4863,2025-07-22 15:00,3604.057,3670.533,2311.6091
forecast_4864,2025-07-22 16:00,3409.1108,3332.2307,2034.5135
forecast_4865,2025-07-22 17:00,3045.8433,3043.3777,2028.1448
forecast_4866,2025-07-22 18:00,2674.6628,2790.951,1649.3708
forecast_4867,2025-07-22 19:00,3357.0662,3380.0066,2177.2659
forecast_4868,2025-07-22 20:00,5471.638,6007.2207,3836.7925
forecast_4869,2025-07-22 21:00,6230.8213,7129.243,4449.1475
forecast_4870,2025-07-22 22:00,7814.0127,7767.841,5862.984
forecast_4871,2025-07-22 23:00,8269.845,9002.045,6707.69
forecast_4872,2025-07-23 0:00,9174.186,9741.021,7138.576
forecast_4873,2025-07-23 1:00,9419.888,9198.376,7089.966
forecast_4874,2025-07-23 2:00,10452.281,10184.823,7974.4897
forecast_4875,2025-07-23 3:00,11249.944,11484.849,8306.798
forecast_4876,2025-07-23 4:00,11004.748,11160.549,7453.9194
forecast_4877,2025-07-23 5:00,9655.115,9598.6875,6398.0137
forecast_4878,2025-07-23 6:00,8268.372,8101.5645,5156.879
forecast_4879,2025-07-23 7:00,7252.66,6511.884,3919.6643
forecast_4880,2025-07-23 8:00,5276.6475,4857.6885,2483.9824
forecast_4881,2025-07-23 9:00,3115.3953,2488.5413,1396.9493
forecast_4882,2025-07-23 10:00,1746.8915,1540.0265,985.21674
forecast_4883,2025-07-23 11:00,1349.2418,1271.3038,882.7959
forecast_4884,2025-07-23 12:00,1225.9398,1216.3569,798.2026
forecast_4885,2025-07-23 13:00,1116.9911,1145.3853,798.2026
forecast_4886,2025-07-23 14:00,1115.6619,1144.6566,809.1945
forecast_4887,2025-07-23 15:00,1508.5322,1567.6394,984.72327
forecast_4888,2025-07-23 16:00,1238.3955,1382.0681,933.06586
forecast_4889,2025-07-23 17:00,1249.9565,1448.1422,867.8717
forecast_4890,2025-07-23 18:00,1590.8125,1754.2996,1110.0887
forecast_4891,2025-07-23 19:00,1791.9635,1975.958,1102.1652
forecast_4892,2025-07-23 20:00,1973.1904,2227.0354,1264.5099
forecast_4893,2025-07-23 21:00,2866.608,2979.0693,1741.2042
forecast_4894,2025-07-23 22:00,5073.9883,5128.725,3344.3489
forecast_4895,2025-07-23 23:00,5339.4136,5466.751,3431.8054
forecast_4896,2025-07-24 0:00,6097.5815,6370.9526,4160.819
forecast_4897,2025-07-24 1:00,5895.818,6198.039,3839.1846
forecast_4898,2025-07-24 2:00,7850.3003,7413.91,5405.7925
forecast_4899,2025-07-24 3:00,8726.213,8831.212,6297.782
forecast_4900,2025-07-24 4:00,8788.366,9134.089,6326.042
forecast_4901,2025-07-24 5:00,9067.497,9183.791,6264.633
forecast_4902,2025-07-24 6:00,7499.9893,7962.994,4431.9995
forecast_4903,2025-07-24 7:00,4910.554,4683.624,2530.4028
forecast_4904,2025-07-24 8:00,2406.4722,2198.7231,1289.7961
forecast_4905,2025-07-24 9:00,1425.5879,1256.7516,824.09595
forecast_4906,2025-07-24 10:00,1100.0205,1154.2758,740.5508
forecast_4907,2025-07-24 11:00,1079.9194,1193.1378,727.75085
forecast_4908,2025-07-24 12:00,1015.05347,1093.481,797.5498
forecast_4909,2025-07-24 13:00,1040.6052,1073.2977,803.06903
forecast_4910,2025-07-24 14:00,1052.8757,1172.5896,949.5549
forecast_4911,2025-07-24 15:00,1101.7937,1166.4977,874.5471
forecast_4912,2025-07-24 16:00,1176.133,1636.6196,1252.1372
forecast_4913,2025-07-24 17:00,1215.434,1287.7963,821.9917
forecast_4914,2025-07-24 18:00,1102.1155,1161.1576,778.27026
forecast_4915,2025-07-24 19:00,1292.4318,1326.1719,891.20386
forecast_4916,2025-07-24 20:00,1435.7965,1475.1752,940.30145
forecast_4917,2025-07-24 21:00,1513.7627,1567.8737,938.7342
forecast_4918,2025-07-24 22:00,2361.0742,2692.5474,1454.0077
forecast_4919,2025-07-24 23:00,2836.9165,3092.6226,1677.7584
forecast_4920,2025-07-25 0:00,2474.2603,2481.0728,1542.7715
forecast_4921,2025-07-25 1:00,2905.9226,2780.3938,1826.654
forecast_4922,2025-07-25 2:00,4265.572,4174.731,2713.0771
forecast_4923,2025-07-25 3:00,4147.513,3707.2297,2382.9092
forecast_4924,2025-07-25 4:00,3646.7642,3514.815,2191.7358
forecast_4925,2025-07-25 5:00,3580.7292,3292.1738,2110.2312
forecast_4926,2025-07-25 6:00,3121.1787,2932.7588,1951.9915
forecast_4927,2025-07-25 7:00,2431.8247,2347.7156,1507.4514
forecast_4928,2025-07-25 8:00,1794.2281,1599.4135,957.27625
forecast_4929,2025-07-25 9:00,1588.1946,1403.0024,849.80835
forecast_4930,2025-07-25 10:00,1236.1366,1192.5726,824.09595
forecast_4931,2025-07-25 11:00,1200.814,1135.1691,818.4509
forecast_4932,2025-07-25 12:00,1131.5168,1093.4753,746.9708
forecast_4933,2025-07-25 13:00,1088.6404,1080.9678,747.2126
forecast_4934,2025-07-25 14:00,1117.2653,1109.5062,861.95245
forecast_4935,2025-07-25 15:00,1144.4626,1165.6691,861.2562
forecast_4936,2025-07-25 16:00,1099.1228,1155.7217,941.5486
forecast_4937,2025-07-25 17:00,1116.4531,1156.1575,850.9707
forecast_4938,2025-07-25 18:00,1233.8252,1288.9335,788.1946
forecast_4939,2025-07-25 19:00,1854.1365,1745.45,1097.6462
forecast_4940,2025-07-25 20:00,2544.509,2822.2761,1560.4608
forecast_4941,2025-07-25 21:00,3507.8374,3366.6902,2092.4434
forecast_4942,2025-07-25 22:00,4188.1543,3775.192,2604.743
forecast_4943,2025-07-25 23:00,4800.3516,4621.662,3362.8894
forecast_4944,2025-07-26 0:00,5238.691,4977.171,3503.3655
forecast_4945,2025-07-26 1:00,6457.587,7542.322,5082.9478
forecast_4946,2025-07-26 2:00,7082.5737,7177.4595,5140.319
forecast_4947,2025-07-26 3:00,6922.247,6881.4585,4404.021
forecast_4948,2025-07-26 4:00,5881.099,5728.9126,3641.4995
forecast_4949,2025-07-26 5:00,4574.605,4093.8953,2498.1716
forecast_4950,2025-07-26 6:00,3001.4143,2843.4978,1717.1876
forecast_4951,2025-07-26 7:00,2681.7808,2579.9873,1326.6145
forecast_4952,2025-07-26 8:00,2266.0115,2001.8733,1149.2965
forecast_4953,2025-07-26 9:00,1644.0854,1478.7323,1004.6734
forecast_4954,2025-07-26 10:00,1344.2839,1312.4758,842.24347
forecast_4955,2025-07-26 11:00,1198.2288,1160.0725,835.7363
forecast_4956,2025-07-26 12:00,1136.8192,1123.0049,767.15717
forecast_4957,2025-07-26 13:00,1094.8746,1097.4762,783.7277
forecast_4958,2025-07-26 14:00,1085.4749,1095.7017,829.5994
forecast_4959,2025-07-26 15:00,1097.9338,1174.2852,787.13007
forecast_4960,2025-07-26 16:00,1057.2644,1099.0392,841.04285
forecast_4961,2025-07-26 17:00,1070.6365,1100.7333,807.9564
forecast_4962,2025-07-26 18:00,1075.1399,1228.7607,840.48083
forecast_4963,2025-07-26 19:00,1379.5681,1465.97,914.636
forecast_4964,2025-07-26 20:00,1903.1853,1925.0502,1090.5251
forecast_4965,2025-07-26 21:00,2337.8813,2270.485,1242.0005
forecast_4966,2025-07-26 22:00,3004.6936,3048.895,1738.2456
forecast_4967,2025-07-26 23:00,4668.7266,4564.3774,2906.3083
forecast_4968,2025-07-27 0:00,6453.0767,6717.887,5380.4976
forecast_4969,2025-07-27 1:00,9489.498,11014.411,7860.476
forecast_4970,2025-07-27 2:00,9147.021,10616.329,7473.9854
forecast_4971,2025-07-27 3:00,8383.895,8856.219,6338.1484
forecast_4972,2025-07-27 4:00,7686.163,8238.706,5726.115
forecast_4973,2025-07-27 5:00,6138.728,6231.696,4530.4287
forecast_4974,2025-07-27 6:00,6842.64,5998.0063,4465.0884
forecast_4975,2025-07-27 7:00,5125.847,4866.996,3286.3264
forecast_4976,2025-07-27 8:00,3763.7239,3309.6748,1964.1189
forecast_4977,2025-07-27 9:00,2125.7292,2123.3357,1322.8523
forecast_4978,2025-07-27 10:00,1731.9138,1622.9493,1067.538
forecast_4979,2025-07-27 11:00,1733.7966,1733.2009,1175.8359
forecast_4980,2025-07-27 12:00,1688.5015,1757.6495,1099.7792
forecast_4981,2025-07-27 13:00,1629.3783,1604.5363,1032.1191
forecast_4982,2025-07-27 14:00,1621.6888,1651.5989,1035.6901
forecast_4983,2025-07-27 15:00,1790.8982,1706.4478,1262.2543
forecast_4984,2025-07-27 16:00,1980.1581,1988.8984,1567.3219
forecast_4985,2025-07-27 17:00,2172.9814,2429.2866,1596.7227
forecast_4986,2025-07-27 18:00,2406.3884,2589.452,1662.3376
forecast_4987,2025-07-27 19:00,3831.8457,3840.9949,2574.6743
forecast_4988,2025-07-27 20:00,5201.4287,5660.0073,3565.4033
forecast_4989,2025-07-27 21:00,6152.5605,6505.086,4158.6255
forecast_4990,2025-07-27 22:00,7427.682,7474.018,6232.464
forecast_4991,2025-07-27 23:00,8080.321,9475.627,7198.111
forecast_4992,2025-07-28 0:00,8741.496,10137.117,7733.984
forecast_4993,2025-07-28 1:00,9262.438,10237.365,7852.669
forecast_4994,2025-07-28 2:00,10458.765,9714.166,8641.96
forecast_4995,2025-07-28 3:00,10885.86,9939.397,8631.897
forecast_4996,2025-07-28 4:00,10719.249,10000.483,7971.782
forecast_4997,2025-07-28 5:00,8858.33,8833.831,6761.238
forecast_4998,2025-07-28 6:00,7777.8643,7423.586,5089.792
forecast_4999,2025-07-28 7:00,6332.346,5778.5205,3438.9602
forecast_5000,2025-07-28 8:00,4219.176,3748.7876,1993.7692
forecast_5001,2025-07-28 9:00,2581.1646,2151.987,1229.2385
forecast_5002,2025-07-28 10:00,1792.2178,1481.0573,933.48346
forecast_5003,2025-07-28 11:00,1246.5443,1222.5383,809.1945
forecast_5004,2025-07-28 12:00,1191.3738,1154.9497,773.6784
forecast_5005,2025-07-28 13:00,1211.2328,1223.5972,831.1828
forecast_5006,2025-07-28 14:00,1263.8746,1459.5593,983.5945
forecast_5007,2025-07-28 15:00,1061.9193,1156.651,762.03204
forecast_5008,2025-07-28 16:00,1212.2024,1583.8464,1143.9829
forecast_5009,2025-07-28 17:00,1309.3206,1273.4347,901.4074
forecast_5010,2025-07-28 18:00,1295.5231,1331.7811,1028.9277
forecast_5011,2025-07-28 19:00,1228.9828,1154.5364,939.1689
forecast_5012,2025-07-28 20:00,1357.9104,1216.5277,957.4934
forecast_5013,2025-07-28 21:00,1632.9713,1427.7216,1074.692
forecast_5014,2025-07-28 22:00,1910.2694,1606.975,1102.6436
forecast_5015,2025-07-28 23:00,1543.7452,1513.5237,1080.4602
forecast_5016,2025-07-29 0:00,1530.9572,1561.5466,1028.4266
forecast_5017,2025-07-29 1:00,2784.946,2848.3093,1671.8652
forecast_5018,2025-07-29 2:00,3220.2012,2933.8877,1706.0177
forecast_5019,2025-07-29 3:00,3054.817,2857.613,1617.011
forecast_5020,2025-07-29 4:00,2835.3054,2430.873,1429.7257
forecast_5021,2025-07-29 5:00,2326.082,2053.3044,1140.741
forecast_5022,2025-07-29 6:00,1776.1864,1618.333,1003.11975
forecast_5023,2025-07-29 7:00,1360.6833,1383.5028,834.5306
forecast_5024,2025-07-29 8:00,1216.503,1249.2274,818.5983
forecast_5025,2025-07-29 9:00,1162.522,1165.8965,786.8219
forecast_5026,2025-07-29 10:00,1122.2151,1163.4816,744.6274
forecast_5027,2025-07-29 11:00,1117.7528,1185.4182,751.5428
forecast_5028,2025-07-29 12:00,1119.8877,1159.4349,789.5592
forecast_5029,2025-07-29 13:00,1086.3452,1262.7323,875.3178
forecast_5030,2025-07-29 14:00,1118.0742,1338.9554,864.70465
forecast_5031,2025-07-29 15:00,1077.4043,1177.8428,776.68115
forecast_5032,2025-07-29 16:00,1118.3456,1147.8722,769.76874
forecast_5033,2025-07-29 17:00,1047.8054,1110.7458,778.36584
forecast_5034,2025-07-29 18:00,1131.8003,1075.4514,815.11896
forecast_5035,2025-07-29 19:00,1224.9946,1198.6914,852.7969
forecast_5036,2025-07-29 20:00,1286.0602,1372.8882,793.181
forecast_5037,2025-07-29 21:00,1352.1301,1430.8862,763.74445
forecast_5038,2025-07-29 22:00,2152.5176,2045.327,1142.7593
forecast_5039,2025-07-29 23:00,2195.3894,2079.4985,1060.3156
forecast_5040,2025-07-30 0:00,2988.4956,2708.6404,1403.969
forecast_5041,2025-07-30 1:00,2637.1272,2777.975,1541.3873
forecast_5042,2025-07-30 2:00,2977.833,2970.432,1815.845
forecast_5043,2025-07-30 3:00,2686.6006,2530.1538,1458.1423
forecast_5044,2025-07-30 4:00,2074.5034,1941.2396,1172.9841
forecast_5045,2025-07-30 5:00,1477.6503,1505.707,957.4339
forecast_5046,2025-07-30 6:00,1436.9242,1497.0845,873.0771
forecast_5047,2025-07-30 7:00,1332.1265,1350.4073,860.13635
forecast_5048,2025-07-30 8:00,1350.4272,1426.1832,798.2026
forecast_5049,2025-07-30 9:00,1362.5702,1453.3938,727.75085
forecast_5050,2025-07-30 10:00,1235.1803,1254.0292,740.5508
forecast_5051,2025-07-30 11:00,1298.907,1350.2815,740.5508
forecast_5052,2025-07-30 12:00,1401.6725,1421.9346,743.17145
forecast_5053,2025-07-30 13:00,1335.5828,1358.5913,798.2026
forecast_5054,2025-07-30 14:00,1527.8,1481.5945,798.2026
forecast_5055,2025-07-30 15:00,1482.691,1412.8606,798.2026
forecast_5056,2025-07-30 16:00,1411.3601,1483.1727,740.5508
forecast_5057,2025-07-30 17:00,1399.9847,1422.439,727.75085
forecast_5058,2025-07-30 18:00,1398.2498,1337.6704,726.47327
forecast_5059,2025-07-30 19:00,1393.4922,1391.8179,740.5508
forecast_5060,2025-07-30 20:00,1596.0364,1384.428,759.7707
forecast_5061,2025-07-30 21:00,1713.7803,1519.815,817.4225
forecast_5062,2025-07-30 22:00,2415.0737,1961.8512,953.63055
forecast_5063,2025-07-30 23:00,2583.9058,2421.8098,1060.3943
forecast_5064,2025-07-31 0:00,2325.3306,2233.077,971.18353
forecast_5065,2025-07-31 1:00,3154.5398,3277.2864,1452.9702
forecast_5066,2025-07-31 2:00,4186.0415,4132.184,1847.5293
forecast_5067,2025-07-31 3:00,4783.048,4996.1597,2357.645
forecast_5068,2025-07-31 4:00,4963.6455,5642.3667,2716.2222
forecast_5069,2025-07-31 5:00,3986.5732,4209.693,2121.8188
forecast_5070,2025-07-31 6:00,2900.188,2914.325,1445.2537
forecast_5071,2025-07-31 7:00,2711.9395,2568.528,1160.6375
forecast_5072,2025-07-31 8:00,1977.1244,1914.2797,904.1333
forecast_5073,2025-07-31 9:00,1764.1908,1655.6338,888.44086
forecast_5074,2025-07-31 10:00,1495.3142,1571.4717,824.49194
forecast_5075,2025-07-31 11:00,1725.384,1796.2593,904.1333
forecast_5076,2025-07-31 12:00,1644.6786,1910.4875,921.5224
forecast_5077,2025-07-31 13:00,1483.7703,1711.2738,901.872
forecast_5078,2025-07-31 14:00,1517.6014,1692.3785,888.83594
forecast_5079,2025-07-31 15:00,1591.5062,1629.7303,925.5934
forecast_5080,2025-07-31 16:00,1478.8434,1571.6954,954.4067
forecast_5081,2025-07-31 17:00,1447.0164,1482.6025,987.5004
forecast_5082,2025-07-31 18:00,1453.9408,1467.6809,882.11664
forecast_5083,2025-07-31 19:00,1382.1802,1447.8702,823.6585
forecast_5084,2025-07-31 20:00,1464.5531,1445.9545,824.09595
forecast_5085,2025-07-31 21:00,1380.4854,1429.1014,798.2026
forecast_5086,2025-07-31 22:00,1810.0326,1738.0912,826.7532
forecast_5087,2025-07-31 23:00,1847.8766,1728.3434,901.476
forecast_5088,2025-08-01 0:00,1587.128,1622.3434,798.2026
forecast_5089,2025-08-01 1:00,1805.6837,1862.152,964.36755
forecast_5090,2025-08-01 2:00,1574.3209,1626.3768,877.84393
forecast_5091,2025-08-01 3:00,1510.8795,1577.6135,962.8868
forecast_5092,2025-08-01 4:00,1347.4095,1344.9258,864.8088
forecast_5093,2025-08-01 5:00,1293.1023,1345.838,837.9971
forecast_5094,2025-08-01 6:00,1295.9785,1271.082,809.1945
forecast_5095,2025-08-01 7:00,1307.5624,1333.0945,758.664
forecast_5096,2025-08-01 8:00,1189.4167,1235.1245,751.7988
forecast_5097,2025-08-01 9:00,1135.7565,1169.6637,747.2784
forecast_5098,2025-08-01 10:00,1092.7561,1101.1572,727.75085
forecast_5099,2025-08-01 11:00,1108.4324,1158.3752,751.5428
forecast_5100,2025-08-01 12:00,1215.5326,1262.0123,824.09595
forecast_5101,2025-08-01 13:00,1249.0902,1321.5787,888.44086
forecast_5102,2025-08-01 14:00,1171.6974,1223.8153,817.4225
forecast_5103,2025-08-01 15:00,1072.8365,1143.0679,740.5508
forecast_5104,2025-08-01 16:00,1044.6198,1138.653,713.67346
forecast_5105,2025-08-01 17:00,1012.0736,1129.5051,713.67346
forecast_5106,2025-08-01 18:00,1107.0807,1233.0236,713.67346
forecast_5107,2025-08-01 19:00,1418.9326,1541.4973,824.49194
forecast_5108,2025-08-01 20:00,1430.0969,1550.3921,818.4509
forecast_5109,2025-08-01 21:00,1572.4374,1554.5819,818.4509
forecast_5110,2025-08-01 22:00,1766.6299,1727.2234,820.7122
forecast_5111,2025-08-01 23:00,1486.2999,1415.6624,809.1945
forecast_5112,2025-08-02 0:00,1600.3787,1648.8275,818.4509
forecast_5113,2025-08-02 1:00,4499.862,4297.6113,2457.16
forecast_5114,2025-08-02 2:00,5652.5835,5567.5625,3141.7415
forecast_5115,2025-08-02 3:00,6870.5054,6436.867,3946.6433
forecast_5116,2025-08-02 4:00,7649.64,8254.873,5124.4604
forecast_5117,2025-08-02 5:00,8030.2944,8938.655,5763.5024
forecast_5118,2025-08-02 6:00,8604.933,9488.997,6766.7925
forecast_5119,2025-08-02 7:00,8313.718,8834.629,5581.208
forecast_5120,2025-08-02 8:00,7070.974,7167.2446,3861.0425
forecast_5121,2025-08-02 9:00,5328.576,5443.7886,2884.2014
forecast_5122,2025-08-02 10:00,3232.379,3100.6587,1849.019
forecast_5123,2025-08-02 11:00,2558.658,2316.216,1491.3041
forecast_5124,2025-08-02 12:00,2422.8867,2205.6257,1465.4819
forecast_5125,2025-08-02 13:00,2188.7942,2112.009,1354.4142
forecast_5126,2025-08-02 14:00,2343.8755,2071.1196,1317.8801
forecast_5127,2025-08-02 15:00,1804.6396,1801.9325,1022.2981
forecast_5128,2025-08-02 16:00,1977.268,2039.4851,1251.809
forecast_5129,2025-08-02 17:00,1717.2382,1769.278,1065.6191
forecast_5130,2025-08-02 18:00,1650.346,1646.5431,901.872
forecast_5131,2025-08-02 19:00,1946.5391,1791.1486,931.8647
forecast_5132,2025-08-02 20:00,2020.7357,1929.5946,1042.7168
forecast_5133,2025-08-02 21:00,2447.979,2623.7434,1468.242
forecast_5134,2025-08-02 22:00,2872.0085,2887.0874,1536.0338
forecast_5135,2025-08-02 23:00,2844.9355,2758.1306,1573.915
forecast_5136,2025-08-03 0:00,3038.703,3141.71,1809.9227
forecast_5137,2025-08-03 1:00,4400.8623,4084.2803,2426.8965
forecast_5138,2025-08-03 2:00,4813.316,4635.5903,2743.4578
forecast_5139,2025-08-03 3:00,5039.2363,4770.119,2550.6033
forecast_5140,2025-08-03 4:00,3740.705,3445.9048,1925.0198
forecast_5141,2025-08-03 5:00,3049.937,2521.5107,1538.9639
forecast_5142,2025-08-03 6:00,2011.0015,1756.5697,1016.0244
forecast_5143,2025-08-03 7:00,1470.5771,1316.9613,798.2026
forecast_5144,2025-08-03 8:00,1486.6075,1390.1024,818.4509
forecast_5145,2025-08-03 9:00,1377.6198,1392.8135,818.4509
forecast_5146,2025-08-03 10:00,1173.0558,1232.1777,798.2026
forecast_5147,2025-08-03 11:00,1090.4535,1214.256,796.6898
forecast_5148,2025-08-03 12:00,1194.0323,1407.9259,887.97473
forecast_5149,2025-08-03 13:00,1386.0286,1570.4628,1005.04565
forecast_5150,2025-08-03 14:00,1768.7388,2056.6787,1137.6837
forecast_5151,2025-08-03 15:00,2386.09,2694.036,1694.6372
forecast_5152,2025-08-03 16:00,2343.0251,2864.3403,1507.666
forecast_5153,2025-08-03 17:00,2814.118,3259.8108,1758.358
forecast_5154,2025-08-03 18:00,3116.9246,3512.8774,1984.1311
forecast_5155,2025-08-03 19:00,4698.994,5729.205,4190.82
forecast_5156,2025-08-03 20:00,5183.007,6077.6587,4446.8325
forecast_5157,2025-08-03 21:00,5247.3115,6255.25,3569.941
forecast_5158,2025-08-03 22:00,6081.4736,6861.9023,4066.002
forecast_5159,2025-08-03 23:00,6014.7144,7416.719,4167.193
forecast_5160,2025-08-04 0:00,6320.6943,7584.2217,4088.582
forecast_5161,2025-08-04 1:00,4887.8584,6453.6416,2792.943
forecast_5162,2025-08-04 2:00,5797.181,6893.03,3934.8687
forecast_5163,2025-08-04 3:00,5898.0845,6274.5815,3048.9321
forecast_5164,2025-08-04 4:00,7470.281,8917.786,5673.8564
forecast_5165,2025-08-04 5:00,7026.2437,8199.286,4965.0215
forecast_5166,2025-08-04 6:00,6997.2314,8523.763,5865.844
forecast_5167,2025-08-04 7:00,7801.8965,10075.698,7063.328
forecast_5168,2025-08-04 8:00,7473.9644,9415.518,6752.1074
forecast_5169,2025-08-04 9:00,6565.6426,7581.0117,5419.8823
forecast_5170,2025-08-04 10:00,5579.922,6811.111,3934.3137
forecast_5171,2025-08-04 11:00,6753.5425,8886.369,5222.8076
forecast_5172,2025-08-04 12:00,6671.7764,8148.7563,5240.4683
forecast_5173,2025-08-04 13:00,5101.5,5636.414,3036.728
forecast_5174,2025-08-04 14:00,3279.3577,3315.653,1667.2186
forecast_5175,2025-08-04 15:00,3140.3335,3326.1262,1922.154
forecast_5176,2025-08-04 16:00,3102.978,3293.916,2089.0142
forecast_5177,2025-08-04 17:00,3217.2969,3365.3083,1936.4974
forecast_5178,2025-08-04 18:00,3328.5405,3787.4492,2037.5621
forecast_5179,2025-08-04 19:00,3736.0903,4111.2476,2867.934
forecast_5180,2025-08-04 20:00,3627.6245,3739.7217,2748.7327
forecast_5181,2025-08-04 21:00,5356.151,5988.8525,4807.802
forecast_5182,2025-08-04 22:00,6352.151,7166.41,4556.165
forecast_5183,2025-08-04 23:00,7567.5264,7934.814,5739.957
forecast_5184,2025-08-05 0:00,8113.6553,9767.183,6344.332
forecast_5185,2025-08-05 1:00,4950.748,5166.037,2764.3677
forecast_5186,2025-08-05 2:00,4619.1807,4613.611,2387.5466
forecast_5187,2025-08-05 3:00,4570.3853,4385.52,2102.304
forecast_5188,2025-08-05 4:00,4380.1333,4130.444,2011.3027
forecast_5189,2025-08-05 5:00,3197.9634,3063.0474,1585.1748
forecast_5190,2025-08-05 6:00,2601.76,2650.3237,1308.5582
forecast_5191,2025-08-05 7:00,2843.9827,3022.9045,1601.3138
forecast_5192,2025-08-05 8:00,2847.6987,2828.0479,1491.1036
forecast_5193,2025-08-05 9:00,2487.1448,2445.0183,1357.8278
forecast_5194,2025-08-05 10:00,2309.3777,2508.5764,1313.2787
forecast_5195,2025-08-05 11:00,2654.4026,2690.7727,1659.0233
forecast_5196,2025-08-05 12:00,3336.5527,3729.2039,2131.495
forecast_5197,2025-08-05 13:00,4076.0244,4359.805,2862.2585
forecast_5198,2025-08-05 14:00,5158.082,5699.148,4208.092
forecast_5199,2025-08-05 15:00,6398.608,6512.268,5196.703
forecast_5200,2025-08-05 16:00,9096.884,8877.476,7764.0684
forecast_5201,2025-08-05 17:00,8387.214,8658.86,7551.4067
forecast_5202,2025-08-05 18:00,6913.9907,6788.18,5631.172
forecast_5203,2025-08-05 19:00,6125.1147,6311.7173,4999.5996
forecast_5204,2025-08-05 20:00,7392.085,7759.078,5677.614
forecast_5205,2025-08-05 21:00,8391.316,9217.882,7110.5376
forecast_5206,2025-08-05 22:00,9050.633,9828.365,8081.273
forecast_5207,2025-08-05 23:00,9325.758,11095.276,8558.942
forecast_5208,2025-08-06 0:00,8641.77,11219.913,7808.062
forecast_5209,2025-08-06 1:00,12657.468,14254.159,11861.851
forecast_5210,2025-08-06 2:00,13049.937,14613.725,12517.804
forecast_5211,2025-08-06 3:00,12498.944,13781.458,11106.081
forecast_5212,2025-08-06 4:00,10880.182,13317.276,10449.061
forecast_5213,2025-08-06 5:00,12014.922,14063.629,11148.778
forecast_5214,2025-08-06 6:00,12348.895,14464.877,12039.524
forecast_5215,2025-08-06 7:00,12555.114,14908.35,11893.994
forecast_5216,2025-08-06 8:00,11594.494,14445.89,11557.818
forecast_5217,2025-08-06 9:00,12332.057,14857.4795,12314.48
forecast_5218,2025-08-06 10:00,12300.03,15007.705,12972.55
forecast_5219,2025-08-06 11:00,12128.2,14902.35,12517.382
forecast_5220,2025-08-06 12:00,11804.903,14568.096,12032.097
forecast_5221,2025-08-06 13:00,12930.485,16506.084,14420.028
forecast_5222,2025-08-06 14:00,13763.385,16619.488,15582.1
forecast_5223,2025-08-06 15:00,13112.845,15401.974,13575.251
forecast_5224,2025-08-06 16:00,12216.331,14931.9795,12661.825
forecast_5225,2025-08-06 17:00,13096.353,15430.433,13682.861
forecast_5226,2025-08-06 18:00,14564.921,16920.564,14908.386
forecast_5227,2025-08-06 19:00,15482.699,17012.738,15508.392
forecast_5228,2025-08-06 20:00,14049.511,16091.808,14609.012
forecast_5229,2025-08-06 21:00,15312.467,16943.486,16161.38
forecast_5230,2025-08-06 22:00,15455.819,16896.295,16226.873
forecast_5231,2025-08-06 23:00,14229.959,16340.768,15888.2295
forecast_5232,2025-08-07 0:00,14876.344,16688.688,15846.652
forecast_5233,2025-08-07 1:00,15059.393,15949.653,15685.551
forecast_5234,2025-08-07 2:00,15413.753,16389.043,15907.06
forecast_5235,2025-08-07 3:00,15448.884,16539.742,15841.406
forecast_5236,2025-08-07 4:00,15364.568,16535.625,15620.831
forecast_5237,2025-08-07 5:00,15588.736,16728.342,15800.581
forecast_5238,2025-08-07 6:00,15428.298,16592.13,14750.8125
forecast_5239,2025-08-07 7:00,14237.143,15211.632,13209.711
forecast_5240,2025-08-07 8:00,11990.449,12789.835,10376.915
forecast_5241,2025-08-07 9:00,8642.316,8863.558,6173.785
forecast_5242,2025-08-07 10:00,5959.8955,5581.6934,3515.2883
forecast_5243,2025-08-07 11:00,4567.733,4113.395,2469.2559
forecast_5244,2025-08-07 12:00,3580.8535,3228.4927,1899.3485
forecast_5245,2025-08-07 13:00,2178.1733,1940.4656,1134.7665
forecast_5246,2025-08-07 14:00,1804.2589,1556.8711,870.433
forecast_5247,2025-08-07 15:00,1774.4419,1470.4551,797.4974
forecast_5248,2025-08-07 16:00,1727.155,1709.1199,836.6087
forecast_5249,2025-08-07 17:00,1852.5706,1712.1132,937.90234
forecast_5250,2025-08-07 18:00,2077.1792,2012.3645,1049.0247
forecast_5251,2025-08-07 19:00,1870.2096,1846.0125,1081.9711
forecast_5252,2025-08-07 20:00,2227.1587,2205.7646,1199.3848
forecast_5253,2025-08-07 21:00,3178.0361,3183.1523,1718.4927
forecast_5254,2025-08-07 22:00,4791.2725,4888.0405,2506.901
forecast_5255,2025-08-07 23:00,6267.4346,6730.389,4144.121
forecast_5256,2025-08-08 0:00,7474.796,8339.437,5577.742
forecast_5257,2025-08-08 1:00,6841.8706,6930.1978,4717.2007
forecast_5258,2025-08-08 2:00,6397.161,6401.044,4202.988
forecast_5259,2025-08-08 3:00,5739.6553,6055.6357,4008.1208
forecast_5260,2025-08-08 4:00,5035.786,4775.36,3194.1445
forecast_5261,2025-08-08 5:00,4563.586,3864.699,2593.625
forecast_5262,2025-08-08 6:00,2959.046,2468.3926,1599.303
forecast_5263,2025-08-08 7:00,1900.0085,1724.3599,1108.9988
forecast_5264,2025-08-08 8:00,1526.4017,1583.3809,849.6735
forecast_5265,2025-08-08 9:00,1272.6984,1240.8711,751.5428
forecast_5266,2025-08-08 10:00,1109.9028,1170.246,713.67346
forecast_5267,2025-08-08 11:00,1149.701,1156.6393,727.75085
forecast_5268,2025-08-08 12:00,1148.4951,1198.9174,809.1945
forecast_5269,2025-08-08 13:00,1147.6315,1224.4767,882.147
forecast_5270,2025-08-08 14:00,1166.797,1187.3444,848.29346
forecast_5271,2025-08-08 15:00,1115.2548,1142.2004,822.7556
forecast_5272,2025-08-08 16:00,1096.771,1100.3822,788.6262
forecast_5273,2025-08-08 17:00,1087.3463,1170.8882,761.59204
forecast_5274,2025-08-08 18:00,1112.7701,1117.4103,738.74286
forecast_5275,2025-08-08 19:00,1179.6332,1222.2606,809.1945
forecast_5276,2025-08-08 20:00,1315.4233,1376.6279,843.72736
forecast_5277,2025-08-08 21:00,1344.7616,1546.926,824.09595
forecast_5278,2025-08-08 22:00,1940.8508,2221.405,1186.9148
forecast_5279,2025-08-08 23:00,2831.0916,3086.2961,1786.9554
forecast_5280,2025-08-09 0:00,3787.6414,3653.3389,1998.2684
forecast_5281,2025-08-09 1:00,2699.1282,2720.4338,1338.568
forecast_5282,2025-08-09 2:00,3545.6738,3602.3225,1824.3759
forecast_5283,2025-08-09 3:00,3218.4595,3448.346,1833.3301
forecast_5284,2025-08-09 4:00,4495.3027,4637.3184,2464.1719
forecast_5285,2025-08-09 5:00,5081.9336,5391.8037,2837.1328
forecast_5286,2025-08-09 6:00,4284.4297,4431.829,2452.9524
forecast_5287,2025-08-09 7:00,4108.372,4146.0874,2280.231
forecast_5288,2025-08-09 8:00,3664.3694,3876.9785,2165.5076
forecast_5289,2025-08-09 9:00,3827.3257,3662.5522,2013.9507
forecast_5290,2025-08-09 10:00,3814.9482,3782.3235,2076.223
forecast_5291,2025-08-09 11:00,3432.0154,3706.1328,1961.8644
forecast_5292,2025-08-09 12:00,3135.1467,3498.9382,1790.787
forecast_5293,2025-08-09 13:00,2463.2524,2733.3276,1565.0542
forecast_5294,2025-08-09 14:00,1700.3844,1758.924,1224.2279
forecast_5295,2025-08-09 15:00,1892.503,1811.448,1185.7129
forecast_5296,2025-08-09 16:00,1448.0935,1484.461,965.0055
forecast_5297,2025-08-09 17:00,1768.6721,1788.0654,1040.5162
forecast_5298,2025-08-09 18:00,1812.0789,1867.861,1123.3909
forecast_5299,2025-08-09 19:00,2391.7026,2697.2388,1487.3444
forecast_5300,2025-08-09 20:00,2978.034,3338.3623,1677.1484
forecast_5301,2025-08-09 21:00,3221.198,3391.815,1852.8484
forecast_5302,2025-08-09 22:00,2729.7275,2940.3035,1381.1108
forecast_5303,2025-08-09 23:00,2202.0337,2473.7114,1290.5393
forecast_5304,2025-08-10 0:00,1997.1876,2376.695,1155.7283
forecast_5305,2025-08-10 1:00,1570.2905,1655.3922,1008.4831
forecast_5306,2025-08-10 2:00,1584.3132,1649.7977,957.3129
forecast_5307,2025-08-10 3:00,1649.8331,1728.393,988.04614
forecast_5308,2025-08-10 4:00,1910.3492,1945.3988,1066.4852
forecast_5309,2025-08-10 5:00,2216.033,2172.886,1191.0978
forecast_5310,2025-08-10 6:00,2387.3508,2478.879,1202.5735
forecast_5311,2025-08-10 7:00,2355.5774,2369.4128,1108.0344
forecast_5312,2025-08-10 8:00,1758.8237,1762.5416,936.63086
forecast_5313,2025-08-10 9:00,1718.148,1700.7896,851.23895
forecast_5314,2025-08-10 10:00,1565.3512,1517.5125,862.5474
forecast_5315,2025-08-10 11:00,1489.2603,1571.9917,904.1333
forecast_5316,2025-08-10 12:00,1369.216,1486.4296,904.1333
forecast_5317,2025-08-10 13:00,1314.3636,1450.4142,909.23987
forecast_5318,2025-08-10 14:00,1315.01,1466.4436,901.872
forecast_5319,2025-08-10 15:00,1298.2363,1449.9062,901.872
forecast_5320,2025-08-10 16:00,1245.5476,1370.6387,882.7959
forecast_5321,2025-08-10 17:00,1199.178,1235.274,818.4509
forecast_5322,2025-08-10 18:00,1178.5657,1141.018,728.9087
forecast_5323,2025-08-10 19:00,1156.3652,1116.7537,751.5428
forecast_5324,2025-08-10 20:00,1235.3674,1181.2573,740.5508
forecast_5325,2025-08-10 21:00,1306.7938,1231.6895,740.5508
forecast_5326,2025-08-10 22:00,1374.2588,1294.6042,809.4686
forecast_5327,2025-08-10 23:00,1340.457,1296.418,849.40515
forecast_5328,2025-08-11 0:00,1359.1984,1402.1716,845.09937
forecast_5329,2025-08-11 1:00,1434.6965,1476.9258,874.97797
forecast_5330,2025-08-11 2:00,1474.8192,1507.6053,845.46783
forecast_5331,2025-08-11 3:00,1500.9647,1518.4968,824.09595
forecast_5332,2025-08-11 4:00,1538.615,1554.5996,818.4509
forecast_5333,2025-08-11 5:00,1517.7631,1557.0931,824.49194
forecast_5334,2025-08-11 6:00,1430.6268,1459.682,798.2026
forecast_5335,2025-08-11 7:00,1314.3577,1350.1051,798.2026
forecast_5336,2025-08-11 8:00,1247.121,1409.1638,798.2026
forecast_5337,2025-08-11 9:00,1247.0513,1363.358,740.5508
forecast_5338,2025-08-11 10:00,1125.2136,1207.069,721.4254
forecast_5339,2025-08-11 11:00,1093.8652,1180.7072,713.67346
forecast_5340,2025-08-11 12:00,1151.5557,1177.9667,727.75085
forecast_5341,2025-08-11 13:00,1053.8597,1124.9806,727.75085
forecast_5342,2025-08-11 14:00,1049.8029,1083.0874,783.1159
forecast_5343,2025-08-11 15:00,1056.802,1160.4368,782.9925
forecast_5344,2025-08-11 16:00,1148.1998,1247.0809,762.4389
forecast_5345,2025-08-11 17:00,1077.8936,1135.9318,783.53845
forecast_5346,2025-08-11 18:00,1091.7426,1122.4926,793.5297
forecast_5347,2025-08-11 19:00,1184.5648,1205.4292,801.3387
forecast_5348,2025-08-11 20:00,1157.6744,1279.5448,759.7707
forecast_5349,2025-08-11 21:00,1248.1414,1299.0944,823.0045
forecast_5350,2025-08-11 22:00,1314.9568,1411.6619,910.27026
forecast_5351,2025-08-11 23:00,1309.6279,1419.1252,930.69165
forecast_5352,2025-08-12 0:00,1469.6488,1624.7623,895.83105
forecast_5353,2025-08-12 1:00,2311.7576,2119.4202,1265.1067
forecast_5354,2025-08-12 2:00,2571.8472,2527.2273,1553.6707
forecast_5355,2025-08-12 3:00,4139.7417,3954.464,2342.8342
forecast_5356,2025-08-12 4:00,3289.8496,3118.6272,1512.8872
forecast_5357,2025-08-12 5:00,2583.9646,2442.2568,1159.6676
forecast_5358,2025-08-12 6:00,1981.0146,1900.4569,1006.9551
forecast_5359,2025-08-12 7:00,1518.2091,1597.1333,831.9866
forecast_5360,2025-08-12 8:00,1527.1678,1611.6809,824.09595
forecast_5361,2025-08-12 9:00,1475.7236,1600.3481,814.8996
forecast_5362,2025-08-12 10:00,1368.5792,1400.0594,813.88513
forecast_5363,2025-08-12 11:00,1310.2401,1397.2502,826.3178
forecast_5364,2025-08-12 12:00,1364.0846,1379.8423,818.4509
forecast_5365,2025-08-12 13:00,1265.2632,1297.3527,841.537
forecast_5366,2025-08-12 14:00,1204.5845,1339.3398,908.57465
forecast_5367,2025-08-12 15:00,1161.6746,1216.1261,923.7735
forecast_5368,2025-08-12 16:00,1238.5781,1431.8395,887.7241
forecast_5369,2025-08-12 17:00,1317.2083,1408.5914,959.15
forecast_5370,2025-08-12 18:00,1639.1536,1816.6857,1142.0669
forecast_5371,2025-08-12 19:00,2081.3005,2285.8313,1328.6802
forecast_5372,2025-08-12 20:00,2010.1702,2101.538,1261.7592
forecast_5373,2025-08-12 21:00,2072.2773,2112.3281,1331.854
forecast_5374,2025-08-12 22:00,3390.7058,3778.8828,2317.8284
forecast_5375,2025-08-12 23:00,3129.568,3396.0327,1955.6643
forecast_5376,2025-08-13 0:00,4129.1143,4634.6147,2339.578
forecast_5377,2025-08-13 1:00,3200.8335,2948.5222,1533.3368
forecast_5378,2025-08-13 2:00,4113.1787,3968.6938,2041.9327
forecast_5379,2025-08-13 3:00,4576.071,4635.7905,2380.1318
forecast_5380,2025-08-13 4:00,4189.157,4543.501,2257.5632
forecast_5381,2025-08-13 5:00,3570.182,4236.0757,2022.9819
forecast_5382,2025-08-13 6:00,5255.7812,5473.4395,2838.4224
forecast_5383,2025-08-13 7:00,5619.5244,6764.274,3308.915
forecast_5384,2025-08-13 8:00,5935.683,7971.9478,4273.253
forecast_5385,2025-08-13 9:00,6934.7925,9883.498,5854.651
forecast_5386,2025-08-13 10:00,8169.435,10911.34,6866.85
forecast_5387,2025-08-13 11:00,7812.1177,10726.8955,6731.6772
forecast_5388,2025-08-13 12:00,6507.3447,8782.631,5134.64
forecast_5389,2025-08-13 13:00,6046.995,8377.231,4838.639
forecast_5390,2025-08-13 14:00,6459.4175,9526.893,6386.8623
forecast_5391,2025-08-13 15:00,7259.8447,9805.697,7661.7974
forecast_5392,2025-08-13 16:00,8045.5767,10357.528,8603.572
forecast_5393,2025-08-13 17:00,7810.759,11035.8545,8892.12
forecast_5394,2025-08-13 18:00,7812.7573,11518.238,8818.281
forecast_5395,2025-08-13 19:00,9614.953,13315.335,10818.9
forecast_5396,2025-08-13 20:00,12895.852,15210.522,14306.945
forecast_5397,2025-08-13 21:00,15083.858,17370.408,16220.071
forecast_5398,2025-08-13 22:00,16846.684,18625.969,17216.37
forecast_5399,2025-08-13 23:00,16822.064,18975.69,17888.531
forecast_5400,2025-08-14 0:00,16715.826,18891.723,17061.19
forecast_5401,2025-08-14 1:00,16909.297,18820.354,16822.916
forecast_5402,2025-08-14 2:00,17039.889,19044.389,18441.86
forecast_5403,2025-08-14 3:00,17210.83,18838.041,17159.86
forecast_5404,2025-08-14 4:00,15986.361,17766.977,16404.8
forecast_5405,2025-08-14 5:00,13938.799,15523.115,14340.596
forecast_5406,2025-08-14 6:00,14515.456,16144.892,14993.508
forecast_5407,2025-08-14 7:00,13398.8545,15221.609,14087.127
forecast_5408,2025-08-14 8:00,13212.672,14746.43,13578.052
forecast_5409,2025-08-14 9:00,13743.985,15321.868,13984.949
forecast_5410,2025-08-14 10:00,13354.998,14637.082,13272.431
forecast_5411,2025-08-14 11:00,11433.204,12693.352,10583.211
forecast_5412,2025-08-14 12:00,9536.156,11082.803,9704.371
forecast_5413,2025-08-14 13:00,8536.145,11006.741,8940.058
forecast_5414,2025-08-14 14:00,8633.707,11344.732,10114.99
forecast_5415,2025-08-14 15:00,9152.127,10941.19,10032.391
forecast_5416,2025-08-14 16:00,11842.875,13547.766,11447.105
forecast_5417,2025-08-14 17:00,12403.785,14228.342,12782.535
forecast_5418,2025-08-14 18:00,12293.198,13863.915,11796.175
forecast_5419,2025-08-14 19:00,11420.098,13209.756,11419.537
forecast_5420,2025-08-14 20:00,12634.596,14237.62,12553.652
forecast_5421,2025-08-14 21:00,13501.345,15359.3125,13487.446
forecast_5422,2025-08-14 22:00,13819.885,15594.756,12753.287
forecast_5423,2025-08-14 23:00,13929.529,14975.91,12465.833
forecast_5424,2025-08-15 0:00,13587.532,14702.088,12040.842
forecast_5425,2025-08-15 1:00,13514.795,14097.795,10619.991
forecast_5426,2025-08-15 2:00,12754.695,13431.363,10131.645
forecast_5427,2025-08-15 3:00,12487.759,12823.552,9821.658
forecast_5428,2025-08-15 4:00,11721.363,11551.5205,8715.63
forecast_5429,2025-08-15 5:00,10177.807,10134.596,7227.8784
forecast_5430,2025-08-15 6:00,9286.854,8727.109,6417.1733
forecast_5431,2025-08-15 7:00,7677.9067,6801.9062,4987.75
forecast_5432,2025-08-15 8:00,5615.1963,5130.8867,3104.801
forecast_5433,2025-08-15 9:00,2940.5508,2482.1328,1570.5122
forecast_5434,2025-08-15 10:00,1898.0114,1542.0507,954.0809
forecast_5435,2025-08-15 11:00,1430.2554,1357.161,888.8368
forecast_5436,2025-08-15 12:00,1436.4204,1373.4268,904.1333
forecast_5437,2025-08-15 13:00,1569.157,1460.8904,966.0769
forecast_5438,2025-08-15 14:00,1719.6307,1498.604,966.0769
forecast_5439,2025-08-15 15:00,1904.4576,1700.1067,1087.6962
forecast_5440,2025-08-15 16:00,1742.3433,1571.516,966.09674
forecast_5441,2025-08-15 17:00,1609.5211,1507.2036,956.9727
forecast_5442,2025-08-15 18:00,1593.1805,1470.4808,1042.9331
forecast_5443,2025-08-15 19:00,1583.6741,1480.8572,972.5494
forecast_5444,2025-08-15 20:00,2727.96,2638.577,1740.6874
forecast_5445,2025-08-15 21:00,3610.4204,4040.3064,2605.1287
forecast_5446,2025-08-15 22:00,4920.22,4957.5684,2966.7515
forecast_5447,2025-08-15 23:00,6381.277,6257.008,4143.363
forecast_5448,2025-08-16 0:00,8211.892,8805.396,5978.361
forecast_5449,2025-08-16 1:00,10474.934,11139.888,8198.411
forecast_5450,2025-08-16 2:00,11860.59,12791.427,9558.755
forecast_5451,2025-08-16 3:00,11896.245,13351.874,10010.292
forecast_5452,2025-08-16 4:00,11543.302,13131.063,9872.891
forecast_5453,2025-08-16 5:00,11119.594,13064.886,9380.339
forecast_5454,2025-08-16 6:00,11415.336,13057.837,9378.388
forecast_5455,2025-08-16 7:00,10692.19,11605.243,7652.789
forecast_5456,2025-08-16 8:00,8935.03,8841.514,5737.457
forecast_5457,2025-08-16 9:00,7881.9556,7969.5137,4625.7705
forecast_5458,2025-08-16 10:00,5991.6895,6004.5,3800.974
forecast_5459,2025-08-16 11:00,5984.222,5971.3496,4361.3916
forecast_5460,2025-08-16 12:00,5875.166,6015.9614,4487.6553
forecast_5461,2025-08-16 13:00,6570.749,6232.9946,5409.784
forecast_5462,2025-08-16 14:00,8290.598,8303.789,7458.437
forecast_5463,2025-08-16 15:00,8539.768,8057.033,7650.5137
forecast_5464,2025-08-16 16:00,8822.954,8305.586,7731.568
forecast_5465,2025-08-16 17:00,9315.478,8726.401,8355.626
forecast_5466,2025-08-16 18:00,11143.423,10886.701,9966.099
forecast_5467,2025-08-16 19:00,11295.13,10988.58,10077.864
forecast_5468,2025-08-16 20:00,13142.62,13876.614,11454.758
forecast_5469,2025-08-16 21:00,15430.937,15600.0205,13989.057
forecast_5470,2025-08-16 22:00,16968.742,17202.818,16168.355
forecast_5471,2025-08-16 23:00,17530.166,17648.86,16308.037
forecast_5472,2025-08-17 0:00,18308.219,18185.879,16090.113
forecast_5473,2025-08-17 1:00,17713.537,17798.285,16260.752
forecast_5474,2025-08-17 2:00,18366.398,18097.87,16298.07
forecast_5475,2025-08-17 3:00,17768.693,17869.312,16170.02
forecast_5476,2025-08-17 4:00,18481.668,18560.443,16515.469
forecast_5477,2025-08-17 5:00,18544.754,18620.885,16519.285
forecast_5478,2025-08-17 6:00,18422.928,18388.895,16399.445
forecast_5479,2025-08-17 7:00,16935.594,17539.201,14811.341
forecast_5480,2025-08-17 8:00,16183.729,17520.86,14375.714
forecast_5481,2025-08-17 9:00,13047.758,14669.968,11808.057
forecast_5482,2025-08-17 10:00,9648.116,10787.163,8299.323
forecast_5483,2025-08-17 11:00,7233.295,7943.0415,5259.6655
forecast_5484,2025-08-17 12:00,5170.942,5192.65,3050.5315
forecast_5485,2025-08-17 13:00,4429.832,4173.0376,2812.0286
forecast_5486,2025-08-17 14:00,4643.955,4245.596,2859.463
forecast_5487,2025-08-17 15:00,4926.706,5007.208,3366.2402
forecast_5488,2025-08-17 16:00,4895.219,4678.36,3207.207
forecast_5489,2025-08-17 17:00,4735.395,4243.97,2587.05
forecast_5490,2025-08-17 18:00,4724.0283,4227.6465,2756.1423
forecast_5491,2025-08-17 19:00,5975.7812,5738.404,3768.4954
forecast_5492,2025-08-17 20:00,5824.871,5653.0054,3712.6223
forecast_5493,2025-08-17 21:00,7323.603,7733.746,5025.723
forecast_5494,2025-08-17 22:00,7228.974,6879.83,4338.5557
forecast_5495,2025-08-17 23:00,5861.3765,5568.917,3862.53
forecast_5496,2025-08-18 0:00,6889.844,6827.4277,4149.948
forecast_5497,2025-08-18 1:00,9855.519,9723.879,6893.1553
forecast_5498,2025-08-18 2:00,9255.016,9370.064,6784.595
forecast_5499,2025-08-18 3:00,9575.771,10054.361,6845.1675
forecast_5500,2025-08-18 4:00,9090.389,9206.647,5650.0977
forecast_5501,2025-08-18 5:00,9512.337,10387.4,7301.257
forecast_5502,2025-08-18 6:00,10292.507,11059.568,7486.7417
forecast_5503,2025-08-18 7:00,10632.851,10818.323,7678.7197
forecast_5504,2025-08-18 8:00,9540.264,10421.787,7518.728
forecast_5505,2025-08-18 9:00,8478.557,8908.802,6091.3438
forecast_5506,2025-08-18 10:00,6669.2456,7068.2715,4549.6245
forecast_5507,2025-08-18 11:00,7903.709,8176.2,5117.396
forecast_5508,2025-08-18 12:00,7017.169,6900.271,4444.719
forecast_5509,2025-08-18 13:00,5337.8223,5314.065,3930.764
forecast_5510,2025-08-18 14:00,6088.249,5606.841,4149.352
forecast_5511,2025-08-18 15:00,6120.0317,6094.1772,6015.081
forecast_5512,2025-08-18 16:00,5891.0527,5479.275,4324.564
forecast_5513,2025-08-18 17:00,5746.7188,5746.311,4201.4785
forecast_5514,2025-08-18 18:00,7608.2935,7699.068,6768.187
forecast_5515,2025-08-18 19:00,9232.08,9775.045,8482.403
forecast_5516,2025-08-18 20:00,11235.655,11642.609,9752.917
forecast_5517,2025-08-18 21:00,11773.145,12888.48,9940.849
forecast_5518,2025-08-18 22:00,13193.693,14218.271,10813.617
forecast_5519,2025-08-18 23:00,13858.233,15236.871,11936.696
forecast_5520,2025-08-19 0:00,14467.162,15715.084,13658.454
forecast_5521,2025-08-19 1:00,14979.436,16339.926,14460.868
forecast_5522,2025-08-19 2:00,15465.546,17043.11,15609.551
forecast_5523,2025-08-19 3:00,15531.963,16714.297,14529.391
forecast_5524,2025-08-19 4:00,14437.043,16131.398,14824.5625
forecast_5525,2025-08-19 5:00,14461.24,16043.513,14157.963
forecast_5526,2025-08-19 6:00,14703.244,16621.482,15262.175
forecast_5527,2025-08-19 7:00,14460.21,16409.086,14241.324
forecast_5528,2025-08-19 8:00,15324.134,16643.691,14416.215
forecast_5529,2025-08-19 9:00,15636.081,16798.564,14628.294
forecast_5530,2025-08-19 10:00,13039.239,14145.895,12067.2295
forecast_5531,2025-08-19 11:00,12031.311,12769.341,10315.963
forecast_5532,2025-08-19 12:00,12161.661,12473.694,10400.337
forecast_5533,2025-08-19 13:00,10883.697,10548.6,9793.471
forecast_5534,2025-08-19 14:00,10229.467,10540.363,9131.08
forecast_5535,2025-08-19 15:00,10707.015,10231.818,9208.18
forecast_5536,2025-08-19 16:00,10554.075,10697.501,9460.648
forecast_5537,2025-08-19 17:00,10763.745,10849.347,9388.235
forecast_5538,2025-08-19 18:00,11903.884,11375.032,10049.096
forecast_5539,2025-08-19 19:00,12459.4,12806.822,10783.73
forecast_5540,2025-08-19 20:00,13918.415,14403.484,12915.401
forecast_5541,2025-08-19 21:00,14831.133,15565.265,14142.211
forecast_5542,2025-08-19 22:00,15451.77,16429.082,15328.203
forecast_5543,2025-08-19 23:00,16988.643,18119.207,16132.419
forecast_5544,2025-08-20 0:00,17379.344,18638.941,17141.145
forecast_5545,2025-08-20 1:00,16560.549,18128.469,16209.067
forecast_5546,2025-08-20 2:00,17120.906,18400.674,16371.279
forecast_5547,2025-08-20 3:00,17477.373,18721.506,16483.586
forecast_5548,2025-08-20 4:00,17631.922,18798.46,16500.111
forecast_5549,2025-08-20 5:00,17383.518,18352.697,16229.079
forecast_5550,2025-08-20 6:00,17051.264,17957.49,16053.479
forecast_5551,2025-08-20 7:00,15656.15,16581.627,14683.501
forecast_5552,2025-08-20 8:00,13756.985,15376.029,12813.96
forecast_5553,2025-08-20 9:00,12071.613,13375.697,10571.709
forecast_5554,2025-08-20 10:00,9881.495,10551.383,8301.93
forecast_5555,2025-08-20 11:00,7809.3276,7366.9116,6185.161
forecast_5556,2025-08-20 12:00,6328.713,5613.0996,3739.713
forecast_5557,2025-08-20 13:00,4566.6836,4610.1963,3292.3542
forecast_5558,2025-08-20 14:00,4026.1611,4041.5325,2876.0244
forecast_5559,2025-08-20 15:00,4540.034,4423.6714,3053.7734
forecast_5560,2025-08-20 16:00,5304.146,4693.9595,3542.071
forecast_5561,2025-08-20 17:00,5270.3315,4848.742,3866.2092
forecast_5562,2025-08-20 18:00,4424.065,4493.445,2840.4097
forecast_5563,2025-08-20 19:00,5026.58,5209.3335,3674.9111
forecast_5564,2025-08-20 20:00,6499.2393,7055.262,4452.3257
forecast_5565,2025-08-20 21:00,6935.163,7675.623,4535.753
forecast_5566,2025-08-20 22:00,8194.768,8965.556,6722.1514
forecast_5567,2025-08-20 23:00,10617.143,12033.686,9390.073
forecast_5568,2025-08-21 0:00,12365.46,13415.341,10449.817
forecast_5569,2025-08-21 1:00,11318.951,12485.227,9747.522
forecast_5570,2025-08-21 2:00,14021.097,14922.195,10982.012
forecast_5571,2025-08-21 3:00,14593.541,15004.124,11668.8955
forecast_5572,2025-08-21 4:00,14348.921,15103.677,11760.531
forecast_5573,2025-08-21 5:00,13367.652,13631.867,10456.629
forecast_5574,2025-08-21 6:00,11735.503,11358.76,8028.6743
forecast_5575,2025-08-21 7:00,8366.322,7563.906,5371.855
forecast_5576,2025-08-21 8:00,5197.228,5051.617,3129.7874
forecast_5577,2025-08-21 9:00,3182.6704,2825.6426,1634.0317
forecast_5578,2025-08-21 10:00,2190.1682,1991.6725,1252.3374
forecast_5579,2025-08-21 11:00,1944.6035,1855.1254,1167.712
forecast_5580,2025-08-21 12:00,1254.249,1314.7762,895.83105
forecast_5581,2025-08-21 13:00,1115.113,1083.2924,738.74286
forecast_5582,2025-08-21 14:00,1076.6278,1056.2717,713.67346
forecast_5583,2025-08-21 15:00,1065.0077,1070.2848,740.5508
forecast_5584,2025-08-21 16:00,1081.8656,1105.9083,765.83215
forecast_5585,2025-08-21 17:00,1088.4554,1145.2708,799.4294
forecast_5586,2025-08-21 18:00,1125.2743,1152.1941,828.1102
forecast_5587,2025-08-21 19:00,1164.879,1199.4667,806.0318
forecast_5588,2025-08-21 20:00,1242.2297,1229.958,831.65546
forecast_5589,2025-08-21 21:00,1568.2166,1632.6499,1107.7631
forecast_5590,2025-08-21 22:00,2773.9766,2858.458,1728.161
forecast_5591,2025-08-21 23:00,3295.1482,3333.1987,2058.3635
forecast_5592,2025-08-22 0:00,3479.6965,3400.6216,2131.3408
forecast_5593,2025-08-22 1:00,3110.0042,2831.7983,1846.6646
forecast_5594,2025-08-22 2:00,3781.6343,3322.3904,2104.0007
forecast_5595,2025-08-22 3:00,4636.431,4280.5156,2918.8376
forecast_5596,2025-08-22 4:00,6397.285,6607.5547,4047.4338
forecast_5597,2025-08-22 5:00,8103.435,8171.089,6118.5664
forecast_5598,2025-08-22 6:00,10372.403,10557.782,8373.925
forecast_5599,2025-08-22 7:00,10955.878,11093.835,8335.649
forecast_5600,2025-08-22 8:00,9294.55,9654.377,5989.1133
forecast_5601,2025-08-22 9:00,7528.9727,7710.4897,4246.8228
forecast_5602,2025-08-22 10:00,4750.1377,4196.8486,2368.3982
forecast_5603,2025-08-22 11:00,3331.6448,2867.1953,1659.408
forecast_5604,2025-08-22 12:00,2514.9702,2291.4702,1453.1173
forecast_5605,2025-08-22 13:00,2485.9412,2446.8481,1550.7996
forecast_5606,2025-08-22 14:00,2915.254,2869.78,1855.2952
forecast_5607,2025-08-22 15:00,3283.009,3252.5447,2212.0918
forecast_5608,2025-08-22 16:00,4085.8542,3643.8713,2536.5002
forecast_5609,2025-08-22 17:00,4937.853,4271.3955,3273.3284
forecast_5610,2025-08-22 18:00,5317.523,4908.2373,3349.917
forecast_5611,2025-08-22 19:00,7908.3433,7403.096,5720.2583
forecast_5612,2025-08-22 20:00,10330.916,9651.697,8253.681
forecast_5613,2025-08-22 21:00,12757.416,12753.5,10284.149
forecast_5614,2025-08-22 22:00,14724.451,14275.513,11393.596
forecast_5615,2025-08-22 23:00,15718.636,15588.306,12639.539
forecast_5616,2025-08-23 0:00,15944.665,15644.189,13245.342
forecast_5617,2025-08-23 1:00,15156.711,15117.574,12079.423
forecast_5618,2025-08-23 2:00,15367.252,15044.312,12009.832
forecast_5619,2025-08-23 3:00,15050.222,14599.079,10843.247
forecast_5620,2025-08-23 4:00,14084.329,13836.926,10476.358
forecast_5621,2025-08-23 5:00,12935.042,12889.287,9461.334
forecast_5622,2025-08-23 6:00,11268.019,10590.1045,7485.5996
forecast_5623,2025-08-23 7:00,8488.554,7713.516,4903.3813
forecast_5624,2025-08-23 8:00,5534.6455,4583.915,2415.0198
forecast_5625,2025-08-23 9:00,3276.0142,2667.857,1431.3065
forecast_5626,2025-08-23 10:00,1422.2936,1205.949,818.4509
forecast_5627,2025-08-23 11:00,1183.7886,1103.9242,738.74286
forecast_5628,2025-08-23 12:00,1147.5687,1087.1473,740.5508
forecast_5629,2025-08-23 13:00,1104.4287,1061.2023,727.75085
forecast_5630,2025-08-23 14:00,1081.7037,1041.3411,727.75085
forecast_5631,2025-08-23 15:00,1084.0848,1043.5322,727.75085
forecast_5632,2025-08-23 16:00,1160.6437,1139.1799,749.9225
forecast_5633,2025-08-23 17:00,1556.363,1560.7618,1089.9635
forecast_5634,2025-08-23 18:00,1669.1195,1596.4471,984.69763
forecast_5635,2025-08-23 19:00,1750.8589,1799.4851,1031.8346
forecast_5636,2025-08-23 20:00,2053.6362,2020.1008,1214.7451
forecast_5637,2025-08-23 21:00,3274.4268,2809.9958,1804.3601
forecast_5638,2025-08-23 22:00,4234.7983,3763.0662,2202.4045
forecast_5639,2025-08-23 23:00,4306.109,4084.7793,2500.6611
forecast_5640,2025-08-24 0:00,3963.999,3721.5315,2313.084
forecast_5641,2025-08-24 1:00,3095.5125,2874.8948,1694.6234
forecast_5642,2025-08-24 2:00,2726.362,2519.8096,1470.2258
forecast_5643,2025-08-24 3:00,2726.3655,2494.298,1417.0059
forecast_5644,2025-08-24 4:00,2264.823,2091.1177,1346.253
forecast_5645,2025-08-24 5:00,1836.1111,1829.5173,1136.6824
forecast_5646,2025-08-24 6:00,1803.95,1816.5339,1012.3884
forecast_5647,2025-08-24 7:00,1570.9218,1638.0775,966.0769
forecast_5648,2025-08-24 8:00,1373.7881,1436.9515,953.63055
forecast_5649,2025-08-24 9:00,1181.0204,1228.2181,824.49194
forecast_5650,2025-08-24 10:00,1076.4547,1136.5593,935.3778
forecast_5651,2025-08-24 11:00,1063.8264,1195.5249,921.1874
forecast_5652,2025-08-24 12:00,1111.6804,1249.7133,981.6108
forecast_5653,2025-08-24 13:00,1192.8312,1236.704,918.59894
forecast_5654,2025-08-24 14:00,1275.522,1325.6052,1006.97864
forecast_5655,2025-08-24 15:00,1433.7112,1444.7451,1110.7816
forecast_5656,2025-08-24 16:00,1843.6101,1987.4417,1441.7802
forecast_5657,2025-08-24 17:00,2098.0723,2078.059,1495.3866
forecast_5658,2025-08-24 18:00,2138.751,2087.2297,1374.7803
forecast_5659,2025-08-24 19:00,2101.1226,1933.9762,1263.3668
forecast_5660,2025-08-24 20:00,2581.0352,2344.4143,1364.9027
forecast_5661,2025-08-24 21:00,2969.318,2655.7144,1422.6263
forecast_5662,2025-08-24 22:00,2847.0178,2663.3066,1497.0199
forecast_5663,2025-08-24 23:00,2608.6267,2405.139,1421.7742
forecast_5664,2025-08-25 0:00,2212.6094,2282.339,1359.4438
forecast_5665,2025-08-25 1:00,2738.507,2655.2075,1628.5118
forecast_5666,2025-08-25 2:00,2901.089,2802.2605,1767.5723
forecast_5667,2025-08-25 3:00,3583.3552,3350.9055,2051.0474
forecast_5668,2025-08-25 4:00,3583.0232,3360.6687,1999.9539
forecast_5669,2025-08-25 5:00,3759.9548,3439.8047,2109.8123
forecast_5670,2025-08-25 6:00,4326.898,4028.9033,2311.7068
forecast_5671,2025-08-25 7:00,4166.876,3942.8782,2273.308
forecast_5672,2025-08-25 8:00,2986.2456,2930.4868,1701.2252
forecast_5673,2025-08-25 9:00,2335.5854,2326.2,1258.6061
forecast_5674,2025-08-25 10:00,1791.8585,1802.2428,1080.117
forecast_5675,2025-08-25 11:00,1919.2903,2191.9175,1223.578
forecast_5676,2025-08-25 12:00,2170.1213,2503.044,1489.7532
forecast_5677,2025-08-25 13:00,2292.6946,2480.1165,1529.4114
forecast_5678,2025-08-25 14:00,2415.0093,2926.1968,1881.9948
forecast_5679,2025-08-25 15:00,3032.71,3123.4856,2045.582
forecast_5680,2025-08-25 16:00,3144.686,3210.887,2042.3333
forecast_5681,2025-08-25 17:00,3016.1428,3246.1995,2105.7856
forecast_5682,2025-08-25 18:00,4110.319,4355.1274,2743.9077
forecast_5683,2025-08-25 19:00,6175.414,6204.9375,4541.4824
forecast_5684,2025-08-25 20:00,8577.186,9496.089,7597.1606
forecast_5685,2025-08-25 21:00,10309.448,11796.903,9563.026
forecast_5686,2025-08-25 22:00,12124.161,13403.843,10603.37
forecast_5687,2025-08-25 23:00,13147.709,14714.22,12405.573
forecast_5688,2025-08-26 0:00,13610.419,15120.328,13129.687
forecast_5689,2025-08-26 1:00,13586.628,15756.626,13907.379
forecast_5690,2025-08-26 2:00,13568.668,16249.21,14292.028
forecast_5691,2025-08-26 3:00,13426.337,16250.433,14290.751
forecast_5692,2025-08-26 4:00,13712.194,16496.729,14574.895
forecast_5693,2025-08-26 5:00,14342.142,16887.906,15706.3125
forecast_5694,2025-08-26 6:00,14146.285,16752.553,15202.816
forecast_5695,2025-08-26 7:00,13528.075,16365.868,14583.537
forecast_5696,2025-08-26 8:00,12606.122,15514.463,13298.455
forecast_5697,2025-08-26 9:00,13532.83,16312.533,15268.944
forecast_5698,2025-08-26 10:00,11730.924,14812.782,13433.383
forecast_5699,2025-08-26 11:00,11585.485,14681.588,13346.694
forecast_5700,2025-08-26 12:00,10360.75,13054.406,11196.658
forecast_5701,2025-08-26 13:00,12305.863,14554.093,13138.108
forecast_5702,2025-08-26 14:00,12638.929,15113.6455,13796.743
forecast_5703,2025-08-26 15:00,12775.007,15157.814,13676.794
forecast_5704,2025-08-26 16:00,10949.345,13653.246,11952.317
forecast_5705,2025-08-26 17:00,11489.824,13386.237,11400.577
forecast_5706,2025-08-26 18:00,11353.767,12861.108,10677.89
forecast_5707,2025-08-26 19:00,11242.685,12593.723,10309.027
forecast_5708,2025-08-26 20:00,9765.543,11137.864,8736.223
forecast_5709,2025-08-26 21:00,10244.697,11147.412,9038.6045
forecast_5710,2025-08-26 22:00,11632.405,12950.109,10142.198
forecast_5711,2025-08-26 23:00,11391.454,12737.748,9510.497
forecast_5712,2025-08-27 0:00,10289.302,11069.135,8333.382
forecast_5713,2025-08-27 1:00,10604.297,11475.939,8305.335
forecast_5714,2025-08-27 2:00,9166.371,8659.17,6729.3613
forecast_5715,2025-08-27 3:00,5810.836,5340.2764,4012.6938
forecast_5716,2025-08-27 4:00,3992.2368,3580.4312,2416.8838
forecast_5717,2025-08-27 5:00,2549.926,2317.0063,1309.1898
forecast_5718,2025-08-27 6:00,2078.1052,1875.8455,1051.4066
forecast_5719,2025-08-27 7:00,1611.1736,1421.8391,824.09595
forecast_5720,2025-08-27 8:00,1565.6056,1470.759,820.7122
forecast_5721,2025-08-27 9:00,1187.0857,1208.304,809.1945
forecast_5722,2025-08-27 10:00,1100.2494,1216.4517,751.5428
forecast_5723,2025-08-27 11:00,1090.3468,1213.5859,740.5508
forecast_5724,2025-08-27 12:00,1228.6768,1399.1777,875.58264
forecast_5725,2025-08-27 13:00,1289.9076,1572.1572,982.9554
forecast_5726,2025-08-27 14:00,1317.8217,1516.1031,1032.903
forecast_5727,2025-08-27 15:00,1415.0646,1542.3462,1035.1642
forecast_5728,2025-08-27 16:00,1484.9738,1705.9447,1087.6962
forecast_5729,2025-08-27 17:00,1591.3544,1753.7266,1012.34985
forecast_5730,2025-08-27 18:00,1580.8258,1629.3568,895.83105
forecast_5731,2025-08-27 19:00,1827.3525,1768.9734,904.1333
forecast_5732,2025-08-27 20:00,2013.4979,1925.3916,901.872
forecast_5733,2025-08-27 21:00,2099.0173,1912.7607,901.872
forecast_5734,2025-08-27 22:00,2251.8352,1955.6428,910.58795
forecast_5735,2025-08-27 23:00,2139.3938,1970.9824,901.872
forecast_5736,2025-08-28 0:00,2108.019,2006.3191,901.872
forecast_5737,2025-08-28 1:00,2419.3428,2550.5144,1187.5854
forecast_5738,2025-08-28 2:00,2486.551,2761.6606,1355.1547
forecast_5739,2025-08-28 3:00,3001.0908,3253.3555,1739.258
forecast_5740,2025-08-28 4:00,3778.161,3954.9734,1999.2722
forecast_5741,2025-08-28 5:00,4815.4575,5270.0522,2470.119
forecast_5742,2025-08-28 6:00,4112.2754,4870.7817,2253.6575
forecast_5743,2025-08-28 7:00,3941.6685,4089.4558,1808.0992
forecast_5744,2025-08-28 8:00,3093.8174,3590.3083,1722.9547
forecast_5745,2025-08-28 9:00,2832.9797,3297.715,1878.0403
forecast_5746,2025-08-28 10:00,2265.49,2749.552,1487.7194
forecast_5747,2025-08-28 11:00,1957.4541,2357.9783,1459.7875
forecast_5748,2025-08-28 12:00,2565.6528,2886.7126,1720.9425
forecast_5749,2025-08-28 13:00,2577.4207,2996.24,1810.904
forecast_5750,2025-08-28 14:00,3145.6047,3215.478,2160.88
forecast_5751,2025-08-28 15:00,3628.3152,3745.0637,2370.1797
forecast_5752,2025-08-28 16:00,3756.5017,4002.445,2708.312
forecast_5753,2025-08-28 17:00,3807.8984,4235.8037,2774.8386
forecast_5754,2025-08-28 18:00,4115.881,4438.423,2574.7388
forecast_5755,2025-08-28 19:00,5740.576,6177.469,3966.4248
forecast_5756,2025-08-28 20:00,7934.4834,9223.607,6680.2227
forecast_5757,2025-08-28 21:00,10112.938,11586.736,8769.783
forecast_5758,2025-08-28 22:00,12348.949,14038.516,11011.446
forecast_5759,2025-08-28 23:00,13329.529,14952.675,12718.307
forecast_5760,2025-08-29 0:00,15329.157,16480.283,14944.934
forecast_5761,2025-08-29 1:00,17177.627,18170.268,16779.89
forecast_5762,2025-08-29 2:00,17349.295,18958.436,16945.357
forecast_5763,2025-08-29 3:00,16914.787,18643.035,16893.732
forecast_5764,2025-08-29 4:00,17403.623,19019.008,17087.578
forecast_5765,2025-08-29 5:00,17510.568,18933.336,17113.584
forecast_5766,2025-08-29 6:00,17798.398,18986.861,17395.748
forecast_5767,2025-08-29 7:00,17617.5,18964.38,17207.846
forecast_5768,2025-08-29 8:00,17241.477,18303.697,16711.69
forecast_5769,2025-08-29 9:00,16288.752,17826.482,16111.536
forecast_5770,2025-08-29 10:00,15235.64,16379.422,14160.17
forecast_5771,2025-08-29 11:00,14425.798,14739.768,12452.26
forecast_5772,2025-08-29 12:00,12521.243,13465.719,11497.933
forecast_5773,2025-08-29 13:00,12112.56,12813.002,10633.8955
forecast_5774,2025-08-29 14:00,11626.939,12366.745,10525.925
forecast_5775,2025-08-29 15:00,11513.756,11989.313,10258.434
forecast_5776,2025-08-29 16:00,11787.137,12157.852,10321.629
forecast_5777,2025-08-29 17:00,11883.988,12050.147,10419.651
forecast_5778,2025-08-29 18:00,11837.272,11437.903,10038.338
forecast_5779,2025-08-29 19:00,12616.182,12722.54,10999.436
forecast_5780,2025-08-29 20:00,13593.429,13894.803,12247.151
forecast_5781,2025-08-29 21:00,14389.713,15146.615,12927.856
forecast_5782,2025-08-29 22:00,15016.77,15875.28,13145.132
forecast_5783,2025-08-29 23:00,15090.666,15863.141,13219.1045
forecast_5784,2025-08-30 0:00,14777.752,15695.328,12489.238
forecast_5785,2025-08-30 1:00,14965.41,15493.682,12860.855
forecast_5786,2025-08-30 2:00,14357.886,15174.979,12078.231
forecast_5787,2025-08-30 3:00,13443.429,14287.222,11170.318
forecast_5788,2025-08-30 4:00,12706.677,13418.123,9941.917
forecast_5789,2025-08-30 5:00,11606.718,12200.297,8834.802
forecast_5790,2025-08-30 6:00,10476.151,10906.71,7423.6655
forecast_5791,2025-08-30 7:00,9838.327,10050.548,6753.8325
forecast_5792,2025-08-30 8:00,8858.241,8701.61,6198.7417
forecast_5793,2025-08-30 9:00,5731.0264,5589.885,3170.7585
forecast_5794,2025-08-30 10:00,3737.9753,3306.9087,1959.6182
forecast_5795,2025-08-30 11:00,2806.9075,2595.6052,1512.8693
forecast_5796,2025-08-30 12:00,2137.0554,2087.2524,1350.0864
forecast_5797,2025-08-30 13:00,2069.8943,2097.7578,1348.3334
forecast_5798,2025-08-30 14:00,2184.717,2135.693,1355.691
forecast_5799,2025-08-30 15:00,2260.09,2362.198,1470.248
forecast_5800,2025-08-30 16:00,2347.9885,2576.7087,1555.04
forecast_5801,2025-08-30 17:00,2386.9338,2642.9956,1359.7753
forecast_5802,2025-08-30 18:00,2679.8408,2621.3445,1469.3705
forecast_5803,2025-08-30 19:00,3093.0178,3236.692,1766.9524
forecast_5804,2025-08-30 20:00,4007.8528,4279.9365,2069.6377
forecast_5805,2025-08-30 21:00,4773.414,5052.413,2565.7776
forecast_5806,2025-08-30 22:00,5841.24,6600.282,3720.0513
forecast_5807,2025-08-30 23:00,5630.6934,5837.8354,3060.8552
forecast_5808,2025-08-31 0:00,5768.8765,6350.22,3482.48
forecast_5809,2025-08-31 1:00,7559.2627,8468.887,4787.629
forecast_5810,2025-08-31 2:00,7686.9814,8932.41,5150.2686
forecast_5811,2025-08-31 3:00,7381.1104,8408.112,4898.058
forecast_5812,2025-08-31 4:00,6401.141,7531.772,3866.949
forecast_5813,2025-08-31 5:00,4611.1943,5182.4106,2494.6104
forecast_5814,2025-08-31 6:00,3487.3052,3849.808,1790.9908
forecast_5815,2025-08-31 7:00,2847.4312,3380.8066,1560.6292
forecast_5816,2025-08-31 8:00,2235.1816,2754.1567,1186.045
forecast_5817,2025-08-31 9:00,1693.994,2074.7922,971.18353
forecast_5818,2025-08-31 10:00,1546.2114,1615.4982,1017.2017
forecast_5819,2025-08-31 11:00,1603.3105,1884.5586,1144.0806
forecast_5820,2025-08-31 12:00,1847.0691,2402.4053,1385.7302
forecast_5821,2025-08-31 13:00,2074.285,2520.9998,1524.571
forecast_5822,2025-08-31 14:00,2370.9004,2884.307,1819.3418
forecast_5823,2025-08-31 15:00,2729.543,3136.0764,2155.093
forecast_5824,2025-08-31 16:00,3444.0623,4191.027,2645.4885
forecast_5825,2025-08-31 17:00,4201.182,4928.5073,3514.1707
forecast_5826,2025-08-31 18:00,4449.8086,5417.3574,3451.825
forecast_5827,2025-08-31 19:00,6020.964,8449.883,5283.68
forecast_5828,2025-08-31 20:00,7769.649,10954.969,7113.379
forecast_5829,2025-08-31 21:00,8318.996,11776.878,8240.8125
forecast_5830,2025-08-31 22:00,9646.627,12266.349,8923.427
forecast_5831,2025-08-31 23:00,9861.474,13101.732,9662.573
forecast_5832,2025-09-01 0:00,10268.747,13508.253,10046.125
forecast_5833,2025-09-01 1:00,11108.809,14122.93,10633.624
forecast_5834,2025-09-01 2:00,10776.721,13763.941,10439.026
forecast_5835,2025-09-01 3:00,11311.495,14087.779,10595.693
forecast_5836,2025-09-01 4:00,12678.47,14794.931,12297.908
forecast_5837,2025-09-01 5:00,13052.27,14905.194,13003.679
forecast_5838,2025-09-01 6:00,12704.968,14728.883,12239.149
forecast_5839,2025-09-01 7:00,10844.786,13440.8125,10618.44
forecast_5840,2025-09-01 8:00,9589.15,12312.055,9513.12
forecast_5841,2025-09-01 9:00,9081.579,11069.095,9011.801
forecast_5842,2025-09-01 10:00,7182.954,9741.539,7347.911
forecast_5843,2025-09-01 11:00,6265.924,8365.754,5705.7363
forecast_5844,2025-09-01 12:00,5884.9224,8169.403,5599.2856
forecast_5845,2025-09-01 13:00,6069.6743,7826.1323,5301.5
forecast_5846,2025-09-01 14:00,7095.9873,8261.895,6414.1865
forecast_5847,2025-09-01 15:00,7105.6904,8806.534,7354.798
forecast_5848,2025-09-01 16:00,8257.732,9777.461,7990.522
forecast_5849,2025-09-01 17:00,9070.748,10518.349,8364.295
forecast_5850,2025-09-01 18:00,9377.334,10807.236,8426.238
forecast_5851,2025-09-01 19:00,8185.173,9254.968,7098.301
forecast_5852,2025-09-01 20:00,7368.724,8371.292,5544.856
forecast_5853,2025-09-01 21:00,6228.161,7748.8555,4015.4077
forecast_5854,2025-09-01 22:00,7275.576,9169.666,4880.912
forecast_5855,2025-09-01 23:00,9284.905,11454.348,7237.2505
forecast_5856,2025-09-02 0:00,8894.97,10676.519,7211.7324
forecast_5857,2025-09-02 1:00,10919.911,13761.943,10657.444
forecast_5858,2025-09-02 2:00,9688.818,12616.086,9863.913
forecast_5859,2025-09-02 3:00,10387.514,12585.423,9885.112
forecast_5860,2025-09-02 4:00,9758.7295,12078.553,9306.286
forecast_5861,2025-09-02 5:00,8743.961,10801.468,7770.3936
forecast_5862,2025-09-02 6:00,8001.359,10030.711,7676.864
forecast_5863,2025-09-02 7:00,6451.3696,7946.5396,4336.251
forecast_5864,2025-09-02 8:00,6018.7363,6519.447,3616.866
forecast_5865,2025-09-02 9:00,4828.9697,4814.9746,2425.193
forecast_5866,2025-09-02 10:00,3532.2224,3525.7688,1759.1755
forecast_5867,2025-09-02 11:00,3189.6587,3281.1892,1651.5634
forecast_5868,2025-09-02 12:00,2773.943,2785.4307,1631.5029
forecast_5869,2025-09-02 13:00,2230.998,2299.152,1307.9331
forecast_5870,2025-09-02 14:00,1439.5437,1438.2961,845.20483
forecast_5871,2025-09-02 15:00,1175.3328,1214.5323,804.3469
forecast_5872,2025-09-02 16:00,1331.2833,1345.3718,874.7911
forecast_5873,2025-09-02 17:00,1219.9662,1243.7008,834.2194
forecast_5874,2025-09-02 18:00,1167.1298,1173.0491,816.59485
forecast_5875,2025-09-02 19:00,1214.6709,1232.4779,824.49194
forecast_5876,2025-09-02 20:00,1237.2037,1229.884,827.2873
forecast_5877,2025-09-02 21:00,1319.4714,1252.353,819.05493
forecast_5878,2025-09-02 22:00,1572.9915,1592.8937,907.4378
forecast_5879,2025-09-02 23:00,1513.6667,1521.9791,895.53864
forecast_5880,2025-09-03 0:00,1327.1239,1253.6849,859.94165
forecast_5881,2025-09-03 1:00,1498.7494,1404.1016,798.6509
forecast_5882,2025-09-03 2:00,1470.1274,1356.58,803.5471
forecast_5883,2025-09-03 3:00,1490.4979,1361.1368,817.4225
forecast_5884,2025-09-03 4:00,1584.555,1500.8916,956.98175
forecast_5885,2025-09-03 5:00,1414.5822,1399.8574,821.59
forecast_5886,2025-09-03 6:00,1473.8881,1437.094,815.3784
forecast_5887,2025-09-03 7:00,1363.72,1306.344,833.6196
forecast_5888,2025-09-03 8:00,1276.2253,1300.9365,798.2026
forecast_5889,2025-09-03 9:00,1214.6903,1231.1719,740.5508
forecast_5890,2025-09-03 10:00,1128.0619,1198.3959,740.5508
forecast_5891,2025-09-03 11:00,1169.4069,1245.8317,816.91504
forecast_5892,2025-09-03 12:00,1329.5781,1433.333,901.476
forecast_5893,2025-09-03 13:00,1376.0771,1420.9965,913.8606
forecast_5894,2025-09-03 14:00,1389.3131,1502.9976,954.0809
forecast_5895,2025-09-03 15:00,1318.6632,1436.9868,911.3884
forecast_5896,2025-09-03 16:00,1404.978,1618.3779,969.8732
forecast_5897,2025-09-03 17:00,1357.0446,1408.5094,900.4412
forecast_5898,2025-09-03 18:00,1292.8365,1299.6304,809.1945
forecast_5899,2025-09-03 19:00,1282.144,1251.4941,751.5428
forecast_5900,2025-09-03 20:00,1310.5435,1331.8977,775.1682
forecast_5901,2025-09-03 21:00,1402.5421,1435.9303,818.4509
forecast_5902,2025-09-03 22:00,1540.2628,1450.9469,824.09595
forecast_5903,2025-09-03 23:00,1463.2906,1422.4293,824.49194
forecast_5904,2025-09-04 0:00,1734.7104,1570.3544,831.4965
forecast_5905,2025-09-04 1:00,1984.3085,1763.7214,824.49194
forecast_5906,2025-09-04 2:00,1892.8185,1732.5518,824.49194
forecast_5907,2025-09-04 3:00,1754.0604,1674.1656,809.1945
forecast_5908,2025-09-04 4:00,1865.9897,1674.3634,824.49194
forecast_5909,2025-09-04 5:00,2085.527,1740.5182,892.8753
forecast_5910,2025-09-04 6:00,2494.0737,2192.1013,906.97845
forecast_5911,2025-09-04 7:00,2588.8584,2216.3909,1052.5533
forecast_5912,2025-09-04 8:00,2555.8594,2322.3616,1038.199
forecast_5913,2025-09-04 9:00,2219.975,2184.3408,1035.1642
forecast_5914,2025-09-04 10:00,1821.4087,1860.455,1041.6552
forecast_5915,2025-09-04 11:00,1695.906,1771.3262,1087.0616
forecast_5916,2025-09-04 12:00,1752.7046,1958.6884,1155.5906
forecast_5917,2025-09-04 13:00,1643.1298,1980.5453,1353.7267
forecast_5918,2025-09-04 14:00,1453.117,1714.1058,1013.1747
forecast_5919,2025-09-04 15:00,1697.5533,2052.2349,1154.9504
forecast_5920,2025-09-04 16:00,2250.3333,2651.8264,1366.8463
forecast_5921,2025-09-04 17:00,2483.3777,2923.4778,1406.2443
forecast_5922,2025-09-04 18:00,2288.9417,2675.5198,1235.4462
forecast_5923,2025-09-04 19:00,2289.852,2541.3118,1132.3616
forecast_5924,2025-09-04 20:00,2628.0674,2911.5051,1312.983
forecast_5925,2025-09-04 21:00,2825.9683,3106.5125,1305.6007
forecast_5926,2025-09-04 22:00,2912.2632,3235.2869,1370.48
forecast_5927,2025-09-04 23:00,2785.3696,3044.159,1342.8175
forecast_5928,2025-09-05 0:00,2642.834,2880.8594,1281.0841
forecast_5929,2025-09-05 1:00,2466.8591,2612.19,1148.5908
forecast_5930,2025-09-05 2:00,2877.5137,2879.1594,1385.7914
forecast_5931,2025-09-05 3:00,3017.913,3063.743,1314.8837
forecast_5932,2025-09-05 4:00,2956.936,2999.4312,1375.3221
forecast_5933,2025-09-05 5:00,3108.583,3135.939,1408.2643
forecast_5934,2025-09-05 6:00,2871.7078,3024.7927,1315.1538
forecast_5935,2025-09-05 7:00,2687.7324,2764.51,1105.4875
forecast_5936,2025-09-05 8:00,2419.3582,2587.2988,1200.9072
forecast_5937,2025-09-05 9:00,1888.6707,1997.1018,1079.5942
forecast_5938,2025-09-05 10:00,1311.0363,1477.4607,901.872
forecast_5939,2025-09-05 11:00,1246.1134,1338.3568,882.7959
forecast_5940,2025-09-05 12:00,1098.0986,1259.9594,809.9396
forecast_5941,2025-09-05 13:00,1096.3834,1122.0172,727.75085
forecast_5942,2025-09-05 14:00,1095.4486,1202.2003,751.5428
forecast_5943,2025-09-05 15:00,1054.489,1165.3773,740.5508
forecast_5944,2025-09-05 16:00,1049.9474,1152.047,738.74286
forecast_5945,2025-09-05 17:00,1150.2035,1345.7322,819.4894
forecast_5946,2025-09-05 18:00,1487.9814,1584.0474,921.5224
forecast_5947,2025-09-05 19:00,1536.3496,1591.4824,921.5224
forecast_5948,2025-09-05 20:00,1726.7994,1642.27,904.1333
forecast_5949,2025-09-05 21:00,2058.9995,2278.1287,1109.6742
forecast_5950,2025-09-05 22:00,3080.3462,3266.9348,1476.6343
forecast_5951,2025-09-05 23:00,4198.352,4870.471,2360.936
forecast_5952,2025-09-06 0:00,5357.892,6113.5737,2894.796
forecast_5953,2025-09-06 1:00,8301.97,9743.132,6145.1484
forecast_5954,2025-09-06 2:00,9965.654,12010.843,8609.658
forecast_5955,2025-09-06 3:00,12514.179,14392.06,10482.16
forecast_5956,2025-09-06 4:00,13760.041,15039.82,11517.322
forecast_5957,2025-09-06 5:00,13801.17,15045.167,11612.447
forecast_5958,2025-09-06 6:00,15182.638,15710.383,12863.655
forecast_5959,2025-09-06 7:00,15476.451,16313.286,14003.501
forecast_5960,2025-09-06 8:00,12788.549,14338.261,11863.49
forecast_5961,2025-09-06 9:00,12403.092,14010.915,11146.397
forecast_5962,2025-09-06 10:00,11853.475,13263.6,10958.246
forecast_5963,2025-09-06 11:00,11733.957,13221.684,11376.26
forecast_5964,2025-09-06 12:00,12238.046,13617.643,12026.502
forecast_5965,2025-09-06 13:00,11814.774,13411.795,11571.2705
forecast_5966,2025-09-06 14:00,11602.793,13383.228,11367.455
forecast_5967,2025-09-06 15:00,12411.136,14686.609,12895.576
forecast_5968,2025-09-06 16:00,14648.374,15978.253,14111.4795
forecast_5969,2025-09-06 17:00,13440.34,15217.416,13756.084
forecast_5970,2025-09-06 18:00,13166.88,15413.899,14899.684
forecast_5971,2025-09-06 19:00,13804.773,16227.846,15775.875
forecast_5972,2025-09-06 20:00,13554.574,16198.355,15769.255
forecast_5973,2025-09-06 21:00,15610.34,17610.734,16195.075
forecast_5974,2025-09-06 22:00,15704.883,18139.932,16418.768
forecast_5975,2025-09-06 23:00,15653.542,17867.258,16502.285
forecast_5976,2025-09-07 0:00,16158.685,18620.705,16585.254
forecast_5977,2025-09-07 1:00,16543.14,19122.908,16818.084
forecast_5978,2025-09-07 2:00,16191.303,18612.232,16788.041
forecast_5979,2025-09-07 3:00,15393.834,17771.078,16247.201
forecast_5980,2025-09-07 4:00,14329.135,16232.836,14105.053
forecast_5981,2025-09-07 5:00,13794.222,15185.792,13134.692
forecast_5982,2025-09-07 6:00,13078.423,14512.241,11873.486
forecast_5983,2025-09-07 7:00,12379.432,13892.286,11205.353
forecast_5984,2025-09-07 8:00,12576.415,13862.97,10944.787
forecast_5985,2025-09-07 9:00,11313.51,12341.582,9504.089
forecast_5986,2025-09-07 10:00,9761.838,10866.856,8256.461
forecast_5987,2025-09-07 11:00,8129.943,8778.926,6528.549
forecast_5988,2025-09-07 12:00,5643.237,6479.089,4027.6863
forecast_5989,2025-09-07 13:00,3719.1077,3720.931,2215.6714
forecast_5990,2025-09-07 14:00,4124.562,4406.6787,2680.8977
forecast_5991,2025-09-07 15:00,5032.1626,5595.299,3198.2424
forecast_5992,2025-09-07 16:00,6708.965,6449.1523,4552.421
forecast_5993,2025-09-07 17:00,7529.083,7809.4155,4930.3896
forecast_5994,2025-09-07 18:00,8630.732,9021.828,6151.164
forecast_5995,2025-09-07 19:00,9550.549,10469.887,7441.929
forecast_5996,2025-09-07 20:00,11896.071,12429.438,9205.404
forecast_5997,2025-09-07 21:00,12378.836,13252.929,9812.433
forecast_5998,2025-09-07 22:00,12173.465,13087.373,10030.2295
forecast_5999,2025-09-07 23:00,11610.388,12104.752,9437.352
forecast_6000,2025-09-08 0:00,12381.175,13342.841,9967.686
forecast_6001,2025-09-08 1:00,9188.51,9496.085,6731.017
forecast_6002,2025-09-08 2:00,8563.16,9016.823,6374.729
forecast_6003,2025-09-08 3:00,7326.2095,6636.87,4595.617
forecast_6004,2025-09-08 4:00,6700.1396,5090.4517,3509.5186
forecast_6005,2025-09-08 5:00,5068.7036,3697.1526,2449.9932
forecast_6006,2025-09-08 6:00,3127.8977,2363.3718,1448.0126
forecast_6007,2025-09-08 7:00,2093.3062,1784.3997,1059.139
forecast_6008,2025-09-08 8:00,1594.9088,1472.6218,906.3298
forecast_6009,2025-09-08 9:00,1302.2045,1374.6613,740.5508
forecast_6010,2025-09-08 10:00,1048.8673,1153.0851,740.5508
forecast_6011,2025-09-08 11:00,1064.6715,1143.8204,758.421
forecast_6012,2025-09-08 12:00,1056.2672,1101.3992,867.4479
forecast_6013,2025-09-08 13:00,1031.2811,1110.5161,825.03345
forecast_6014,2025-09-08 14:00,1106.4658,1132.4054,860.81256
forecast_6015,2025-09-08 15:00,1051.9825,1136.4463,843.9022
forecast_6016,2025-09-08 16:00,1834.8618,1816.9163,1153.3854
forecast_6017,2025-09-08 17:00,2874.3132,2802.8718,1529.3031
forecast_6018,2025-09-08 18:00,3730.194,3524.3142,1710.5057
forecast_6019,2025-09-08 19:00,3842.625,3908.141,1919.4691
forecast_6020,2025-09-08 20:00,3852.8662,3907.5608,1927.936
forecast_6021,2025-09-08 21:00,3547.9043,3404.9246,1526.1631
forecast_6022,2025-09-08 22:00,2950.7651,2657.9578,1189.5687
forecast_6023,2025-09-08 23:00,2164.9614,2278.7544,1068.8859
forecast_6024,2025-09-09 0:00,1865.6685,1929.4939,1014.9089
forecast_6025,2025-09-09 1:00,3544.035,3659.531,1719.4058
forecast_6026,2025-09-09 2:00,3152.557,3273.0037,1554.7589
forecast_6027,2025-09-09 3:00,2356.933,2612.3618,1322.0164
forecast_6028,2025-09-09 4:00,2154.766,2356.606,1203.116
forecast_6029,2025-09-09 5:00,2213.2834,2676.969,1345.8702
forecast_6030,2025-09-09 6:00,2507.049,2540.4631,1170.6752
forecast_6031,2025-09-09 7:00,2231.3699,2131.8523,1138.1171
forecast_6032,2025-09-09 8:00,2523.168,2362.071,1160.858
forecast_6033,2025-09-09 9:00,2311.2095,2418.5195,1115.1289
forecast_6034,2025-09-09 10:00,2390.951,2619.4075,1396.7511
forecast_6035,2025-09-09 11:00,2536.434,2722.9443,1438.9792
forecast_6036,2025-09-09 12:00,2702.5354,2900.9917,1370.6526
forecast_6037,2025-09-09 13:00,2279.7502,2132.0593,1060.6606
forecast_6038,2025-09-09 14:00,1900.6482,1790.7306,1075.7864
forecast_6039,2025-09-09 15:00,1988.837,1918.3599,1141.0726
forecast_6040,2025-09-09 16:00,1723.0741,1634.424,892.6088
forecast_6041,2025-09-09 17:00,1933.6405,1836.6558,967.5456
forecast_6042,2025-09-09 18:00,2084.9358,2018.0818,985.29846
forecast_6043,2025-09-09 19:00,2271.415,2212.3372,1003.4183
forecast_6044,2025-09-09 20:00,2391.4744,2474.928,1080.0327
forecast_6045,2025-09-09 21:00,2513.1248,2622.8572,1104.5165
forecast_6046,2025-09-09 22:00,2588.3218,2753.4968,1252.0702
forecast_6047,2025-09-09 23:00,2586.6096,2629.2832,1216.8076
forecast_6048,2025-09-10 0:00,2232.8418,2249.4236,1157.192
forecast_6049,2025-09-10 1:00,2895.6826,3106.0537,1251.7516
forecast_6050,2025-09-10 2:00,2830.7744,3077.3694,1269.1521
forecast_6051,2025-09-10 3:00,2847.1516,3105.473,1369.769
forecast_6052,2025-09-10 4:00,2887.836,3105.4854,1359.8832
forecast_6053,2025-09-10 5:00,3219.8318,3173.8936,1296.4951
forecast_6054,2025-09-10 6:00,3317.678,3564.7373,1389.884
forecast_6055,2025-09-10 7:00,3462.419,3644.5002,1497.1251
forecast_6056,2025-09-10 8:00,3178.6377,3508.0706,1529.9763
forecast_6057,2025-09-10 9:00,2658.149,3180.377,1527.5662
forecast_6058,2025-09-10 10:00,2290.542,2710.8318,1500.3357
forecast_6059,2025-09-10 11:00,2218.9443,2754.8667,1592.7104
forecast_6060,2025-09-10 12:00,2140.983,2688.5781,1633.1255
forecast_6061,2025-09-10 13:00,1865.2393,2424.4294,1582.5659
forecast_6062,2025-09-10 14:00,1809.0936,2358.405,1512.452
forecast_6063,2025-09-10 15:00,1539.37,1935.2517,1287.7677
forecast_6064,2025-09-10 16:00,1554.096,1883.5347,1287.8986
forecast_6065,2025-09-10 17:00,1558.4656,1799.7935,1214.2719
forecast_6066,2025-09-10 18:00,1697.8854,1804.8235,1033.8303
forecast_6067,2025-09-10 19:00,2006.4872,2439.1448,1055.1226
forecast_6068,2025-09-10 20:00,2524.603,3163.5933,1330.3798
forecast_6069,2025-09-10 21:00,2767.7463,3377.0002,1414.3835
forecast_6070,2025-09-10 22:00,3327.4211,4171.704,1753.2665
forecast_6071,2025-09-10 23:00,3506.6536,4205.0117,1798.7344
forecast_6072,2025-09-11 0:00,3805.016,4469.666,1742.3903
forecast_6073,2025-09-11 1:00,3145.9993,3222.994,1470.2537
forecast_6074,2025-09-11 2:00,3225.685,3601.9084,1610.351
forecast_6075,2025-09-11 3:00,3558.5908,3781.9897,1620.2002
forecast_6076,2025-09-11 4:00,3633.7314,3778.7556,1650.463
forecast_6077,2025-09-11 5:00,4070.2227,4370.117,1846.6523
forecast_6078,2025-09-11 6:00,4280.701,4603.926,2008.1705
forecast_6079,2025-09-11 7:00,4847.9526,5234.372,2292.1997
forecast_6080,2025-09-11 8:00,4528.7227,5238.944,2497.4534
forecast_6081,2025-09-11 9:00,3918.4792,4800.4375,2356.2434
forecast_6082,2025-09-11 10:00,2812.9915,3435.449,1889.6475
forecast_6083,2025-09-11 11:00,3027.5142,3705.2146,2210.9446
forecast_6084,2025-09-11 12:00,3080.304,4111.571,2290.3997
forecast_6085,2025-09-11 13:00,3038.796,3876.8809,2332.0303
forecast_6086,2025-09-11 14:00,2886.088,3725.4937,2298.8457
forecast_6087,2025-09-11 15:00,2905.9268,3523.6833,2256.6975
forecast_6088,2025-09-11 16:00,3025.9907,3676.233,2146.2922
forecast_6089,2025-09-11 17:00,3685.2566,4726.731,2697.1885
forecast_6090,2025-09-11 18:00,3879.151,4536.5215,2207.5657
forecast_6091,2025-09-11 19:00,4722.364,5602.9253,2370.7556
forecast_6092,2025-09-11 20:00,5103.5366,6240.3867,2841.2915
forecast_6093,2025-09-11 21:00,5731.606,6922.3247,2894.3704
forecast_6094,2025-09-11 22:00,6649.4185,8103.463,3633.4963
forecast_6095,2025-09-11 23:00,6951.5317,8563.434,4140.9404
forecast_6096,2025-09-12 0:00,6314.5073,7855.073,3278.5974
forecast_6097,2025-09-12 1:00,6196.688,7823.1826,3364.3474
forecast_6098,2025-09-12 2:00,5512.6177,5930.283,2453.2415
forecast_6099,2025-09-12 3:00,4264.5215,4925.004,2073.8098
forecast_6100,2025-09-12 4:00,4235.198,5010.1963,2245.7354
forecast_6101,2025-09-12 5:00,3914.026,4643.4805,2048.1357
forecast_6102,2025-09-12 6:00,3670.2554,4147.4165,1862.4854
forecast_6103,2025-09-12 7:00,4082.8262,4547.244,1990.7043
forecast_6104,2025-09-12 8:00,3988.8965,4592.4014,2011.0109
forecast_6105,2025-09-12 9:00,3919.277,4654.7583,2211.7393
forecast_6106,2025-09-12 10:00,3195.3335,3667.275,1921.581
forecast_6107,2025-09-12 11:00,2999.562,3486.8513,2017.5199
forecast_6108,2025-09-12 12:00,3017.3704,3623.8262,2128.0088
forecast_6109,2025-09-12 13:00,2656.8616,3060.3342,1805.7921
forecast_6110,2025-09-12 14:00,2552.878,2760.7405,1537.6478
forecast_6111,2025-09-12 15:00,2961.1255,2908.8027,1527.6288
forecast_6112,2025-09-12 16:00,3549.4924,3286.1855,1569.4436
forecast_6113,2025-09-12 17:00,3702.9514,3722.8362,1804.7504
forecast_6114,2025-09-12 18:00,3868.773,4030.0212,2035.7549
forecast_6115,2025-09-12 19:00,3634.7305,3840.4277,1922.607
forecast_6116,2025-09-12 20:00,4096.5537,4460.5073,2005.434
forecast_6117,2025-09-12 21:00,4704.032,5141.1943,2457.123
forecast_6118,2025-09-12 22:00,5037.159,5469.404,2595.679
forecast_6119,2025-09-12 23:00,5870.2485,6676.5923,2982.7131
forecast_6120,2025-09-13 0:00,6406.3584,6285.0127,2805.6294
forecast_6121,2025-09-13 1:00,4929.9185,5390.257,2689.9888
forecast_6122,2025-09-13 2:00,5641.162,5794.4453,3017.0432
forecast_6123,2025-09-13 3:00,6459.552,6622.3525,3765.9373
forecast_6124,2025-09-13 4:00,7343.0054,8525.2705,4543.772
forecast_6125,2025-09-13 5:00,8354.526,10383.83,6561.5503
forecast_6126,2025-09-13 6:00,10304.377,11619.187,8709.314
forecast_6127,2025-09-13 7:00,12926.548,14910.386,11680.625
forecast_6128,2025-09-13 8:00,13996.818,16676.23,14047.189
forecast_6129,2025-09-13 9:00,14320.043,16901.014,15644.848
forecast_6130,2025-09-13 10:00,13914.087,16579.75,15726.236
forecast_6131,2025-09-13 11:00,9556.938,10884.864,8576.895
forecast_6132,2025-09-13 12:00,6933.5283,7450.5923,5266.0527
forecast_6133,2025-09-13 13:00,4144.236,4375.7974,1851.5543
forecast_6134,2025-09-13 14:00,2863.615,2784.2734,1126.9761
forecast_6135,2025-09-13 15:00,2744.7188,2311.4163,1239.2815
forecast_6136,2025-09-13 16:00,2678.3914,2808.8281,1292.1111
forecast_6137,2025-09-13 17:00,3110.0833,3320.904,1675.3539
forecast_6138,2025-09-13 18:00,3438.8328,3419.297,1675.6166
forecast_6139,2025-09-13 19:00,2626.5547,2732.2485,1292.367
forecast_6140,2025-09-13 20:00,1865.6091,1881.4332,901.872
forecast_6141,2025-09-13 21:00,1651.2655,1771.7177,1067.2925
forecast_6142,2025-09-13 22:00,1834.4564,1815.0637,984.01764
forecast_6143,2025-09-13 23:00,1911.5072,1919.6354,1107.4595
forecast_6144,2025-09-14 0:00,1982.1093,2115.9895,1061.9512
forecast_6145,2025-09-14 1:00,2431.9265,2818.076,1227.015
forecast_6146,2025-09-14 2:00,2450.8372,2840.3186,1223.7942
forecast_6147,2025-09-14 3:00,2331.216,2636.7563,1156.67
forecast_6148,2025-09-14 4:00,2196.0146,2586.3638,1127.3408
forecast_6149,2025-09-14 5:00,2205.3203,2568.11,1163.317
forecast_6150,2025-09-14 6:00,2355.3843,2529.3533,1243.0671
forecast_6151,2025-09-14 7:00,2461.0806,2693.5388,1380.721
forecast_6152,2025-09-14 8:00,2851.0525,3092.4692,1631.025
forecast_6153,2025-09-14 9:00,2427.9004,2662.271,1299.7992
forecast_6154,2025-09-14 10:00,2044.1902,2206.2388,1381.9741
forecast_6155,2025-09-14 11:00,1888.673,1911.1381,1309.6462
forecast_6156,2025-09-14 12:00,2205.1145,2334.1426,1410.0066
forecast_6157,2025-09-14 13:00,2088.3933,2001.8756,1420.2556
forecast_6158,2025-09-14 14:00,2292.0774,2190.4336,1524.3201
forecast_6159,2025-09-14 15:00,2698.143,2742.6738,1832.3335
forecast_6160,2025-09-14 16:00,3040.8535,3110.3088,1900.59
forecast_6161,2025-09-14 17:00,3565.401,3674.21,2213.9233
forecast_6162,2025-09-14 18:00,5591.8657,5264.732,3411.8381
forecast_6163,2025-09-14 19:00,8747.719,8883.665,6457.5957
forecast_6164,2025-09-14 20:00,10780.206,10521.403,7631.701
forecast_6165,2025-09-14 21:00,12741.303,13308.443,10364.91
forecast_6166,2025-09-14 22:00,15093.962,15248.9795,12488.854
forecast_6167,2025-09-14 23:00,16299.418,16270.24,14241.524
forecast_6168,2025-09-15 0:00,16502.84,16585.639,14424.132
forecast_6169,2025-09-15 1:00,15789.771,15515.281,12325.319
forecast_6170,2025-09-15 2:00,14329.343,14321.628,10919.445
forecast_6171,2025-09-15 3:00,14177.729,13935.065,10818.031
forecast_6172,2025-09-15 4:00,13840.563,13525.595,10120.187
forecast_6173,2025-09-15 5:00,11756.938,10815.465,8272.538
forecast_6174,2025-09-15 6:00,9121.735,8161.396,6116.7407
forecast_6175,2025-09-15 7:00,6361.767,5707.075,3823.274
forecast_6176,2025-09-15 8:00,3673.0986,3034.1682,1837.3287
forecast_6177,2025-09-15 9:00,1902.8243,1626.1136,1118.7733
forecast_6178,2025-09-15 10:00,1252.9822,1199.8522,902.25757
forecast_6179,2025-09-15 11:00,1251.8373,1211.4335,921.1138
forecast_6180,2025-09-15 12:00,1169.3259,1197.4564,873.5111
forecast_6181,2025-09-15 13:00,1084.4486,1130.8771,851.7154
forecast_6182,2025-09-15 14:00,1094.0039,1145.2164,860.58093
forecast_6183,2025-09-15 15:00,1230.8307,1410.968,1016.55145
forecast_6184,2025-09-15 16:00,1680.8721,1852.3076,1377.5105
forecast_6185,2025-09-15 17:00,2571.1855,2596.228,2020.0597
forecast_6186,2025-09-15 18:00,4916.131,4490.7295,3086.7703
forecast_6187,2025-09-15 19:00,6231.7183,5876.6245,4875.812
forecast_6188,2025-09-15 20:00,6843.349,6039.4116,5023.3745
forecast_6189,2025-09-15 21:00,6537.8257,5758.5967,4344.303
forecast_6190,2025-09-15 22:00,5235.799,4843.56,3177.2178
forecast_6191,2025-09-15 23:00,4928.1445,4274.209,2796.501
forecast_6192,2025-09-16 0:00,5267.2183,4657.0684,3340.4214
forecast_6193,2025-09-16 1:00,8473.829,9026.348,6110.991
forecast_6194,2025-09-16 2:00,9843.847,10131.706,7233.0386
forecast_6195,2025-09-16 3:00,10063.945,10437.579,7228.8506
forecast_6196,2025-09-16 4:00,10970.2,11145.88,7955.435
forecast_6197,2025-09-16 5:00,11542.131,12250.089,8789.294
forecast_6198,2025-09-16 6:00,12613.73,12531.888,9057.061
forecast_6199,2025-09-16 7:00,12417.308,12735.506,9017.954
forecast_6200,2025-09-16 8:00,9459.0205,9611.922,5930.113
forecast_6201,2025-09-16 9:00,7621.5176,8385.163,4964.836
forecast_6202,2025-09-16 10:00,5605.59,6057.6694,3688.4973
forecast_6203,2025-09-16 11:00,6578.3325,7318.4097,5582.388
forecast_6204,2025-09-16 12:00,7039.2705,7503.921,5851.0273
forecast_6205,2025-09-16 13:00,7089.9478,6790.628,5762.06
forecast_6206,2025-09-16 14:00,6454.6943,6758.3022,6136.1973
forecast_6207,2025-09-16 15:00,7816.343,8726.68,7375.4697
forecast_6208,2025-09-16 16:00,8439.972,8834.039,8010.26
forecast_6209,2025-09-16 17:00,7544.67,8038.243,6708.617
forecast_6210,2025-09-16 18:00,7989.983,9504.461,7415.8657
forecast_6211,2025-09-16 19:00,9455.701,11891.542,10071.651
forecast_6212,2025-09-16 20:00,9556.18,12111.636,10636.223
forecast_6213,2025-09-16 21:00,10241.425,12661.612,10910.021
forecast_6214,2025-09-16 22:00,10244.772,12798.3955,10564.737
forecast_6215,2025-09-16 23:00,11106.583,13510.277,11013.19
forecast_6216,2025-09-17 0:00,11839.226,14207.401,11870.115
forecast_6217,2025-09-17 1:00,15752.814,17430.535,16048.31
forecast_6218,2025-09-17 2:00,15889.364,18109.572,16394.762
forecast_6219,2025-09-17 3:00,16700.26,18467.885,16639.328
forecast_6220,2025-09-17 4:00,17659.113,18771.271,16702.137
forecast_6221,2025-09-17 5:00,16745.312,18298.8,16554.299
forecast_6222,2025-09-17 6:00,15815.069,17846.527,15948.647
forecast_6223,2025-09-17 7:00,13151.428,14999.07,12689.828
forecast_6224,2025-09-17 8:00,9964.353,11356.365,8298.248
forecast_6225,2025-09-17 9:00,7123.2363,8336.075,4661.1826
forecast_6226,2025-09-17 10:00,4782.51,5241.06,2788.4297
forecast_6227,2025-09-17 11:00,3986.473,4411.721,1788.0825
forecast_6228,2025-09-17 12:00,2772.0757,3216.4326,1467.191
forecast_6229,2025-09-17 13:00,3305.0518,3380.9517,1350.0425
forecast_6230,2025-09-17 14:00,5245.555,6099.2827,3725.9033
forecast_6231,2025-09-17 15:00,6316.332,7672.6636,5094.7373
forecast_6232,2025-09-17 16:00,4254.3315,4337.95,1942.1143
forecast_6233,2025-09-17 17:00,3016.7395,3185.904,1491.3258
forecast_6234,2025-09-17 18:00,2531.7852,2319.7273,1173.5354
forecast_6235,2025-09-17 19:00,1956.3224,1898.3893,907.3309
forecast_6236,2025-09-17 20:00,1840.6024,2071.3728,1134.4777
forecast_6237,2025-09-17 21:00,2067.6953,2420.788,1357.697
forecast_6238,2025-09-17 22:00,1894.8107,2157.7292,1282.031
forecast_6239,2025-09-17 23:00,1786.6339,1955.0374,1173.9865
forecast_6240,2025-09-18 0:00,1649.7592,1737.5142,1046.5862
forecast_6241,2025-09-18 1:00,1686.75,1786.6215,947.64825
forecast_6242,2025-09-18 2:00,1519.1317,1655.3835,974.3002
forecast_6243,2025-09-18 3:00,1527.759,1693.0316,982.9904
forecast_6244,2025-09-18 4:00,1696.1672,1905.4701,1094.0112
forecast_6245,2025-09-18 5:00,2520.9465,3028.1406,1534.6003
forecast_6246,2025-09-18 6:00,3472.5337,4200.618,2011.9509
forecast_6247,2025-09-18 7:00,3685.6873,5082.887,2556.5007
forecast_6248,2025-09-18 8:00,3913.598,5085.5127,2574.8135
forecast_6249,2025-09-18 9:00,3961.4927,5226.576,2613.9832
forecast_6250,2025-09-18 10:00,4013.6096,4980.3613,2405.4578
forecast_6251,2025-09-18 11:00,3646.714,4825.1255,2247.3054
forecast_6252,2025-09-18 12:00,3426.6675,4448.911,2224.2734
forecast_6253,2025-09-18 13:00,3171.813,4018.0886,1947.1931
forecast_6254,2025-09-18 14:00,2996.7031,3642.1658,1977.7228
forecast_6255,2025-09-18 15:00,2754.7236,3333.519,1937.7643
forecast_6256,2025-09-18 16:00,2449.6638,2957.8474,1675.3711
forecast_6257,2025-09-18 17:00,2874.747,3685.1282,1962.1683
forecast_6258,2025-09-18 18:00,3027.9697,3840.2,1979.2043
forecast_6259,2025-09-18 19:00,3001.2942,3758.7173,1919.586
forecast_6260,2025-09-18 20:00,2887.219,3692.2393,1723.7109
forecast_6261,2025-09-18 21:00,3135.1072,3555.0667,1501.0476
forecast_6262,2025-09-18 22:00,3463.5596,3899.573,1857.6877
forecast_6263,2025-09-18 23:00,3241.0063,3746.6084,1786.1421
forecast_6264,2025-09-19 0:00,3171.1077,3585.4934,1717.8823
forecast_6265,2025-09-19 1:00,3196.2593,3703.666,1700.5289
forecast_6266,2025-09-19 2:00,3228.4739,3385.8557,1668.0709
forecast_6267,2025-09-19 3:00,3242.0293,3386.9204,1628.2285
forecast_6268,2025-09-19 4:00,3068.2046,3254.4365,1465.2657
forecast_6269,2025-09-19 5:00,3002.5757,3123.3682,1375.6895
forecast_6270,2025-09-19 6:00,2644.098,2914.666,1108.7955
forecast_6271,2025-09-19 7:00,2933.857,2918.5588,1206.6096
forecast_6272,2025-09-19 8:00,2423.1387,2420.6777,1087.8572
forecast_6273,2025-09-19 9:00,2141.0312,2156.2168,1094.92
forecast_6274,2025-09-19 10:00,1750.7391,1528.6047,901.872
forecast_6275,2025-09-19 11:00,1585.0638,1474.0851,901.872
forecast_6276,2025-09-19 12:00,1489.0939,1325.5562,798.2026
forecast_6277,2025-09-19 13:00,1358.1412,1266.878,798.2026
forecast_6278,2025-09-19 14:00,1276.8124,1235.4366,798.2026
forecast_6279,2025-09-19 15:00,1309.4974,1292.007,825.39404
forecast_6280,2025-09-19 16:00,1459.2438,1362.7888,891.0645
forecast_6281,2025-09-19 17:00,1766.9928,1580.5276,867.01587
forecast_6282,2025-09-19 18:00,2076.357,1851.9104,1040.7886
forecast_6283,2025-09-19 19:00,2978.187,3142.7449,1504.945
forecast_6284,2025-09-19 20:00,2957.5337,2832.5474,1360.7512
forecast_6285,2025-09-19 21:00,2958.1318,2864.246,1357.7214
forecast_6286,2025-09-19 22:00,4217.321,4611.2715,1879.7394
forecast_6287,2025-09-19 23:00,4624.2104,5012.848,2243.7202
forecast_6288,2025-09-20 0:00,5460.2847,6098.991,2954.5483
forecast_6289,2025-09-20 1:00,7107.746,7159.576,2784.5159
forecast_6290,2025-09-20 2:00,7199.818,8187.454,3649.677
forecast_6291,2025-09-20 3:00,5665.1846,6045.165,2794.1655
forecast_6292,2025-09-20 4:00,5412.3413,6686.6885,3343.0237
forecast_6293,2025-09-20 5:00,6730.766,7047.4595,3496.917
forecast_6294,2025-09-20 6:00,7188.5903,7598.6143,3473.7185
forecast_6295,2025-09-20 7:00,5960.2188,6211.305,3171.6965
forecast_6296,2025-09-20 8:00,4229.1836,4648.2627,2303.5728
forecast_6297,2025-09-20 9:00,2434.5178,2690.4207,1236.8988
forecast_6298,2025-09-20 10:00,1903.9545,1890.0479,1192.2396
forecast_6299,2025-09-20 11:00,2318.123,2535.7942,1520.7318
forecast_6300,2025-09-20 12:00,2494.7449,2406.5488,1646.8071
forecast_6301,2025-09-20 13:00,2866.9502,2942.301,1556.883
forecast_6302,2025-09-20 14:00,3050.0386,3009.2468,1427.7382
forecast_6303,2025-09-20 15:00,2686.0815,2740.8013,1277.0734
forecast_6304,2025-09-20 16:00,2225.709,2283.0398,1109.7743
forecast_6305,2025-09-20 17:00,2079.2092,2294.5122,1118.8589
forecast_6306,2025-09-20 18:00,2052.5452,2007.6522,1174.8829
forecast_6307,2025-09-20 19:00,1877.2991,1887.0013,1128.2286
forecast_6308,2025-09-20 20:00,2803.9995,2865.1233,1372.1442
forecast_6309,2025-09-20 21:00,3479.7925,3651.7297,1800.9977
forecast_6310,2025-09-20 22:00,3773.6172,4246.26,1991.5468
forecast_6311,2025-09-20 23:00,3483.8757,3610.044,1825.5667
forecast_6312,2025-09-21 0:00,3612.1753,4006.6694,1916.1838
forecast_6313,2025-09-21 1:00,5004.6455,6148.757,3466.8003
forecast_6314,2025-09-21 2:00,4756.1475,5585.951,2776.6655
forecast_6315,2025-09-21 3:00,4495.432,5321.065,2700.6853
forecast_6316,2025-09-21 4:00,3889.5427,4529.3726,2112.5225
forecast_6317,2025-09-21 5:00,3828.5957,4369.5254,2046.5309
forecast_6318,2025-09-21 6:00,4383.0938,4951.0854,2464.2573
forecast_6319,2025-09-21 7:00,5079.119,5976.0244,2605.582
forecast_6320,2025-09-21 8:00,4268.322,5205.1523,2460.4124
forecast_6321,2025-09-21 9:00,3398.0427,4026.6833,1945.8174
forecast_6322,2025-09-21 10:00,2573.3054,3148.5903,1680.9645
forecast_6323,2025-09-21 11:00,2005.2231,2443.1907,1433.0414
forecast_6324,2025-09-21 12:00,1695.8053,2148.0156,1390.8248
forecast_6325,2025-09-21 13:00,1658.5854,2125.6616,1510.7483
forecast_6326,2025-09-21 14:00,1504.2649,1911.232,1365.5931
forecast_6327,2025-09-21 15:00,1823.2068,2326.1204,1528.6555
forecast_6328,2025-09-21 16:00,1884.3065,2388.034,1516.0316
forecast_6329,2025-09-21 17:00,2296.7766,2839.6199,1445.8772
forecast_6330,2025-09-21 18:00,2637.001,3259.5947,1563.0403
forecast_6331,2025-09-21 19:00,3600.4749,4247.8677,2054.442
forecast_6332,2025-09-21 20:00,3860.5867,4513.151,1939.7296
forecast_6333,2025-09-21 21:00,4253.9077,5001.9355,2086.5928
forecast_6334,2025-09-21 22:00,5086.94,5791.701,2351.2205
forecast_6335,2025-09-21 23:00,5974.523,7007.1377,2753.2288
forecast_6336,2025-09-22 0:00,6274.3926,7360.6133,2702.4587
forecast_6337,2025-09-22 1:00,5460.9927,5914.9697,2211.013
forecast_6338,2025-09-22 2:00,5791.1104,6554.705,2359.8867
forecast_6339,2025-09-22 3:00,6395.7373,7648.8467,2595.4473
forecast_6340,2025-09-22 4:00,6089.419,7480.1445,2571.1655
forecast_6341,2025-09-22 5:00,6047.0723,7426.8306,2603.494
forecast_6342,2025-09-22 6:00,4584.8564,5161.0454,2063.1545
forecast_6343,2025-09-22 7:00,4873.759,5810.957,2430.4438
forecast_6344,2025-09-22 8:00,5634.647,6697.8184,2698.6677
forecast_6345,2025-09-22 9:00,4788.241,5787.637,2810.3936
forecast_6346,2025-09-22 10:00,5762.562,7364.357,3726.18
forecast_6347,2025-09-22 11:00,4027.6658,5409.0884,2540.8523
forecast_6348,2025-09-22 12:00,3734.6035,4828.836,2794.0024
forecast_6349,2025-09-22 13:00,3210.62,4702.5,2560.7222
forecast_6350,2025-09-22 14:00,3365.1716,4579.064,2475.8003
forecast_6351,2025-09-22 15:00,3373.4558,4735.0493,2720.3054
forecast_6352,2025-09-22 16:00,3255.4075,4090.2598,2541.1047
forecast_6353,2025-09-22 17:00,3164.573,3861.675,2176.9573
forecast_6354,2025-09-22 18:00,2942.9404,3532.1077,1779.4413
forecast_6355,2025-09-22 19:00,3533.1697,4211.071,1826.6144
forecast_6356,2025-09-22 20:00,3787.042,4458.9785,1857.4006
forecast_6357,2025-09-22 21:00,4128.3003,4889.427,1957.256
forecast_6358,2025-09-22 22:00,4052.4421,4643.5947,1840.73
forecast_6359,2025-09-22 23:00,4139.7876,4675.078,1864.5557
forecast_6360,2025-09-23 0:00,3848.5857,4123.808,1657.725
forecast_6361,2025-09-23 1:00,2247.9216,2407.566,1092.0343
forecast_6362,2025-09-23 2:00,2324.1226,2439.205,1169.0468
forecast_6363,2025-09-23 3:00,2401.1667,2643.3364,1172.7145
forecast_6364,2025-09-23 4:00,2540.9539,2755.1477,1204.3583
forecast_6365,2025-09-23 5:00,2509.4146,2743.5454,1232.1576
forecast_6366,2025-09-23 6:00,2952.8345,2957.849,1240.8041
forecast_6367,2025-09-23 7:00,3447.6345,3357.6633,1352.4565
forecast_6368,2025-09-23 8:00,3581.1692,3552.002,1376.4396
forecast_6369,2025-09-23 9:00,3102.3865,3312.767,1483.1199
forecast_6370,2025-09-23 10:00,2184.2124,2604.079,1279.3293
forecast_6371,2025-09-23 11:00,2038.5563,2400.7266,1427.1617
forecast_6372,2025-09-23 12:00,1990.3854,2275.9058,1389.9128
forecast_6373,2025-09-23 13:00,1764.2452,2141.2317,1449.5786
forecast_6374,2025-09-23 14:00,1698.4084,2075.3376,1314.5769
forecast_6375,2025-09-23 15:00,1789.6104,2126.8528,1293.7971
forecast_6376,2025-09-23 16:00,1877.906,2071.753,1411.5918
forecast_6377,2025-09-23 17:00,2171.6707,2311.0317,1349.1018
forecast_6378,2025-09-23 18:00,2722.93,3120.5483,1510.4131
forecast_6379,2025-09-23 19:00,3004.886,3042.5923,1301.889
forecast_6380,2025-09-23 20:00,3286.992,3118.632,1162.1833
forecast_6381,2025-09-23 21:00,3245.2925,3061.6897,1159.0543
forecast_6382,2025-09-23 22:00,3270.1277,3149.9573,1231.0177
forecast_6383,2025-09-23 23:00,3563.161,3168.0479,1413.8772
forecast_6384,2025-09-24 0:00,3911.2258,3277.6182,1345.365
forecast_6385,2025-09-24 1:00,3542.23,3171.0168,1452.4976
forecast_6386,2025-09-24 2:00,3890.9683,3646.7112,1641.7334
forecast_6387,2025-09-24 3:00,4245.1606,4194.3877,1886.1555
forecast_6388,2025-09-24 4:00,5290.6714,5459.6655,2767.2788
forecast_6389,2025-09-24 5:00,6842.1123,6912.5176,3600.2727
forecast_6390,2025-09-24 6:00,6195.43,6550.62,3459.427
forecast_6391,2025-09-24 7:00,5721.1846,5849.051,3328.304
forecast_6392,2025-09-24 8:00,5231.1294,6035.182,3153.5923
forecast_6393,2025-09-24 9:00,5057.434,6057.0405,3506.4116
forecast_6394,2025-09-24 10:00,5355.657,6529.967,3894.865
forecast_6395,2025-09-24 11:00,6497.977,8931.982,6208.029
forecast_6396,2025-09-24 12:00,8906.717,11479.822,8277.266
forecast_6397,2025-09-24 13:00,9206.144,12398.568,9225.696
forecast_6398,2025-09-24 14:00,10914.748,13786.044,11092.972
forecast_6399,2025-09-24 15:00,9913.488,12818.326,10220.527
forecast_6400,2025-09-24 16:00,9482.999,11504.367,9586.972
forecast_6401,2025-09-24 17:00,7927.8237,9948.804,7420.726
forecast_6402,2025-09-24 18:00,7956.78,10173.9375,6375.542
forecast_6403,2025-09-24 19:00,8414.034,10502.487,7515.829
forecast_6404,2025-09-24 20:00,10610.239,13146.879,10448.44
forecast_6405,2025-09-24 21:00,12627.205,14976.397,13147.159
forecast_6406,2025-09-24 22:00,14043.815,15995.654,13939.762
forecast_6407,2025-09-24 23:00,14940.198,16593.453,15058.493
forecast_6408,2025-09-25 0:00,14948.372,16818.668,15099.245
forecast_6409,2025-09-25 1:00,15126.298,16760.877,15811.057
forecast_6410,2025-09-25 2:00,15761.925,17229.605,15856.955
forecast_6411,2025-09-25 3:00,14725.89,15794.568,14508.487
forecast_6412,2025-09-25 4:00,14901.493,15717.899,14029.7705
forecast_6413,2025-09-25 5:00,13969.208,15646.513,12746.571
forecast_6414,2025-09-25 6:00,14281.289,15758.996,13493.071
forecast_6415,2025-09-25 7:00,14190.799,16060.138,14213.904
forecast_6416,2025-09-25 8:00,12569.075,14208.061,11709.803
forecast_6417,2025-09-25 9:00,13321.143,15779.556,12734.191
forecast_6418,2025-09-25 10:00,12885.755,14531.533,11382.837
forecast_6419,2025-09-25 11:00,13067.952,14565.446,11678.812
forecast_6420,2025-09-25 12:00,13653.97,15423.8125,12534.761
forecast_6421,2025-09-25 13:00,13537.469,15281.404,12497.63
forecast_6422,2025-09-25 14:00,12730.765,14283.13,11569.891
forecast_6423,2025-09-25 15:00,12660.501,14284.743,11863.411
forecast_6424,2025-09-25 16:00,13311.613,14102.257,11232.797
forecast_6425,2025-09-25 17:00,12951.1,14085.02,11808.513
forecast_6426,2025-09-25 18:00,15213.67,15754.031,13260.251
forecast_6427,2025-09-25 19:00,15975.876,16305.475,13856.033
forecast_6428,2025-09-25 20:00,15971.611,16538.088,13797.162
forecast_6429,2025-09-25 21:00,16667.107,17341.04,14000.505
forecast_6430,2025-09-25 22:00,15819.288,16394.375,12227.799
forecast_6431,2025-09-25 23:00,15462.343,15848.509,11560.256
forecast_6432,2025-09-26 0:00,15199.293,15476.867,11386.476
forecast_6433,2025-09-26 1:00,12682.81,11594.002,8531.871
forecast_6434,2025-09-26 2:00,12081.826,10761.395,7584.839
forecast_6435,2025-09-26 3:00,10797.898,9103.067,6335.3745
forecast_6436,2025-09-26 4:00,7672.376,6406.5044,4110.5527
forecast_6437,2025-09-26 5:00,4499.4453,3453.6606,1992.9579
forecast_6438,2025-09-26 6:00,2870.1294,2215.5178,1386.6191
forecast_6439,2025-09-26 7:00,2082.6562,1737.2706,1114.662
forecast_6440,2025-09-26 8:00,1562.9667,1545.9202,908.3012
forecast_6441,2025-09-26 9:00,1371.8374,1556.4751,850.8226
forecast_6442,2025-09-26 10:00,1147.7032,1182.0665,727.75085
forecast_6443,2025-09-26 11:00,1096.7562,1149.4814,741.49805
forecast_6444,2025-09-26 12:00,1076.6392,1106.5262,726.47754
forecast_6445,2025-09-26 13:00,1053.5365,1100.5485,727.75085
forecast_6446,2025-09-26 14:00,1051.466,1113.9535,746.71484
forecast_6447,2025-09-26 15:00,1079.9067,1099.3495,740.5508
forecast_6448,2025-09-26 16:00,1104.79,1083.5115,738.74286
forecast_6449,2025-09-26 17:00,1121.5077,1126.8937,740.5508
forecast_6450,2025-09-26 18:00,1181.0944,1138.7063,740.5508
forecast_6451,2025-09-26 19:00,1333.2767,1261.2324,751.5428
forecast_6452,2025-09-26 20:00,1383.7533,1335.5034,798.2026
forecast_6453,2025-09-26 21:00,1384.7699,1335.8442,798.2026
forecast_6454,2025-09-26 22:00,1671.1594,1542.095,870.40515
forecast_6455,2025-09-26 23:00,1776.3054,1701.5923,906.74335
forecast_6456,2025-09-27 0:00,1748.3701,1681.447,889.3915
forecast_6457,2025-09-27 1:00,1739.7727,1732.6752,958.13477
forecast_6458,2025-09-27 2:00,1729.2137,1653.0289,921.06537
forecast_6459,2025-09-27 3:00,1868.7688,1895.8763,1023.38934
forecast_6460,2025-09-27 4:00,2056.1182,2110.4956,1062.8605
forecast_6461,2025-09-27 5:00,2121.3901,2160.3,1070.6052
forecast_6462,2025-09-27 6:00,2388.5613,2271.6643,1101.3477
forecast_6463,2025-09-27 7:00,2852.5835,2567.4846,1167.3944
forecast_6464,2025-09-27 8:00,2507.9753,2269.717,1077.4603
forecast_6465,2025-09-27 9:00,2008.1123,1827.263,958.9311
forecast_6466,2025-09-27 10:00,1530.1023,1344.8036,863.898
forecast_6467,2025-09-27 11:00,1250.3712,1208.3795,891.54565
forecast_6468,2025-09-27 12:00,1174.2957,1148.0048,868.34406
forecast_6469,2025-09-27 13:00,1171.369,1132.6196,862.6586
forecast_6470,2025-09-27 14:00,1156.99,1107.2861,779.72504
forecast_6471,2025-09-27 15:00,1180.4124,1148.1128,912.2315
forecast_6472,2025-09-27 16:00,1314.2477,1267.2118,983.39954
forecast_6473,2025-09-27 17:00,1329.054,1318.5092,951.86035
forecast_6474,2025-09-27 18:00,1570.1409,1527.2365,904.54834
forecast_6475,2025-09-27 19:00,2077.789,1987.4481,1026.2672
forecast_6476,2025-09-27 20:00,1829.7767,1875.5193,1023.4946
forecast_6477,2025-09-27 21:00,2021.3848,1985.5521,1048.688
forecast_6478,2025-09-27 22:00,3522.4282,3659.4734,1897.9514
forecast_6479,2025-09-27 23:00,3546.739,3635.5088,2009.1112
forecast_6480,2025-09-28 0:00,3123.9695,3474.2551,1859.3746
forecast_6481,2025-09-28 1:00,5292.0903,5747.707,2927.486
forecast_6482,2025-09-28 2:00,6596.1123,6873.4897,3356.8809
forecast_6483,2025-09-28 3:00,7064.868,8032.481,4131.3423
forecast_6484,2025-09-28 4:00,6290.9087,7961.0815,4022.8066
forecast_6485,2025-09-28 5:00,6500.836,8068.698,3718.2786
forecast_6486,2025-09-28 6:00,4842.0605,5335.0684,2410.0137
forecast_6487,2025-09-28 7:00,4858.656,5598.065,2562.763
forecast_6488,2025-09-28 8:00,4612.7607,5893.3813,2780.3274
forecast_6489,2025-09-28 9:00,3947.1802,4468.833,2192.2097
forecast_6490,2025-09-28 10:00,5889.4097,6149.7847,3542.3923
forecast_6491,2025-09-28 11:00,3968.77,3854.028,2126.0334
forecast_6492,2025-09-28 12:00,3001.8164,3121.6614,1634.0237
forecast_6493,2025-09-28 13:00,2788.346,3392.275,1399.0844
forecast_6494,2025-09-28 14:00,3932.694,4416.7104,2463.896
forecast_6495,2025-09-28 15:00,4597.8994,4979.757,2606.711
forecast_6496,2025-09-28 16:00,4874.6323,5098.641,2582.2913
forecast_6497,2025-09-28 17:00,4939.9,5220.331,2623.1448
forecast_6498,2025-09-28 18:00,4323.6245,4395.6567,2369.3313
forecast_6499,2025-09-28 19:00,4277.8164,4333.5137,2292.7603
forecast_6500,2025-09-28 20:00,4572.1406,4708.027,2558.1667
forecast_6501,2025-09-28 21:00,5181.8555,5374.9326,3036.143
forecast_6502,2025-09-28 22:00,4638.198,4582.251,2619.3022
forecast_6503,2025-09-28 23:00,4281.138,4015.6348,2229.0168
forecast_6504,2025-09-29 0:00,3875.3352,3490.351,1902.1384
forecast_6505,2025-09-29 1:00,3383.5596,3417.4233,1668.0952
forecast_6506,2025-09-29 2:00,3200.0908,3163.7324,1551.3676
forecast_6507,2025-09-29 3:00,3063.7148,2908.0515,1398.0925
forecast_6508,2025-09-29 4:00,3461.677,3474.3972,1726.9855
forecast_6509,2025-09-29 5:00,2750.0562,2530.4312,1280.1791
forecast_6510,2025-09-29 6:00,2421.283,2056.8298,1049.2816
forecast_6511,2025-09-29 7:00,1935.6173,1609.9279,957.0474
forecast_6512,2025-09-29 8:00,1634.9211,1460.1237,901.872
forecast_6513,2025-09-29 9:00,1530.0615,1356.7635,864.276
forecast_6514,2025-09-29 10:00,1196.754,1122.8412,759.7707
forecast_6515,2025-09-29 11:00,1206.6389,1168.3705,746.293
forecast_6516,2025-09-29 12:00,1188.9885,1142.9656,751.5428
forecast_6517,2025-09-29 13:00,1181.1821,1126.7493,833.268
forecast_6518,2025-09-29 14:00,1288.4005,1410.4926,904.1333
forecast_6519,2025-09-29 15:00,1277.4037,1390.6361,904.1333
forecast_6520,2025-09-29 16:00,1352.3219,1550.2915,904.1333
forecast_6521,2025-09-29 17:00,1364.292,1498.5986,894.80255
forecast_6522,2025-09-29 18:00,1312.8916,1434.3137,817.4225
forecast_6523,2025-09-29 19:00,1363.8785,1455.9346,809.1945
forecast_6524,2025-09-29 20:00,1370.9788,1396.4746,817.4225
forecast_6525,2025-09-29 21:00,1511.5721,1555.5317,830.5441
forecast_6526,2025-09-29 22:00,2263.7085,2465.7734,1289.277
forecast_6527,2025-09-29 23:00,2607.71,2641.8337,1512.219
forecast_6528,2025-09-30 0:00,2124.0662,2169.0007,1214.0305
forecast_6529,2025-09-30 1:00,3001.4258,2854.226,1926.2966
forecast_6530,2025-09-30 2:00,3500.1648,3154.0251,1927.7874
forecast_6531,2025-09-30 3:00,2637.2368,2410.0173,1256.789
forecast_6532,2025-09-30 4:00,3923.209,3564.994,2158.5273
forecast_6533,2025-09-30 5:00,2970.5056,2561.4343,1633.8766
forecast_6534,2025-09-30 6:00,2520.8015,2278.7622,1433.7314
forecast_6535,2025-09-30 7:00,2055.38,1813.4961,1173.695
forecast_6536,2025-09-30 8:00,1736.9755,1637.8484,1076.228
forecast_6537,2025-09-30 9:00,1415.9397,1381.7584,948.16565
forecast_6538,2025-09-30 10:00,1198.4722,1234.0946,971.07477
forecast_6539,2025-09-30 11:00,1142.3263,1197.5844,914.1055
forecast_6540,2025-09-30 12:00,1680.2749,1783.0696,1345.6768
forecast_6541,2025-09-30 13:00,1310.4048,1386.9642,992.9289
forecast_6542,2025-09-30 14:00,1394.3481,1484.8334,1019.6444
forecast_6543,2025-09-30 15:00,1764.3273,1777.3425,1270.015
forecast_6544,2025-09-30 16:00,1847.9539,1880.1873,1265.0536
forecast_6545,2025-09-30 17:00,1841.7029,1649.7393,1213.0856
forecast_6546,2025-09-30 18:00,2667.7976,2559.989,1511.0088
forecast_6547,2025-09-30 19:00,3547.752,3090.4602,1845.0793
forecast_6548,2025-09-30 20:00,4618.739,4634.565,2601.586
forecast_6549,2025-09-30 21:00,5952.3594,5559.9673,3353.186
forecast_6550,2025-09-30 22:00,6393.741,6153.1753,3929.7861
forecast_6551,2025-09-30 23:00,6334.7554,6473.329,4090.2212
forecast_6552,2025-10-01 0:00,7882.0474,7786.589,5063.9756
forecast_6553,2025-10-01 1:00,9397.031,8769.92,5854.425
forecast_6554,2025-10-01 2:00,10015.06,10157.672,6675.4775
forecast_6555,2025-10-01 3:00,9946.801,10202.644,6308.573
forecast_6556,2025-10-01 4:00,9762.929,10194.812,6209.6743
forecast_6557,2025-10-01 5:00,9625.976,10010.135,5986.339
forecast_6558,2025-10-01 6:00,9528.208,9337.328,5635.449
forecast_6559,2025-10-01 7:00,8570.735,8469.623,5223.253
forecast_6560,2025-10-01 8:00,4576.039,4504.3584,1922.5792
forecast_6561,2025-10-01 9:00,3261.8308,3007.801,1486.4889
forecast_6562,2025-10-01 10:00,1930.1765,1666.238,1011.6044
forecast_6563,2025-10-01 11:00,1681.0177,1550.362,1041.2933
forecast_6564,2025-10-01 12:00,1963.9747,1750.9938,1047.965
forecast_6565,2025-10-01 13:00,2573.3281,2272.8542,1293.1636
forecast_6566,2025-10-01 14:00,2734.0378,2440.1448,1369.8904
forecast_6567,2025-10-01 15:00,2673.6853,2386.383,1340.2072
forecast_6568,2025-10-01 16:00,2580.1448,2101.1738,1306.064
forecast_6569,2025-10-01 17:00,2689.7258,2396.5613,1405.9004
forecast_6570,2025-10-01 18:00,3882.8994,3502.3022,1856.0103
forecast_6571,2025-10-01 19:00,6819.054,6102.8755,3491.7478
forecast_6572,2025-10-01 20:00,8838.604,8519.636,5156.71
forecast_6573,2025-10-01 21:00,7432.1514,7102.321,3748.4968
forecast_6574,2025-10-01 22:00,7006.526,6193.533,3625.9382
forecast_6575,2025-10-01 23:00,6524.126,5761.315,3006.7927
forecast_6576,2025-10-02 0:00,6416.43,5868.9688,3461.3625
forecast_6577,2025-10-02 1:00,8063.627,8689.856,5057.568
forecast_6578,2025-10-02 2:00,7310.596,7863.8193,4401.7866
forecast_6579,2025-10-02 3:00,7104.2793,7290.6445,3833.0876
forecast_6580,2025-10-02 4:00,5216.7153,4452.645,2382.2942
forecast_6581,2025-10-02 5:00,4089.388,3229.9536,1895.8809
forecast_6582,2025-10-02 6:00,3241.2466,2537.8774,1442.9601
forecast_6583,2025-10-02 7:00,2668.4495,2181.386,1174.0154
forecast_6584,2025-10-02 8:00,1759.7313,1541.8485,953.7615
forecast_6585,2025-10-02 9:00,1196.8427,1209.2501,809.1945
forecast_6586,2025-10-02 10:00,1099.6254,1113.801,740.5508
forecast_6587,2025-10-02 11:00,1055.9661,1074.6965,751.5428
forecast_6588,2025-10-02 12:00,1072.5377,1091.6335,751.5428
forecast_6589,2025-10-02 13:00,1055.7295,1091.4653,751.5428
forecast_6590,2025-10-02 14:00,1054.4106,1176.6902,804.9533
forecast_6591,2025-10-02 15:00,1058.8967,1183.9086,824.89294
forecast_6592,2025-10-02 16:00,1062.7086,1190.3269,772.0365
forecast_6593,2025-10-02 17:00,1122.0215,1178.0582,798.2026
forecast_6594,2025-10-02 18:00,1196.4672,1147.4011,802.9371
forecast_6595,2025-10-02 19:00,1306.3838,1233.8457,852.80316
forecast_6596,2025-10-02 20:00,1370.7003,1247.5714,831.993
forecast_6597,2025-10-02 21:00,1443.0918,1337.352,798.2026
forecast_6598,2025-10-02 22:00,1537.2963,1348.5698,798.2026
forecast_6599,2025-10-02 23:00,1521.9203,1425.6245,836.10254
forecast_6600,2025-10-03 0:00,1757.8411,1545.2303,822.92865
forecast_6601,2025-10-03 1:00,2957.1467,3137.9055,1258.7753
forecast_6602,2025-10-03 2:00,2981.8882,3036.341,1245.4004
forecast_6603,2025-10-03 3:00,3067.0874,3042.3464,1127.1726
forecast_6604,2025-10-03 4:00,3054.9114,3010.7676,1131.6499
forecast_6605,2025-10-03 5:00,3231.4785,2933.5347,1156.6786
forecast_6606,2025-10-03 6:00,3437.337,3390.6921,1466.7291
forecast_6607,2025-10-03 7:00,3579.6626,3472.1057,1506.3912
forecast_6608,2025-10-03 8:00,3764.084,3868.357,1840.3834
forecast_6609,2025-10-03 9:00,3601.1025,4069.5786,1843.5139
forecast_6610,2025-10-03 10:00,3727.6086,4220.883,2178.897
forecast_6611,2025-10-03 11:00,3982.4824,4607.185,2403.3347
forecast_6612,2025-10-03 12:00,4697.5503,5796.3853,3317.87
forecast_6613,2025-10-03 13:00,3863.538,4319.691,2278.1543
forecast_6614,2025-10-03 14:00,3483.3372,3403.2085,1852.1307
forecast_6615,2025-10-03 15:00,3250.1074,3051.0657,1511.4971
forecast_6616,2025-10-03 16:00,3954.8896,3713.086,1850.8318
forecast_6617,2025-10-03 17:00,4383.288,4291.942,2060.7603
forecast_6618,2025-10-03 18:00,4989.45,4554.4717,2118.4
forecast_6619,2025-10-03 19:00,6726.827,7188.4746,4070.0972
forecast_6620,2025-10-03 20:00,6027.5054,5299.9673,2435.7668
forecast_6621,2025-10-03 21:00,6482.563,5311.4395,2235.9663
forecast_6622,2025-10-03 22:00,5697.383,4994.136,2076.1426
forecast_6623,2025-10-03 23:00,5065.7676,4108.108,1684.2638
forecast_6624,2025-10-04 0:00,4200.8975,3935.3252,1572.8485
forecast_6625,2025-10-04 1:00,4365.3306,4048.8313,1640.9215
forecast_6626,2025-10-04 2:00,3657.9775,3418.522,1505.9967
forecast_6627,2025-10-04 3:00,3884.5925,3844.2588,1726.3165
forecast_6628,2025-10-04 4:00,3414.4675,3278.8994,1573.2367
forecast_6629,2025-10-04 5:00,3524.557,3413.6384,1485.9475
forecast_6630,2025-10-04 6:00,3460.6663,3220.0037,1449.7838
forecast_6631,2025-10-04 7:00,3160.135,3222.891,1425.7511
forecast_6632,2025-10-04 8:00,3074.9639,3197.4482,1463.8773
forecast_6633,2025-10-04 9:00,2832.0308,3058.7039,1353.9407
forecast_6634,2025-10-04 10:00,2236.587,2251.7676,1058.3009
forecast_6635,2025-10-04 11:00,2046.5962,2029.4021,1009.0322
forecast_6636,2025-10-04 12:00,2084.591,2020.586,1099.8173
forecast_6637,2025-10-04 13:00,1744.434,1855.324,993.9485
forecast_6638,2025-10-04 14:00,1645.7137,1773.6996,997.2197
forecast_6639,2025-10-04 15:00,1608.965,1794.6173,1062.9624
forecast_6640,2025-10-04 16:00,1663.5377,1758.2491,948.34595
forecast_6641,2025-10-04 17:00,1857.1588,1957.3478,1028.7867
forecast_6642,2025-10-04 18:00,2026.5537,2126.5312,1089.0701
forecast_6643,2025-10-04 19:00,2015.8597,2025.826,1107.6256
forecast_6644,2025-10-04 20:00,2153.9866,2175.8286,1235.6688
forecast_6645,2025-10-04 21:00,2456.3257,2359.2698,1232.3969
forecast_6646,2025-10-04 22:00,1981.5934,2068.2122,1159.3445
forecast_6647,2025-10-04 23:00,1735.8258,1858.7429,1159.2289
forecast_6648,2025-10-05 0:00,1558.7557,1774.8805,1102.2789
forecast_6649,2025-10-05 1:00,1620.1439,1698.992,992.26025
forecast_6650,2025-10-05 2:00,1610.8806,1625.9023,996.73724
forecast_6651,2025-10-05 3:00,1615.9407,1607.1658,1001.81824
forecast_6652,2025-10-05 4:00,1460.1758,1470.1871,809.1945
forecast_6653,2025-10-05 5:00,1473.7883,1449.6523,833.6063
forecast_6654,2025-10-05 6:00,1462.7069,1382.5793,825.0032
forecast_6655,2025-10-05 7:00,1407.4451,1380.7866,818.4509
forecast_6656,2025-10-05 8:00,1377.0112,1290.8179,818.0461
forecast_6657,2025-10-05 9:00,1381.3168,1256.6838,818.4509
forecast_6658,2025-10-05 10:00,1379.4255,1260.8026,809.1945
forecast_6659,2025-10-05 11:00,1434.569,1365.566,827.6423
forecast_6660,2025-10-05 12:00,1297.6508,1204.7802,809.1945
forecast_6661,2025-10-05 13:00,1270.1746,1175.2688,798.2026
forecast_6662,2025-10-05 14:00,1292.0067,1142.707,809.1945
forecast_6663,2025-10-05 15:00,1350.9838,1291.3796,817.4225
forecast_6664,2025-10-05 16:00,1474.3234,1459.7759,809.1945
forecast_6665,2025-10-05 17:00,1268.9404,1331.4642,798.2026
forecast_6666,2025-10-05 18:00,1374.2015,1525.2902,825.436
forecast_6667,2025-10-05 19:00,1849.7568,2123.6936,958.55145
forecast_6668,2025-10-05 20:00,2081.6992,2295.2454,957.1154
forecast_6669,2025-10-05 21:00,2191.336,2504.323,1089.0186
forecast_6670,2025-10-05 22:00,2342.311,2496.3513,1087.6962
forecast_6671,2025-10-05 23:00,2522.9272,2606.2773,1085.0612
forecast_6672,2025-10-06 0:00,2204.4631,2272.1785,904.1333
forecast_6673,2025-10-06 1:00,2285.0432,2309.5994,1126.4874
forecast_6674,2025-10-06 2:00,2910.7876,2843.3733,1235.2014
forecast_6675,2025-10-06 3:00,3836.3315,4059.6174,1789.2502
forecast_6676,2025-10-06 4:00,3848.6885,4593.2354,2014.2238
forecast_6677,2025-10-06 5:00,4349.8555,5151.727,2389.3774
forecast_6678,2025-10-06 6:00,5930.6577,7416.818,4295.3354
forecast_6679,2025-10-06 7:00,7736.2324,9675.734,6770.197
forecast_6680,2025-10-06 8:00,10269.971,12605.139,9889.223
forecast_6681,2025-10-06 9:00,10134.478,12270.707,9497.044
forecast_6682,2025-10-06 10:00,9394.711,11770.296,8678.669
forecast_6683,2025-10-06 11:00,8119.355,10159.484,6606.782
forecast_6684,2025-10-06 12:00,7371.194,8616.8,5523.675
forecast_6685,2025-10-06 13:00,5970.882,7105.6655,3926.9487
forecast_6686,2025-10-06 14:00,4650.2856,5479.0156,2966.0059
forecast_6687,2025-10-06 15:00,3923.647,4431.7246,2259.4893
forecast_6688,2025-10-06 16:00,4583.8584,4734.094,2639.5227
forecast_6689,2025-10-06 17:00,6384.4873,7196.518,4251.2153
forecast_6690,2025-10-06 18:00,7881.531,8757.859,6242.051
forecast_6691,2025-10-06 19:00,8170.2056,8598.961,6225.9434
forecast_6692,2025-10-06 20:00,8721.63,9921.301,7213.978
forecast_6693,2025-10-06 21:00,9683.89,11041.561,8266.287
forecast_6694,2025-10-06 22:00,11524.375,13543.212,9806.924
forecast_6695,2025-10-06 23:00,12408.379,14727.357,10269.189
forecast_6696,2025-10-07 0:00,13604.232,15805.005,11537.384
forecast_6697,2025-10-07 1:00,10709.836,13497.185,9527.623
forecast_6698,2025-10-07 2:00,9571.611,11867.621,7782.4746
forecast_6699,2025-10-07 3:00,9640.972,11649.059,7921.082
forecast_6700,2025-10-07 4:00,8804.058,11235.5,6967.6875
forecast_6701,2025-10-07 5:00,8259.866,10958.179,6784.8457
forecast_6702,2025-10-07 6:00,9128.972,11519.3955,7336.891
forecast_6703,2025-10-07 7:00,8527.119,10514.16,6507.0684
forecast_6704,2025-10-07 8:00,7786.234,9913.879,6055.2026
forecast_6705,2025-10-07 9:00,7454.871,8788.984,5120.4917
forecast_6706,2025-10-07 10:00,6169.89,7246.795,3645.6526
forecast_6707,2025-10-07 11:00,4819.94,5446.8403,2521.9478
forecast_6708,2025-10-07 12:00,4141.628,3901.0122,1787.99
forecast_6709,2025-10-07 13:00,3901.1458,3759.6587,1705.7789
forecast_6710,2025-10-07 14:00,3617.1265,3269.0457,1588.5852
forecast_6711,2025-10-07 15:00,3264.0828,2754.5762,1537.1188
forecast_6712,2025-10-07 16:00,2908.2417,2653.7166,1314.125
forecast_6713,2025-10-07 17:00,2627.5273,2451.6472,1176.8745
forecast_6714,2025-10-07 18:00,2486.3376,2286.7205,1117.4297
forecast_6715,2025-10-07 19:00,2182.2285,2066.5461,971.18353
forecast_6716,2025-10-07 20:00,1903.0487,1674.7305,836.9408
forecast_6717,2025-10-07 21:00,1534.0293,1377.0145,972.41504
forecast_6718,2025-10-07 22:00,1594.988,1438.5963,852.14496
forecast_6719,2025-10-07 23:00,1652.0944,1393.8295,920.9515
forecast_6720,2025-10-08 0:00,1668.5856,1508.0051,871.17
forecast_6721,2025-10-08 1:00,1443.2269,1381.6372,877.2191
forecast_6722,2025-10-08 2:00,1426.2826,1375.7362,841.5408
forecast_6723,2025-10-08 3:00,1474.6759,1385.7235,837.13245
forecast_6724,2025-10-08 4:00,1562.3762,1496.4347,828.07666
forecast_6725,2025-10-08 5:00,1646.3782,1531.8243,894.80255
forecast_6726,2025-10-08 6:00,1564.1926,1525.1702,900.9288
forecast_6727,2025-10-08 7:00,1655.3513,1617.175,904.1333
forecast_6728,2025-10-08 8:00,1575.5344,1560.3981,824.49194
forecast_6729,2025-10-08 9:00,1526.018,1673.4857,943.2772
forecast_6730,2025-10-08 10:00,1497.3115,1696.731,960.7484
forecast_6731,2025-10-08 11:00,1388.2604,1625.9497,849.0203
forecast_6732,2025-10-08 12:00,1298.3412,1458.115,838.5517
forecast_6733,2025-10-08 13:00,1302.5066,1421.2263,833.4375
forecast_6734,2025-10-08 14:00,1287.8271,1473.1841,910.6715
forecast_6735,2025-10-08 15:00,1300.1794,1590.4061,966.5769
forecast_6736,2025-10-08 16:00,1546.0344,1827.1593,1011.69977
forecast_6737,2025-10-08 17:00,1849.4525,2078.5156,1167.9008
forecast_6738,2025-10-08 18:00,2146.6536,2398.8604,1214.5339
forecast_6739,2025-10-08 19:00,2988.2354,3229.5466,1525.6014
forecast_6740,2025-10-08 20:00,3263.1367,4141.934,1908.9502
forecast_6741,2025-10-08 21:00,3499.7644,4114.9756,1993.2529
forecast_6742,2025-10-08 22:00,4358.493,5525.618,2758.757
forecast_6743,2025-10-08 23:00,5059.653,6511.697,3082.7395
forecast_6744,2025-10-09 0:00,5461.678,7214.0796,3906.652
forecast_6745,2025-10-09 1:00,5584.2925,7371.5913,4333.2954
forecast_6746,2025-10-09 2:00,6947.0117,8944.635,5720.6387
forecast_6747,2025-10-09 3:00,6031.854,8110.079,4004.5105
forecast_6748,2025-10-09 4:00,5197.4062,6610.2407,3615.7764
forecast_6749,2025-10-09 5:00,5585.774,7664.9507,3793.76
forecast_6750,2025-10-09 6:00,6881.7134,8530.836,4759.489
forecast_6751,2025-10-09 7:00,5705.923,8170.471,4362.0127
forecast_6752,2025-10-09 8:00,5091.6235,6917.6543,3719.0579
forecast_6753,2025-10-09 9:00,5067.232,6763.1396,3752.8342
forecast_6754,2025-10-09 10:00,4264.7544,5429.4966,2719.428
forecast_6755,2025-10-09 11:00,3474.954,4509.413,2353.3884
forecast_6756,2025-10-09 12:00,3271.591,3867.6897,2003.6469
forecast_6757,2025-10-09 13:00,2725.9907,3163.2952,1650.8899
forecast_6758,2025-10-09 14:00,2697.7854,3053.0754,1611.738
forecast_6759,2025-10-09 15:00,2575.078,2936.554,1500.0428
forecast_6760,2025-10-09 16:00,2602.2205,2948.8364,1520.4637
forecast_6761,2025-10-09 17:00,2475.6636,2836.975,1449.3302
forecast_6762,2025-10-09 18:00,2525.7598,2841.3699,1369.8081
forecast_6763,2025-10-09 19:00,2526.241,2832.721,1335.4238
forecast_6764,2025-10-09 20:00,2475.1736,2615.006,1314.9982
forecast_6765,2025-10-09 21:00,2454.5012,2341.721,1213.6041
forecast_6766,2025-10-09 22:00,2333.1616,2158.0532,1157.748
forecast_6767,2025-10-09 23:00,2310.1423,2122.1096,1087.0842
forecast_6768,2025-10-10 0:00,2332.4966,2138.296,1011.51733
forecast_6769,2025-10-10 1:00,2527.8845,2408.9463,1250.0171
forecast_6770,2025-10-10 2:00,2720.0496,2557.979,1217.2769
forecast_6771,2025-10-10 3:00,2949.533,2821.0205,1297.3513
forecast_6772,2025-10-10 4:00,3007.3315,2880.1526,1313.9652
forecast_6773,2025-10-10 5:00,2885.2178,2719.9326,1268.0583
forecast_6774,2025-10-10 6:00,2861.6494,2739.265,1304.5149
forecast_6775,2025-10-10 7:00,2871.3784,2936.5571,1394.6254
forecast_6776,2025-10-10 8:00,3210.0085,3489.0522,1633.3717
forecast_6777,2025-10-10 9:00,2924.2642,3130.1335,1514.1177
forecast_6778,2025-10-10 10:00,2774.5737,2875.3894,1380.0914
forecast_6779,2025-10-10 11:00,2623.0735,2703.382,1339.9852
forecast_6780,2025-10-10 12:00,2394.0256,2694.3474,1423.6578
forecast_6781,2025-10-10 13:00,2495.867,2908.0366,1567.8757
forecast_6782,2025-10-10 14:00,2551.61,2925.8687,1628.0066
forecast_6783,2025-10-10 15:00,2672.482,3152.2483,1749.4124
forecast_6784,2025-10-10 16:00,2655.0923,2680.5056,1528.5278
forecast_6785,2025-10-10 17:00,2383.3079,2473.0662,1200.3788
forecast_6786,2025-10-10 18:00,2351.5781,2358.5493,1144.8988
forecast_6787,2025-10-10 19:00,2679.258,2742.8835,1335.1088
forecast_6788,2025-10-10 20:00,3034.977,2888.727,1338.3221
forecast_6789,2025-10-10 21:00,3318.0935,3477.4177,1766.0144
forecast_6790,2025-10-10 22:00,3748.8022,4217.16,1969.6058
forecast_6791,2025-10-10 23:00,3667.6052,4442.15,2155.4429
forecast_6792,2025-10-11 0:00,4776.3765,5259.272,2532.7031
forecast_6793,2025-10-11 1:00,5389.604,6241.3975,3031.9138
forecast_6794,2025-10-11 2:00,5608.246,6753.1235,3273.8374
forecast_6795,2025-10-11 3:00,6758.64,8032.821,3889.8806
forecast_6796,2025-10-11 4:00,7877.1533,9804.296,5164.4473
forecast_6797,2025-10-11 5:00,10039.997,12518.404,8388.385
forecast_6798,2025-10-11 6:00,9738.96,12245.553,8107.0312
forecast_6799,2025-10-11 7:00,9663.687,12525.495,8130.692
forecast_6800,2025-10-11 8:00,10319.2,12444.541,8395.67
forecast_6801,2025-10-11 9:00,10106.281,12315.276,7953.2334
forecast_6802,2025-10-11 10:00,8993.282,10871.569,7553.4307
forecast_6803,2025-10-11 11:00,8447.103,10409.7295,7498.286
forecast_6804,2025-10-11 12:00,8843.829,10900.727,8250.09
forecast_6805,2025-10-11 13:00,9871.743,10720.204,9144.675
forecast_6806,2025-10-11 14:00,9966.953,11202.006,8481.349
forecast_6807,2025-10-11 15:00,11598.542,12326.166,9913.162
forecast_6808,2025-10-11 16:00,12125.913,12907.424,10198.908
forecast_6809,2025-10-11 17:00,11341.344,12248.66,9658.087
forecast_6810,2025-10-11 18:00,11368.625,12479.725,9937.709
forecast_6811,2025-10-11 19:00,12540.564,13367.514,11113.765
forecast_6812,2025-10-11 20:00,13194.426,14059.637,11758.255
forecast_6813,2025-10-11 21:00,12983.623,14163.841,11180.389
forecast_6814,2025-10-11 22:00,12234.206,13986.416,10940.289
forecast_6815,2025-10-11 23:00,11989.311,13650.902,10074.65
forecast_6816,2025-10-12 0:00,10548.502,11342.551,8304.424
forecast_6817,2025-10-12 1:00,11720.912,12870.246,9747.913
forecast_6818,2025-10-12 2:00,9539.242,10126.228,7729.9883
forecast_6819,2025-10-12 3:00,7550.464,8078.946,4639.902
forecast_6820,2025-10-12 4:00,7152.786,7846.695,4540.1606
forecast_6821,2025-10-12 5:00,4866.303,5190.6987,3137.7107
forecast_6822,2025-10-12 6:00,3212.5042,3261.1313,1697.8688
forecast_6823,2025-10-12 7:00,2394.941,2559.7837,1523.0017
forecast_6824,2025-10-12 8:00,2597.8171,2791.4514,1713.2344
forecast_6825,2025-10-12 9:00,3591.0771,3887.823,2227.699
forecast_6826,2025-10-12 10:00,4637.8755,5351.114,3407.4575
forecast_6827,2025-10-12 11:00,5579.305,7147.437,4885.7812
forecast_6828,2025-10-12 12:00,5401.3384,7213.421,4437.579
forecast_6829,2025-10-12 13:00,5116.013,6942.0825,4131.6675
forecast_6830,2025-10-12 14:00,5829.354,7860.3247,4878.8584
forecast_6831,2025-10-12 15:00,5444.5757,8401.023,5400.584
forecast_6832,2025-10-12 16:00,4981.5024,6551.0317,4054.4019
forecast_6833,2025-10-12 17:00,5297.4175,7430.908,4842.731
forecast_6834,2025-10-12 18:00,6192.515,8345.172,4986.9946
forecast_6835,2025-10-12 19:00,6857.8696,8941.758,5853.5024
forecast_6836,2025-10-12 20:00,7272.4585,9545.316,5664.189
forecast_6837,2025-10-12 21:00,6758.8677,8118.689,4521.0034
forecast_6838,2025-10-12 22:00,5584.7827,6907.2954,3203.1445
forecast_6839,2025-10-12 23:00,4677.769,5878.0303,2789.5742
forecast_6840,2025-10-13 0:00,4484.1216,5532.614,2489.5935
forecast_6841,2025-10-13 1:00,3794.501,3845.6152,1761.5543
forecast_6842,2025-10-13 2:00,2804.3865,2983.119,1484.8312
forecast_6843,2025-10-13 3:00,2556.4333,2645.4954,1274.632
forecast_6844,2025-10-13 4:00,2190.1128,2298.088,1260.5466
forecast_6845,2025-10-13 5:00,3022.792,3371.3672,1680.3513
forecast_6846,2025-10-13 6:00,3937.665,4535.545,2381.9856
forecast_6847,2025-10-13 7:00,4864.761,6292.0015,3300.5847
forecast_6848,2025-10-13 8:00,4640.2114,5896.841,3081.4224
forecast_6849,2025-10-13 9:00,4518.8555,6518.5195,3252.855
forecast_6850,2025-10-13 10:00,4688.1196,5835.4614,2873.3982
forecast_6851,2025-10-13 11:00,4362.2964,5873.1025,3114.3442
forecast_6852,2025-10-13 12:00,4450.9175,5653.833,2901.5286
forecast_6853,2025-10-13 13:00,4316.6177,5321.3765,2648.0317
forecast_6854,2025-10-13 14:00,4213.441,4947.4272,2645.0935
forecast_6855,2025-10-13 15:00,4518.148,5799.7646,3133.488
forecast_6856,2025-10-13 16:00,4674.732,5450.4727,2731.2424
forecast_6857,2025-10-13 17:00,5770.4175,6202.3047,3429.5146
forecast_6858,2025-10-13 18:00,5036.8364,5556.2583,2536.189
forecast_6859,2025-10-13 19:00,5377.0884,6335.3667,2872.371
forecast_6860,2025-10-13 20:00,5266.345,5531.0107,2510.465
forecast_6861,2025-10-13 21:00,6423.8286,6743.1934,3764.8203
forecast_6862,2025-10-13 22:00,5901.313,6455.255,2998.5327
forecast_6863,2025-10-13 23:00,5456.7515,6162.8013,2613.7256
forecast_6864,2025-10-14 0:00,6335.1567,7310.4893,3156.8416
forecast_6865,2025-10-14 1:00,7641.174,8971.648,4394.3345
forecast_6866,2025-10-14 2:00,7873.466,9807.424,5988.4243
forecast_6867,2025-10-14 3:00,7119.706,8115.6416,3819.0037
forecast_6868,2025-10-14 4:00,6661.1235,6832.9033,3373.1523
forecast_6869,2025-10-14 5:00,6559.986,7678.875,3590.7312
forecast_6870,2025-10-14 6:00,6324.3965,7256.4,3268.6355
forecast_6871,2025-10-14 7:00,6517.651,7889.3906,3945.501
forecast_6872,2025-10-14 8:00,6354.091,7897.0586,3937.5696
forecast_6873,2025-10-14 9:00,6691.1875,8428.599,4880.8867
forecast_6874,2025-10-14 10:00,6378.5693,8238.75,5145.6455
forecast_6875,2025-10-14 11:00,5557.5464,6813.4434,3869.452
forecast_6876,2025-10-14 12:00,5292.671,6625.87,3794.8376
forecast_6877,2025-10-14 13:00,4989.24,6374.4053,3299.2178
forecast_6878,2025-10-14 14:00,4966.392,6709.1953,3732.2456
forecast_6879,2025-10-14 15:00,4544.9033,6169.237,3203.9888
forecast_6880,2025-10-14 16:00,3558.992,4358.655,2068.4778
forecast_6881,2025-10-14 17:00,4067.1702,5274.9434,2627.7903
forecast_6882,2025-10-14 18:00,3975.966,4705.3003,2397.7227
forecast_6883,2025-10-14 19:00,3988.2458,4540.8003,2060.8945
forecast_6884,2025-10-14 20:00,4508.5054,5142.7715,2420.4087
forecast_6885,2025-10-14 21:00,4354.787,5018.222,2324.0317
forecast_6886,2025-10-14 22:00,4473.846,5104.829,2214.7869
forecast_6887,2025-10-14 23:00,5093.8525,5906.5605,2281.5964
forecast_6888,2025-10-15 0:00,4228.6743,4717.9272,1987.0549
forecast_6889,2025-10-15 1:00,3748.2961,4425.1694,1891.8412
forecast_6890,2025-10-15 2:00,4002.904,4657.9775,1880.7911
forecast_6891,2025-10-15 3:00,3852.744,4529.001,1799.4237
forecast_6892,2025-10-15 4:00,3680.7742,4360.3286,1747.4492
forecast_6893,2025-10-15 5:00,3454.049,3879.8093,1602.7886
forecast_6894,2025-10-15 6:00,3621.621,4215.2,1785.1062
forecast_6895,2025-10-15 7:00,3468.5137,3899.869,1689.4508
forecast_6896,2025-10-15 8:00,3429.1167,3703.0786,1778.9895
forecast_6897,2025-10-15 9:00,3064.3994,3160.6726,1636.4376
forecast_6898,2025-10-15 10:00,2665.313,2583.1155,1436.2457
forecast_6899,2025-10-15 11:00,2439.4683,2389.069,1295.824
forecast_6900,2025-10-15 12:00,2358.9883,2367.7449,1370.0516
forecast_6901,2025-10-15 13:00,1890.1058,1837.1342,1112.4109
forecast_6902,2025-10-15 14:00,1771.3202,1734.2704,916.61194
forecast_6903,2025-10-15 15:00,1842.9597,1752.5415,990.32336
forecast_6904,2025-10-15 16:00,1991.1671,2025.3746,1062.2815
forecast_6905,2025-10-15 17:00,2289.327,2259.402,1039.8207
forecast_6906,2025-10-15 18:00,2254.839,2106.995,904.1333
forecast_6907,2025-10-15 19:00,2705.1575,2513.5242,1020.0689
forecast_6908,2025-10-15 20:00,3610.032,3320.6912,1589.1764
forecast_6909,2025-10-15 21:00,3716.5786,3510.686,1475.5647
forecast_6910,2025-10-15 22:00,4555.3247,4539.255,1926.6395
forecast_6911,2025-10-15 23:00,4931.7637,5239.118,2250.5244
forecast_6912,2025-10-16 0:00,5060.2246,5918.192,2825.8203
forecast_6913,2025-10-16 1:00,3461.4946,3866.488,1716.6221
forecast_6914,2025-10-16 2:00,3625.5732,4251.522,1992.9678
forecast_6915,2025-10-16 3:00,3024.754,4149.297,2157.1406
forecast_6916,2025-10-16 4:00,3333.1077,3780.9773,1980.1855
forecast_6917,2025-10-16 5:00,3345.9832,3477.8157,1720.8502
forecast_6918,2025-10-16 6:00,4454.869,4933.45,2728.322
forecast_6919,2025-10-16 7:00,5299.959,5788.8086,3524.3408
forecast_6920,2025-10-16 8:00,4880.6255,6466.1187,3284.183
forecast_6921,2025-10-16 9:00,4728.692,6126.5747,3435.4114
forecast_6922,2025-10-16 10:00,4863.5127,6292.217,3259.0747
forecast_6923,2025-10-16 11:00,5597.6377,7275.559,4121.283
forecast_6924,2025-10-16 12:00,6074.869,6914.4204,4134.7847
forecast_6925,2025-10-16 13:00,5195.7646,6704.369,3680.552
forecast_6926,2025-10-16 14:00,5145.881,6367.8975,3442.0598
forecast_6927,2025-10-16 15:00,4001.8496,4670.6094,2421.8252
forecast_6928,2025-10-16 16:00,3222.3552,4066.806,1949.3921
forecast_6929,2025-10-16 17:00,3176.4788,3729.0042,1915.3651
forecast_6930,2025-10-16 18:00,3530.8984,4035.6328,2051.8962
forecast_6931,2025-10-16 19:00,3446.5347,4300.275,1969.7565
forecast_6932,2025-10-16 20:00,4041.4722,5569.652,2391.7537
forecast_6933,2025-10-16 21:00,3870.579,4954.6714,2140.0144
forecast_6934,2025-10-16 22:00,4175.1694,4963.3853,2281.414
forecast_6935,2025-10-16 23:00,4080.8535,4749.0303,2250.4863
forecast_6936,2025-10-17 0:00,3569.6084,4089.6423,1662.0295
forecast_6937,2025-10-17 1:00,3969.481,4677.2324,2205.2654
forecast_6938,2025-10-17 2:00,3807.6973,4389.7363,1922.5712
forecast_6939,2025-10-17 3:00,3708.0828,4061.3154,1787.127
forecast_6940,2025-10-17 4:00,3637.8582,4012.1348,1686.7219
forecast_6941,2025-10-17 5:00,3373.2065,3303.6196,1503.4778
forecast_6942,2025-10-17 6:00,2858.3826,2822.9778,1321.9905
forecast_6943,2025-10-17 7:00,2892.209,2724.635,1204.469
forecast_6944,2025-10-17 8:00,2737.2195,2376.9126,1174.9896
forecast_6945,2025-10-17 9:00,2901.1497,2548.787,1219.9412
forecast_6946,2025-10-17 10:00,2224.153,1790.5691,901.872
forecast_6947,2025-10-17 11:00,1940.125,1712.0122,955.6443
forecast_6948,2025-10-17 12:00,1678.0214,1502.9194,818.4509
forecast_6949,2025-10-17 13:00,1413.1205,1352.1427,888.648
forecast_6950,2025-10-17 14:00,1374.2394,1420.6461,861.54614
forecast_6951,2025-10-17 15:00,1512.7617,1549.3755,986.4183
forecast_6952,2025-10-17 16:00,1695.5632,1697.6862,888.8368
forecast_6953,2025-10-17 17:00,1978.8931,1865.2599,901.872
forecast_6954,2025-10-17 18:00,2557.946,2299.204,1079.5243
forecast_6955,2025-10-17 19:00,3332.4124,3038.222,1379.5184
forecast_6956,2025-10-17 20:00,4518.518,4385.545,2033.755
forecast_6957,2025-10-17 21:00,5579.5605,5852.3643,2899.0151
forecast_6958,2025-10-17 22:00,5976.6514,6887.3057,3320.9624
forecast_6959,2025-10-17 23:00,5356.0527,6340.0674,3193.0144
forecast_6960,2025-10-18 0:00,4858.314,5308.9316,2670.9443
forecast_6961,2025-10-18 1:00,4249.8174,4562.3623,2361.9888
forecast_6962,2025-10-18 2:00,4618.85,5314.844,3094.1519
forecast_6963,2025-10-18 3:00,4468.2446,4746.228,2844.4238
forecast_6964,2025-10-18 4:00,4073.7698,4644.413,2944.713
forecast_6965,2025-10-18 5:00,3122.0605,2807.101,1415.383
forecast_6966,2025-10-18 6:00,3027.52,2410.4597,1247.0212
forecast_6967,2025-10-18 7:00,2909.0334,2627.8005,1258.1753
forecast_6968,2025-10-18 8:00,2312.4785,2028.6984,1049.2236
forecast_6969,2025-10-18 9:00,2114.7664,2029.106,1146.1014
forecast_6970,2025-10-18 10:00,2117.7327,2060.3975,1051.0487
forecast_6971,2025-10-18 11:00,2614.4006,2493.614,1286.347
forecast_6972,2025-10-18 12:00,2499.2693,2304.086,1290.2751
forecast_6973,2025-10-18 13:00,2420.9558,2541.4468,1410.9243
forecast_6974,2025-10-18 14:00,2604.2036,2857.5442,1693.9841
forecast_6975,2025-10-18 15:00,3152.4917,3705.0266,2002.5923
forecast_6976,2025-10-18 16:00,3329.1921,4022.1548,2124.4949
forecast_6977,2025-10-18 17:00,2639.6064,3063.9702,1716.168
forecast_6978,2025-10-18 18:00,2207.0376,2486.9111,1606.5244
forecast_6979,2025-10-18 19:00,2245.5374,2549.4802,1525.4689
forecast_6980,2025-10-18 20:00,2345.162,2587.2578,1421.7183
forecast_6981,2025-10-18 21:00,2491.8928,2633.4802,1346.6907
forecast_6982,2025-10-18 22:00,2222.1643,2280.7686,1281.2877
forecast_6983,2025-10-18 23:00,2026.6077,2030.5446,1186.1918
forecast_6984,2025-10-19 0:00,1842.0436,1980.7227,1046.2238
forecast_6985,2025-10-19 1:00,1608.9983,1619.7168,934.2442
forecast_6986,2025-10-19 2:00,1529.5074,1530.6105,847.85626
forecast_6987,2025-10-19 3:00,1576.496,1520.5511,930.4051
forecast_6988,2025-10-19 4:00,1713.3671,1548.686,942.984
forecast_6989,2025-10-19 5:00,1519.2975,1393.4402,848.4582
forecast_6990,2025-10-19 6:00,1427.8434,1292.6786,834.458
forecast_6991,2025-10-19 7:00,1558.8319,1389.0369,798.2026
forecast_6992,2025-10-19 8:00,1724.726,1511.251,839.29486
forecast_6993,2025-10-19 9:00,1954.3732,1789.4729,1043.9512
forecast_6994,2025-10-19 10:00,2071.4468,2316.0134,1226.9968
forecast_6995,2025-10-19 11:00,1971.8191,2243.9229,1207.4602
forecast_6996,2025-10-19 12:00,1766.6553,2015.321,1346.2213
forecast_6997,2025-10-19 13:00,2367.0137,2802.177,1683.917
forecast_6998,2025-10-19 14:00,3748.244,4130.9175,2275.7651
forecast_6999,2025-10-19 15:00,4363.8745,4816.7056,2844.9248
forecast_7000,2025-10-19 16:00,5558.2065,6425.757,3906.51
forecast_7001,2025-10-19 17:00,6059.991,6198.778,3690.1553
forecast_7002,2025-10-19 18:00,5266.942,5520.544,3102.625
forecast_7003,2025-10-19 19:00,6186.8022,6072.7383,4194.521
forecast_7004,2025-10-19 20:00,6675.8496,6683.7036,4215.102
forecast_7005,2025-10-19 21:00,5116.2773,5297.31,2883.2776
forecast_7006,2025-10-19 22:00,4207.4976,4118.116,2424.0525
forecast_7007,2025-10-19 23:00,3547.8176,3497.4348,1993.9287
forecast_7008,2025-10-20 0:00,2775.8984,2944.081,1594.6216
forecast_7009,2025-10-20 1:00,1852.1321,1666.925,886.57465
forecast_7010,2025-10-20 2:00,1573.7749,1557.946,901.476
forecast_7011,2025-10-20 3:00,1496.9015,1659.2189,903.7373
forecast_7012,2025-10-20 4:00,1776.3231,2212.8206,1162.3613
forecast_7013,2025-10-20 5:00,2141.8752,2530.6482,1491.3181
forecast_7014,2025-10-20 6:00,2334.4128,2889.439,1471.3269
forecast_7015,2025-10-20 7:00,2234.9082,2745.2615,1300.389
forecast_7016,2025-10-20 8:00,2429.8884,2727.6492,1506.9625
forecast_7017,2025-10-20 9:00,2987.7568,3470.0205,1850.2205
forecast_7018,2025-10-20 10:00,2683.9111,3352.0508,1789.4376
forecast_7019,2025-10-20 11:00,2653.4067,3323.56,1770.7169
forecast_7020,2025-10-20 12:00,2851.789,3409.5947,1834.5677
forecast_7021,2025-10-20 13:00,2431.2546,3040.9534,1639.0247
forecast_7022,2025-10-20 14:00,2166.7114,2489.4805,1380.5657
forecast_7023,2025-10-20 15:00,2046.8109,2222.4028,1158.8135
forecast_7024,2025-10-20 16:00,1954.0173,1983.8726,1058.6438
forecast_7025,2025-10-20 17:00,1853.2781,1761.684,983.3553
forecast_7026,2025-10-20 18:00,1790.574,1703.7618,925.4602
forecast_7027,2025-10-20 19:00,1660.3546,1604.2478,829.5537
forecast_7028,2025-10-20 20:00,1330.1809,1292.5079,798.2026
forecast_7029,2025-10-20 21:00,1412.1167,1329.9108,798.2026
forecast_7030,2025-10-20 22:00,1437.045,1327.6058,798.2026
forecast_7031,2025-10-20 23:00,1427.6626,1337.579,798.2026
forecast_7032,2025-10-21 0:00,1433.819,1349.7526,798.2026
forecast_7033,2025-10-21 1:00,2083.1738,2079.312,972.76636
forecast_7034,2025-10-21 2:00,2092.9414,2041.7477,948.75336
forecast_7035,2025-10-21 3:00,1998.3505,1881.2051,925.19556
forecast_7036,2025-10-21 4:00,2010.2759,1933.3258,909.4224
forecast_7037,2025-10-21 5:00,2210.3765,1888.166,989.7584
forecast_7038,2025-10-21 6:00,1846.1974,1643.0961,901.872
forecast_7039,2025-10-21 7:00,1663.9445,1486.3215,901.872
forecast_7040,2025-10-21 8:00,1717.0405,1540.5981,888.8368
forecast_7041,2025-10-21 9:00,1507.1912,1392.5203,817.4225
forecast_7042,2025-10-21 10:00,1205.1355,1114.3488,740.5508
forecast_7043,2025-10-21 11:00,1110.5435,1047.0017,713.67346
forecast_7044,2025-10-21 12:00,1136.732,1042.2429,713.67346
forecast_7045,2025-10-21 13:00,1144.6295,1031.7009,713.67346
forecast_7046,2025-10-21 14:00,1286.1555,1258.517,844.92566
forecast_7047,2025-10-21 15:00,1181.3063,1188.1035,841.23285
forecast_7048,2025-10-21 16:00,1234.0006,1368.4087,924.3339
forecast_7049,2025-10-21 17:00,1148.0402,1195.3597,827.81226
forecast_7050,2025-10-21 18:00,1222.6675,1203.5929,817.4225
forecast_7051,2025-10-21 19:00,1231.8213,1248.8716,809.1945
forecast_7052,2025-10-21 20:00,1342.9045,1415.9725,798.2026
forecast_7053,2025-10-21 21:00,1901.2838,1728.5337,901.872
forecast_7054,2025-10-21 22:00,1616.1489,1558.0309,901.872
forecast_7055,2025-10-21 23:00,1660.4119,1536.5212,901.872
forecast_7056,2025-10-22 0:00,2000.1984,1812.1102,909.23987
forecast_7057,2025-10-22 1:00,1488.5305,1386.4857,809.1945
forecast_7058,2025-10-22 2:00,1415.2925,1437.264,824.49194
forecast_7059,2025-10-22 3:00,1461.5686,1513.7091,824.49194
forecast_7060,2025-10-22 4:00,1500.3693,1585.2463,899.6744
forecast_7061,2025-10-22 5:00,1672.724,1670.473,909.23987
forecast_7062,2025-10-22 6:00,1811.5715,1937.238,957.1154
forecast_7063,2025-10-22 7:00,1981.5841,2236.892,974.50446
forecast_7064,2025-10-22 8:00,2824.8757,2873.9875,1167.6628
forecast_7065,2025-10-22 9:00,2913.948,3378.5964,1608.5732
forecast_7066,2025-10-22 10:00,2269.43,2462.5183,1330.298
forecast_7067,2025-10-22 11:00,2588.4841,2744.5244,1480.881
forecast_7068,2025-10-22 12:00,2534.8062,2723.454,1550.1917
forecast_7069,2025-10-22 13:00,2348.9736,2343.9543,1286.5107
forecast_7070,2025-10-22 14:00,2069.131,1861.2443,1104.8834
forecast_7071,2025-10-22 15:00,2162.8103,1958.5691,1122.1296
forecast_7072,2025-10-22 16:00,2353.0105,2152.5024,1141.765
forecast_7073,2025-10-22 17:00,2108.7761,1897.9634,915.15686
forecast_7074,2025-10-22 18:00,2088.1018,1798.6655,909.23987
forecast_7075,2025-10-22 19:00,2180.8616,1867.8876,951.8195
forecast_7076,2025-10-22 20:00,2390.759,1940.3469,906.97845
forecast_7077,2025-10-22 21:00,2521.493,1940.163,974.50446
forecast_7078,2025-10-22 22:00,2807.118,2180.0786,1032.903
forecast_7079,2025-10-22 23:00,2756.5417,2056.5715,1038.199
forecast_7080,2025-10-23 0:00,2253.5632,1874.4781,901.872
forecast_7081,2025-10-23 1:00,1680.6825,1479.1567,817.4225
forecast_7082,2025-10-23 2:00,1649.1965,1394.33,817.4225
forecast_7083,2025-10-23 3:00,1466.257,1324.2096,798.2026
forecast_7084,2025-10-23 4:00,1428.1227,1263.406,798.2026
forecast_7085,2025-10-23 5:00,1408.4142,1238.8901,798.2026
forecast_7086,2025-10-23 6:00,1388.2567,1225.8162,798.2026
forecast_7087,2025-10-23 7:00,1388.0864,1299.2257,798.2026
forecast_7088,2025-10-23 8:00,1351.0457,1256.2783,798.2026
forecast_7089,2025-10-23 9:00,1333.9635,1206.7491,798.2026
forecast_7090,2025-10-23 10:00,1267.2029,1105.4015,740.5508
forecast_7091,2025-10-23 11:00,1189.4924,1053.4592,740.5508
forecast_7092,2025-10-23 12:00,1202.477,1069.7935,727.75085
forecast_7093,2025-10-23 13:00,1209.3817,1090.8135,738.8903
forecast_7094,2025-10-23 14:00,1226.5671,1089.3501,747.9993
forecast_7095,2025-10-23 15:00,1211.6272,1080.5593,727.75085
forecast_7096,2025-10-23 16:00,1247.1472,1162.2533,818.4509
forecast_7097,2025-10-23 17:00,1273.5004,1228.8567,798.2026
forecast_7098,2025-10-23 18:00,1215.1699,1239.1887,803.4214
forecast_7099,2025-10-23 19:00,1316.2002,1252.1595,817.4225
forecast_7100,2025-10-23 20:00,1420.0985,1283.5347,818.4509
forecast_7101,2025-10-23 21:00,1384.0469,1316.4407,824.49194
forecast_7102,2025-10-23 22:00,1485.6074,1389.3999,893.0096
forecast_7103,2025-10-23 23:00,1341.0543,1286.5867,891.5386
forecast_7104,2025-10-24 0:00,1416.5454,1425.526,888.8368
forecast_7105,2025-10-24 1:00,1607.065,1539.9823,901.872
forecast_7106,2025-10-24 2:00,1944.0499,1780.3619,957.1154
forecast_7107,2025-10-24 3:00,2298.9614,2455.623,1331.9254
forecast_7108,2025-10-24 4:00,2715.4785,3037.1182,1475.6372
forecast_7109,2025-10-24 5:00,3171.8125,3391.8677,1610.7834
forecast_7110,2025-10-24 6:00,3373.276,3671.1787,1628.4807
forecast_7111,2025-10-24 7:00,3243.49,3411.6248,1685.785
forecast_7112,2025-10-24 8:00,3471.137,3336.3757,1928.882
forecast_7113,2025-10-24 9:00,3321.586,3357.128,1920.044
forecast_7114,2025-10-24 10:00,4145.54,4431.5522,2590.5996
forecast_7115,2025-10-24 11:00,3932.324,4383.3096,2448.4524
forecast_7116,2025-10-24 12:00,2906.533,3195.4807,1999.3699
forecast_7117,2025-10-24 13:00,2650.7305,2991.4932,1836.1494
forecast_7118,2025-10-24 14:00,2188.7073,2341.7532,1602.096
forecast_7119,2025-10-24 15:00,2222.266,2210.2466,1359.81
forecast_7120,2025-10-24 16:00,2692.9197,2672.0059,1365.2699
forecast_7121,2025-10-24 17:00,2860.442,2660.903,1283.6012
forecast_7122,2025-10-24 18:00,3399.0837,2905.4812,1325.4751
forecast_7123,2025-10-24 19:00,3677.8975,3091.876,1362.5272
forecast_7124,2025-10-24 20:00,3734.271,3128.9004,1368.4844
forecast_7125,2025-10-24 21:00,4170.9175,3400.7234,1474.1008
forecast_7126,2025-10-24 22:00,4361.588,3965.4927,1657.9434
forecast_7127,2025-10-24 23:00,3874.8184,3500.9688,1440.9296
forecast_7128,2025-10-25 0:00,3484.0935,3234.7322,1261.7291
forecast_7129,2025-10-25 1:00,4330.6997,3950.8735,1747.2097
forecast_7130,2025-10-25 2:00,3956.6753,3871.1636,1849.2253
forecast_7131,2025-10-25 3:00,3552.6829,3595.5708,1868.2053
forecast_7132,2025-10-25 4:00,3734.7993,3679.573,2007.347
forecast_7133,2025-10-25 5:00,3224.1567,3513.1875,1744.7537
forecast_7134,2025-10-25 6:00,3057.1213,3604.1816,1796.111
forecast_7135,2025-10-25 7:00,3359.1118,3840.112,1902.8923
forecast_7136,2025-10-25 8:00,2857.1196,3102.8743,1467.6084
forecast_7137,2025-10-25 9:00,2678.181,2933.8833,1449.9186
forecast_7138,2025-10-25 10:00,1737.231,1799.6113,1059.0654
forecast_7139,2025-10-25 11:00,1705.5795,1796.4929,1102.3759
forecast_7140,2025-10-25 12:00,1750.6305,1794.654,1092.38
forecast_7141,2025-10-25 13:00,1667.8479,1691.5665,999.86414
forecast_7142,2025-10-25 14:00,1693.4421,1659.799,1096.197
forecast_7143,2025-10-25 15:00,1527.1038,1399.4854,925.8095
forecast_7144,2025-10-25 16:00,1797.6105,1639.8491,934.365
forecast_7145,2025-10-25 17:00,1764.5273,1702.9924,901.872
forecast_7146,2025-10-25 18:00,2189.2551,2152.9067,1047.1603
forecast_7147,2025-10-25 19:00,2131.6628,2158.802,953.63055
forecast_7148,2025-10-25 20:00,2284.5505,2229.541,1052.2668
forecast_7149,2025-10-25 21:00,2079.4993,1908.0145,966.0769
forecast_7150,2025-10-25 22:00,2204.4602,2058.829,1157.4437
forecast_7151,2025-10-25 23:00,2605.925,2374.1094,1304.7417
forecast_7152,2025-10-26 0:00,3107.7,2728.7388,1613.374
forecast_7153,2025-10-26 1:00,1782.5302,1636.7467,964.9675
forecast_7154,2025-10-26 2:00,2052.126,1755.1304,1007.3443
forecast_7155,2025-10-26 3:00,2440.0833,2104.1257,1223.4615
forecast_7156,2025-10-26 4:00,2508.9155,2102.01,1235.033
forecast_7157,2025-10-26 5:00,3084.3162,2694.874,1429.2416
forecast_7158,2025-10-26 6:00,3030.787,2658.9602,1398.6016
forecast_7159,2025-10-26 7:00,4349.2983,3690.0342,1730.986
forecast_7160,2025-10-26 8:00,4347.827,3798.1013,1861.1938
forecast_7161,2025-10-26 9:00,4194.643,3797.807,1941.0016
forecast_7162,2025-10-26 10:00,2959.0347,2695.1687,1420.2106
forecast_7163,2025-10-26 11:00,2494.9966,2260.7908,1421.9227
forecast_7164,2025-10-26 12:00,3530.2124,3278.4424,1809.0912
forecast_7165,2025-10-26 13:00,4150.1826,3431.0461,1882.0889
forecast_7166,2025-10-26 14:00,5335.6323,4702.6,2458.1562
forecast_7167,2025-10-26 15:00,5413.788,4987.8765,2561.572
forecast_7168,2025-10-26 16:00,5841.995,5132.121,2579.4307
forecast_7169,2025-10-26 17:00,7021.804,5798.6763,3385.8389
forecast_7170,2025-10-26 18:00,7434.2007,6833.3223,4121.0566
forecast_7171,2025-10-26 19:00,8104.1626,7715.856,5385.605
forecast_7172,2025-10-26 20:00,8997.588,9603.124,6844.142
forecast_7173,2025-10-26 21:00,11590.704,12588.872,9486.471
forecast_7174,2025-10-26 22:00,13404.067,14439.971,10709.867
forecast_7175,2025-10-26 23:00,13676.568,14630.991,11140.3955
forecast_7176,2025-10-27 0:00,15284.371,15301.24,12246.178
forecast_7177,2025-10-27 1:00,16320.756,16765.1,14173.97
forecast_7178,2025-10-27 2:00,17761.238,18043.375,14628.53
forecast_7179,2025-10-27 3:00,17655.97,18172.604,15466.539
forecast_7180,2025-10-27 4:00,17510.328,17869.883,14688.34
forecast_7181,2025-10-27 5:00,16805.445,17145.59,13422.643
forecast_7182,2025-10-27 6:00,15203.277,15334.466,11433.855
forecast_7183,2025-10-27 7:00,14404.496,14843.834,10796.448
forecast_7184,2025-10-27 8:00,13618.782,14426.282,10410.368
forecast_7185,2025-10-27 9:00,12839.107,13475.877,10176.576
forecast_7186,2025-10-27 10:00,11899.911,12270.992,9282.982
forecast_7187,2025-10-27 11:00,11727.798,12236.139,9144.877
forecast_7188,2025-10-27 12:00,12312.039,12267.279,9192.702
forecast_7189,2025-10-27 13:00,12589.185,12280.066,9564.839
forecast_7190,2025-10-27 14:00,13576.005,13178.574,10153.936
forecast_7191,2025-10-27 15:00,14219.157,13785.549,10555.999
forecast_7192,2025-10-27 16:00,14817.276,14275.406,10815.802
forecast_7193,2025-10-27 17:00,15523.358,15486.236,12684.723
forecast_7194,2025-10-27 18:00,14995.643,14624.409,11219.312
forecast_7195,2025-10-27 19:00,14675.136,14071.215,10885.904
forecast_7196,2025-10-27 20:00,14519.417,13615.236,10429.26
forecast_7197,2025-10-27 21:00,13641.69,13177.979,10082.22
forecast_7198,2025-10-27 22:00,12981.104,12670.232,9936.481
forecast_7199,2025-10-27 23:00,12428.067,11835.167,9168.77
forecast_7200,2025-10-28 0:00,11748.235,11926.656,8930.104
forecast_7201,2025-10-28 1:00,13707.989,14093.372,10917.198
forecast_7202,2025-10-28 2:00,14297.5205,14753.045,10818.493
forecast_7203,2025-10-28 3:00,13888.408,14517.585,10229.981
forecast_7204,2025-10-28 4:00,13430.508,14023.156,9840.1
forecast_7205,2025-10-28 5:00,12400.384,13387.9375,9404.084
forecast_7206,2025-10-28 6:00,11968.093,12437.396,8368.434
forecast_7207,2025-10-28 7:00,11890.306,12235.525,7977.7637
forecast_7208,2025-10-28 8:00,11140.539,11320.769,7216.252
forecast_7209,2025-10-28 9:00,8074.004,7726.346,5137.9893
forecast_7210,2025-10-28 10:00,5180.77,5170.0454,3039.5598
forecast_7211,2025-10-28 11:00,3989.9104,3344.332,1867.0743
forecast_7212,2025-10-28 12:00,4341.9604,3605.332,2047.4111
forecast_7213,2025-10-28 13:00,4792.9624,3992.764,2159.3096
forecast_7214,2025-10-28 14:00,5081.974,3909.632,2231.5083
forecast_7215,2025-10-28 15:00,4849.695,3657.2913,2320.3599
forecast_7216,2025-10-28 16:00,4951.0356,3986.689,2288.9585
forecast_7217,2025-10-28 17:00,4768.1997,4360.8604,2400.8345
forecast_7218,2025-10-28 18:00,6037.4707,5842.4785,3636.878
forecast_7219,2025-10-28 19:00,7438.2197,7514.9614,5611.564
forecast_7220,2025-10-28 20:00,8818.118,9133.92,6192.271
forecast_7221,2025-10-28 21:00,9177.025,9899.671,6690.029
forecast_7222,2025-10-28 22:00,9053.465,10037.751,6451.4272
forecast_7223,2025-10-28 23:00,8783.947,9681.406,5667.344
forecast_7224,2025-10-29 0:00,8611.939,9304.552,5205.6035
forecast_7225,2025-10-29 1:00,7131.3164,6122.47,3336.8972
forecast_7226,2025-10-29 2:00,6815.2324,5907.866,3040.7444
forecast_7227,2025-10-29 3:00,7340.846,6159.5317,2741.9602
forecast_7228,2025-10-29 4:00,6135.8735,5135.9062,2507.486
forecast_7229,2025-10-29 5:00,5578.882,4584.216,2223.0476
forecast_7230,2025-10-29 6:00,4485.4805,4114.6885,2001.6151
forecast_7231,2025-10-29 7:00,3816.1042,3687.426,1799.0875
forecast_7232,2025-10-29 8:00,2974.511,2901.187,1486.6827
forecast_7233,2025-10-29 9:00,1912.2272,1831.7871,1088.9175
forecast_7234,2025-10-29 10:00,1226.4342,1215.404,763.9985
forecast_7235,2025-10-29 11:00,1082.9237,1044.0222,741.0354
forecast_7236,2025-10-29 12:00,1085.8613,1059.4861,742.4637
forecast_7237,2025-10-29 13:00,1027.9412,1077.4933,742.31805
forecast_7238,2025-10-29 14:00,1065.6428,1105.3248,760.1414
forecast_7239,2025-10-29 15:00,1015.2061,1061.7456,727.75085
forecast_7240,2025-10-29 16:00,1067.2678,1061.4723,746.94293
forecast_7241,2025-10-29 17:00,1131.4581,1088.0911,727.75085
forecast_7242,2025-10-29 18:00,1419.9357,1445.4176,905.3122
forecast_7243,2025-10-29 19:00,2080.4067,2192.3074,1362.5459
forecast_7244,2025-10-29 20:00,3083.8635,2935.3223,1819.3364
forecast_7245,2025-10-29 21:00,4408.6323,4368.6465,2835.7307
forecast_7246,2025-10-29 22:00,5983.0913,5774.1084,3715.8667
forecast_7247,2025-10-29 23:00,5189.378,5035.5005,3137.4854
forecast_7248,2025-10-30 0:00,6889.192,6137.374,4257.2803
forecast_7249,2025-10-30 1:00,6869.116,6552.857,4182.7324
forecast_7250,2025-10-30 2:00,8818.661,8944.816,6186.1846
forecast_7251,2025-10-30 3:00,12550.8,12713.113,9310.143
forecast_7252,2025-10-30 4:00,13259.572,13127.767,8963.04
forecast_7253,2025-10-30 5:00,13157.611,13373.705,9008.386
forecast_7254,2025-10-30 6:00,13839.548,13700.64,9998.163
forecast_7255,2025-10-30 7:00,11552.357,11020.986,7284.8364
forecast_7256,2025-10-30 8:00,10311.176,9343,5469.676
forecast_7257,2025-10-30 9:00,8448.186,7705.3765,4107.133
forecast_7258,2025-10-30 10:00,5430.12,5016.395,2513.8503
forecast_7259,2025-10-30 11:00,3579.269,3041.2864,1743.9922
forecast_7260,2025-10-30 12:00,2540.9705,2301.6006,1465.686
forecast_7261,2025-10-30 13:00,2125.5068,1946.8754,1259.3293
forecast_7262,2025-10-30 14:00,2212.6724,1915.4521,1164.515
forecast_7263,2025-10-30 15:00,1629.6239,1528.5867,916.3802
forecast_7264,2025-10-30 16:00,1781.6649,1629.3882,1055.8644
forecast_7265,2025-10-30 17:00,3166.5166,2746.4011,1558.24
forecast_7266,2025-10-30 18:00,3621.779,2976.225,1550.129
forecast_7267,2025-10-30 19:00,3765.396,3018.2913,1661.215
forecast_7268,2025-10-30 20:00,3758.3113,2880.292,1709.8267
forecast_7269,2025-10-30 21:00,3700.8228,2948.8892,1731.7482
forecast_7270,2025-10-30 22:00,2695.326,2448.44,1461.9229
forecast_7271,2025-10-30 23:00,2875.1323,2444.7375,1523.4674
forecast_7272,2025-10-31 0:00,2741.328,2406.1777,1435.602
forecast_7273,2025-10-31 1:00,1567.285,1569.8226,938.15216
forecast_7274,2025-10-31 2:00,1595.1996,1493.7601,854.22375
forecast_7275,2025-10-31 3:00,1654.1626,1538.6774,847.9979
forecast_7276,2025-10-31 4:00,1579.1581,1536.0057,855.144
forecast_7277,2025-10-31 5:00,1520.3142,1520.6135,810.5617
forecast_7278,2025-10-31 6:00,1507.0072,1476.8107,798.2026
forecast_7279,2025-10-31 7:00,1548.3676,1413.6401,816.18066
forecast_7280,2025-10-31 8:00,1399.6743,1384.6919,811.75336
forecast_7281,2025-10-31 9:00,1368.2462,1426.6671,824.49194
forecast_7282,2025-10-31 10:00,1322.4095,1377.6106,740.5508
forecast_7283,2025-10-31 11:00,1343.3728,1326.4194,753.02277
forecast_7284,2025-10-31 12:00,1263.6029,1175.3567,740.5508
forecast_7285,2025-10-31 13:00,1215.8486,1120.5565,727.75085
forecast_7286,2025-10-31 14:00,1142.1521,1188.253,740.5508
forecast_7287,2025-10-31 15:00,1145.8351,1143.2865,727.75085
forecast_7288,2025-10-31 16:00,1197.106,1202.5487,727.75085
forecast_7289,2025-10-31 17:00,1172.5586,1157.916,740.5508
forecast_7290,2025-10-31 18:00,1676.3593,1816.2782,993.8017
forecast_7291,2025-10-31 19:00,2317.5452,2428.316,1318.8483
forecast_7292,2025-10-31 20:00,3925.6814,3755.5383,1932.1758
forecast_7293,2025-10-31 21:00,7692.0493,7722.389,3972.7864
forecast_7294,2025-10-31 22:00,8921.189,8918.406,4836.2373
forecast_7295,2025-10-31 23:00,9412.711,10162.01,5778.0425
forecast_7296,2025-11-01 0:00,10325.421,10885.255,7076.8916
forecast_7297,2025-11-01 1:00,10985.871,12403.533,9311.602
forecast_7298,2025-11-01 2:00,9195.198,11417.169,8491.607
forecast_7299,2025-11-01 3:00,8938.715,10321.914,8322.923
forecast_7300,2025-11-01 4:00,10774.206,11984.188,9561.75
forecast_7301,2025-11-01 5:00,12656.339,13932.798,10722.429
forecast_7302,2025-11-01 6:00,13043.858,13888.964,10814.571
forecast_7303,2025-11-01 7:00,12922.072,14034.402,10885.575
forecast_7304,2025-11-01 8:00,13661.429,14295.468,11052.289
forecast_7305,2025-11-01 9:00,14004.502,14695.026,11044.028
forecast_7306,2025-11-01 10:00,14554.06,14744.607,11280.4
forecast_7307,2025-11-01 11:00,14313.789,14567.652,11104.369
forecast_7308,2025-11-01 12:00,13740.903,13891.067,10584.691
forecast_7309,2025-11-01 13:00,13757.649,13759.354,10547.791
forecast_7310,2025-11-01 14:00,14114.808,13891.811,10612.824
forecast_7311,2025-11-01 15:00,14019.911,13810.309,10611.756
forecast_7312,2025-11-01 16:00,13904.363,13689.593,10663.157
forecast_7313,2025-11-01 17:00,14297.947,14645.803,11427.326
forecast_7314,2025-11-01 18:00,15138.725,15043.696,12685.271
forecast_7315,2025-11-01 19:00,15740.667,15767.485,12719.1
forecast_7316,2025-11-01 20:00,15837.431,16180.806,13658.141
forecast_7317,2025-11-01 21:00,15516.786,15450.145,13230.144
forecast_7318,2025-11-01 22:00,15519.79,15766.958,13095.663
forecast_7319,2025-11-01 23:00,17266.615,17785.629,14907.05
forecast_7320,2025-11-02 0:00,17410.303,18071.88,15580.565
forecast_7321,2025-11-02 1:00,16757.658,17326.816,14600.638
forecast_7322,2025-11-02 2:00,16786.549,17519.127,14666.664
forecast_7323,2025-11-02 3:00,16360.199,16216.715,13805.201
forecast_7324,2025-11-02 4:00,15967.238,16230.864,13772.2705
forecast_7325,2025-11-02 5:00,15840.783,16387.705,13945.036
forecast_7326,2025-11-02 6:00,16103.094,16801.066,14882.932
forecast_7327,2025-11-02 7:00,17004.729,17984.139,15563.361
forecast_7328,2025-11-02 8:00,17632.457,18629.568,15554.203
forecast_7329,2025-11-02 9:00,17435.576,18609.229,15360.006
forecast_7330,2025-11-02 10:00,17544.447,18644.041,14449.311
forecast_7331,2025-11-02 11:00,16838.02,17602.799,13880.588
forecast_7332,2025-11-02 12:00,15452.611,16350.914,12904.739
forecast_7333,2025-11-02 13:00,14896.439,15425.956,12418.241
forecast_7334,2025-11-02 14:00,14684.15,14701.89,11834.603
forecast_7335,2025-11-02 15:00,14964.656,15116.832,11644.673
forecast_7336,2025-11-02 16:00,14689.364,14466.777,11222.653
forecast_7337,2025-11-02 17:00,13925.442,13683.386,10504.89
forecast_7338,2025-11-02 18:00,13424.162,13322.949,10004.875
forecast_7339,2025-11-02 19:00,14299.923,13470.614,10200.779
forecast_7340,2025-11-02 20:00,12535.012,12296.72,9410.828
forecast_7341,2025-11-02 21:00,8910.521,7309.666,5177.6655
forecast_7342,2025-11-02 22:00,9697.682,9791.084,6427.683
forecast_7343,2025-11-02 23:00,9998.991,9881.594,6095.864
forecast_7344,2025-11-03 0:00,7814.858,8585.435,4335.563
forecast_7345,2025-11-03 1:00,8349.79,9177.164,6004.546
forecast_7346,2025-11-03 2:00,7646.026,7916.402,4353.3203
forecast_7347,2025-11-03 3:00,6705.306,7403.1377,3704.013
forecast_7348,2025-11-03 4:00,6417.645,7007.271,3904.8093
forecast_7349,2025-11-03 5:00,4979.8413,5338.506,2924.7078
forecast_7350,2025-11-03 6:00,3937.2168,4249.937,2107.367
forecast_7351,2025-11-03 7:00,3715.878,3808.7966,1903.3925
forecast_7352,2025-11-03 8:00,3464.72,3590.2412,1747.8461
forecast_7353,2025-11-03 9:00,3496.1096,4161.734,2121.8545
forecast_7354,2025-11-03 10:00,1904.2079,2372.4731,1327.641
forecast_7355,2025-11-03 11:00,1308.2244,1514.0614,1034.2899
forecast_7356,2025-11-03 12:00,1230.8654,1379.8463,948.88043
forecast_7357,2025-11-03 13:00,1060.5803,1192.6929,783.2322
forecast_7358,2025-11-03 14:00,1082.016,1175.2502,774.4614
forecast_7359,2025-11-03 15:00,1076.1213,1103.3553,778.1644
forecast_7360,2025-11-03 16:00,1045.6575,1141.1017,728.20337
forecast_7361,2025-11-03 17:00,1195.3088,1411.5922,798.2026
forecast_7362,2025-11-03 18:00,1567.6063,1596.8851,880.9856
forecast_7363,2025-11-03 19:00,2027.6194,2137.5686,1086.7511
forecast_7364,2025-11-03 20:00,2927.2275,3090.3208,1645.0049
forecast_7365,2025-11-03 21:00,4258.4673,4200.424,2169.7417
forecast_7366,2025-11-03 22:00,5393.6387,6074.4746,3078.8503
forecast_7367,2025-11-03 23:00,7904.6504,8548.977,4531.074
forecast_7368,2025-11-04 0:00,9352.616,11011.592,7215.3574
forecast_7369,2025-11-04 1:00,8587.329,9949.223,5912.006
forecast_7370,2025-11-04 2:00,9235.697,11032.242,7766.7256
forecast_7371,2025-11-04 3:00,9779.052,11150.15,6999.5327
forecast_7372,2025-11-04 4:00,10755.1875,11915.454,8392.041
forecast_7373,2025-11-04 5:00,12053.308,13630.797,9425.077
forecast_7374,2025-11-04 6:00,12540.892,14111.186,10131.622
forecast_7375,2025-11-04 7:00,13646.851,14724.629,10568.146
forecast_7376,2025-11-04 8:00,13951.6,14970.307,10969.704
forecast_7377,2025-11-04 9:00,13543.702,14786.534,11068.812
forecast_7378,2025-11-04 10:00,13649.916,14846.765,12103.466
forecast_7379,2025-11-04 11:00,12824.69,14374.873,11625.734
forecast_7380,2025-11-04 12:00,11256.904,12621.792,10464.891
forecast_7381,2025-11-04 13:00,9529.661,10031.013,9130.138
forecast_7382,2025-11-04 14:00,9870.445,10035.956,8921.848
forecast_7383,2025-11-04 15:00,10373.634,10375.878,9402.782
forecast_7384,2025-11-04 16:00,10568.04,10585.561,8708.65
forecast_7385,2025-11-04 17:00,10973.072,11802.763,8828.278
forecast_7386,2025-11-04 18:00,11984.903,12898.545,8468.486
forecast_7387,2025-11-04 19:00,11587.611,12422.307,7935.76
forecast_7388,2025-11-04 20:00,11224.293,11827.228,8148.3037
forecast_7389,2025-11-04 21:00,11103.895,11645.346,8056.7974
forecast_7390,2025-11-04 22:00,10047.862,9711.599,5839.629
forecast_7391,2025-11-04 23:00,8416.506,7578.2124,4552.6616
forecast_7392,2025-11-05 0:00,7769.585,6617.8955,3716.7563
forecast_7393,2025-11-05 1:00,9723.268,8780.885,5289.3
forecast_7394,2025-11-05 2:00,6830.9126,5290.3364,2854.8176
forecast_7395,2025-11-05 3:00,4295.592,3476.7642,1936.5936
forecast_7396,2025-11-05 4:00,2836.1294,2508.8855,1439.2422
forecast_7397,2025-11-05 5:00,1905.0074,1856.139,1075.195
forecast_7398,2025-11-05 6:00,1672.4186,1754.1646,1032.2806
forecast_7399,2025-11-05 7:00,1537.0085,1653.4889,938.9836
forecast_7400,2025-11-05 8:00,1482.0032,1499.4104,860.0737
forecast_7401,2025-11-05 9:00,1288.8081,1324.432,827.4977
forecast_7402,2025-11-05 10:00,1177.3818,1186.9354,780.4611
forecast_7403,2025-11-05 11:00,1162.1263,1171.7181,807.6995
forecast_7404,2025-11-05 12:00,1143.093,1178.2454,787.34106
forecast_7405,2025-11-05 13:00,1122.4447,1172.3499,772.0661
forecast_7406,2025-11-05 14:00,1161.6927,1168.5901,774.9519
forecast_7407,2025-11-05 15:00,1151.9722,1210.7429,746.42084
forecast_7408,2025-11-05 16:00,1113.4326,1206.4333,740.5508
forecast_7409,2025-11-05 17:00,1270.3822,1333.1707,798.2026
forecast_7410,2025-11-05 18:00,1355.9891,1310.0155,798.2026
forecast_7411,2025-11-05 19:00,1488.1053,1400.0414,815.3644
forecast_7412,2025-11-05 20:00,1471.0797,1435.6735,829.7419
forecast_7413,2025-11-05 21:00,1528.5116,1446.5868,913.16345
forecast_7414,2025-11-05 22:00,1639.0936,1400.4141,899.8072
forecast_7415,2025-11-05 23:00,1772.8362,1541.5337,986.70197
forecast_7416,2025-11-06 0:00,1937.7533,1732.2578,1039.249
forecast_7417,2025-11-06 1:00,2779.1616,2542.6116,1473.3552
forecast_7418,2025-11-06 2:00,3928.2224,3231.8477,1931.3251
forecast_7419,2025-11-06 3:00,5872.728,4775.9487,2737.9302
forecast_7420,2025-11-06 4:00,7090.6167,5482.0215,3323.845
forecast_7421,2025-11-06 5:00,8855.764,6997.3364,4339.843
forecast_7422,2025-11-06 6:00,9324.444,7962.648,4539.6426
forecast_7423,2025-11-06 7:00,7640.8604,5812.9033,3719.4238
forecast_7424,2025-11-06 8:00,4543.6904,3542.2788,1780.6713
forecast_7425,2025-11-06 9:00,2879.7036,2301.7146,1125.786
forecast_7426,2025-11-06 10:00,1921.6293,1682.2334,831.4182
forecast_7427,2025-11-06 11:00,1579.1615,1462.0093,824.09595
forecast_7428,2025-11-06 12:00,1267.3951,1271.6692,751.5428
forecast_7429,2025-11-06 13:00,1200.976,1227.0271,727.75085
forecast_7430,2025-11-06 14:00,1142.653,1117.4453,727.75085
forecast_7431,2025-11-06 15:00,1083.6327,1102.1683,727.75085
forecast_7432,2025-11-06 16:00,1084.5687,1142.0449,740.5508
forecast_7433,2025-11-06 17:00,1292.6573,1299.8198,798.2026
forecast_7434,2025-11-06 18:00,1566.5264,1663.9159,798.2026
forecast_7435,2025-11-06 19:00,1665.3009,1749.7673,887.7104
forecast_7436,2025-11-06 20:00,1665.9404,1703.7761,798.2026
forecast_7437,2025-11-06 21:00,1690.6764,1735.692,809.1945
forecast_7438,2025-11-06 22:00,1657.3285,1652.552,809.1945
forecast_7439,2025-11-06 23:00,1640.2368,1609.8993,817.4225
forecast_7440,2025-11-07 0:00,1558.7186,1426.0334,809.1945
forecast_7441,2025-11-07 1:00,1643.0258,1383.3884,899.05347
forecast_7442,2025-11-07 2:00,2206.1665,1970.2664,1275.1018
forecast_7443,2025-11-07 3:00,2449.8586,2188.9937,1333.8263
forecast_7444,2025-11-07 4:00,3391.1614,2742.1287,1558.3705
forecast_7445,2025-11-07 5:00,4817.6035,3997.0999,2190.3547
forecast_7446,2025-11-07 6:00,4577.4927,3638.813,2075.7527
forecast_7447,2025-11-07 7:00,3403.0261,2858.655,1580.0974
forecast_7448,2025-11-07 8:00,2068.303,1689.5319,925.8625
forecast_7449,2025-11-07 9:00,1354.6663,1326.1078,798.2026
forecast_7450,2025-11-07 10:00,1100.7537,1152.2461,740.5508
forecast_7451,2025-11-07 11:00,1123.0541,1147.5703,713.67346
forecast_7452,2025-11-07 12:00,1138.3032,1180.449,713.67346
forecast_7453,2025-11-07 13:00,1102.4175,1236.6938,799.1435
forecast_7454,2025-11-07 14:00,1243.9131,1383.1401,909.3637
forecast_7455,2025-11-07 15:00,1611.5961,1630.3171,957.1154
forecast_7456,2025-11-07 16:00,1725.4047,1832.5275,1032.903
forecast_7457,2025-11-07 17:00,2151.9219,2303.1738,1318.3108
forecast_7458,2025-11-07 18:00,2284.5466,2663.2876,1351.4149
forecast_7459,2025-11-07 19:00,2597.9358,2893.3555,1371.7416
forecast_7460,2025-11-07 20:00,3065.919,2944.2002,1372.7372
forecast_7461,2025-11-07 21:00,3506.9602,3767.4258,1576.8654
forecast_7462,2025-11-07 22:00,3457.555,3330.5261,1462.8109
forecast_7463,2025-11-07 23:00,3512.1758,3222.7288,1529.3855
forecast_7464,2025-11-08 0:00,2929.9175,2869.795,1335.8591
forecast_7465,2025-11-08 1:00,2741.8523,2559.6277,1100.1426
forecast_7466,2025-11-08 2:00,2379.7302,1982.921,904.1333
forecast_7467,2025-11-08 3:00,2473.1914,2457.2183,1159.9926
forecast_7468,2025-11-08 4:00,2839.7422,2831.1865,1341.1274
forecast_7469,2025-11-08 5:00,3003.1448,2857.4812,1454.0352
forecast_7470,2025-11-08 6:00,3141.1707,3000.4438,1538.1692
forecast_7471,2025-11-08 7:00,3431.4602,3123.1865,1538.4918
forecast_7472,2025-11-08 8:00,3119.9578,2944.3115,1554.2479
forecast_7473,2025-11-08 9:00,2802.8623,2801.1853,1456.34
forecast_7474,2025-11-08 10:00,2538.5884,2635.7798,1300.0259
forecast_7475,2025-11-08 11:00,2107.5076,2486.1738,1258.0951
forecast_7476,2025-11-08 12:00,1868.5363,1896.849,1130.0698
forecast_7477,2025-11-08 13:00,1971.1257,2125.1104,1192.288
forecast_7478,2025-11-08 14:00,2260.7166,2612.7993,1412.1215
forecast_7479,2025-11-08 15:00,2295.9592,2818.299,1467.2307
forecast_7480,2025-11-08 16:00,2589.0432,3181.9585,1713.5287
forecast_7481,2025-11-08 17:00,2889.4714,3530.8296,1891.189
forecast_7482,2025-11-08 18:00,3821.0803,4408.3115,2403.0789
forecast_7483,2025-11-08 19:00,3775.349,4618.884,2538.1987
forecast_7484,2025-11-08 20:00,4472.87,5281.494,2837.1328
forecast_7485,2025-11-08 21:00,5334.71,6019.2104,3297.8464
forecast_7486,2025-11-08 22:00,5877.5215,6398.3003,3395.992
forecast_7487,2025-11-08 23:00,9235.011,10921.114,7382.006
forecast_7488,2025-11-09 0:00,8936.912,10484.432,6970.405
forecast_7489,2025-11-09 1:00,7639.3433,8282.676,5085.2207
forecast_7490,2025-11-09 2:00,8336.646,9004.6455,6240.2417
forecast_7491,2025-11-09 3:00,9375.108,9660.758,6215.011
forecast_7492,2025-11-09 4:00,10302.514,10638.871,7718.8677
forecast_7493,2025-11-09 5:00,12386.784,13501.317,9852.007
forecast_7494,2025-11-09 6:00,13014.631,14116.023,10383.16
forecast_7495,2025-11-09 7:00,13131.156,14665.968,11166.217
forecast_7496,2025-11-09 8:00,13860.412,14532.904,10713.095
forecast_7497,2025-11-09 9:00,13417.922,14161.213,10752.944
forecast_7498,2025-11-09 10:00,14279.929,14646.482,11266.369
forecast_7499,2025-11-09 11:00,12131.696,13096.25,10148.609
forecast_7500,2025-11-09 12:00,11458.76,11751.209,9002.181
forecast_7501,2025-11-09 13:00,11869.993,11875.251,9101.248
forecast_7502,2025-11-09 14:00,12149.665,12351.789,9698.535
forecast_7503,2025-11-09 15:00,12979.017,12631.651,10131.271
forecast_7504,2025-11-09 16:00,14162.731,13893.967,10771.034
forecast_7505,2025-11-09 17:00,14264.088,14270.461,10963.064
forecast_7506,2025-11-09 18:00,14643.949,14679.668,12301.544
forecast_7507,2025-11-09 19:00,15496.173,15485.646,13369.558
forecast_7508,2025-11-09 20:00,17127.775,17055.877,15153.811
forecast_7509,2025-11-09 21:00,17143.79,16937.018,14764.213
forecast_7510,2025-11-09 22:00,16391.328,16355.864,13686.884
forecast_7511,2025-11-09 23:00,15411.034,15484.317,12827.165
forecast_7512,2025-11-10 0:00,15087.816,14748.403,11811.684
forecast_7513,2025-11-10 1:00,15204.709,14814.822,11942.062
forecast_7514,2025-11-10 2:00,14427.191,13901.748,10832.023
forecast_7515,2025-11-10 3:00,14444.057,13618.021,10550.924
forecast_7516,2025-11-10 4:00,13477.204,13113.569,9900.69
forecast_7517,2025-11-10 5:00,14185.226,13838.666,10605.316
forecast_7518,2025-11-10 6:00,15202.895,15705.461,11744.539
forecast_7519,2025-11-10 7:00,16474.352,16323.723,12866.835
forecast_7520,2025-11-10 8:00,15683.8545,15905.221,12659.401
forecast_7521,2025-11-10 9:00,14539.126,14715.218,11469.675
forecast_7522,2025-11-10 10:00,13347.309,13805.493,10166.137
forecast_7523,2025-11-10 11:00,11881.489,12274.399,9419.557
forecast_7524,2025-11-10 12:00,10616.694,10529.285,7717.2905
forecast_7525,2025-11-10 13:00,7831.2583,7331.6772,4103.477
forecast_7526,2025-11-10 14:00,7391.3105,6389.0728,3575.6377
forecast_7527,2025-11-10 15:00,6099.262,5148.271,3149.8557
forecast_7528,2025-11-10 16:00,6513.281,5571.908,3833.439
forecast_7529,2025-11-10 17:00,8080.5596,7192.6025,5739.7686
forecast_7530,2025-11-10 18:00,12580.604,12621.964,9495.124
forecast_7531,2025-11-10 19:00,15285.381,14460.53,11504.11
forecast_7532,2025-11-10 20:00,17179.996,16624.016,12870.218
forecast_7533,2025-11-10 21:00,17715.95,16958.223,13355.867
forecast_7534,2025-11-10 22:00,17977.63,17328.332,13401.303
forecast_7535,2025-11-10 23:00,17821.08,17063.207,12555.954
forecast_7536,2025-11-11 0:00,18049.152,17499.246,13334.101
forecast_7537,2025-11-11 1:00,19859.637,19200.234,15538.825
forecast_7538,2025-11-11 2:00,18921.639,18211.367,14006.954
forecast_7539,2025-11-11 3:00,17793.38,17374.025,12478.994
forecast_7540,2025-11-11 4:00,16260.617,16116.447,11007.893
forecast_7541,2025-11-11 5:00,13367.377,13672.215,8575.653
forecast_7542,2025-11-11 6:00,8819.254,8234.724,4578.607
forecast_7543,2025-11-11 7:00,7321.3687,5568.535,3257.4585
forecast_7544,2025-11-11 8:00,5146.0522,3724.5117,2020.9536
forecast_7545,2025-11-11 9:00,4952.755,3525.3745,1639.1826
forecast_7546,2025-11-11 10:00,3884.2092,3006.0293,1432.1304
forecast_7547,2025-11-11 11:00,2883.7622,2402.9062,1201.5466
forecast_7548,2025-11-11 12:00,2477.2017,2137.1506,1140.5153
forecast_7549,2025-11-11 13:00,2322.7021,1925.6377,1035.0608
forecast_7550,2025-11-11 14:00,2185.9978,1819.4174,990.32336
forecast_7551,2025-11-11 15:00,1985.2408,1695.0006,904.1333
forecast_7552,2025-11-11 16:00,1715.3545,1556.1621,901.872
forecast_7553,2025-11-11 17:00,1777.6973,1747.5336,901.872
forecast_7554,2025-11-11 18:00,1832.0574,1716.6565,820.7122
forecast_7555,2025-11-11 19:00,1507.1725,1547.4474,843.8836
forecast_7556,2025-11-11 20:00,1393.2573,1558.9141,861.95306
forecast_7557,2025-11-11 21:00,1536.6335,1662.2822,963.6782
forecast_7558,2025-11-11 22:00,1720.3655,1676.1598,985.2726
forecast_7559,2025-11-11 23:00,1903.4225,1778.3384,990.8056
forecast_7560,2025-11-12 0:00,1850.5475,1795.7621,978.6896
forecast_7561,2025-11-12 1:00,1751.2872,1700.5686,1042.3546
forecast_7562,2025-11-12 2:00,1987.0476,1827.9656,1036.4619
forecast_7563,2025-11-12 3:00,1980.5939,1794.149,1026.1998
forecast_7564,2025-11-12 4:00,2222.926,1942.9421,1114.9423
forecast_7565,2025-11-12 5:00,2499.838,2073.9385,1301.8501
forecast_7566,2025-11-12 6:00,3668.6365,3505.6091,2243.1042
forecast_7567,2025-11-12 7:00,5232.204,4762.707,2827.816
forecast_7568,2025-11-12 8:00,5747.417,5464.377,3051.931
forecast_7569,2025-11-12 9:00,5774.8066,5538.842,3196.487
forecast_7570,2025-11-12 10:00,4551.3345,4432.309,2659.3516
forecast_7571,2025-11-12 11:00,4173.501,3976.619,2632.4104
forecast_7572,2025-11-12 12:00,5065.282,5431.2603,3487.3252
forecast_7573,2025-11-12 13:00,5511.3125,5685.8315,3919.0134
forecast_7574,2025-11-12 14:00,5221.3623,5133.919,3551.3118
forecast_7575,2025-11-12 15:00,5539.128,5591.5547,3630.873
forecast_7576,2025-11-12 16:00,6589.2095,7173.8423,4626.317
forecast_7577,2025-11-12 17:00,11418.137,11637.401,8749.955
forecast_7578,2025-11-12 18:00,13624.41,14478.127,10684.229
forecast_7579,2025-11-12 19:00,15652.109,16543.074,12664.718
forecast_7580,2025-11-12 20:00,16305.069,17125.334,13150.183
forecast_7581,2025-11-12 21:00,17804.389,18555.865,14001.995
forecast_7582,2025-11-12 22:00,18436.959,18603.586,14388.465
forecast_7583,2025-11-12 23:00,19431.365,19386.807,15515.061
forecast_7584,2025-11-13 0:00,20186.887,20210.688,16414.146
forecast_7585,2025-11-13 1:00,20616.105,20221.355,16233.609
forecast_7586,2025-11-13 2:00,19838.082,19836.367,16074.267
forecast_7587,2025-11-13 3:00,19996.283,19638.139,16247.78
forecast_7588,2025-11-13 4:00,19604.28,19572.404,15653.179
forecast_7589,2025-11-13 5:00,18904.045,19351.47,15302.334
forecast_7590,2025-11-13 6:00,18304.904,18445.82,13878.987
forecast_7591,2025-11-13 7:00,17025.088,17626.72,12729.684
forecast_7592,2025-11-13 8:00,15151.5205,16146.159,11023.551
forecast_7593,2025-11-13 9:00,14113.729,15343.896,10522.677
forecast_7594,2025-11-13 10:00,12818.751,13964.773,10122.866
forecast_7595,2025-11-13 11:00,12094.499,13157.283,9832.928
forecast_7596,2025-11-13 12:00,7533.2334,7933.669,4796.869
forecast_7597,2025-11-13 13:00,5041.647,4738.3486,2751.44
forecast_7598,2025-11-13 14:00,4407.653,4079.319,2141.225
forecast_7599,2025-11-13 15:00,3981.6147,3532.6965,2002.8059
forecast_7600,2025-11-13 16:00,4902.4062,4372.787,2360.5383
forecast_7601,2025-11-13 17:00,4458.808,4433.553,2466.564
forecast_7602,2025-11-13 18:00,5564.621,5509.446,2995.5264
forecast_7603,2025-11-13 19:00,6560.669,7606.0615,4175.214
forecast_7604,2025-11-13 20:00,7516.4927,6810.708,3911.6934
forecast_7605,2025-11-13 21:00,8738.659,8445.516,5106.5054
forecast_7606,2025-11-13 22:00,8823.089,7951.712,5025.173
forecast_7607,2025-11-13 23:00,9427.995,8848.527,5690.628
forecast_7608,2025-11-14 0:00,8719.931,7559.05,5194.102
forecast_7609,2025-11-14 1:00,3397.0042,2879.352,1801.3606
forecast_7610,2025-11-14 2:00,3639.8176,3259.4143,1981.7242
forecast_7611,2025-11-14 3:00,3500.5776,3061.075,1917.9674
forecast_7612,2025-11-14 4:00,3764.4087,3261.2822,1949.5565
forecast_7613,2025-11-14 5:00,3899.3738,3348.5684,2072.7727
forecast_7614,2025-11-14 6:00,3953.5913,3401.3164,2234.582
forecast_7615,2025-11-14 7:00,4185.1157,3580.8145,2323.0547
forecast_7616,2025-11-14 8:00,4871.091,4388.467,2621.6833
forecast_7617,2025-11-14 9:00,4988.1567,4044.8503,2419.7825
forecast_7618,2025-11-14 10:00,4644.5015,3857.1238,2216.647
forecast_7619,2025-11-14 11:00,4115.326,3642.8535,1993.6735
forecast_7620,2025-11-14 12:00,3997.955,3544.4832,1888.3076
forecast_7621,2025-11-14 13:00,4170.935,3305.4692,2021.7214
forecast_7622,2025-11-14 14:00,4362.8657,3583.277,2207.181
forecast_7623,2025-11-14 15:00,4780.5337,4012.1335,2390.9631
forecast_7624,2025-11-14 16:00,5446.9146,4703.697,2683.3452
forecast_7625,2025-11-14 17:00,5899.2524,5533.021,2851.2485
forecast_7626,2025-11-14 18:00,7004.714,6433.076,3962.7874
forecast_7627,2025-11-14 19:00,8376.06,8452.851,5632.0693
forecast_7628,2025-11-14 20:00,10074.687,10044.993,6932.5186
forecast_7629,2025-11-14 21:00,10091.518,9418.24,6117.153
forecast_7630,2025-11-14 22:00,10082.724,9301.095,6004.809
forecast_7631,2025-11-14 23:00,9775.594,9043.585,5987.8765
forecast_7632,2025-11-15 0:00,8951.488,8212.898,4704.299
forecast_7633,2025-11-15 1:00,6442.364,5134.3486,2828.9563
forecast_7634,2025-11-15 2:00,6193.006,4872.8784,2595.5725
forecast_7635,2025-11-15 3:00,5648.266,4651.6284,2373.3557
forecast_7636,2025-11-15 4:00,6427.032,5173.837,2689.2969
forecast_7637,2025-11-15 5:00,5578.9097,4512.7427,2319.7468
forecast_7638,2025-11-15 6:00,4798.2285,4014.6917,2030.4681
forecast_7639,2025-11-15 7:00,4887.5127,4062.8506,1985.0774
forecast_7640,2025-11-15 8:00,4091.471,3218.6384,1516.674
forecast_7641,2025-11-15 9:00,3298.0142,2576.2537,1166.1438
forecast_7642,2025-11-15 10:00,2125.0352,1846.6519,966.0769
forecast_7643,2025-11-15 11:00,1592.5936,1576.8053,916.51
forecast_7644,2025-11-15 12:00,1774.0037,1610.0099,968.17053
forecast_7645,2025-11-15 13:00,1384.9471,1330.7659,845.27203
forecast_7646,2025-11-15 14:00,1268.3757,1293.2108,820.079
forecast_7647,2025-11-15 15:00,1592.1302,1526.6316,916.6503
forecast_7648,2025-11-15 16:00,2272.8237,2142.7996,1118.4509
forecast_7649,2025-11-15 17:00,3577.695,3511.1313,1835.6495
forecast_7650,2025-11-15 18:00,5806.371,5361.489,3158.6418
forecast_7651,2025-11-15 19:00,7882.4634,7472.521,5050.5386
forecast_7652,2025-11-15 20:00,9157.946,9296.117,6122.0225
forecast_7653,2025-11-15 21:00,10537.73,10508.138,7279.1665
forecast_7654,2025-11-15 22:00,9923.077,9773.079,6136.6416
forecast_7655,2025-11-15 23:00,9319.877,9178.346,5387.11
forecast_7656,2025-11-16 0:00,9803.697,9178.003,5650.073
forecast_7657,2025-11-16 1:00,8517.225,7768.2715,5749.6353
forecast_7658,2025-11-16 2:00,8088.016,7617.8413,4430.4663
forecast_7659,2025-11-16 3:00,8383.226,8272.729,5065.0737
forecast_7660,2025-11-16 4:00,8253.463,8053.5547,4824.106
forecast_7661,2025-11-16 5:00,9945.379,9410.764,6351.7886
forecast_7662,2025-11-16 6:00,10622.167,11235.189,8097.7793
forecast_7663,2025-11-16 7:00,11353.085,12646.825,9499.645
forecast_7664,2025-11-16 8:00,11888.303,13035.291,9541.831
forecast_7665,2025-11-16 9:00,12259.738,14177.141,9961.326
forecast_7666,2025-11-16 10:00,11223.566,13321.592,9804.578
forecast_7667,2025-11-16 11:00,10256.955,13003.393,9770.027
forecast_7668,2025-11-16 12:00,11777.289,14088.717,11101.796
forecast_7669,2025-11-16 13:00,11963.518,13970.615,11652.351
forecast_7670,2025-11-16 14:00,12088.437,13573.375,10963.911
forecast_7671,2025-11-16 15:00,13582.888,14868.604,12759.861
forecast_7672,2025-11-16 16:00,15562.19,16362.961,14512.834
forecast_7673,2025-11-16 17:00,17646.738,18513.514,16249.75
forecast_7674,2025-11-16 18:00,19008.434,19704.738,17340.33
forecast_7675,2025-11-16 19:00,19825.072,20321.598,17892.357
forecast_7676,2025-11-16 20:00,20257.053,20549,18216.713
forecast_7677,2025-11-16 21:00,19997.238,20430.672,18739.863
forecast_7678,2025-11-16 22:00,20050.549,20593.15,18692.9
forecast_7679,2025-11-16 23:00,19553.236,20287.395,18561.648
forecast_7680,2025-11-17 0:00,19226.127,20249.291,17977.219
forecast_7681,2025-11-17 1:00,19357.97,20094.527,18135.945
forecast_7682,2025-11-17 2:00,20060.285,20538.168,18086.809
forecast_7683,2025-11-17 3:00,19466.184,20179.748,16854.285
forecast_7684,2025-11-17 4:00,19440.768,20109.715,16834.89
forecast_7685,2025-11-17 5:00,19521.4,20047.986,16817.088
forecast_7686,2025-11-17 6:00,19704.965,20119.232,16562.967
forecast_7687,2025-11-17 7:00,19864.09,20093.924,16558.773
forecast_7688,2025-11-17 8:00,18932.15,19471.135,15897.06
forecast_7689,2025-11-17 9:00,17872.295,17787.54,14523.08
forecast_7690,2025-11-17 10:00,15410.856,15907.481,13343.451
forecast_7691,2025-11-17 11:00,14528.078,15163.712,12429.402
forecast_7692,2025-11-17 12:00,14109.85,14613.806,11542.243
forecast_7693,2025-11-17 13:00,14023.058,14358.6,10996.539
forecast_7694,2025-11-17 14:00,13548.793,14072.496,10754.032
forecast_7695,2025-11-17 15:00,13609.23,13521.061,10636.278
forecast_7696,2025-11-17 16:00,13733.787,13972.357,10773.045
forecast_7697,2025-11-17 17:00,14459.098,14466.597,11562.713
forecast_7698,2025-11-17 18:00,14084.574,14199.025,11460.917
forecast_7699,2025-11-17 19:00,13608.946,14152.994,11687.748
forecast_7700,2025-11-17 20:00,14786.459,15431.792,13089.49
forecast_7701,2025-11-17 21:00,15627.188,16108.616,13671.831
forecast_7702,2025-11-17 22:00,16119.585,17176.848,14301.144
forecast_7703,2025-11-17 23:00,16819.78,18255.13,15261.959
forecast_7704,2025-11-18 0:00,16478.07,17882.352,14504.627
forecast_7705,2025-11-18 1:00,16286.969,17698.973,14237.34
forecast_7706,2025-11-18 2:00,16061.129,17485.604,13848.858
forecast_7707,2025-11-18 3:00,16023.795,17460.146,13806.69
forecast_7708,2025-11-18 4:00,16983.44,18114.254,14292.575
forecast_7709,2025-11-18 5:00,16968.709,17971.098,14726.036
forecast_7710,2025-11-18 6:00,17351.545,18371.287,15454.131
forecast_7711,2025-11-18 7:00,17930.408,18768.15,15777.807
forecast_7712,2025-11-18 8:00,17012.758,17475.38,14498.819
forecast_7713,2025-11-18 9:00,15002.633,15965.187,12880.777
forecast_7714,2025-11-18 10:00,13533.601,14016.302,11003.041
forecast_7715,2025-11-18 11:00,13547.938,13317.185,10573.83
forecast_7716,2025-11-18 12:00,13027.847,13142.795,10253.666
forecast_7717,2025-11-18 13:00,12788.036,12557.559,9775.195
forecast_7718,2025-11-18 14:00,12778.522,12151.345,9534.32
forecast_7719,2025-11-18 15:00,12278.74,11003.316,8713.543
forecast_7720,2025-11-18 16:00,10920.164,9251.759,7505.1494
forecast_7721,2025-11-18 17:00,9173.935,7999.2266,5421.7954
forecast_7722,2025-11-18 18:00,7570.136,6386.0854,4283.758
forecast_7723,2025-11-18 19:00,7187.4956,6651.141,4465.0654
forecast_7724,2025-11-18 20:00,7075.963,6995.8564,4768.722
forecast_7725,2025-11-18 21:00,8378.24,8501.669,5742.8574
forecast_7726,2025-11-18 22:00,9545.931,9422.891,6582.8545
forecast_7727,2025-11-18 23:00,10135.059,9910.76,6844.893
forecast_7728,2025-11-19 0:00,9645.817,9554.009,6785.54
forecast_7729,2025-11-19 1:00,12009.285,13237.501,9524.082
forecast_7730,2025-11-19 2:00,12008.216,13218.861,9551.272
forecast_7731,2025-11-19 3:00,10727.11,11251.023,7626.4575
forecast_7732,2025-11-19 4:00,9315.643,8807.999,5736.5747
forecast_7733,2025-11-19 5:00,7419.9346,6015.3877,4325.7163
forecast_7734,2025-11-19 6:00,5163.9033,4619.6846,2942.18
forecast_7735,2025-11-19 7:00,4348.5894,3539.9307,2166.5093
forecast_7736,2025-11-19 8:00,3812.7566,3324.3945,1831.9897
forecast_7737,2025-11-19 9:00,2821.207,2605.5088,1485.5654
forecast_7738,2025-11-19 10:00,1921.3982,2019.0814,1040.7775
forecast_7739,2025-11-19 11:00,1457.299,1579.9049,830.05304
forecast_7740,2025-11-19 12:00,1271.6193,1389.4122,819.89136
forecast_7741,2025-11-19 13:00,1419.0509,1474.0488,932.42065
forecast_7742,2025-11-19 14:00,1765.6494,1782.7728,1118.246
forecast_7743,2025-11-19 15:00,2774.6714,2592.6838,1669.8071
forecast_7744,2025-11-19 16:00,3661.537,3254.4956,1975.8259
forecast_7745,2025-11-19 17:00,7810.445,6686.387,5300.2764
forecast_7746,2025-11-19 18:00,11344.348,9386.87,7659.4023
forecast_7747,2025-11-19 19:00,13315.727,12248.327,10019.78
forecast_7748,2025-11-19 20:00,14835.528,13920.119,11046.103
forecast_7749,2025-11-19 21:00,16988.385,15941.483,12264.044
forecast_7750,2025-11-19 22:00,19734.568,18022.057,15271.67
forecast_7751,2025-11-19 23:00,20726.44,19469.932,16265.379
forecast_7752,2025-11-20 0:00,21197.63,20100.656,16556.623
forecast_7753,2025-11-20 1:00,21269.404,20508.393,16810.795
forecast_7754,2025-11-20 2:00,21424.863,20919.521,16871.998
forecast_7755,2025-11-20 3:00,21514.408,21247.207,17502.64
forecast_7756,2025-11-20 4:00,21388.2,21097.72,16740.072
forecast_7757,2025-11-20 5:00,21061.752,20862.316,16569.451
forecast_7758,2025-11-20 6:00,20944.8,20744.266,16482.703
forecast_7759,2025-11-20 7:00,20956.637,20781.752,16598.672
forecast_7760,2025-11-20 8:00,19879.717,20112,16468.578
forecast_7761,2025-11-20 9:00,18814.535,19913.422,16405.883
forecast_7762,2025-11-20 10:00,17929.9,19363.852,16404.03
forecast_7763,2025-11-20 11:00,18218.469,19541.83,16382.715
forecast_7764,2025-11-20 12:00,18117.273,19459.014,16275.182
forecast_7765,2025-11-20 13:00,18234.238,19289.623,16356.345
forecast_7766,2025-11-20 14:00,19031.5,19666.152,16583.986
forecast_7767,2025-11-20 15:00,18840.555,19532.338,16660.354
forecast_7768,2025-11-20 16:00,19289.365,19674.58,16739.732
forecast_7769,2025-11-20 17:00,19691.492,20035.129,16878.44
forecast_7770,2025-11-20 18:00,19984.578,20073.914,16979.957
forecast_7771,2025-11-20 19:00,19664.385,19714.771,16952.637
forecast_7772,2025-11-20 20:00,18854.777,19263.646,16636.496
forecast_7773,2025-11-20 21:00,18669.178,19295.07,16537.531
forecast_7774,2025-11-20 22:00,18355.445,19138.74,16460.096
forecast_7775,2025-11-20 23:00,18019.912,18997.668,16318.993
forecast_7776,2025-11-21 0:00,18016.893,19095.879,15987
forecast_7777,2025-11-21 1:00,17683.715,18800.92,15617.606
forecast_7778,2025-11-21 2:00,17643.355,18557.053,14680.76
forecast_7779,2025-11-21 3:00,17540.172,18237.658,14362.521
forecast_7780,2025-11-21 4:00,18120.424,18666.273,14080.773
forecast_7781,2025-11-21 5:00,19030.809,19158.533,15322.305
forecast_7782,2025-11-21 6:00,19019.64,19376.666,15615.875
forecast_7783,2025-11-21 7:00,19044.074,19436.945,15568.159
forecast_7784,2025-11-21 8:00,18840.123,19127.822,15389.451
forecast_7785,2025-11-21 9:00,17189.021,18260.834,14143.256
forecast_7786,2025-11-21 10:00,16070.266,17010.352,13603.135
forecast_7787,2025-11-21 11:00,15727.338,16919.62,13537.067
forecast_7788,2025-11-21 12:00,15902.332,16698.508,13493.263
forecast_7789,2025-11-21 13:00,15630.059,16349.3,12864.467
forecast_7790,2025-11-21 14:00,15615.443,16309.889,12831.853
forecast_7791,2025-11-21 15:00,15929.052,16769.71,14082.822
forecast_7792,2025-11-21 16:00,16839.393,17977.578,14620.106
forecast_7793,2025-11-21 17:00,17464.518,18508.043,15629.616
forecast_7794,2025-11-21 18:00,17561.572,18916.709,16204.516
forecast_7795,2025-11-21 19:00,16867.537,17983.846,15523.171
forecast_7796,2025-11-21 20:00,16976.707,18339.775,15572.326
forecast_7797,2025-11-21 21:00,17580.904,18907.043,16220.138
forecast_7798,2025-11-21 22:00,18155.018,19533.635,16366.115
forecast_7799,2025-11-21 23:00,18003.32,19479.64,16192.098
forecast_7800,2025-11-22 0:00,18243.09,19534.047,16062.941
forecast_7801,2025-11-22 1:00,18888.96,20081.783,16268.515
forecast_7802,2025-11-22 2:00,18684.96,19771.672,15946.172
forecast_7803,2025-11-22 3:00,18339.387,19505.861,15026.276
forecast_7804,2025-11-22 4:00,18557.482,19717.373,14968.596
forecast_7805,2025-11-22 5:00,19035.572,19847.518,15412.199
forecast_7806,2025-11-22 6:00,20150.146,20029.744,15819.94
forecast_7807,2025-11-22 7:00,19786.318,19920.523,15670.587
forecast_7808,2025-11-22 8:00,18990.984,19166.875,14296.228
forecast_7809,2025-11-22 9:00,18156.111,18404.848,13111.987
forecast_7810,2025-11-22 10:00,15181.281,16057.161,12122.405
forecast_7811,2025-11-22 11:00,13038.315,14571.726,10905.026
forecast_7812,2025-11-22 12:00,12724.139,14199.048,10460.23
forecast_7813,2025-11-22 13:00,13054.665,13172.739,10545.765
forecast_7814,2025-11-22 14:00,12977.378,13482.364,10325.622
forecast_7815,2025-11-22 15:00,13524.166,13660.863,11033.849
forecast_7816,2025-11-22 16:00,14269.675,14860.051,11481.149
forecast_7817,2025-11-22 17:00,16296.538,17297.723,13638.459
forecast_7818,2025-11-22 18:00,17458.629,17996.676,15191.657
forecast_7819,2025-11-22 19:00,18606.582,18829.39,16032.066
forecast_7820,2025-11-22 20:00,19261.334,19056.543,15951.721
forecast_7821,2025-11-22 21:00,19970.004,19802.953,16165.8545
forecast_7822,2025-11-22 22:00,20157.838,19293.785,16066.124
forecast_7823,2025-11-22 23:00,20442.246,19536.988,16238.403
forecast_7824,2025-11-23 0:00,20646.508,20035.676,16462.266
forecast_7825,2025-11-23 1:00,20856.338,20461.443,16675.77
forecast_7826,2025-11-23 2:00,20498.504,20203.316,16600.36
forecast_7827,2025-11-23 3:00,20309.627,20044.555,16508.46
forecast_7828,2025-11-23 4:00,20483.871,20171.1,16432.406
forecast_7829,2025-11-23 5:00,20332.451,20028.871,16249.129
forecast_7830,2025-11-23 6:00,20443.824,20013.664,16342.522
forecast_7831,2025-11-23 7:00,20652.164,20156.271,16715.238
forecast_7832,2025-11-23 8:00,20023.256,19647.852,16426.889
forecast_7833,2025-11-23 9:00,18575.418,19015.303,15817.8545
forecast_7834,2025-11-23 10:00,18865.205,18931.664,15552.217
forecast_7835,2025-11-23 11:00,17409.414,17957.844,14095.509
forecast_7836,2025-11-23 12:00,17240.207,17819.46,13739.296
forecast_7837,2025-11-23 13:00,14254.295,14828.009,11500.699
forecast_7838,2025-11-23 14:00,13285.787,14378.108,11574.272
forecast_7839,2025-11-23 15:00,13330.992,14375.624,11329.491
forecast_7840,2025-11-23 16:00,13478.636,14151.481,10815.075
forecast_7841,2025-11-23 17:00,14768.035,15067.989,11880.317
forecast_7842,2025-11-23 18:00,16221.55,16052.03,13258.561
forecast_7843,2025-11-23 19:00,17445.412,17647.457,14272.089
forecast_7844,2025-11-23 20:00,17155.166,17461.414,14538.245
forecast_7845,2025-11-23 21:00,17182.299,17675.867,14835
forecast_7846,2025-11-23 22:00,16701.697,17080.79,14837.354
forecast_7847,2025-11-23 23:00,16389.318,16791.438,14280.79
forecast_7848,2025-11-24 0:00,15752.869,16227.809,13092.861
forecast_7849,2025-11-24 1:00,15016.362,16228.507,12172.314
forecast_7850,2025-11-24 2:00,14755.643,16118.734,11498.685
forecast_7851,2025-11-24 3:00,13727.382,15199.452,11228.28
forecast_7852,2025-11-24 4:00,12869.925,14676.021,10569.832
forecast_7853,2025-11-24 5:00,12154.119,13817.626,10111.64
forecast_7854,2025-11-24 6:00,12844.48,14351.505,10325.604
forecast_7855,2025-11-24 7:00,13542.186,14903.787,10849.864
forecast_7856,2025-11-24 8:00,14037.006,15278.635,11248.938
forecast_7857,2025-11-24 9:00,12267.027,13712.639,10419.589
forecast_7858,2025-11-24 10:00,11276.88,12487.761,9716.993
forecast_7859,2025-11-24 11:00,11983.302,13236.913,10028.109
forecast_7860,2025-11-24 12:00,12145.431,13299.456,10456.656
forecast_7861,2025-11-24 13:00,12915.313,13713.712,11466.797
forecast_7862,2025-11-24 14:00,13649.617,14273.009,11989.512
forecast_7863,2025-11-24 15:00,13817.8955,14863.051,12506.324
forecast_7864,2025-11-24 16:00,13567.225,14213.909,11970.03
forecast_7865,2025-11-24 17:00,13708.949,14180.191,11696.313
forecast_7866,2025-11-24 18:00,13015.211,13642.612,10624.624
forecast_7867,2025-11-24 19:00,12757.576,12892.641,10232.024
forecast_7868,2025-11-24 20:00,13616.869,14374.488,11684.658
forecast_7869,2025-11-24 21:00,13323.422,14468.796,11778.557
forecast_7870,2025-11-24 22:00,13051.259,14881.085,11483.706
forecast_7871,2025-11-24 23:00,13625.44,15006.46,11555.455
forecast_7872,2025-11-25 0:00,13366.546,14666.256,10747.304
forecast_7873,2025-11-25 1:00,13088.392,14393.902,10741.428
forecast_7874,2025-11-25 2:00,13775.419,14923.088,11787.823
forecast_7875,2025-11-25 3:00,13701.562,14787.45,11743.034
forecast_7876,2025-11-25 4:00,12511.986,14389.023,10688.276
forecast_7877,2025-11-25 5:00,13013.253,14778.87,11075.611
forecast_7878,2025-11-25 6:00,12543.033,14560.281,10980.279
forecast_7879,2025-11-25 7:00,12791.249,14838.614,11233.512
forecast_7880,2025-11-25 8:00,13008.528,14552.075,10612.965
forecast_7881,2025-11-25 9:00,10242.583,11942.22,8990.118
forecast_7882,2025-11-25 10:00,10469.488,11728.139,9405.067
forecast_7883,2025-11-25 11:00,9129.36,10742.106,8253.383
forecast_7884,2025-11-25 12:00,7812.498,8609.265,6451.8096
forecast_7885,2025-11-25 13:00,9425.121,9854.168,7595.4907
forecast_7886,2025-11-25 14:00,11027.237,11161.026,9436.895
forecast_7887,2025-11-25 15:00,11493.82,12465.316,10049.369
forecast_7888,2025-11-25 16:00,12209.557,12934.075,10039.516
forecast_7889,2025-11-25 17:00,12751.75,13393.325,10497.225
forecast_7890,2025-11-25 18:00,12974.482,13367.79,10558.383
forecast_7891,2025-11-25 19:00,12760.734,12849.403,10299.459
forecast_7892,2025-11-25 20:00,11961.726,11575.488,8064.141
forecast_7893,2025-11-25 21:00,8987.036,8769.224,5038.2183
forecast_7894,2025-11-25 22:00,6931.087,7087.0254,3430.1057
forecast_7895,2025-11-25 23:00,6387.2954,6379.304,3169.7744
forecast_7896,2025-11-26 0:00,5151.234,5278.4263,2525.1052
forecast_7897,2025-11-26 1:00,4410.353,4101.4043,2134.8235
forecast_7898,2025-11-26 2:00,3081.2092,3008.783,1600.5071
forecast_7899,2025-11-26 3:00,2360.8723,2352.9314,1402.8164
forecast_7900,2025-11-26 4:00,2018.471,2088.7507,1303.7667
forecast_7901,2025-11-26 5:00,2170.8718,2339.9392,1564.6285
forecast_7902,2025-11-26 6:00,2483.6492,2519.4746,1722.1678
forecast_7903,2025-11-26 7:00,2962.8162,2948.7253,1923.1233
forecast_7904,2025-11-26 8:00,3246.5742,3109.4573,1957.7036
forecast_7905,2025-11-26 9:00,3782.9233,3838.1555,2136.052
forecast_7906,2025-11-26 10:00,4210.8574,3911.2644,2117.209
forecast_7907,2025-11-26 11:00,3726.0647,3466.236,1869.0255
forecast_7908,2025-11-26 12:00,3248.3135,3027.0757,1718.9806
forecast_7909,2025-11-26 13:00,3158.7654,3102.193,1993.6298
forecast_7910,2025-11-26 14:00,4359.003,3837.9824,2601.855
forecast_7911,2025-11-26 15:00,5684.7847,5041.4907,3548.775
forecast_7912,2025-11-26 16:00,7104.4873,6288.072,4344.892
forecast_7913,2025-11-26 17:00,8951.264,8986.921,6979.6196
forecast_7914,2025-11-26 18:00,12251.419,12096.567,9316.469
forecast_7915,2025-11-26 19:00,13826.672,14260.758,11269.116
forecast_7916,2025-11-26 20:00,13876.327,14547.234,10617.224
forecast_7917,2025-11-26 21:00,13597.422,14445.055,10300.372
forecast_7918,2025-11-26 22:00,14018.603,14520.969,10688.081
forecast_7919,2025-11-26 23:00,14401.682,15090.287,10961.664
forecast_7920,2025-11-27 0:00,15703.872,16565.293,12809.907
forecast_7921,2025-11-27 1:00,15229.415,16622.586,12700.042
forecast_7922,2025-11-27 2:00,15317.092,16760.275,13641.96
forecast_7923,2025-11-27 3:00,17229.848,18158.64,14966.399
forecast_7924,2025-11-27 4:00,15925.994,17182.455,14204.158
forecast_7925,2025-11-27 5:00,15366.203,16475.387,13607.396
forecast_7926,2025-11-27 6:00,15568.531,16762.506,13827.018
forecast_7927,2025-11-27 7:00,13212.665,15514.316,11447.035
forecast_7928,2025-11-27 8:00,15921.37,17288.635,14203.018
forecast_7929,2025-11-27 9:00,14680.305,16236.712,13869.214
forecast_7930,2025-11-27 10:00,13731.668,16195.86,13581.25
forecast_7931,2025-11-27 11:00,15688.537,17333.912,15554.792
forecast_7932,2025-11-27 12:00,16014.756,17200.898,15676.146
forecast_7933,2025-11-27 13:00,15645.687,17984.36,16425.244
forecast_7934,2025-11-27 14:00,16387.52,19458.125,17559.785
forecast_7935,2025-11-27 15:00,17491.078,18627.746,16897.943
forecast_7936,2025-11-27 16:00,18070.234,19223.938,16445.42
forecast_7937,2025-11-27 17:00,17991.959,18568.975,15924.941
forecast_7938,2025-11-27 18:00,18138.9,18753.4,16003.519
forecast_7939,2025-11-27 19:00,18525.404,19239.416,15690.056
forecast_7940,2025-11-27 20:00,18532.58,19110.332,15562.717
forecast_7941,2025-11-27 21:00,17908.576,18595.938,15472.157
forecast_7942,2025-11-27 22:00,17687.988,18176.295,15087.105
forecast_7943,2025-11-27 23:00,17864.184,18552.482,15283.544
forecast_7944,2025-11-28 0:00,17846.422,18770.012,15389.775
forecast_7945,2025-11-28 1:00,17571.508,18723.205,16132.589
forecast_7946,2025-11-28 2:00,16648.52,17600.406,15913.888
forecast_7947,2025-11-28 3:00,16986.771,18068.498,15650.251
forecast_7948,2025-11-28 4:00,18217.895,19133.826,16156.914
forecast_7949,2025-11-28 5:00,18108.463,19074.176,15805.973
forecast_7950,2025-11-28 6:00,18174.283,18491.842,14640.512
forecast_7951,2025-11-28 7:00,17310.611,17419.117,12946.666
forecast_7952,2025-11-28 8:00,15840.289,15799.497,10857.633
forecast_7953,2025-11-28 9:00,13190.606,13637.664,9760.584
forecast_7954,2025-11-28 10:00,10330.498,10723.864,7403.3276
forecast_7955,2025-11-28 11:00,9432.44,10615.361,6675.971
forecast_7956,2025-11-28 12:00,8897.595,9613.073,6491.452
forecast_7957,2025-11-28 13:00,8950.567,9322.86,6673.7417
forecast_7958,2025-11-28 14:00,8341.281,8581.542,5932.0596
forecast_7959,2025-11-28 15:00,6700.367,6377.0913,3664.647
forecast_7960,2025-11-28 16:00,6842.273,6353.7183,3779.852
forecast_7961,2025-11-28 17:00,7813.798,7615.0537,4307.403
forecast_7962,2025-11-28 18:00,8435.26,8212.261,5253.172
forecast_7963,2025-11-28 19:00,7580.057,6656.305,4088.6304
forecast_7964,2025-11-28 20:00,7112.5728,5919.3555,3805.2703
forecast_7965,2025-11-28 21:00,6568.7915,5197.299,3691.5828
forecast_7966,2025-11-28 22:00,6553.118,5470.5327,3720.4075
forecast_7967,2025-11-28 23:00,6396.0083,5500.4434,3645.5242
forecast_7968,2025-11-29 0:00,6630.4062,5891.126,3932.039
forecast_7969,2025-11-29 1:00,5786.0127,5055.4,3485.6843
forecast_7970,2025-11-29 2:00,6404.489,5825.647,3906.367
forecast_7971,2025-11-29 3:00,7864.257,7324.779,5231.51
forecast_7972,2025-11-29 4:00,10534.17,10535.47,8189.6353
forecast_7973,2025-11-29 5:00,13243.648,13669.229,10034.663
forecast_7974,2025-11-29 6:00,14302.197,15340.346,11139.224
forecast_7975,2025-11-29 7:00,13705.06,15174.42,10792.885
forecast_7976,2025-11-29 8:00,12915.571,14344.112,10365.636
forecast_7977,2025-11-29 9:00,11735.704,13696.639,9705.091
forecast_7978,2025-11-29 10:00,8810.527,11056.073,7780.3896
forecast_7979,2025-11-29 11:00,9225.743,11339.893,9037.431
forecast_7980,2025-11-29 12:00,12209.965,14067.913,11152.487
forecast_7981,2025-11-29 13:00,14916.948,16094.39,12801.929
forecast_7982,2025-11-29 14:00,15814.47,16663.76,13680.14
forecast_7983,2025-11-29 15:00,16828.396,17076.818,14252.744
forecast_7984,2025-11-29 16:00,17750.945,18140.775,15756.472
forecast_7985,2025-11-29 17:00,19343.656,19604.674,16543.02
forecast_7986,2025-11-29 18:00,20080.709,20226.426,17526.24
forecast_7987,2025-11-29 19:00,20681.982,20561.158,18317.496
forecast_7988,2025-11-29 20:00,20805.086,20851.24,18930.836
forecast_7989,2025-11-29 21:00,20910.826,20937.125,18939.65
forecast_7990,2025-11-29 22:00,20957.777,20982.12,18929.738
forecast_7991,2025-11-29 23:00,21035.922,20920.377,18934.111
forecast_7992,2025-11-30 0:00,20755.873,20849.146,18728.645
forecast_7993,2025-11-30 1:00,20670.473,20578.87,18670.844
forecast_7994,2025-11-30 2:00,20488.918,20527.57,17877.611
forecast_7995,2025-11-30 3:00,19933.516,20257.451,16853.717
forecast_7996,2025-11-30 4:00,19479.295,20031.605,16805.225
forecast_7997,2025-11-30 5:00,18354.81,19156.506,16258.381
forecast_7998,2025-11-30 6:00,16416.346,17677.104,14577.952
forecast_7999,2025-11-30 7:00,15829.072,16689.742,13068.98
forecast_8000,2025-11-30 8:00,15435.602,16277.182,13209.451
forecast_8001,2025-11-30 9:00,15407.151,15838.835,12604.46
forecast_8002,2025-11-30 10:00,14539.068,15161.32,12084.942
forecast_8003,2025-11-30 11:00,14284.057,15003.273,11930.256
forecast_8004,2025-11-30 12:00,13569.266,14187.915,11071.545
forecast_8005,2025-11-30 13:00,12621.346,13200.768,10439.139
forecast_8006,2025-11-30 14:00,12186.175,13028.397,10229.164
forecast_8007,2025-11-30 15:00,12273.949,13311.59,10106.671
forecast_8008,2025-11-30 16:00,12000.335,13263.313,10801.5
forecast_8009,2025-11-30 17:00,12873.909,14559.993,11790.321
forecast_8010,2025-11-30 18:00,16858.7,18329.57,15914.241
forecast_8011,2025-11-30 19:00,18848.373,19731.695,18030.783
forecast_8012,2025-11-30 20:00,19354.768,19945.525,18569.723
forecast_8013,2025-11-30 21:00,19479.648,20195.014,18600.344
forecast_8014,2025-11-30 22:00,19671.447,20336.943,18513.43
forecast_8015,2025-11-30 23:00,19365.963,20302.26,18469.088
forecast_8016,2025-12-01 0:00,19471.94,20383.158,18273.936
forecast_8017,2025-12-01 1:00,19063.525,20209.05,16723.389
forecast_8018,2025-12-01 2:00,18532.816,19925.666,16573.969
forecast_8019,2025-12-01 3:00,18236.3,19467.36,16035.88
forecast_8020,2025-12-01 4:00,18316.775,19402.22,15424.917
forecast_8021,2025-12-01 5:00,18559.625,19710.355,16092.5205
forecast_8022,2025-12-01 6:00,19375.068,20279.611,16939.492
forecast_8023,2025-12-01 7:00,19728.025,20142.182,16832.959
forecast_8024,2025-12-01 8:00,19495.99,19856.64,16475.135
forecast_8025,2025-12-01 9:00,17442.664,18234.768,14404.136
forecast_8026,2025-12-01 10:00,14882.973,15815.215,11905.309
forecast_8027,2025-12-01 11:00,10315.848,11031.5625,8152.129
forecast_8028,2025-12-01 12:00,7388.2485,7964.423,4436.538
forecast_8029,2025-12-01 13:00,7225.9346,6825.6523,3683.323
forecast_8030,2025-12-01 14:00,6545.9277,6230.1426,3605.164
forecast_8031,2025-12-01 15:00,5563.01,4630.8696,2611.8455
forecast_8032,2025-12-01 16:00,4721.519,4246.671,2334.354
forecast_8033,2025-12-01 17:00,4894.8125,4520.3594,2573.4365
forecast_8034,2025-12-01 18:00,5433.215,4882.0083,3159.0261
forecast_8035,2025-12-01 19:00,7505.5073,6943.222,5004.4644
forecast_8036,2025-12-01 20:00,9062.036,9292.085,6240.452
forecast_8037,2025-12-01 21:00,10032.921,10139.873,6981.9385
forecast_8038,2025-12-01 22:00,11452.413,12124.092,7639.816
forecast_8039,2025-12-01 23:00,12071.945,13696.324,9485.233
forecast_8040,2025-12-02 0:00,13631.144,15529.215,10622.834
forecast_8041,2025-12-02 1:00,14884.682,16077.288,11952.099
forecast_8042,2025-12-02 2:00,16013.537,17093.365,12737.803
forecast_8043,2025-12-02 3:00,17137.785,17519.416,13478.462
forecast_8044,2025-12-02 4:00,16303.649,17333.434,12934.108
forecast_8045,2025-12-02 5:00,16422.785,17579.438,13046.655
forecast_8046,2025-12-02 6:00,15899.301,17086.578,12068.7295
forecast_8047,2025-12-02 7:00,13781.792,14866.189,10420.741
forecast_8048,2025-12-02 8:00,12187.869,13874.782,9473.999
forecast_8049,2025-12-02 9:00,9817.585,11911.804,7880.8926
forecast_8050,2025-12-02 10:00,7351.844,8734.114,4948.7627
forecast_8051,2025-12-02 11:00,7945.3564,8267.09,5289.058
forecast_8052,2025-12-02 12:00,9738.434,10474.571,6903.186
forecast_8053,2025-12-02 13:00,10303.11,10028.9,6830.9785
forecast_8054,2025-12-02 14:00,11447.799,12099.368,8568.864
forecast_8055,2025-12-02 15:00,12673.809,13419.14,9704.719
forecast_8056,2025-12-02 16:00,13923.749,14573.65,11043.486
forecast_8057,2025-12-02 17:00,15237.477,15857.788,12600.956
forecast_8058,2025-12-02 18:00,16131.821,16888.016,14230.91
forecast_8059,2025-12-02 19:00,16241.84,16884.86,14219.01
forecast_8060,2025-12-02 20:00,16663.004,17544.262,14682.471
forecast_8061,2025-12-02 21:00,16624.963,17482.754,15529.677
forecast_8062,2025-12-02 22:00,16493.953,17605.467,15289.214
forecast_8063,2025-12-02 23:00,16271.666,17361.988,14943.02
forecast_8064,2025-12-03 0:00,16467.814,17466.176,14433.376
forecast_8065,2025-12-03 1:00,16961.127,17823.266,15943.855
forecast_8066,2025-12-03 2:00,17124.342,18283.627,16099.479
forecast_8067,2025-12-03 3:00,16559.084,17662.984,15639.699
forecast_8068,2025-12-03 4:00,16260.077,17092.904,15593.985
forecast_8069,2025-12-03 5:00,15784.959,16739.713,14646.066
forecast_8070,2025-12-03 6:00,15723.305,17361.076,14095.337
forecast_8071,2025-12-03 7:00,16227.681,18012.318,13983.951
forecast_8072,2025-12-03 8:00,15894.343,17756.217,13517.337
forecast_8073,2025-12-03 9:00,16221.097,17989.756,14252.828
forecast_8074,2025-12-03 10:00,16636.768,18299.574,14565.007
forecast_8075,2025-12-03 11:00,16484.15,18311.443,13982.685
forecast_8076,2025-12-03 12:00,16621.854,18774.125,14304.476
forecast_8077,2025-12-03 13:00,16369.042,18902.95,14954.493
forecast_8078,2025-12-03 14:00,16733.09,18985.791,15470.398
forecast_8079,2025-12-03 15:00,16518.488,18549.945,15354.174
forecast_8080,2025-12-03 16:00,16272.484,18695.16,15390.823
forecast_8081,2025-12-03 17:00,16357.953,18579.682,15345.694
forecast_8082,2025-12-03 18:00,16109.919,17558.227,14436.275
forecast_8083,2025-12-03 19:00,15886.795,17020.428,14375.959
forecast_8084,2025-12-03 20:00,15399.401,16919.746,14119.027
forecast_8085,2025-12-03 21:00,15670.333,17151.734,14126.277
forecast_8086,2025-12-03 22:00,16065.53,17653.469,13803.776
forecast_8087,2025-12-03 23:00,17132.791,18745.16,14313.555
forecast_8088,2025-12-04 0:00,17039.082,18544.146,13948.43
forecast_8089,2025-12-04 1:00,16841.006,18780.912,14214.514
forecast_8090,2025-12-04 2:00,18105.732,19624.547,14632.069
forecast_8091,2025-12-04 3:00,18826.41,19877.604,15161.403
forecast_8092,2025-12-04 4:00,19201.713,19975.438,15767.065
forecast_8093,2025-12-04 5:00,19476.557,20155.02,16242.319
forecast_8094,2025-12-04 6:00,19968.85,20452.299,16423.186
forecast_8095,2025-12-04 7:00,20414.336,20574.766,16570.523
forecast_8096,2025-12-04 8:00,20196.453,20466.188,16540.54
forecast_8097,2025-12-04 9:00,18788.527,20059.203,16261.839
forecast_8098,2025-12-04 10:00,16122.721,18399.352,15169.472
forecast_8099,2025-12-04 11:00,14508.48,16663.947,13105.813
forecast_8100,2025-12-04 12:00,13300.161,14607.854,11717.079
forecast_8101,2025-12-04 13:00,13312.712,14077.199,11388.021
forecast_8102,2025-12-04 14:00,12620.627,13732.903,10433.49
forecast_8103,2025-12-04 15:00,12210.8,13438.108,10261.872
forecast_8104,2025-12-04 16:00,12890.88,14004.516,11597.373
forecast_8105,2025-12-04 17:00,13600.02,14985.64,12494.246
forecast_8106,2025-12-04 18:00,14871.408,16599.959,15471.3
forecast_8107,2025-12-04 19:00,15385.424,16898.805,15597.038
forecast_8108,2025-12-04 20:00,15858.034,17491.715,15728.896
forecast_8109,2025-12-04 21:00,16136.855,17312.54,15489.912
forecast_8110,2025-12-04 22:00,15568.364,17182.152,14954.09
forecast_8111,2025-12-04 23:00,15416.712,16514.291,15323.984
forecast_8112,2025-12-05 0:00,15834.774,16896.084,15569.494
forecast_8113,2025-12-05 1:00,15741.377,16998.178,15245.786
forecast_8114,2025-12-05 2:00,16127.213,17633.654,15545.162
forecast_8115,2025-12-05 3:00,15677.349,17126.28,15337.169
forecast_8116,2025-12-05 4:00,15757.504,17351.111,14406.313
forecast_8117,2025-12-05 5:00,16209.603,17720.043,14190.237
forecast_8118,2025-12-05 6:00,16618.215,18459.934,14375.956
forecast_8119,2025-12-05 7:00,17864.803,19129.365,14791.523
forecast_8120,2025-12-05 8:00,18933.047,19655.441,14706.601
forecast_8121,2025-12-05 9:00,18498.834,19489.867,15396.494
forecast_8122,2025-12-05 10:00,16822.402,17519.84,13850.871
forecast_8123,2025-12-05 11:00,15590.166,16707.941,13124.281
forecast_8124,2025-12-05 12:00,13569.97,15270.58,11451.407
forecast_8125,2025-12-05 13:00,12786.74,14261.401,10746.989
forecast_8126,2025-12-05 14:00,14591.99,16020.611,12367.596
forecast_8127,2025-12-05 15:00,15975.17,17071.717,13426.608
forecast_8128,2025-12-05 16:00,17086.578,18416.166,14663.156
forecast_8129,2025-12-05 17:00,18451.328,18816.266,15422.338
forecast_8130,2025-12-05 18:00,19060.383,18784.36,14962.84
forecast_8131,2025-12-05 19:00,18515.809,17803.594,14032.251
forecast_8132,2025-12-05 20:00,19724.9,18787.504,14428.647
forecast_8133,2025-12-05 21:00,20256.99,19428.375,15340.591
forecast_8134,2025-12-05 22:00,20419.033,19744.24,15666.526
forecast_8135,2025-12-05 23:00,20741.727,20099.531,16141.488
forecast_8136,2025-12-06 0:00,21082.162,20367.906,16322.085
forecast_8137,2025-12-06 1:00,21037.414,20329.92,16066.439
forecast_8138,2025-12-06 2:00,21177.145,20644.383,17032.672
forecast_8139,2025-12-06 3:00,21154.885,20642.676,16760.453
forecast_8140,2025-12-06 4:00,20998.867,20423.236,16450.623
forecast_8141,2025-12-06 5:00,20767.09,20326.06,16553.969
forecast_8142,2025-12-06 6:00,20640.104,20261.064,16231.481
forecast_8143,2025-12-06 7:00,20628.033,20283.318,15923.313
forecast_8144,2025-12-06 8:00,20479.375,20136.346,15572.779
forecast_8145,2025-12-06 9:00,19615.424,20168.008,15665.364
forecast_8146,2025-12-06 10:00,18483.922,19579.52,15913.792
forecast_8147,2025-12-06 11:00,17725.02,18765.646,15317.797
forecast_8148,2025-12-06 12:00,17221.79,18146.303,14740.297
forecast_8149,2025-12-06 13:00,17287.297,17988.959,15478.455
forecast_8150,2025-12-06 14:00,18052.164,19013.438,16077.986
forecast_8151,2025-12-06 15:00,18577.432,19535.104,16560.49
forecast_8152,2025-12-06 16:00,17957.688,19054.457,16415.99
forecast_8153,2025-12-06 17:00,17466.322,18506.354,16356.667
forecast_8154,2025-12-06 18:00,16648.873,18095.963,16096.706
forecast_8155,2025-12-06 19:00,17943.545,19098.72,16367.681
forecast_8156,2025-12-06 20:00,18870.766,19557.244,16481.094
forecast_8157,2025-12-06 21:00,19349.865,19851.145,16612.004
forecast_8158,2025-12-06 22:00,19528.701,19979.232,16913.37
forecast_8159,2025-12-06 23:00,19504.842,20042.43,16918.504
forecast_8160,2025-12-07 0:00,19623.096,20119.773,17154.031
forecast_8161,2025-12-07 1:00,18377.16,19435.188,16446.426
forecast_8162,2025-12-07 2:00,18227.715,19405.129,16486.543
forecast_8163,2025-12-07 3:00,18483.645,19624.621,16448.633
forecast_8164,2025-12-07 4:00,18677.395,19564.807,16542.047
forecast_8165,2025-12-07 5:00,18682.059,19659.092,16467.354
forecast_8166,2025-12-07 6:00,18829.56,19677.916,16606.555
forecast_8167,2025-12-07 7:00,19073.055,19942.084,16539.764
forecast_8168,2025-12-07 8:00,19175.236,20145.3,16377.448
forecast_8169,2025-12-07 9:00,18713.148,19557.496,16478.172
forecast_8170,2025-12-07 10:00,18301.174,19208.898,16227.032
forecast_8171,2025-12-07 11:00,18152.664,18802.293,16052.213
forecast_8172,2025-12-07 12:00,17826.283,18592.662,16063.979
forecast_8173,2025-12-07 13:00,17972.605,18657.742,16096.2
forecast_8174,2025-12-07 14:00,18207.129,18946.89,16285.289
forecast_8175,2025-12-07 15:00,18673.406,19382.143,16627.338
forecast_8176,2025-12-07 16:00,19099.9,20027.252,16761.19
forecast_8177,2025-12-07 17:00,18800.188,20047.037,16884.818
forecast_8178,2025-12-07 18:00,18707.098,19747.863,17515.816
forecast_8179,2025-12-07 19:00,18525.18,19655.14,17402.629
forecast_8180,2025-12-07 20:00,18295.41,19414.33,16858.469
forecast_8181,2025-12-07 21:00,18305.025,19336.21,16640.766
forecast_8182,2025-12-07 22:00,18314.586,19186.234,16059.908
forecast_8183,2025-12-07 23:00,18147.023,19407.572,15801.732
forecast_8184,2025-12-08 0:00,17992.361,19131.227,15592.363
forecast_8185,2025-12-08 1:00,17852.793,18807.863,15703.504
forecast_8186,2025-12-08 2:00,17648.799,18660.46,15591.769
forecast_8187,2025-12-08 3:00,17529.281,18494.994,15238.414
forecast_8188,2025-12-08 4:00,17047.424,17955.13,14490.947
forecast_8189,2025-12-08 5:00,15800.341,16422.127,12865.545
forecast_8190,2025-12-08 6:00,15212.942,15704.28,11668.048
forecast_8191,2025-12-08 7:00,13887.003,14507.741,10678.576
forecast_8192,2025-12-08 8:00,12061.448,13409.486,9421.424
forecast_8193,2025-12-08 9:00,11159.6875,11850.694,8116.2935
forecast_8194,2025-12-08 10:00,10206.273,11047.842,7709.6313
forecast_8195,2025-12-08 11:00,6848.0757,6953.457,3873.7888
forecast_8196,2025-12-08 12:00,5354.2476,5029.908,2947.5781
forecast_8197,2025-12-08 13:00,4925.603,4032.7432,2292.9517
forecast_8198,2025-12-08 14:00,4850.763,4281.1514,2255.6296
forecast_8199,2025-12-08 15:00,5625.077,5014.426,2867.3035
forecast_8200,2025-12-08 16:00,6309.193,5387.3633,3216.537
forecast_8201,2025-12-08 17:00,7655.999,7129.014,4974.504
forecast_8202,2025-12-08 18:00,11274.486,11774.943,8694.684
forecast_8203,2025-12-08 19:00,12563.463,14006.976,10425.63
forecast_8204,2025-12-08 20:00,14353.306,15896.17,11943.248
forecast_8205,2025-12-08 21:00,15698.604,16986.316,12796.472
forecast_8206,2025-12-08 22:00,15891.836,16756.83,12199.554
forecast_8207,2025-12-08 23:00,15162.304,16404.236,12029.254
forecast_8208,2025-12-09 0:00,15296.164,16544.87,12047.846
forecast_8209,2025-12-09 1:00,14309.638,15783.22,10449.087
forecast_8210,2025-12-09 2:00,15659.6,17184.135,12196.859
forecast_8211,2025-12-09 3:00,16292.017,17968.422,12672.422
forecast_8212,2025-12-09 4:00,16281.528,17969.129,12309.523
forecast_8213,2025-12-09 5:00,15955.804,17800.346,11971.312
forecast_8214,2025-12-09 6:00,16323.666,18012.412,12886.434
forecast_8215,2025-12-09 7:00,17034.129,18621.54,13473.981
forecast_8216,2025-12-09 8:00,18095.15,19215.963,14410.947
forecast_8217,2025-12-09 9:00,17769.992,19131.912,14710.362
forecast_8218,2025-12-09 10:00,16238.279,18219.412,14040.936
forecast_8219,2025-12-09 11:00,15928.494,17959.266,13957.252
forecast_8220,2025-12-09 12:00,13938.169,16163.539,12524.522
forecast_8221,2025-12-09 13:00,13118.915,14805.372,11695.946
forecast_8222,2025-12-09 14:00,13082.155,14421.433,11416.381
forecast_8223,2025-12-09 15:00,13042.385,13912.719,10413.12
forecast_8224,2025-12-09 16:00,12682.022,13866.931,10154.182
forecast_8225,2025-12-09 17:00,13468.87,14460.058,11070.615
forecast_8226,2025-12-09 18:00,14982.659,16325.672,12509.343
forecast_8227,2025-12-09 19:00,15709.879,17437.084,13179.121
forecast_8228,2025-12-09 20:00,15398.877,16406.262,12314.951
forecast_8229,2025-12-09 21:00,14171.311,15826.578,11181.588
forecast_8230,2025-12-09 22:00,14305.933,15446.733,10778.706
forecast_8231,2025-12-09 23:00,14118.617,14788.097,10609.87
forecast_8232,2025-12-10 0:00,13975.495,14889.701,10339.591
forecast_8233,2025-12-10 1:00,13097.852,14106.67,10148.569
forecast_8234,2025-12-10 2:00,14131.674,15524.36,11300.522
forecast_8235,2025-12-10 3:00,15884.924,17829.857,12954.831
forecast_8236,2025-12-10 4:00,15814.796,17151.033,12950.858
forecast_8237,2025-12-10 5:00,15006.917,16772.906,12002.168
forecast_8238,2025-12-10 6:00,14526.641,16280.953,11554.661
forecast_8239,2025-12-10 7:00,15078.151,16483.47,11240.708
forecast_8240,2025-12-10 8:00,14244.458,16106.718,11309.423
forecast_8241,2025-12-10 9:00,15198.957,16317.59,11256.862
forecast_8242,2025-12-10 10:00,12951.179,14505.831,10391.689
forecast_8243,2025-12-10 11:00,11746.149,13770.816,10257.852
forecast_8244,2025-12-10 12:00,11793.944,13555.91,10140.785
forecast_8245,2025-12-10 13:00,11888.998,13558.099,10050.827
forecast_8246,2025-12-10 14:00,11603.482,13435.3125,9921.213
forecast_8247,2025-12-10 15:00,8879.809,10273.627,6704.8506
forecast_8248,2025-12-10 16:00,7837.5767,9004.474,5941.47
forecast_8249,2025-12-10 17:00,7903.1704,9214.644,5763.8643
forecast_8250,2025-12-10 18:00,7451.2056,9631.689,5662.679
forecast_8251,2025-12-10 19:00,9790.783,11931.63,7565.012
forecast_8252,2025-12-10 20:00,10254.357,11856.808,8036.525
forecast_8253,2025-12-10 21:00,12487.423,14459.954,10012.3955
forecast_8254,2025-12-10 22:00,14260.2,16225.15,12048.2
forecast_8255,2025-12-10 23:00,15680.926,17590.082,13626.673
forecast_8256,2025-12-11 0:00,15363.288,17126.748,13256.655
forecast_8257,2025-12-11 1:00,17605.383,18972.354,15818.002
forecast_8258,2025-12-11 2:00,17578.28,19115.266,15621.353
forecast_8259,2025-12-11 3:00,19023.96,19843.783,16661.357
forecast_8260,2025-12-11 4:00,19674.947,20226.352,16743.738
forecast_8261,2025-12-11 5:00,19959.486,20659.676,17379.336
forecast_8262,2025-12-11 6:00,19722.852,20487.838,17719.59
forecast_8263,2025-12-11 7:00,19410.318,20651.164,17386.629
forecast_8264,2025-12-11 8:00,18053.475,19412.988,16619.408
forecast_8265,2025-12-11 9:00,16189.271,18383.275,16377.84
forecast_8266,2025-12-11 10:00,16656.713,18881.04,16712.516
forecast_8267,2025-12-11 11:00,16479.701,17749.615,14329.479
forecast_8268,2025-12-11 12:00,15716.89,16830.541,13339.811
forecast_8269,2025-12-11 13:00,13610.769,14739.565,10875.712
forecast_8270,2025-12-11 14:00,12805.271,13575.004,9987.382
forecast_8271,2025-12-11 15:00,12516.54,12898.573,9455.636
forecast_8272,2025-12-11 16:00,12970.433,13453.887,10019.604
forecast_8273,2025-12-11 17:00,13456.594,14015.359,10486.674
forecast_8274,2025-12-11 18:00,13892.417,14593.392,11014.231
forecast_8275,2025-12-11 19:00,12739.177,13337.802,9470.538
forecast_8276,2025-12-11 20:00,10191.929,11023.239,6742.4175
forecast_8277,2025-12-11 21:00,5011.965,4481.989,2118.1326
forecast_8278,2025-12-11 22:00,3704.9382,3616.9229,1818.0239
forecast_8279,2025-12-11 23:00,3492.001,3710.4888,1797.4535
forecast_8280,2025-12-12 0:00,2839.9011,3046.7822,1594.9595
forecast_8281,2025-12-12 1:00,1943.6176,2026.1753,1562.9773
forecast_8282,2025-12-12 2:00,1825.068,2189.7422,1712.7949
forecast_8283,2025-12-12 3:00,1671.305,2021.4471,1593.7017
forecast_8284,2025-12-12 4:00,1668.5299,1900.58,1238.2799
forecast_8285,2025-12-12 5:00,1716.1388,1987.2474,1195.6224
forecast_8286,2025-12-12 6:00,1956.8081,2189.235,1314.5457
forecast_8287,2025-12-12 7:00,1924.0375,2026.9811,1135.0195
forecast_8288,2025-12-12 8:00,1668.7639,1811.0955,1082.6875
forecast_8289,2025-12-12 9:00,1444.3572,1536.5225,959.2264
forecast_8290,2025-12-12 10:00,1496.0568,1534.4073,913.6924
forecast_8291,2025-12-12 11:00,1513.0311,1484.1473,925.27155
forecast_8292,2025-12-12 12:00,1246.0394,1255.512,888.8368
forecast_8293,2025-12-12 13:00,1181.5365,1097.2292,798.2026
forecast_8294,2025-12-12 14:00,1102.6716,1126.3116,740.5508
forecast_8295,2025-12-12 15:00,1171.3618,1126.108,727.75085
forecast_8296,2025-12-12 16:00,1237.3318,1209.5586,744.94556
forecast_8297,2025-12-12 17:00,1483.9698,1186.2024,713.67346
forecast_8298,2025-12-12 18:00,1874.1708,1520.4071,740.5508
forecast_8299,2025-12-12 19:00,2013.4285,1583.4249,761.1402
forecast_8300,2025-12-12 20:00,2272.8877,1898.6819,824.49194
forecast_8301,2025-12-12 21:00,2691.4976,2405.0093,1083.5103
forecast_8302,2025-12-12 22:00,2966.6794,2512.0967,1221.374
forecast_8303,2025-12-12 23:00,2874.5564,2797.942,1506.3976
forecast_8304,2025-12-13 0:00,3575.61,3479.1746,1677.807
forecast_8305,2025-12-13 1:00,3701.799,3567.6702,1779.311
forecast_8306,2025-12-13 2:00,3659.1392,3947.7266,1899.036
forecast_8307,2025-12-13 3:00,3733.7761,3415.8254,1747.6671
forecast_8308,2025-12-13 4:00,5137.591,5363.204,2394.3418
forecast_8309,2025-12-13 5:00,4558.69,5133.697,2430.2869
forecast_8310,2025-12-13 6:00,5017.4014,5236.818,2334.6477
forecast_8311,2025-12-13 7:00,5340.5493,5892.4805,2880.4727
forecast_8312,2025-12-13 8:00,5547.2056,6352.884,3097.2913
forecast_8313,2025-12-13 9:00,4175.343,4088.2266,2255.8816
forecast_8314,2025-12-13 10:00,3256.4844,3355.4248,1682.6653
forecast_8315,2025-12-13 11:00,2426.495,2375.291,1291.8275
forecast_8316,2025-12-13 12:00,2418.0713,2554.3562,1269.9489
forecast_8317,2025-12-13 13:00,1647.0789,1708.9894,976.9145
forecast_8318,2025-12-13 14:00,1626.214,1642.6461,903.7373
forecast_8319,2025-12-13 15:00,1607.0182,1516.2274,886.70306
forecast_8320,2025-12-13 16:00,2013.1139,1952.028,1067.05
forecast_8321,2025-12-13 17:00,2299.5208,2378.2185,1244.9691
forecast_8322,2025-12-13 18:00,3390.795,3641.4202,1673.4534
forecast_8323,2025-12-13 19:00,3611.1072,3801.3325,1714.2134
forecast_8324,2025-12-13 20:00,4214.0996,4503.292,2215.8477
forecast_8325,2025-12-13 21:00,3879.4187,4042.2554,2215.895
forecast_8326,2025-12-13 22:00,5912.8403,6841.7207,4706.515
forecast_8327,2025-12-13 23:00,7259.8975,8809.612,6025.9497
forecast_8328,2025-12-14 0:00,10951.725,12322.534,8746.434
forecast_8329,2025-12-14 1:00,14205.448,15406.893,12208.576
forecast_8330,2025-12-14 2:00,15193.502,16555.32,12564.155
forecast_8331,2025-12-14 3:00,15629.485,16953.367,12851.783
forecast_8332,2025-12-14 4:00,15132.15,16701.582,13291.838
forecast_8333,2025-12-14 5:00,15535.752,17003.65,13760.002
forecast_8334,2025-12-14 6:00,15946.742,17459.078,14187.645
forecast_8335,2025-12-14 7:00,16641.512,18402.316,15187.006
forecast_8336,2025-12-14 8:00,16566.885,18203.588,15132.8
forecast_8337,2025-12-14 9:00,15980.808,17392.28,13947.585
forecast_8338,2025-12-14 10:00,15133.213,16564.072,13186.325
forecast_8339,2025-12-14 11:00,14572.545,15892.044,12676.252
forecast_8340,2025-12-14 12:00,13663.365,15181.294,12783.891
forecast_8341,2025-12-14 13:00,13018.785,14336.232,11550.219
forecast_8342,2025-12-14 14:00,11895.281,12852.802,9750.115
forecast_8343,2025-12-14 15:00,11593.362,12241.65,9637.6455
forecast_8344,2025-12-14 16:00,12307.163,12920.676,10379.181
forecast_8345,2025-12-14 17:00,12974.65,14174.603,10745.73
forecast_8346,2025-12-14 18:00,14278.18,16029.923,12799.17
forecast_8347,2025-12-14 19:00,15329.926,17354.543,13942.635
forecast_8348,2025-12-14 20:00,15824.523,17985.25,14383.028
forecast_8349,2025-12-14 21:00,16213.327,18284.271,15095.726
forecast_8350,2025-12-14 22:00,16425.473,18313.555,15306.647
forecast_8351,2025-12-14 23:00,16399.604,18420.842,15105.583
forecast_8352,2025-12-15 0:00,17562.79,18981.127,15420.687
forecast_8353,2025-12-15 1:00,17547.203,19070.328,15599.481
forecast_8354,2025-12-15 2:00,17946.812,19591.5,15792.508
forecast_8355,2025-12-15 3:00,18163.924,19605.611,15681.81
forecast_8356,2025-12-15 4:00,18277.982,19579.441,15786.649
forecast_8357,2025-12-15 5:00,18461.41,19487.795,15150.713
forecast_8358,2025-12-15 6:00,18252.348,19119.54,14628.396
forecast_8359,2025-12-15 7:00,18326.11,19259.578,14877.571
forecast_8360,2025-12-15 8:00,17969.705,18846.229,14014.498
forecast_8361,2025-12-15 9:00,17687.08,18481.229,13156.723
forecast_8362,2025-12-15 10:00,16178.418,17477.654,12157.66
forecast_8363,2025-12-15 11:00,13726.29,15825.118,11526.078
forecast_8364,2025-12-15 12:00,11730.674,13530.172,9855.79
forecast_8365,2025-12-15 13:00,11461.491,12317.901,9299.827
forecast_8366,2025-12-15 14:00,14256.312,15188.407,11248.263
forecast_8367,2025-12-15 15:00,14547.788,15536.228,12162.062
forecast_8368,2025-12-15 16:00,16213.316,17180.723,13429.463
forecast_8369,2025-12-15 17:00,18063.99,18974.105,15429.104
forecast_8370,2025-12-15 18:00,19007.9,19865.287,16374.755
forecast_8371,2025-12-15 19:00,19120.38,19855.547,16280.676
forecast_8372,2025-12-15 20:00,19298.014,19750.895,16050.229
forecast_8373,2025-12-15 21:00,18665.734,19468.51,15983.277
forecast_8374,2025-12-15 22:00,18174.691,19144.01,15262.841
forecast_8375,2025-12-15 23:00,17164.822,18512.152,13531.762
forecast_8376,2025-12-16 0:00,16415.027,17797.951,12422.549
forecast_8377,2025-12-16 1:00,16582.266,18031.508,12618.195
forecast_8378,2025-12-16 2:00,15789.44,17091.14,11656.05
forecast_8379,2025-12-16 3:00,14650.445,16827.34,11242.827
forecast_8380,2025-12-16 4:00,13730.765,15438.233,10599.028
forecast_8381,2025-12-16 5:00,12464.708,14426.42,10590.521
forecast_8382,2025-12-16 6:00,12203.116,13976.097,10269.797
forecast_8383,2025-12-16 7:00,12161.968,13913.15,10098.137
forecast_8384,2025-12-16 8:00,11593.859,13516.192,10052.6
forecast_8385,2025-12-16 9:00,11194.505,12696.228,10006.43
forecast_8386,2025-12-16 10:00,11214.903,12398.06,9139.236
forecast_8387,2025-12-16 11:00,11009.622,12633.493,9347.283
forecast_8388,2025-12-16 12:00,10756.859,12636.929,9187.765
forecast_8389,2025-12-16 13:00,11472.739,12998.118,9805.123
forecast_8390,2025-12-16 14:00,11365.257,12882.376,9237.212
forecast_8391,2025-12-16 15:00,10574.745,12160.438,8303.274
forecast_8392,2025-12-16 16:00,11309.002,12886.095,9444.987
forecast_8393,2025-12-16 17:00,10409.406,11379.787,8896.254
forecast_8394,2025-12-16 18:00,8879.317,9714.159,7284.447
forecast_8395,2025-12-16 19:00,7321.3955,7822.181,6715.8965
forecast_8396,2025-12-16 20:00,7406.475,8215.457,6401.0103
forecast_8397,2025-12-16 21:00,7784.262,9119.676,6360.3135
forecast_8398,2025-12-16 22:00,6167.742,7334.7397,5296.549
forecast_8399,2025-12-16 23:00,5831.368,6438.2534,4118.227
forecast_8400,2025-12-17 0:00,6648.422,6796.922,4292.5977
forecast_8401,2025-12-17 1:00,9513.759,11108.652,9149.756
forecast_8402,2025-12-17 2:00,9678.676,11077.449,8443.66
forecast_8403,2025-12-17 3:00,9433.393,10654.534,8270.798
forecast_8404,2025-12-17 4:00,8490.164,9128.161,6594.691
forecast_8405,2025-12-17 5:00,8317.194,9221.509,6251.4766
forecast_8406,2025-12-17 6:00,7747.117,8371.691,5705.6396
forecast_8407,2025-12-17 7:00,7001.8057,7370.849,5252.6504
forecast_8408,2025-12-17 8:00,6706.833,7072.2656,4290.1523
forecast_8409,2025-12-17 9:00,5956.707,6413.7607,3835.533
forecast_8410,2025-12-17 10:00,5491.3193,6049.4272,3324.627
forecast_8411,2025-12-17 11:00,5615.849,5916.733,3380.321
forecast_8412,2025-12-17 12:00,5858.129,6130.381,3203.6304
forecast_8413,2025-12-17 13:00,5480.338,5161.341,2837.9155
forecast_8414,2025-12-17 14:00,4805.3203,4378.0786,2391.6294
forecast_8415,2025-12-17 15:00,4137.437,3680.4705,1907.7158
forecast_8416,2025-12-17 16:00,3431.3364,2981.1252,1681.7885
forecast_8417,2025-12-17 17:00,4041.446,3490.9937,1908.9398
forecast_8418,2025-12-17 18:00,4711.1396,4252.757,2289.198
forecast_8419,2025-12-17 19:00,4887.4272,4250.017,2175.55
forecast_8420,2025-12-17 20:00,6262.4907,5570.481,3191.8577
forecast_8421,2025-12-17 21:00,7286.092,6846.205,3904.5012
forecast_8422,2025-12-17 22:00,8346.144,8243.848,5375.3306
forecast_8423,2025-12-17 23:00,9150.236,9093.091,5971.5576
forecast_8424,2025-12-18 0:00,9549.425,9613.646,6632.3945
forecast_8425,2025-12-18 1:00,13357.047,14446.747,10235.018
forecast_8426,2025-12-18 2:00,14433.391,15197.788,10636.248
forecast_8427,2025-12-18 3:00,14850.842,16172.937,11060.212
forecast_8428,2025-12-18 4:00,14346.357,15747.589,10533.007
forecast_8429,2025-12-18 5:00,14485.642,15113.154,10324.061
forecast_8430,2025-12-18 6:00,14214.365,14598.925,10024.0625
forecast_8431,2025-12-18 7:00,13670.505,13663.04,9422.713
forecast_8432,2025-12-18 8:00,12662.834,12838.776,9012.204
forecast_8433,2025-12-18 9:00,11126.687,10642.169,6948.347
forecast_8434,2025-12-18 10:00,8751.166,8677.837,6031.102
forecast_8435,2025-12-18 11:00,7134.245,6620.4556,4633.3975
forecast_8436,2025-12-18 12:00,5554.606,5677.0747,3450.9338
forecast_8437,2025-12-18 13:00,4796.1104,4809.785,2633.5996
forecast_8438,2025-12-18 14:00,4691.198,4635.8413,2441.137
forecast_8439,2025-12-18 15:00,4631.4473,4477.3027,2533.4854
forecast_8440,2025-12-18 16:00,5602.8657,5555.5977,2749.065
forecast_8441,2025-12-18 17:00,7072.161,6279.3604,3973.7878
forecast_8442,2025-12-18 18:00,7083.3306,6939.063,4317.4766
forecast_8443,2025-12-18 19:00,6892.6836,7031.8955,4277.088
forecast_8444,2025-12-18 20:00,7080.3633,7160.1245,4418.946
forecast_8445,2025-12-18 21:00,9012.373,9525.1,6466.0913
forecast_8446,2025-12-18 22:00,11876.841,12022.108,8921.227
forecast_8447,2025-12-18 23:00,13131.529,14073.05,10210.172
forecast_8448,2025-12-19 0:00,14039.666,15274.243,10829.327
forecast_8449,2025-12-19 1:00,16171.435,17378.55,13711.723
forecast_8450,2025-12-19 2:00,16012.839,17763.207,13879.331
forecast_8451,2025-12-19 3:00,16149.477,17832.768,13480.665
forecast_8452,2025-12-19 4:00,16067.548,17720.633,13131.579
forecast_8453,2025-12-19 5:00,16677.887,17342.604,13445.75
forecast_8454,2025-12-19 6:00,16662.467,18092.05,14258.989
forecast_8455,2025-12-19 7:00,17176.967,18318.629,15044.626
forecast_8456,2025-12-19 8:00,17244.203,18213.223,14873.714
forecast_8457,2025-12-19 9:00,17496.277,18302.953,15330.417
forecast_8458,2025-12-19 10:00,17435.18,18737.727,15996.915
forecast_8459,2025-12-19 11:00,17128.256,19167.564,16170.583
forecast_8460,2025-12-19 12:00,17169.19,19153.898,16336.864
forecast_8461,2025-12-19 13:00,16800.55,18722.387,16160.499
forecast_8462,2025-12-19 14:00,17379.158,18783.023,16371.244
forecast_8463,2025-12-19 15:00,17902.342,19258.834,16370.377
forecast_8464,2025-12-19 16:00,18089.768,19169.271,16366.409
forecast_8465,2025-12-19 17:00,17327.29,19135.23,15992.002
forecast_8466,2025-12-19 18:00,18313.559,19462.506,16237.66
forecast_8467,2025-12-19 19:00,18118.107,19548.457,16203.531
forecast_8468,2025-12-19 20:00,18382.965,19619.441,16372.2705
forecast_8469,2025-12-19 21:00,17765.385,19312.732,16085.742
forecast_8470,2025-12-19 22:00,17798.656,19302.092,16134.852
forecast_8471,2025-12-19 23:00,16939.223,19012.791,15930.011
forecast_8472,2025-12-20 0:00,16290.439,18538.676,14397.253
forecast_8473,2025-12-20 1:00,16171.622,18350.31,13901.334
forecast_8474,2025-12-20 2:00,14978.307,17686.783,13175.198
forecast_8475,2025-12-20 3:00,15033.393,17798.875,12654.996
forecast_8476,2025-12-20 4:00,14821.418,17722.48,12852.309
forecast_8477,2025-12-20 5:00,15203.181,17488.55,13109.1875
forecast_8478,2025-12-20 6:00,15176.722,17151.203,12841.8125
forecast_8479,2025-12-20 7:00,14563.662,16619.443,12737.563
forecast_8480,2025-12-20 8:00,14025.092,16322.492,12470.665
forecast_8481,2025-12-20 9:00,14047.419,16387.926,12598.959
forecast_8482,2025-12-20 10:00,13771.094,15939.436,12658.216
forecast_8483,2025-12-20 11:00,13578.934,15855.262,12546.025
forecast_8484,2025-12-20 12:00,14202.015,16691.203,13473.775
forecast_8485,2025-12-20 13:00,15320.154,17556.207,14259.647
forecast_8486,2025-12-20 14:00,14091.541,16402.46,13565.337
forecast_8487,2025-12-20 15:00,13118.009,15265.233,12118.063
forecast_8488,2025-12-20 16:00,12275.836,15048.586,11487.209
forecast_8489,2025-12-20 17:00,13199.999,15365.42,11939.031
forecast_8490,2025-12-20 18:00,13216.537,15027.435,11536.697
forecast_8491,2025-12-20 19:00,12931.449,15000.282,10884.962
forecast_8492,2025-12-20 20:00,11667.806,13507.495,9437.706
forecast_8493,2025-12-20 21:00,10341.792,12104.1,8937.9375
forecast_8494,2025-12-20 22:00,10838.527,13108.868,9579.208
forecast_8495,2025-12-20 23:00,12415.852,14284.917,10580.1875
forecast_8496,2025-12-21 0:00,15780.223,16561.8,12988.867
forecast_8497,2025-12-21 1:00,19285.799,19115.234,15688.968
forecast_8498,2025-12-21 2:00,19141.736,19199.879,15682.013
forecast_8499,2025-12-21 3:00,18746.633,19476.65,15817.367
forecast_8500,2025-12-21 4:00,19498.91,19958.652,15297.136
forecast_8501,2025-12-21 5:00,19716.3,20300.52,15119.796
forecast_8502,2025-12-21 6:00,18779.912,19887.768,14100.392
forecast_8503,2025-12-21 7:00,18245.436,19107.518,13688.6045
forecast_8504,2025-12-21 8:00,18107.219,18812.281,13704.758
forecast_8505,2025-12-21 9:00,16144.632,17167.912,12479.582
forecast_8506,2025-12-21 10:00,15168.766,16054.817,11552.034
forecast_8507,2025-12-21 11:00,13738.072,15220.17,10735.548
forecast_8508,2025-12-21 12:00,13013.703,14410.257,10164.678
forecast_8509,2025-12-21 13:00,11730.05,13095.735,8905.049
forecast_8510,2025-12-21 14:00,9242.411,9669.711,5296.7656
forecast_8511,2025-12-21 15:00,7234.785,6204.14,3274.8616
forecast_8512,2025-12-21 16:00,5018.9854,4503.8955,2374.216
forecast_8513,2025-12-21 17:00,4766.5454,3935.4956,2024.5565
forecast_8514,2025-12-21 18:00,4823.882,3804.5876,2012.155
forecast_8515,2025-12-21 19:00,4665.4736,3663.4158,2124.6055
forecast_8516,2025-12-21 20:00,4099.065,3358.117,1801.1268
forecast_8517,2025-12-21 21:00,3552.3708,2781.4116,1514.3004
forecast_8518,2025-12-21 22:00,2926.4565,2498.7397,1400.8171
forecast_8519,2025-12-21 23:00,2255.6997,2293.3044,1238.1376
forecast_8520,2025-12-22 0:00,1825.8181,1924.7126,1035.1326
forecast_8521,2025-12-22 1:00,2300.9487,1971.4362,1237.0575
forecast_8522,2025-12-22 2:00,2192.4604,2011.9761,1222.5568
forecast_8523,2025-12-22 3:00,1879.5245,1774.7681,1088.3007
forecast_8524,2025-12-22 4:00,1720.8746,1733.1394,949.41846
forecast_8525,2025-12-22 5:00,1793.0626,1701.3369,941.88666
forecast_8526,2025-12-22 6:00,1739.2006,1741.812,941.8147
forecast_8527,2025-12-22 7:00,1741.5409,1742.3533,929.3626
forecast_8528,2025-12-22 8:00,1725.7036,1679.6272,935.3233
forecast_8529,2025-12-22 9:00,1556.6443,1563.1523,924.1728
forecast_8530,2025-12-22 10:00,1251.2979,1321.7445,797.25934
forecast_8531,2025-12-22 11:00,1158.4353,1291.8492,786.6082
forecast_8532,2025-12-22 12:00,1087.6777,1269.1161,740.5508
forecast_8533,2025-12-22 13:00,1046.764,1145.8446,713.67346
forecast_8534,2025-12-22 14:00,1051.4587,1160.6981,727.75085
forecast_8535,2025-12-22 15:00,1037.2052,1107.8588,723.9396
forecast_8536,2025-12-22 16:00,1075.8174,1207.3358,733.80566
forecast_8537,2025-12-22 17:00,1433.8616,1311.3704,808.2398
forecast_8538,2025-12-22 18:00,1772.319,1579.6298,869.171
forecast_8539,2025-12-22 19:00,1804.0763,1638.8158,917.7433
forecast_8540,2025-12-22 20:00,1995.0587,1821.4722,949.457
forecast_8541,2025-12-22 21:00,2433.754,2216.063,1180.4105
forecast_8542,2025-12-22 22:00,3745.042,3544.8843,1835.6719
forecast_8543,2025-12-22 23:00,3056.2773,2942.996,1846.604
forecast_8544,2025-12-23 0:00,3438.2585,3314.337,1865.4188
forecast_8545,2025-12-23 1:00,5182.7163,5141.997,2656.169
forecast_8546,2025-12-23 2:00,5546.2153,6106.3906,3099.0437
forecast_8547,2025-12-23 3:00,6423.6333,6669.124,3863.0947
forecast_8548,2025-12-23 4:00,5263.398,5299.294,3011.3975
forecast_8549,2025-12-23 5:00,5727.9434,5802.287,3771.5625
forecast_8550,2025-12-23 6:00,6004.063,6799.4233,3626.203
forecast_8551,2025-12-23 7:00,5774.423,6388.498,3802.52
forecast_8552,2025-12-23 8:00,5281.763,6047.428,2992.1396
forecast_8553,2025-12-23 9:00,5731.097,7080.2505,3310.7434
forecast_8554,2025-12-23 10:00,5874.889,6830.5156,3707.2932
forecast_8555,2025-12-23 11:00,7135.028,8137.731,5089.0186
forecast_8556,2025-12-23 12:00,7739.771,10148.761,5748.3867
forecast_8557,2025-12-23 13:00,7259.6714,9529.799,5034.784
forecast_8558,2025-12-23 14:00,6156.154,7815.3916,3680.2546
forecast_8559,2025-12-23 15:00,6017.438,7174.8623,3530.43
forecast_8560,2025-12-23 16:00,5422.322,6360.4395,3078.6523
forecast_8561,2025-12-23 17:00,6339.934,7912.0264,4194.38
forecast_8562,2025-12-23 18:00,8414.79,10184.641,5924.2734
forecast_8563,2025-12-23 19:00,9906.724,11826.627,8241.419
forecast_8564,2025-12-23 20:00,10711.982,13585.621,8929.614
forecast_8565,2025-12-23 21:00,10691.304,13569.491,8267.633
forecast_8566,2025-12-23 22:00,11275.549,14501.189,9045.15
forecast_8567,2025-12-23 23:00,10414.032,12947.256,8404.523
forecast_8568,2025-12-24 0:00,10140.106,12959.906,8179.5347
forecast_8569,2025-12-24 1:00,8099.79,9657.488,5946.0933
forecast_8570,2025-12-24 2:00,7500.5244,8737.819,4602.189
forecast_8571,2025-12-24 3:00,5814.817,6237.6543,3000.6199
forecast_8572,2025-12-24 4:00,5378.933,5594.5996,2887.403
forecast_8573,2025-12-24 5:00,4546.1025,4579.777,2400.8254
forecast_8574,2025-12-24 6:00,3603.8787,3210.953,1781.1722
forecast_8575,2025-12-24 7:00,3076.0293,2683.2498,1622.6931
forecast_8576,2025-12-24 8:00,2048.6003,1918.5627,1160.7389
forecast_8577,2025-12-24 9:00,1547.9976,1492.7561,1101.5023
forecast_8578,2025-12-24 10:00,1240.7085,1184.5892,926.5131
forecast_8579,2025-12-24 11:00,1220.5085,1180.0433,897.9667
forecast_8580,2025-12-24 12:00,1266.7661,1216.6442,844.5714
forecast_8581,2025-12-24 13:00,1248.7627,1258.0322,886.02686
forecast_8582,2025-12-24 14:00,1297.284,1321.0032,898.18243
forecast_8583,2025-12-24 15:00,1404.9242,1407.0317,1035.6893
forecast_8584,2025-12-24 16:00,1434.9596,1492.6168,1030.6504
forecast_8585,2025-12-24 17:00,1346.7301,1405.6802,911.2859
forecast_8586,2025-12-24 18:00,1394.331,1323.6157,861.034
forecast_8587,2025-12-24 19:00,1448.6061,1333.722,854.5342
forecast_8588,2025-12-24 20:00,1568.0889,1512.1189,979.0844
forecast_8589,2025-12-24 21:00,1631.2633,1642.6289,929.0863
forecast_8590,2025-12-24 22:00,1718.7269,1675.6317,1037.0685
forecast_8591,2025-12-24 23:00,1814.574,1719.176,1127.594
forecast_8592,2025-12-25 0:00,2547.445,2588.3997,1584.231
forecast_8593,2025-12-25 1:00,3053.5432,2486.1235,1657.7815
forecast_8594,2025-12-25 2:00,4105.9556,3537.5583,2195.7434
forecast_8595,2025-12-25 3:00,5044.7944,4520.9907,3024.0586
forecast_8596,2025-12-25 4:00,7325.8086,7338.4526,4501.7812
forecast_8597,2025-12-25 5:00,8755.502,8806.6455,6118.7285
forecast_8598,2025-12-25 6:00,9243.428,10888.914,6722.4243
forecast_8599,2025-12-25 7:00,12265.36,13783.416,9463.126
forecast_8600,2025-12-25 8:00,13292.251,14829.303,10855.199
forecast_8601,2025-12-25 9:00,13739.952,15483.261,11793.152
forecast_8602,2025-12-25 10:00,14038.109,15344.976,12301.863
forecast_8603,2025-12-25 11:00,14544.036,15571.297,11885.833
forecast_8604,2025-12-25 12:00,14532.22,14769.467,11512.5205
forecast_8605,2025-12-25 13:00,14553.028,14970.388,11488.248
forecast_8606,2025-12-25 14:00,14897.872,15249.686,11597.629
forecast_8607,2025-12-25 15:00,15244.104,15858.671,12187.781
forecast_8608,2025-12-25 16:00,15682.22,16017.151,12817.081
forecast_8609,2025-12-25 17:00,15967.944,17060.74,13439.523
forecast_8610,2025-12-25 18:00,15810.668,17044.535,13975.846
forecast_8611,2025-12-25 19:00,15878.722,17308.287,14076.397
forecast_8612,2025-12-25 20:00,16308.536,18160.65,14442.159
forecast_8613,2025-12-25 21:00,16823.953,18598.506,14331.509
forecast_8614,2025-12-25 22:00,16611.094,18246.295,13694.647
forecast_8615,2025-12-25 23:00,17341.553,18900.625,14205.965
forecast_8616,2025-12-26 0:00,17932.902,19388.416,14438.014
forecast_8617,2025-12-26 1:00,16912.309,18665.455,14186.812
forecast_8618,2025-12-26 2:00,16350.042,17651.68,13470.907
forecast_8619,2025-12-26 3:00,16058.657,18079.936,12525.823
forecast_8620,2025-12-26 4:00,15981.119,17943.877,12043.298
forecast_8621,2025-12-26 5:00,16217.716,17754.936,11615.755
forecast_8622,2025-12-26 6:00,16199.472,17772.135,11562.079
forecast_8623,2025-12-26 7:00,15980.566,17801.15,11028.753
forecast_8624,2025-12-26 8:00,15742.609,17139.543,11011.137
forecast_8625,2025-12-26 9:00,16069.135,17250.906,11864.205
forecast_8626,2025-12-26 10:00,14655.747,16224.756,11962.775
forecast_8627,2025-12-26 11:00,12804.139,14848.146,10642.532
forecast_8628,2025-12-26 12:00,11905.559,13413.626,9947.292
forecast_8629,2025-12-26 13:00,11530.409,12458.806,9061.022
forecast_8630,2025-12-26 14:00,11894.373,12546.828,9456.611
forecast_8631,2025-12-26 15:00,11635.396,12060.248,9112.189
forecast_8632,2025-12-26 16:00,11930.642,12775.106,9299.604
forecast_8633,2025-12-26 17:00,13494.931,14492.508,10651.378
forecast_8634,2025-12-26 18:00,13903.949,15124.125,10980.068
forecast_8635,2025-12-26 19:00,14561.6875,15905.562,11429.257
forecast_8636,2025-12-26 20:00,16051.177,17045.031,12014.675
forecast_8637,2025-12-26 21:00,17036.09,18163.447,13489.526
forecast_8638,2025-12-26 22:00,17929.383,19127.998,14058.64
forecast_8639,2025-12-26 23:00,17796.176,18853.453,13821.412
forecast_8640,2025-12-27 0:00,18189.959,18747.537,13877.5205
forecast_8641,2025-12-27 1:00,19338.13,19857.957,14520.643
forecast_8642,2025-12-27 2:00,19320.768,19794.078,14279.094
forecast_8643,2025-12-27 3:00,19149.322,19884.975,14301.879
forecast_8644,2025-12-27 4:00,19296.818,20021.146,14392.398
forecast_8645,2025-12-27 5:00,18617.107,19623.32,13893.288
forecast_8646,2025-12-27 6:00,18782.418,19755.162,13902.078
forecast_8647,2025-12-27 7:00,18817.064,19713.998,13860.701
forecast_8648,2025-12-27 8:00,18726.035,19826.793,14314.749
forecast_8649,2025-12-27 9:00,17933.781,18961.338,13723.977
forecast_8650,2025-12-27 10:00,15188.367,16632.045,12119.305
forecast_8651,2025-12-27 11:00,14658.725,16012.606,11890.383
forecast_8652,2025-12-27 12:00,15075.914,16454.193,12997.988
forecast_8653,2025-12-27 13:00,15941.458,17582.107,13662.116
forecast_8654,2025-12-27 14:00,15740.751,17218.014,13517.039
forecast_8655,2025-12-27 15:00,15944.327,17519.88,14001.29
forecast_8656,2025-12-27 16:00,15961.827,17132.145,14158.714
forecast_8657,2025-12-27 17:00,16704.63,18574.887,16015.013
forecast_8658,2025-12-27 18:00,17547.504,19269.605,16331.4375
forecast_8659,2025-12-27 19:00,18076.773,19613.248,16407.66
forecast_8660,2025-12-27 20:00,18229.64,19615.129,16192.428
forecast_8661,2025-12-27 21:00,18999.002,20098.566,16321.658
forecast_8662,2025-12-27 22:00,19127.748,20280.023,16498.93
forecast_8663,2025-12-27 23:00,19043.494,20344.63,16520.752
forecast_8664,2025-12-28 0:00,18898.32,20313.797,16146.022
forecast_8665,2025-12-28 1:00,20349.32,21140.738,16814.734
forecast_8666,2025-12-28 2:00,20373.162,21150.984,16947.348
forecast_8667,2025-12-28 3:00,20756.05,21173.646,17221.55
forecast_8668,2025-12-28 4:00,21033.053,21206.041,17004.299
forecast_8669,2025-12-28 5:00,20999.027,21094.54,16945.117
forecast_8670,2025-12-28 6:00,20947.277,21105.273,16718.21
forecast_8671,2025-12-28 7:00,20851.078,21042.758,16646.236
forecast_8672,2025-12-28 8:00,20450.408,20963.027,16596.793
forecast_8673,2025-12-28 9:00,19613.666,20416.754,16473.928
forecast_8674,2025-12-28 10:00,19258.21,20003.4,16299.682
forecast_8675,2025-12-28 11:00,18080.377,19310.443,15369.674
forecast_8676,2025-12-28 12:00,17651.625,18725.332,15255.78
forecast_8677,2025-12-28 13:00,16002.784,17647.105,13796.464
forecast_8678,2025-12-28 14:00,14579.749,16286.418,12602.131
forecast_8679,2025-12-28 15:00,14819.397,16180.341,12910.805
forecast_8680,2025-12-28 16:00,15682.113,16568.9,13731.57
forecast_8681,2025-12-28 17:00,16401.379,17045.79,14944.832
forecast_8682,2025-12-28 18:00,15755.335,16667.434,14028.463
forecast_8683,2025-12-28 19:00,15437.544,16125.109,13097.194
forecast_8684,2025-12-28 20:00,15038.109,16304.465,13451.066
forecast_8685,2025-12-28 21:00,15879.646,17035.275,14374.09
forecast_8686,2025-12-28 22:00,16472.795,17558.023,15266.014
forecast_8687,2025-12-28 23:00,16820.21,18059.186,15273.853
forecast_8688,2025-12-29 0:00,17692.762,18832.057,15470.826
forecast_8689,2025-12-29 1:00,17707.734,19143.146,15788.121
forecast_8690,2025-12-29 2:00,18310.62,19362.69,16003.223
forecast_8691,2025-12-29 3:00,18866.75,19590.055,16195.247
forecast_8692,2025-12-29 4:00,18781.375,19645.762,16266.779
forecast_8693,2025-12-29 5:00,18889.377,19573.104,16534.34
forecast_8694,2025-12-29 6:00,19085.717,19688.318,16262.138
forecast_8695,2025-12-29 7:00,19170.906,19724.871,16309.502
forecast_8696,2025-12-29 8:00,19356.89,19912.416,16566.201
forecast_8697,2025-12-29 9:00,19084.28,19691.225,16340.572
forecast_8698,2025-12-29 10:00,18634.557,19379.615,16150.219
forecast_8699,2025-12-29 11:00,18475.096,19327.693,15962.21
forecast_8700,2025-12-29 12:00,18511.758,19295.668,16110.304
forecast_8701,2025-12-29 13:00,17937.168,18793.809,15702.02
forecast_8702,2025-12-29 14:00,17837.191,18563.969,16042.038
forecast_8703,2025-12-29 15:00,16972.75,17911.262,15967.55
forecast_8704,2025-12-29 16:00,17496.602,18166.31,16078.672
forecast_8705,2025-12-29 17:00,17860.016,18681.637,16108.49
forecast_8706,2025-12-29 18:00,17635.492,18190.498,15688.205
forecast_8707,2025-12-29 19:00,16966.627,17962.521,14542.48
forecast_8708,2025-12-29 20:00,16220.434,17328.209,14342.577
forecast_8709,2025-12-29 21:00,15423.694,16816.764,14077.858
forecast_8710,2025-12-29 22:00,15298.242,16649.84,13908.616
forecast_8711,2025-12-29 23:00,14898.778,16250.187,12621.226
forecast_8712,2025-12-30 0:00,14803.518,16347.433,12642.623
forecast_8713,2025-12-30 1:00,12957.347,14249.615,10620.32
forecast_8714,2025-12-30 2:00,13010.182,14289.195,10641.598
forecast_8715,2025-12-30 3:00,13970.342,14808.03,11129.011
forecast_8716,2025-12-30 4:00,14601.51,15162.328,11848.314
forecast_8717,2025-12-30 5:00,14016.426,14377.818,10702.744
forecast_8718,2025-12-30 6:00,13478.512,14035.923,10463.42
forecast_8719,2025-12-30 7:00,13026.884,14040.578,10336.962
forecast_8720,2025-12-30 8:00,12042.03,12790.195,9256.25
forecast_8721,2025-12-30 9:00,10474.467,11924.275,7907.812
forecast_8722,2025-12-30 10:00,10009.487,10110.177,6575.7305
forecast_8723,2025-12-30 11:00,10200.8,10327.258,6959.6187
forecast_8724,2025-12-30 12:00,11464.22,11914.384,8201.616
forecast_8725,2025-12-30 13:00,11493.042,11199.514,7948.6885
forecast_8726,2025-12-30 14:00,12001.282,11890.508,8523.336
forecast_8727,2025-12-30 15:00,12725.953,12367.014,9127.418
forecast_8728,2025-12-30 16:00,13155.165,12950.89,9606.311
forecast_8729,2025-12-30 17:00,12916.88,12544.897,9304.787
forecast_8730,2025-12-30 18:00,12543.461,11882.791,9276.241
forecast_8731,2025-12-30 19:00,12879.461,12677.806,9796.043
forecast_8732,2025-12-30 20:00,13379.801,13739.984,10054.329
forecast_8733,2025-12-30 21:00,14316.363,14804.361,11673.342
forecast_8734,2025-12-30 22:00,14617.134,15424.106,12206.12
forecast_8735,2025-12-30 23:00,14766.388,15687.347,12514.5625
forecast_8736,2025-12-31 0:00,14669.416,15321.569,12785.392
forecast_8737,2025-12-31 1:00,16286.651,16933.52,14044.656
forecast_8738,2025-12-31 2:00,16498.37,17243.62,14397.662
forecast_8739,2025-12-31 3:00,16449.727,16971.695,14214.943
forecast_8740,2025-12-31 4:00,15861.791,16663.62,13867.257
forecast_8741,2025-12-31 5:00,15576.911,16544.176,13217.522
forecast_8742,2025-12-31 6:00,15454.484,16530.223,12896.492
forecast_8743,2025-12-31 7:00,15244.976,16231.951,12881.132
forecast_8744,2025-12-31 8:00,14908.899,15800.317,12212.774
forecast_8745,2025-12-31 9:00,14020.668,14738.535,11305.601
forecast_8746,2025-12-31 10:00,12988.073,13808.183,10906.798
forecast_8747,2025-12-31 11:00,11513.785,12964.87,9493.25
forecast_8748,2025-12-31 12:00,10995.084,12190.551,9296.328
forecast_8749,2025-12-31 13:00,10992.577,11264.715,8702.48
forecast_8750,2025-12-31 14:00,11177.656,10942.427,8470.449
forecast_8751,2025-12-31 15:00,11328.897,11380.17,8898.94
forecast_8752,2025-12-31 16:00,12006.002,11904.594,9581.088
forecast_8753,2025-12-31 17:00,11426.801,11626.13,9416.153
forecast_8754,2025-12-31 18:00,11556.408,12192.345,9606.0205
forecast_8755,2025-12-31 19:00,12388.8545,13402.1455,10048.055
forecast_8756,2025-12-31 20:00,13709.484,14571.185,10978.77
forecast_8757,2025-12-31 21:00,14487.874,15711.546,11947.175
forecast_8758,2025-12-31 22:00,14966.417,16448.242,12578.6045
forecast_8759,2025-12-31 23:00,15081.284,16746.467,12635.03
forecast_8760,2026-01-01 0:00,15022.042,17202.686,12495.341
