forecast_id,forecast_kst_dtm,kpx_group_1,kpx_group_2,kpx_group_3
forecast_0001,2025-01-01 1:00,18199.076,19459.611,16308.18
forecast_0002,2025-01-01 2:00,18140.346,19473.033,16257.505
forecast_0003,2025-01-01 3:00,18166.79,19565.613,16085.638
forecast_0004,2025-01-01 4:00,17976.062,19195.486,15849.8545
forecast_0005,2025-01-01 5:00,17618.45,18932.03,15402.586
forecast_0006,2025-01-01 6:00,17127.768,18466.865,14862.271
forecast_0007,2025-01-01 7:00,16333.736,17709.05,13792.491
forecast_0008,2025-01-01 8:00,15451.928,16869.22,13051.714
forecast_0009,2025-01-01 9:00,14867.377,15576.032,12623.689
forecast_0010,2025-01-01 10:00,15531.895,15702.644,13175.506
forecast_0011,2025-01-01 11:00,15358.034,15972.108,13157.331
forecast_0012,2025-01-01 12:00,15073.593,15357.009,12971.532
forecast_0013,2025-01-01 13:00,15275.756,15175.734,12886.314
forecast_0014,2025-01-01 14:00,15101.186,15206.532,12726.243
forecast_0015,2025-01-01 15:00,14525.565,14915.837,12153.523
forecast_0016,2025-01-01 16:00,14671.803,14683.658,11939.6455
forecast_0017,2025-01-01 17:00,14260.238,14338.063,11642.18
forecast_0018,2025-01-01 18:00,14353.331,15004.507,11982.315
forecast_0019,2025-01-01 19:00,14053.726,15194.958,11450.021
forecast_0020,2025-01-01 20:00,15038.433,15886.237,12501.661
forecast_0021,2025-01-01 21:00,15782.3545,16467.729,13033.713
forecast_0022,2025-01-01 22:00,15829.665,16819.92,13175.635
forecast_0023,2025-01-01 23:00,16172.337,17150.037,13384.83
forecast_0024,2025-01-02 0:00,15768.842,16834.377,12851.707
forecast_0025,2025-01-02 1:00,14433.475,15756.135,10607.212
forecast_0026,2025-01-02 2:00,13642.464,15173.7295,10405.123
forecast_0027,2025-01-02 3:00,12822.307,14483.269,10246.064
forecast_0028,2025-01-02 4:00,12184.882,13685.523,9756.318
forecast_0029,2025-01-02 5:00,11543.423,12608.535,8592.944
forecast_0030,2025-01-02 6:00,10255.812,11066.432,7814.4927
forecast_0031,2025-01-02 7:00,9843.08,10075.426,7295.708
forecast_0032,2025-01-02 8:00,8661.954,9258.223,6245.1553
forecast_0033,2025-01-02 9:00,7604.372,7936.071,4921.619
forecast_0034,2025-01-02 10:00,5693.8237,5958.294,3245.8545
forecast_0035,2025-01-02 11:00,4711.625,5115.1997,4092.3127000000027
forecast_0036,2025-01-02 12:00,5241.7905,5586.6875,3776.9941
forecast_0037,2025-01-02 13:00,5628.9233,5696.495,3795.8076
forecast_0038,2025-01-02 14:00,6828.6733,5910.0054,3695.463
forecast_0039,2025-01-02 15:00,7831.179,6957.3667,4607.5776
forecast_0040,2025-01-02 16:00,9289.778,8101.324,5747.606
forecast_0041,2025-01-02 17:00,10163.488,8845.177,6167.227
forecast_0042,2025-01-02 18:00,11396.583,10955.7295,8437.11
forecast_0043,2025-01-02 19:00,12174.769,11956.913,9372.9
forecast_0044,2025-01-02 20:00,12272.333,12541.204,9379.487
forecast_0045,2025-01-02 21:00,12718.085,13124.142,10123.671
forecast_0046,2025-01-02 22:00,12874.775,13832.401,10596.18
forecast_0047,2025-01-02 23:00,13128.384,14148.524,11064.39
forecast_0048,2025-01-03 0:00,13734.598,15004.43,12055.1875
forecast_0049,2025-01-03 1:00,13414.486,14529.124,11378.255
forecast_0050,2025-01-03 2:00,14023.957,15136.307,11958.066
forecast_0051,2025-01-03 3:00,13863.604,14699.705,11878.632
forecast_0052,2025-01-03 4:00,13875.998,14620.79,11806.599
forecast_0053,2025-01-03 5:00,13918.287,14393.213,11572.246
forecast_0054,2025-01-03 6:00,13873.955,14032.446,10946.353
forecast_0055,2025-01-03 7:00,13235.312,13613.552,10491.204
forecast_0056,2025-01-03 8:00,13159.3,13789.691,10868.657
forecast_0057,2025-01-03 9:00,12805.442,12731.213,9625.545
forecast_0058,2025-01-03 10:00,12292.76,12338.203,9312.853
forecast_0059,2025-01-03 11:00,12295.869,11561.041,8961.839
forecast_0060,2025-01-03 12:00,12065.511,10841.674,8370.026
forecast_0061,2025-01-03 13:00,12399.547,11100.426,8979.386
forecast_0062,2025-01-03 14:00,12901.115,12553.4795,9585.76
forecast_0063,2025-01-03 15:00,13254.344,13072.123,10110.76
forecast_0064,2025-01-03 16:00,13849.937,13737.652,11485.132
forecast_0065,2025-01-03 17:00,13602.209,13467.404,10651.744
forecast_0066,2025-01-03 18:00,11821.351,11790.81,9915.336
forecast_0067,2025-01-03 19:00,12425.246,12722.363,10474.1875
forecast_0068,2025-01-03 20:00,13672.888,13976.549,11759.391
forecast_0069,2025-01-03 21:00,13841.421,13970.088,12362.432
forecast_0070,2025-01-03 22:00,13920.399,14260.409,12777.477
forecast_0071,2025-01-03 23:00,14051.848,14412.568,12652.588
forecast_0072,2025-01-04 0:00,13378.709,14153.786,11799.363
forecast_0073,2025-01-04 1:00,15358.149,15905.191,13332.358
forecast_0074,2025-01-04 2:00,15422.515,16340.878,13339.415
forecast_0075,2025-01-04 3:00,15249.522,15901.162,13085.289
forecast_0076,2025-01-04 4:00,15697.082,16470.125,13132.172
forecast_0077,2025-01-04 5:00,15995.525,17084.73,13474.459
forecast_0078,2025-01-04 6:00,16520.781,17529.729,13086.777
forecast_0079,2025-01-04 7:00,16112.486,17102.506,12756.14
forecast_0080,2025-01-04 8:00,15000.048,16045.13,12014.89
forecast_0081,2025-01-04 9:00,14387.303,15072.41,11662.49
forecast_0082,2025-01-04 10:00,12381.184,13325.454,9906.037
forecast_0083,2025-01-04 11:00,10533.428,12027.406,8881.113
forecast_0084,2025-01-04 12:00,11927.966,12935.428,9994.536
forecast_0085,2025-01-04 13:00,13050.644,13297.456,10305.562
forecast_0086,2025-01-04 14:00,13093.284,13308.3,10362.285
forecast_0087,2025-01-04 15:00,12749.991,12133.197,9932.806
forecast_0088,2025-01-04 16:00,12840.739,12322.212,9655.158
forecast_0089,2025-01-04 17:00,12463.5205,12637.976,10172.971
forecast_0090,2025-01-04 18:00,14121.842,15000.758,11790.832
forecast_0091,2025-01-04 19:00,14305.375,15477.685,12013.522
forecast_0092,2025-01-04 20:00,14879.987,16280.012,12691.211
forecast_0093,2025-01-04 21:00,15707.07,17026.254,13628.101
forecast_0094,2025-01-04 22:00,17340.375,18240.47,15009.984
forecast_0095,2025-01-04 23:00,17960.87,18827.846,15965.052
forecast_0096,2025-01-05 0:00,17462.848,18100.549,14941.226
forecast_0097,2025-01-05 1:00,16882.162,17877.287,13510.023
forecast_0098,2025-01-05 2:00,16613.48,17299.473,13132.469
forecast_0099,2025-01-05 3:00,15598.954,16714.44,12184.723
forecast_0100,2025-01-05 4:00,15245.399,16776.445,12035.975
forecast_0101,2025-01-05 5:00,13832.938,15455.644,11110.703
forecast_0102,2025-01-05 6:00,12747.843,14667.102,10106.047
forecast_0103,2025-01-05 7:00,11881.978,13570.552,9724.415
forecast_0104,2025-01-05 8:00,13112.641,15148.156,11167.9795
forecast_0105,2025-01-05 9:00,13787.517,15756.863,12568.913
forecast_0106,2025-01-05 10:00,14353.626,16082.158,13831.386
forecast_0107,2025-01-05 11:00,17154.758,18091.14,15768.84
forecast_0108,2025-01-05 12:00,17122.588,18651.863,15844.229
forecast_0109,2025-01-05 13:00,15990.963,17618.1,15533.7
forecast_0110,2025-01-05 14:00,13633.07,15386.948,13540.086
forecast_0111,2025-01-05 15:00,12761.264,14697.767,12371.772
forecast_0112,2025-01-05 16:00,11323.589,13953.898,10812.556
forecast_0113,2025-01-05 17:00,9919.213,12788.1875,9665.421
forecast_0114,2025-01-05 18:00,10295.528,13312.011,10307.112
forecast_0115,2025-01-05 19:00,12308.15,13568.931,10574.04
forecast_0116,2025-01-05 20:00,13111.616,14392.999,11946.692
forecast_0117,2025-01-05 21:00,13350.351,14171.198,12034.711
forecast_0118,2025-01-05 22:00,13464.792,14208.013,11772.831
forecast_0119,2025-01-05 23:00,12655.818,13701.877,10868.975
forecast_0120,2025-01-06 0:00,12047.924,13517.774,10500.103
forecast_0121,2025-01-06 1:00,11310.033,12300.239,9656.405
forecast_0122,2025-01-06 2:00,11524.996,12527.163,9699.637
forecast_0123,2025-01-06 3:00,11457.867,12375.83,8924.482
forecast_0124,2025-01-06 4:00,10110.927,11141.005,7802.8535
forecast_0125,2025-01-06 5:00,7804.6323,7850.7207,4609.6846
forecast_0126,2025-01-06 6:00,5814.538,6806.3433,3750.9878
forecast_0127,2025-01-06 7:00,3911.513,4146.1304,3506.6270000000027
forecast_0128,2025-01-06 8:00,4365.2324,5154.4346,3205.0747
forecast_0129,2025-01-06 9:00,3627.5898,3725.0886,3264.453100000003
forecast_0130,2025-01-06 10:00,4579.705,4890.365,3192.189
forecast_0131,2025-01-06 11:00,5574.2593,5867.245,4015.4697
forecast_0132,2025-01-06 12:00,6105.896,6395.776,5015.9575
forecast_0133,2025-01-06 13:00,7433.7646,7585.356,5815.3696
forecast_0134,2025-01-06 14:00,7245.9556,6811.186,5704.2363
forecast_0135,2025-01-06 15:00,8520.67,8239.287,6605.918
forecast_0136,2025-01-06 16:00,9773.359,9325.147,8039.1787
forecast_0137,2025-01-06 17:00,10613.605,10497.203,9191.915
forecast_0138,2025-01-06 18:00,11833.792,12109.292,10304.572
forecast_0139,2025-01-06 19:00,12930.413,13640.566,12123.567
forecast_0140,2025-01-06 20:00,13331.161,14396.094,12750.205
forecast_0141,2025-01-06 21:00,13255.607,14667.271,12955.971
forecast_0142,2025-01-06 22:00,13897.476,15303.452,13588.526
forecast_0143,2025-01-06 23:00,14567.8125,16158.403,14163.149
forecast_0144,2025-01-07 0:00,15804.694,17166.469,15261.784
forecast_0145,2025-01-07 1:00,17301.16,18057.42,15687.332
forecast_0146,2025-01-07 2:00,17617.86,18677.158,15886.124
forecast_0147,2025-01-07 3:00,17435.58,18548.73,15818.053
forecast_0148,2025-01-07 4:00,17377.021,18371.865,15719.247
forecast_0149,2025-01-07 5:00,17014.428,17579.182,15365.162
forecast_0150,2025-01-07 6:00,16857.0,17525.537,14941.193
forecast_0151,2025-01-07 7:00,17154.316,18037.271,14959.923
forecast_0152,2025-01-07 8:00,17294.23,18958.506,15108.889
forecast_0153,2025-01-07 9:00,17024.842,18946.258,15754.372
forecast_0154,2025-01-07 10:00,17143.338,18698.602,15305.98
forecast_0155,2025-01-07 11:00,17087.521,18785.361,15340.382
forecast_0156,2025-01-07 12:00,16658.402,18401.934,14540.722
forecast_0157,2025-01-07 13:00,16456.965,17581.371,14382.181
forecast_0158,2025-01-07 14:00,16335.577,17399.232,14103.286
forecast_0159,2025-01-07 15:00,16515.467,17184.139,14291.881
forecast_0160,2025-01-07 16:00,16583.09,16949.043,14393.46
forecast_0161,2025-01-07 17:00,16441.47,17821.848,14933.591
forecast_0162,2025-01-07 18:00,17155.416,18474.64,15669.889
forecast_0163,2025-01-07 19:00,17094.156,18540.658,16006.095
forecast_0164,2025-01-07 20:00,17581.434,19041.385,16158.748
forecast_0165,2025-01-07 21:00,17551.176,19026.086,16312.784
forecast_0166,2025-01-07 22:00,17727.77,19173.43,16373.263
forecast_0167,2025-01-07 23:00,17552.541,19309.197,16273.107
forecast_0168,2025-01-08 0:00,16659.781,19022.123,16100.525
forecast_0169,2025-01-08 1:00,16639.418,18872.96,16081.786
forecast_0170,2025-01-08 2:00,16578.732,18277.879,15698.438
forecast_0171,2025-01-08 3:00,16218.53,17899.338,15150.858
forecast_0172,2025-01-08 4:00,16369.869,17888.541,14426.28
forecast_0173,2025-01-08 5:00,16101.785,17653.088,14012.721
forecast_0174,2025-01-08 6:00,15572.423,17433.096,14089.9
forecast_0175,2025-01-08 7:00,15248.313,16967.457,14257.124
forecast_0176,2025-01-08 8:00,15578.609,17790.236,14562.842
forecast_0177,2025-01-08 9:00,16237.1045,18196.002,15314.322
forecast_0178,2025-01-08 10:00,16322.537,18093.79,14636.352
forecast_0179,2025-01-08 11:00,16306.592,18316.312,15250.444
forecast_0180,2025-01-08 12:00,17292.256,18764.508,15928.199
forecast_0181,2025-01-08 13:00,17110.217,18454.113,15692.116
forecast_0182,2025-01-08 14:00,17026.674,18221.055,15689.644
forecast_0183,2025-01-08 15:00,16932.045,18114.299,15579.553
forecast_0184,2025-01-08 16:00,16695.344,17856.021,15570.293
forecast_0185,2025-01-08 17:00,16529.402,17411.48,15523.556
forecast_0186,2025-01-08 18:00,16237.309,17233.234,15565.761
forecast_0187,2025-01-08 19:00,16187.345,17356.945,15703.535
forecast_0188,2025-01-08 20:00,16129.818,17823.303,15664.481
forecast_0189,2025-01-08 21:00,15891.193,17471.79,15510.225
forecast_0190,2025-01-08 22:00,15586.397,17613.793,15840.14
forecast_0191,2025-01-08 23:00,15483.497,17319.508,15545.971
forecast_0192,2025-01-09 0:00,15563.084,17411.717,15613.038
forecast_0193,2025-01-09 1:00,14279.63,16668.145,15139.572
forecast_0194,2025-01-09 2:00,14207.042,16484.555,14150.787
forecast_0195,2025-01-09 3:00,14152.799,16194.468,13900.558
forecast_0196,2025-01-09 4:00,14628.641,16618.555,13669.739
forecast_0197,2025-01-09 5:00,14115.072,17088.66,13375.757
forecast_0198,2025-01-09 6:00,14023.398,17105.771,13532.181
forecast_0199,2025-01-09 7:00,14505.556,16236.528,13479.888
forecast_0200,2025-01-09 8:00,13903.666,15633.009,13711.93
forecast_0201,2025-01-09 9:00,14048.8955,15897.852,13751.41
forecast_0202,2025-01-09 10:00,15073.135,16669.041,13788.569
forecast_0203,2025-01-09 11:00,15226.626,16994.299,13455.658
forecast_0204,2025-01-09 12:00,15449.894,17360.32,13064.559
forecast_0205,2025-01-09 13:00,15406.578,17275.588,13691.634
forecast_0206,2025-01-09 14:00,15582.174,16960.45,13601.7705
forecast_0207,2025-01-09 15:00,15809.92,16435.4,13067.424
forecast_0208,2025-01-09 16:00,15358.229,15576.742,12477.941
forecast_0209,2025-01-09 17:00,15506.072,15392.113,12276.106
forecast_0210,2025-01-09 18:00,15497.134,15605.409,11151.811
forecast_0211,2025-01-09 19:00,14837.198,15326.064,10546.608
forecast_0212,2025-01-09 20:00,14247.719,14786.986,9561.663
forecast_0213,2025-01-09 21:00,14674.552,16037.742,10299.838
forecast_0214,2025-01-09 22:00,17907.074,18381.594,10811.252
forecast_0215,2025-01-09 23:00,18877.037,19412.248,11798.569
forecast_0216,2025-01-10 0:00,19470.293,19927.19,12407.95
forecast_0217,2025-01-10 1:00,13857.058,13560.519,10511.613
forecast_0218,2025-01-10 2:00,15070.488,15267.262,11334.856
forecast_0219,2025-01-10 3:00,16804.826,17037.312,11464.969
forecast_0220,2025-01-10 4:00,18759.482,18351.373,12961.861
forecast_0221,2025-01-10 5:00,19052.254,18712.47,13245.629
forecast_0222,2025-01-10 6:00,18323.58,17894.658,13319.036
forecast_0223,2025-01-10 7:00,16392.975,15595.514,11621.866
forecast_0224,2025-01-10 8:00,13999.21,12321.977,10267.869
forecast_0225,2025-01-10 9:00,12428.4795,9995.912,9359.827
forecast_0226,2025-01-10 10:00,8723.329,6431.884,6081.0317
forecast_0227,2025-01-10 11:00,5243.1807,4207.57,4008.2324000000026
forecast_0228,2025-01-10 12:00,4003.3618,3339.7483,3025.4590000000026
forecast_0229,2025-01-10 13:00,4180.239500000002,3801.515600000003,2976.2903000000024
forecast_0230,2025-01-10 14:00,3653.9702,3505.7883,3486.7354000000028
forecast_0231,2025-01-10 15:00,4687.1934,4512.203,3535.3318
forecast_0232,2025-01-10 16:00,5127.7915,4911.6743,3927.9053
forecast_0233,2025-01-10 17:00,6586.4316,5633.3535,4408.2056
forecast_0234,2025-01-10 18:00,8306.873,7242.397,7306.918
forecast_0235,2025-01-10 19:00,9125.818,8998.431,8312.597
forecast_0236,2025-01-10 20:00,9942.898,9219.485,8779.948
forecast_0237,2025-01-10 21:00,9618.243,8998.792,8605.581
forecast_0238,2025-01-10 22:00,9202.642,8583.348,8469.239
forecast_0239,2025-01-10 23:00,9197.762,8566.164,8412.615
forecast_0240,2025-01-11 0:00,9907.447,8992.458,8821.327
forecast_0241,2025-01-11 1:00,9725.715,8903.951,8534.1455
forecast_0242,2025-01-11 2:00,9234.6875,8621.409,7946.231
forecast_0243,2025-01-11 3:00,9309.518,8516.788,7892.8213
forecast_0244,2025-01-11 4:00,10773.003,9802.868,8877.396
forecast_0245,2025-01-11 5:00,10056.202,9025.482,8437.896
forecast_0246,2025-01-11 6:00,7633.2217,6889.5747,6508.505
forecast_0247,2025-01-11 7:00,6286.7075,5768.728,5253.0176
forecast_0248,2025-01-11 8:00,7039.0103,6016.768,5538.0806
forecast_0249,2025-01-11 9:00,6962.8076,6088.4487,5598.992
forecast_0250,2025-01-11 10:00,5459.6978,4957.6523,3901.9573000000028
forecast_0251,2025-01-11 11:00,4132.258,3844.4036,3030.0607000000027
forecast_0252,2025-01-11 12:00,4194.126200000002,3733.628400000003,2702.8622000000028
forecast_0253,2025-01-11 13:00,3953.8520000000026,3734.4229000000028,2887.438000000003
forecast_0254,2025-01-11 14:00,3860.784700000003,3645.9590000000026,2935.3615000000027
forecast_0255,2025-01-11 15:00,4009.302700000003,3812.6636000000026,2937.099500000003
forecast_0256,2025-01-11 16:00,3298.4268,3955.4067000000027,3057.7341000000024
forecast_0257,2025-01-11 17:00,4727.218,4210.2305,4064.168700000003
forecast_0258,2025-01-11 18:00,7304.661,6520.687,5827.7764
forecast_0259,2025-01-11 19:00,9620.601,8993.323,7510.581
forecast_0260,2025-01-11 20:00,10328.512,9839.321,8523.255
forecast_0261,2025-01-11 21:00,10734.793,10112.321,8698.82
forecast_0262,2025-01-11 22:00,11192.193,10557.236,9018.628
forecast_0263,2025-01-11 23:00,12487.71,12675.963,9772.29
forecast_0264,2025-01-12 0:00,13674.957,13541.497,10871.357
forecast_0265,2025-01-12 1:00,10145.213,10043.15,7831.665
forecast_0266,2025-01-12 2:00,10752.8,11028.441,8352.846
forecast_0267,2025-01-12 3:00,12148.886,12812.6,9258.319
forecast_0268,2025-01-12 4:00,13638.933,14284.196,10620.057
forecast_0269,2025-01-12 5:00,14383.147,15224.468,10942.603
forecast_0270,2025-01-12 6:00,14939.429,15633.222,11163.414
forecast_0271,2025-01-12 7:00,15167.746,15797.847,11312.535
forecast_0272,2025-01-12 8:00,15315.461,15979.901,11904.858
forecast_0273,2025-01-12 9:00,15837.864,16485.848,11856.371
forecast_0274,2025-01-12 10:00,14673.129,15797.313,11012.215
forecast_0275,2025-01-12 11:00,12956.248,14602.745,10112.203
forecast_0276,2025-01-12 12:00,11556.834,13099.803,9259.365
forecast_0277,2025-01-12 13:00,11967.925,12816.017,8846.674
forecast_0278,2025-01-12 14:00,12974.336,13683.395,10407.149
forecast_0279,2025-01-12 15:00,12770.928,13824.464,10345.272
forecast_0280,2025-01-12 16:00,13237.557,14115.361,10555.534
forecast_0281,2025-01-12 17:00,14021.311,14619.901,10916.346
forecast_0282,2025-01-12 18:00,14475.081,14931.231,11331.385
forecast_0283,2025-01-12 19:00,14790.407,15311.807,11891.095
forecast_0284,2025-01-12 20:00,15544.237,16476.818,12128.247
forecast_0285,2025-01-12 21:00,16068.663,17170.264,12658.775
forecast_0286,2025-01-12 22:00,16047.763,16843.43,12785.567
forecast_0287,2025-01-12 23:00,16065.774,16357.618,12868.171
forecast_0288,2025-01-13 0:00,17668.006,17937.02,14246.749
forecast_0289,2025-01-13 1:00,17374.21,17907.334,15158.614
forecast_0290,2025-01-13 2:00,18522.438,18857.014,15805.715
forecast_0291,2025-01-13 3:00,19222.357,19656.924,16208.432
forecast_0292,2025-01-13 4:00,20024.916,20220.67,16815.19
forecast_0293,2025-01-13 5:00,20733.957,20313.436,17008.145
forecast_0294,2025-01-13 6:00,20846.582,20519.469,17103.064
forecast_0295,2025-01-13 7:00,20724.002,20486.904,17788.674
forecast_0296,2025-01-13 8:00,20249.703,20080.273,16629.793
forecast_0297,2025-01-13 9:00,20001.832,20358.752,17031.777
forecast_0298,2025-01-13 10:00,19144.4,20092.602,16727.09
forecast_0299,2025-01-13 11:00,18691.506,19859.178,16523.455
forecast_0300,2025-01-13 12:00,16112.396,17999.137,14750.787
forecast_0301,2025-01-13 13:00,14226.945,15734.056,13126.654
forecast_0302,2025-01-13 14:00,13749.997,14963.372,12252.229
forecast_0303,2025-01-13 15:00,13992.052,15001.086,12366.182
forecast_0304,2025-01-13 16:00,14224.009,15123.964,13068.41
forecast_0305,2025-01-13 17:00,14418.016,14770.281,12340.229
forecast_0306,2025-01-13 18:00,13210.923,13601.3125,10809.384
forecast_0307,2025-01-13 19:00,13893.754,14206.356,12095.266
forecast_0308,2025-01-13 20:00,15676.647,16538.512,14106.913
forecast_0309,2025-01-13 21:00,15573.489,16564.562,14299.541
forecast_0310,2025-01-13 22:00,17050.803,18082.666,15621.332
forecast_0311,2025-01-13 23:00,17576.365,18408.59,15984.166
forecast_0312,2025-01-14 0:00,18133.316,19003.482,16180.583
forecast_0313,2025-01-14 1:00,17864.156,18876.025,16343.947
forecast_0314,2025-01-14 2:00,17417.44,19116.176,16364.053
forecast_0315,2025-01-14 3:00,17718.062,18893.127,16121.2705
forecast_0316,2025-01-14 4:00,17967.95,19029.635,15879.764
forecast_0317,2025-01-14 5:00,18429.254,19191.463,16055.361
forecast_0318,2025-01-14 6:00,18573.293,19352.549,16210.359
forecast_0319,2025-01-14 7:00,18183.25,19215.268,16245.949
forecast_0320,2025-01-14 8:00,18129.33,18934.205,15951.861
forecast_0321,2025-01-14 9:00,18084.955,18698.705,15619.259
forecast_0322,2025-01-14 10:00,17396.422,18107.248,15559.031
forecast_0323,2025-01-14 11:00,16316.626,17093.633,15227.51
forecast_0324,2025-01-14 12:00,15747.462,16505.521,14782.816
forecast_0325,2025-01-14 13:00,15429.947,15819.374,13947.904
forecast_0326,2025-01-14 14:00,14789.579,15114.196,12974.275
forecast_0327,2025-01-14 15:00,14359.235,14499.501,12120.349
forecast_0328,2025-01-14 16:00,13702.851,13644.617,11601.526
forecast_0329,2025-01-14 17:00,13208.715,13399.986,10753.568
forecast_0330,2025-01-14 18:00,12889.446,13296.314,10539.979
forecast_0331,2025-01-14 19:00,12943.484,13632.317,10688.251
forecast_0332,2025-01-14 20:00,13306.894,13706.558,10879.58
forecast_0333,2025-01-14 21:00,13998.853,14735.455,12106.517
forecast_0334,2025-01-14 22:00,15068.268,15598.293,13405.042
forecast_0335,2025-01-14 23:00,15516.46,15841.358,12995.519
forecast_0336,2025-01-15 0:00,15752.301,16168.396,13027.481
forecast_0337,2025-01-15 1:00,15366.838,15466.676,13108.8125
forecast_0338,2025-01-15 2:00,14805.551,14822.735,11729.4375
forecast_0339,2025-01-15 3:00,13421.225,12691.542,9990.637
forecast_0340,2025-01-15 4:00,12716.809,12223.77,9818.255
forecast_0341,2025-01-15 5:00,13149.995,12952.039,10099.234
forecast_0342,2025-01-15 6:00,13853.499,13953.627,10780.029
forecast_0343,2025-01-15 7:00,14633.355,15859.6045,11948.186
forecast_0344,2025-01-15 8:00,14415.232,15052.918,11429.739
forecast_0345,2025-01-15 9:00,14534.753,15327.936,12300.557
forecast_0346,2025-01-15 10:00,13786.295,14041.606,10793.441
forecast_0347,2025-01-15 11:00,13515.347,13853.745,11206.59
forecast_0348,2025-01-15 12:00,13461.923,13530.109,10747.359
forecast_0349,2025-01-15 13:00,13157.667,13197.536,10552.591
forecast_0350,2025-01-15 14:00,12596.353,12416.997,9935.59
forecast_0351,2025-01-15 15:00,12043.797,11978.527,9627.578
forecast_0352,2025-01-15 16:00,12207.715,12476.96,10005.305
forecast_0353,2025-01-15 17:00,13539.969,14204.816,11368.369
forecast_0354,2025-01-15 18:00,15172.203,15659.831,12950.871
forecast_0355,2025-01-15 19:00,15624.339,16221.088,13647.73
forecast_0356,2025-01-15 20:00,16352.017,17010.201,14192.539
forecast_0357,2025-01-15 21:00,17283.197,18434.938,15684.821
forecast_0358,2025-01-15 22:00,18064.105,19546.412,16300.33
forecast_0359,2025-01-15 23:00,18580.594,19852.23,16545.973
forecast_0360,2025-01-16 0:00,18996.986,20180.783,16617.537
forecast_0361,2025-01-16 1:00,18969.127,20095.344,16358.8955
forecast_0362,2025-01-16 2:00,19732.105,20710.2,16832.098
forecast_0363,2025-01-16 3:00,20557.932,20960.39,17236.908
forecast_0364,2025-01-16 4:00,20778.115,20998.281,17506.232
forecast_0365,2025-01-16 5:00,20505.908,21026.95,17484.326
forecast_0366,2025-01-16 6:00,20685.328,20717.262,17005.406
forecast_0367,2025-01-16 7:00,20807.512,20996.406,17362.287
forecast_0368,2025-01-16 8:00,20981.697,20959.525,17791.941
forecast_0369,2025-01-16 9:00,20522.42,21096.803,18059.752
forecast_0370,2025-01-16 10:00,19637.705,20710.832,17571.525
forecast_0371,2025-01-16 11:00,19391.793,20360.352,16898.842
forecast_0372,2025-01-16 12:00,18512.123,19736.633,16418.309
forecast_0373,2025-01-16 13:00,17644.0,18685.203,15931.107
forecast_0374,2025-01-16 14:00,17309.37,17880.713,15249.94
forecast_0375,2025-01-16 15:00,17199.502,17713.646,15549.124
forecast_0376,2025-01-16 16:00,17252.512,17965.873,15368.131
forecast_0377,2025-01-16 17:00,17627.94,18627.297,16075.972
forecast_0378,2025-01-16 18:00,18130.43,19321.602,16170.217
forecast_0379,2025-01-16 19:00,16774.266,17704.729,14601.081
forecast_0380,2025-01-16 20:00,13927.69,14530.3125,10963.257
forecast_0381,2025-01-16 21:00,11275.371,12189.505,9070.51
forecast_0382,2025-01-16 22:00,10369.417,11195.646,8119.5757
forecast_0383,2025-01-16 23:00,8159.4595,8510.394,5753.02
forecast_0384,2025-01-17 0:00,5361.8657,4845.466,4101.942000000003
forecast_0385,2025-01-17 1:00,3329.9365000000025,2968.351000000003,2648.9215000000027
forecast_0386,2025-01-17 2:00,2697.5568000000026,2483.7402000000025,2367.8618000000024
forecast_0387,2025-01-17 3:00,2642.5197000000026,2600.8470000000025,2269.0044000000025
forecast_0388,2025-01-17 4:00,2767.8264000000026,2650.1367000000027,2356.4042000000027
forecast_0389,2025-01-17 5:00,2768.1965000000027,2715.1602000000025,2327.251500000003
forecast_0390,2025-01-17 6:00,2720.6312000000025,2701.4785000000024,2308.9636000000028
forecast_0391,2025-01-17 7:00,2830.372100000003,2706.6047000000026,2314.437300000003
forecast_0392,2025-01-17 8:00,2951.1274000000026,2801.7953000000025,2423.9017000000026
forecast_0393,2025-01-17 9:00,2756.0592000000024,2661.3350000000028,2354.450700000003
forecast_0394,2025-01-17 10:00,2363.914600000003,2450.8936000000026,2151.1151000000027
forecast_0395,2025-01-17 11:00,2366.6567000000027,2571.9124000000024,2228.4086000000025
forecast_0396,2025-01-17 12:00,2371.645500000003,2549.3164000000024,2144.968600000003
forecast_0397,2025-01-17 13:00,2608.1562000000026,2596.7894000000024,2293.294200000003
forecast_0398,2025-01-17 14:00,2929.4770000000026,2728.6757000000025,2478.954700000003
forecast_0399,2025-01-17 15:00,3390.3882000000026,3201.9624000000026,2753.957900000003
forecast_0400,2025-01-17 16:00,4005.8308,3698.1091,3365.1443000000027
forecast_0401,2025-01-17 17:00,6771.082,6286.0864,3841.0007
forecast_0402,2025-01-17 18:00,9268.183,9330.522,7359.2383
forecast_0403,2025-01-17 19:00,11054.228,11586.731,9209.256
forecast_0404,2025-01-17 20:00,12391.423,12715.896,9933.581
forecast_0405,2025-01-17 21:00,14098.946,13956.025,10424.577
forecast_0406,2025-01-17 22:00,14435.309,14215.002,10720.362
forecast_0407,2025-01-17 23:00,14665.634,14108.69,10458.97
forecast_0408,2025-01-18 0:00,15240.91,14298.178,11003.03
forecast_0409,2025-01-18 1:00,13339.847,11758.926,9366.985
forecast_0410,2025-01-18 2:00,13720.265,12402.745,9460.117
forecast_0411,2025-01-18 3:00,15144.425,13862.661,10398.454
forecast_0412,2025-01-18 4:00,17154.83,15937.035,12058.269
forecast_0413,2025-01-18 5:00,17674.863,16197.962,12246.632
forecast_0414,2025-01-18 6:00,16215.126,14519.578,10838.295
forecast_0415,2025-01-18 7:00,14549.713,12871.066,9065.182
forecast_0416,2025-01-18 8:00,11225.96,9362.759,6101.264
forecast_0417,2025-01-18 9:00,7195.311,5442.4062,3817.802200000003
forecast_0418,2025-01-18 10:00,5738.98,4449.885,3244.776400000003
forecast_0419,2025-01-18 11:00,5133.9053,4727.2515,3663.3713000000025
forecast_0420,2025-01-18 12:00,5629.4243,5563.699,3457.1536
forecast_0421,2025-01-18 13:00,4699.338,4627.525,3784.532000000003
forecast_0422,2025-01-18 14:00,3999.9165,3720.5305,3384.8687000000027
forecast_0423,2025-01-18 15:00,4091.622,3985.3953,3455.3790000000026
forecast_0424,2025-01-18 16:00,5139.468,5268.9976,3203.5034
forecast_0425,2025-01-18 17:00,10179.475,9967.325,7869.1553
forecast_0426,2025-01-18 18:00,13832.992,14172.543,10549.669
forecast_0427,2025-01-18 19:00,16252.508,16499.666,13159.608
forecast_0428,2025-01-18 20:00,17667.4,17907.78,14706.455
forecast_0429,2025-01-18 21:00,18426.57,19060.66,15455.127
forecast_0430,2025-01-18 22:00,18639.555,19340.898,15430.861
forecast_0431,2025-01-18 23:00,18167.102,18841.352,14583.402
forecast_0432,2025-01-19 0:00,18353.084,18685.09,14114.57
forecast_0433,2025-01-19 1:00,16590.219,17022.781,12497.971
forecast_0434,2025-01-19 2:00,17259.709,17469.453,12823.283
forecast_0435,2025-01-19 3:00,18595.63,18568.502,13733.695
forecast_0436,2025-01-19 4:00,19426.361,19509.223,14985.936
forecast_0437,2025-01-19 5:00,19349.44,19472.45,15101.682
forecast_0438,2025-01-19 6:00,19550.906,19740.156,15578.641
forecast_0439,2025-01-19 7:00,19619.928,19588.035,15668.414
forecast_0440,2025-01-19 8:00,18966.613,18673.316,14782.075
forecast_0441,2025-01-19 9:00,17832.484,18363.973,14203.845
forecast_0442,2025-01-19 10:00,16726.586,16802.986,12497.022
forecast_0443,2025-01-19 11:00,13928.845,15079.42,11400.288
forecast_0444,2025-01-19 12:00,11776.847,13892.401,10454.161
forecast_0445,2025-01-19 13:00,11304.333,12560.561,9142.256
forecast_0446,2025-01-19 14:00,10907.209,12087.704,8986.559
forecast_0447,2025-01-19 15:00,9985.383,10051.741,7429.4995
forecast_0448,2025-01-19 16:00,9023.79,9811.636,6157.692
forecast_0449,2025-01-19 17:00,10820.347,11228.895,7816.312
forecast_0450,2025-01-19 18:00,12477.316,12819.291,9810.14
forecast_0451,2025-01-19 19:00,13272.963,13753.934,10378.842
forecast_0452,2025-01-19 20:00,13340.733,14041.592,9989.202
forecast_0453,2025-01-19 21:00,13569.576,14590.117,10752.28
forecast_0454,2025-01-19 22:00,13045.424,14226.005,10536.844
forecast_0455,2025-01-19 23:00,12936.003,14032.432,10651.862
forecast_0456,2025-01-20 0:00,11726.716,12632.929,9689.91
forecast_0457,2025-01-20 1:00,9622.702,9645.01,7129.498
forecast_0458,2025-01-20 2:00,8538.634,8108.5083,6129.287
forecast_0459,2025-01-20 3:00,6996.8237,6018.382,4052.4375
forecast_0460,2025-01-20 4:00,6376.84,5592.3486,3462.929
forecast_0461,2025-01-20 5:00,5733.034,5033.24,3967.5620000000026
forecast_0462,2025-01-20 6:00,4570.418,3812.1714,3242.7117000000026
forecast_0463,2025-01-20 7:00,3971.610000000003,3572.7246000000027,2817.9604000000027
forecast_0464,2025-01-20 8:00,3108.7866000000026,3030.067100000003,2545.7683000000025
forecast_0465,2025-01-20 9:00,2448.8770000000027,2593.7306000000026,2328.319500000003
forecast_0466,2025-01-20 10:00,2128.8789000000024,2116.9319000000028,2032.2596000000026
forecast_0467,2025-01-20 11:00,2138.4901000000027,2069.9462000000026,1982.4165000000028
forecast_0468,2025-01-20 12:00,2107.998000000003,2019.3434000000025,1905.1394700000028
forecast_0469,2025-01-20 13:00,2093.6337000000026,2044.4634000000028,1895.5508000000027
forecast_0470,2025-01-20 14:00,2139.7682000000027,2040.3435000000027,1914.8882000000026
forecast_0471,2025-01-20 15:00,2183.0991000000026,2173.0107000000025,1895.5508000000027
forecast_0472,2025-01-20 16:00,2230.1577000000025,2241.6400000000026,1992.7998700000028
forecast_0473,2025-01-20 17:00,2294.9883000000027,2298.3799000000026,2032.8327000000027
forecast_0474,2025-01-20 18:00,2162.9731000000024,2122.8839000000025,2099.638550000003
forecast_0475,2025-01-20 19:00,2256.614700000003,2234.2927000000027,2028.8188500000028
forecast_0476,2025-01-20 20:00,2260.2205000000026,2275.0560000000028,2005.9955000000027
forecast_0477,2025-01-20 21:00,2321.7373000000025,2492.7294000000024,2193.2981000000027
forecast_0478,2025-01-20 22:00,2583.3165000000026,2697.905600000003,2337.288800000003
forecast_0479,2025-01-20 23:00,2804.1593000000025,2974.123000000003,2402.8015000000028
forecast_0480,2025-01-21 0:00,2812.5796000000028,2863.625700000003,2470.036100000003
forecast_0481,2025-01-21 1:00,3968.6450000000027,3629.1355000000026,2820.6819000000028
forecast_0482,2025-01-21 2:00,3280.2368,3795.369900000003,2872.109300000003
forecast_0483,2025-01-21 3:00,3605.4722,4057.052200000003,3054.4055000000026
forecast_0484,2025-01-21 4:00,3992.8008,3473.8787,3249.429700000003
forecast_0485,2025-01-21 5:00,4345.247,3592.6882,3445.473100000003
forecast_0486,2025-01-21 6:00,3810.4238,3983.521000000003,3128.657200000003
forecast_0487,2025-01-21 7:00,3475.6335,3751.3142000000025,3108.813200000003
forecast_0488,2025-01-21 8:00,4134.731200000003,3496.793000000003,2909.2742000000026
forecast_0489,2025-01-21 9:00,3372.3650000000025,3117.576700000003,2402.425000000003
forecast_0490,2025-01-21 10:00,3212.9968000000026,2940.0366000000026,2357.2855000000027
forecast_0491,2025-01-21 11:00,3131.6704000000027,2823.0388000000025,2337.0103000000026
forecast_0492,2025-01-21 12:00,3599.9395000000027,3273.076700000003,2636.695700000003
forecast_0493,2025-01-21 13:00,3861.0977000000025,3776.932600000003,2830.181800000003
forecast_0494,2025-01-21 14:00,3667.9797,3511.4685,3402.028600000003
forecast_0495,2025-01-21 15:00,5034.66,4611.1284,3963.6096000000025
forecast_0496,2025-01-21 16:00,5462.6973,5113.172,4107.846400000002
forecast_0497,2025-01-21 17:00,5602.119,5422.596,4193.036600000003
forecast_0498,2025-01-21 18:00,7169.699,6982.6694,4782.136
forecast_0499,2025-01-21 19:00,9628.804,10660.886,7287.3516
forecast_0500,2025-01-21 20:00,11508.7,13125.133,9503.235
forecast_0501,2025-01-21 21:00,12354.68,13950.855,10322.306
forecast_0502,2025-01-21 22:00,12208.518,14139.392,10145.908
forecast_0503,2025-01-21 23:00,12566.398,14613.33,10725.583
forecast_0504,2025-01-22 0:00,11996.555,13790.202,10076.46
forecast_0505,2025-01-22 1:00,10462.453,11797.087,8267.51
forecast_0506,2025-01-22 2:00,11643.557,13190.883,9369.482
forecast_0507,2025-01-22 3:00,11877.652,13724.823,9968.873
forecast_0508,2025-01-22 4:00,12919.845,14314.482,10566.03
forecast_0509,2025-01-22 5:00,13291.512,14201.38,10671.656
forecast_0510,2025-01-22 6:00,13847.179,14252.006,10536.18
forecast_0511,2025-01-22 7:00,13504.799,14012.009,10683.279
forecast_0512,2025-01-22 8:00,12693.817,13377.838,10551.253
forecast_0513,2025-01-22 9:00,11328.299,12512.907,9695.161
forecast_0514,2025-01-22 10:00,10539.66,11913.338,9386.071
forecast_0515,2025-01-22 11:00,10768.151,10807.821,8551.113
forecast_0516,2025-01-22 12:00,9239.205,9351.788,6841.9717
forecast_0517,2025-01-22 13:00,8055.0454,7821.805,5872.701
forecast_0518,2025-01-22 14:00,5710.4795,5384.4795,3828.1523
forecast_0519,2025-01-22 15:00,4681.4736,4307.5747,3757.8354000000027
forecast_0520,2025-01-22 16:00,6245.007,5747.116,4306.384
forecast_0521,2025-01-22 17:00,6585.162,6980.7104,4447.877
forecast_0522,2025-01-22 18:00,8954.301,9363.37,6586.329
forecast_0523,2025-01-22 19:00,9132.113,10089.037,6849.175
forecast_0524,2025-01-22 20:00,10005.601,11336.697,7130.1567
forecast_0525,2025-01-22 21:00,9940.393,11382.674,6553.9575
forecast_0526,2025-01-22 22:00,10239.908,10786.224,6525.1846
forecast_0527,2025-01-22 23:00,10469.349,11334.301,6668.22
forecast_0528,2025-01-23 0:00,11078.75,12177.681,7577.2534
forecast_0529,2025-01-23 1:00,12909.762,14803.841,10447.749
forecast_0530,2025-01-23 2:00,13215.228,15111.421,10605.617
forecast_0531,2025-01-23 3:00,13501.581,15136.62,10493.213
forecast_0532,2025-01-23 4:00,12951.107,14623.335,10060.247
forecast_0533,2025-01-23 5:00,12490.697,14174.999,9829.479
forecast_0534,2025-01-23 6:00,11565.673,13168.3955,8819.702
forecast_0535,2025-01-23 7:00,11177.963,12649.077,7672.2285
forecast_0536,2025-01-23 8:00,10206.953,11643.717,7003.2925
forecast_0537,2025-01-23 9:00,7936.744,9054.422,4615.1816
forecast_0538,2025-01-23 10:00,5512.1025,6125.352,4230.835000000003
forecast_0539,2025-01-23 11:00,4206.0786,4678.898,3330.0498000000025
forecast_0540,2025-01-23 12:00,3861.303,3695.7246,3187.5660000000025
forecast_0541,2025-01-23 13:00,3459.877,3915.568400000003,2981.7360000000026
forecast_0542,2025-01-23 14:00,3307.6753,3762.9368000000027,2911.8015000000028
forecast_0543,2025-01-23 15:00,3745.9338000000025,3344.1304000000027,2549.810400000003
forecast_0544,2025-01-23 16:00,3165.4570000000026,2835.7184000000025,2237.1020000000026
forecast_0545,2025-01-23 17:00,3308.8457000000026,2982.3574000000026,2193.199000000003
forecast_0546,2025-01-23 18:00,3917.7668000000026,3528.487500000003,2448.2971000000025
forecast_0547,2025-01-23 19:00,3614.9187,3835.642800000003,2751.9922000000024
forecast_0548,2025-01-23 20:00,3526.5781,3870.569800000003,2736.350800000003
forecast_0549,2025-01-23 21:00,3259.985,3822.8770000000027,2756.4851000000026
forecast_0550,2025-01-23 22:00,3725.7854,3253.061,2886.757900000003
forecast_0551,2025-01-23 23:00,4098.6426,3584.9583,2978.2423000000026
forecast_0552,2025-01-24 0:00,3884.5615,3325.9475,2856.2338000000027
forecast_0553,2025-01-24 1:00,3063.217500000003,2743.3088000000025,2180.9238000000028
forecast_0554,2025-01-24 2:00,3258.412800000003,2884.7491000000027,2262.3093000000026
forecast_0555,2025-01-24 3:00,3274.521000000003,2943.066200000003,2215.145300000003
forecast_0556,2025-01-24 4:00,3189.1180000000027,2819.6208000000024,2079.4642300000028
forecast_0557,2025-01-24 5:00,2820.3978000000025,2605.425400000003,2056.8720000000026
forecast_0558,2025-01-24 6:00,2637.8896000000027,2594.485200000003,2056.476000000003
forecast_0559,2025-01-24 7:00,2709.187100000003,2615.1056000000026,2061.978450000003
forecast_0560,2025-01-24 8:00,2727.2441000000026,2623.4552000000026,2108.231700000003
forecast_0561,2025-01-24 9:00,2360.9883000000027,2330.3019000000027,1979.4919400000026
forecast_0562,2025-01-24 10:00,2065.6523000000025,2059.1929000000027,1975.6476400000029
forecast_0563,2025-01-24 11:00,2059.9660000000026,2009.7870000000025,1920.0169000000028
forecast_0564,2025-01-24 12:00,2056.3386000000028,1995.8401000000026,1938.7344400000027
forecast_0565,2025-01-24 13:00,2051.9521000000027,2035.4896000000026,2043.5182500000028
forecast_0566,2025-01-24 14:00,2066.973300000003,2076.8468000000025,2063.2502000000027
forecast_0567,2025-01-24 15:00,2028.1156000000028,2090.3944000000024,2087.761840000003
forecast_0568,2025-01-24 16:00,2022.5913000000028,2049.8135000000025,2043.8988000000027
forecast_0569,2025-01-24 17:00,2066.5380000000027,2036.2227000000025,2125.669560000003
forecast_0570,2025-01-24 18:00,2374.4784000000027,2255.2141000000024,2148.4004000000027
forecast_0571,2025-01-24 19:00,2765.8668000000025,2582.8899000000024,2290.8407000000025
forecast_0572,2025-01-24 20:00,3221.2434000000026,3232.3376000000026,2602.5300000000025
forecast_0573,2025-01-24 21:00,3275.430400000003,3768.9790000000025,2784.122900000003
forecast_0574,2025-01-24 22:00,3452.2837000000027,3940.1445000000026,2517.5687000000025
forecast_0575,2025-01-24 23:00,3669.082800000003,3821.199000000003,2936.8663000000024
forecast_0576,2025-01-25 0:00,4141.001000000003,3699.9568,3426.185300000003
forecast_0577,2025-01-25 1:00,3102.727800000003,3453.7122000000027,2324.653900000003
forecast_0578,2025-01-25 2:00,3800.036000000003,4039.9248000000025,2858.9991000000027
forecast_0579,2025-01-25 3:00,3967.287600000003,3845.103,3181.967900000003
forecast_0580,2025-01-25 4:00,4149.738300000003,4017.5278,3786.987500000003
forecast_0581,2025-01-25 5:00,4120.5660000000025,3908.468,3187.867900000003
forecast_0582,2025-01-25 6:00,4075.038300000003,3703.9504,3530.3623000000025
forecast_0583,2025-01-25 7:00,3838.653800000003,3339.4102,3050.6051000000025
forecast_0584,2025-01-25 8:00,3456.0547,3982.3796,3719.3774000000026
forecast_0585,2025-01-25 9:00,3268.8145,3844.9285,3427.6648000000027
forecast_0586,2025-01-25 10:00,3160.4150000000027,3711.4565000000025,2781.4968000000026
forecast_0587,2025-01-25 11:00,2988.0485000000026,3209.552700000003,2550.772200000003
forecast_0588,2025-01-25 12:00,2702.1543000000024,2897.920900000003,2433.9995000000026
forecast_0589,2025-01-25 13:00,2741.7546000000025,2391.5891000000024,2341.2189000000026
forecast_0590,2025-01-25 14:00,2787.5660000000025,2497.9873000000025,2534.4768000000026
forecast_0591,2025-01-25 15:00,2800.3550000000027,2503.6935000000026,2404.5267000000026
forecast_0592,2025-01-25 16:00,2876.2120000000027,2539.8488000000025,2543.5348000000026
forecast_0593,2025-01-25 17:00,3318.122600000003,3554.4321000000027,2686.268600000003
forecast_0594,2025-01-25 18:00,3888.080300000003,3893.561000000003,2769.1340000000027
forecast_0595,2025-01-25 19:00,4191.898000000003,3527.4956,3030.7734000000028
forecast_0596,2025-01-25 20:00,3492.624,3795.6162,3161.0393000000026
forecast_0597,2025-01-25 21:00,4235.3047,4938.406,3856.512000000003
forecast_0598,2025-01-25 22:00,4512.5815,5200.9404,4021.1575000000025
forecast_0599,2025-01-25 23:00,4063.0447,4617.07,3510.430400000003
forecast_0600,2025-01-26 0:00,4202.174000000003,3783.3962,3178.9894000000027
forecast_0601,2025-01-26 1:00,4688.313,5133.393,3212.6365
forecast_0602,2025-01-26 2:00,4331.4272,4647.5967,4095.8455000000026
forecast_0603,2025-01-26 3:00,4507.3105,4584.9927,3960.7192000000027
forecast_0604,2025-01-26 4:00,3639.7917,3750.561,3029.4657000000025
forecast_0605,2025-01-26 5:00,3363.237,3406.7524,2975.1528000000026
forecast_0606,2025-01-26 6:00,3871.6594000000027,3866.9458000000027,2830.0399000000025
forecast_0607,2025-01-26 7:00,3431.196800000003,3540.642800000003,2680.5089000000025
forecast_0608,2025-01-26 8:00,3398.787400000003,3508.424300000003,2445.858400000003
forecast_0609,2025-01-26 9:00,3023.771000000003,2889.0977000000025,2314.8254000000024
forecast_0610,2025-01-26 10:00,2981.3989000000024,2897.7930000000024,2486.3007000000025
forecast_0611,2025-01-26 11:00,2863.7318000000027,2729.4570000000026,2347.9050000000025
forecast_0612,2025-01-26 12:00,2458.9569000000024,2480.3262000000027,2233.659700000003
forecast_0613,2025-01-26 13:00,2212.131100000003,2107.085700000003,2072.164200000003
forecast_0614,2025-01-26 14:00,2141.8181000000027,2117.5701000000026,1998.3945300000028
forecast_0615,2025-01-26 15:00,2119.9966000000027,1947.8014000000026,2010.9695000000029
forecast_0616,2025-01-26 16:00,2120.4518000000025,1976.6057000000028,1970.2754000000027
forecast_0617,2025-01-26 17:00,2212.0708000000027,1927.9581000000026,1917.8014500000027
forecast_0618,2025-01-26 18:00,2299.3600000000024,1941.2018000000025,1882.7508500000026
forecast_0619,2025-01-26 19:00,2384.314100000003,2252.1301000000026,1895.5508000000027
forecast_0620,2025-01-26 20:00,2399.2300000000027,2060.0469000000026,1881.4732700000027
forecast_0621,2025-01-26 21:00,2749.1570000000024,2473.0366000000026,2056.8720000000026
forecast_0622,2025-01-26 22:00,2781.5172000000025,2584.8850000000025,2056.476000000003
forecast_0623,2025-01-26 23:00,3104.083000000003,2962.4944000000028,2201.1046000000024
forecast_0624,2025-01-27 0:00,3184.793500000003,2910.0319000000027,2178.0458000000026
forecast_0625,2025-01-27 1:00,3131.2043000000026,2771.7146000000025,2139.8208000000027
forecast_0626,2025-01-27 2:00,3250.2173000000025,2859.1323000000025,2059.1333000000027
forecast_0627,2025-01-27 3:00,3541.8700000000026,3029.1677000000027,2189.7140000000027
forecast_0628,2025-01-27 4:00,3871.9631000000027,3568.5352000000025,2535.8323000000028
forecast_0629,2025-01-27 5:00,4054.2340000000027,3716.6838000000025,2527.0000000000027
forecast_0630,2025-01-27 6:00,4176.107200000002,3917.5688000000027,2694.870100000003
forecast_0631,2025-01-27 7:00,4105.459500000003,4057.398200000003,2811.4410000000025
forecast_0632,2025-01-27 8:00,3803.9404,3920.3076,3158.202400000003
forecast_0633,2025-01-27 9:00,3783.6128,3997.7463,3112.6047000000026
forecast_0634,2025-01-27 10:00,3938.0460000000026,3873.0290000000027,2698.638100000003
forecast_0635,2025-01-27 11:00,3639.8733,3717.3845,3183.491100000003
forecast_0636,2025-01-27 12:00,7100.4785,7622.043,6035.6016
forecast_0637,2025-01-27 13:00,10411.349,11594.831,9300.361
forecast_0638,2025-01-27 14:00,15039.908,15838.272,13826.055
forecast_0639,2025-01-27 15:00,16393.215,17649.635,15251.201
forecast_0640,2025-01-27 16:00,16280.718,18052.346,15646.678
forecast_0641,2025-01-27 17:00,16491.436,17763.717,15531.56
forecast_0642,2025-01-27 18:00,16612.314,18039.96,15725.158
forecast_0643,2025-01-27 19:00,16312.686,17317.969,14100.624
forecast_0644,2025-01-27 20:00,16349.47,17697.156,15202.926
forecast_0645,2025-01-27 21:00,16145.174,17455.729,15275.383
forecast_0646,2025-01-27 22:00,16202.273,17630.273,15184.934
forecast_0647,2025-01-27 23:00,15954.97,17262.412,15203.967
forecast_0648,2025-01-28 0:00,16129.726,17598.318,14988.339
forecast_0649,2025-01-28 1:00,16795.678,18048.662,15320.641
forecast_0650,2025-01-28 2:00,16410.518,17773.184,15132.553
forecast_0651,2025-01-28 3:00,16522.494,17581.984,14961.4795
forecast_0652,2025-01-28 4:00,16071.434,17112.398,13581.283
forecast_0653,2025-01-28 5:00,15547.16,16939.232,14565.69
forecast_0654,2025-01-28 6:00,15683.649,16723.11,13934.939
forecast_0655,2025-01-28 7:00,15603.642,16456.457,13914.405
forecast_0656,2025-01-28 8:00,15729.129,16565.084,13528.4375
forecast_0657,2025-01-28 9:00,15946.8545,16516.271,13134.121
forecast_0658,2025-01-28 10:00,15872.353,16506.04,13907.525
forecast_0659,2025-01-28 11:00,15551.511,16413.105,14044.336
forecast_0660,2025-01-28 12:00,15111.805,16185.063,13950.42
forecast_0661,2025-01-28 13:00,14846.325,16066.138,14267.0205
forecast_0662,2025-01-28 14:00,14397.826,16214.488,14482.536
forecast_0663,2025-01-28 15:00,14975.799,16126.205,14876.534
forecast_0664,2025-01-28 16:00,15320.461,16152.275,14760.7705
forecast_0665,2025-01-28 17:00,14996.575,16134.761,14011.855
forecast_0666,2025-01-28 18:00,15327.157,16096.416,14242.943
forecast_0667,2025-01-28 19:00,15570.151,16424.24,14748.739
forecast_0668,2025-01-28 20:00,15405.33,16405.988,14829.317
forecast_0669,2025-01-28 21:00,15672.215,16726.314,15189.046
forecast_0670,2025-01-28 22:00,15890.432,17299.154,15297.072
forecast_0671,2025-01-28 23:00,16070.554,17604.88,15493.524
forecast_0672,2025-01-29 0:00,16145.529,17715.871,15455.103
forecast_0673,2025-01-29 1:00,15882.582,17328.793,15239.368
forecast_0674,2025-01-29 2:00,16325.722,17891.096,15266.153
forecast_0675,2025-01-29 3:00,16519.947,18211.684,15179.851
forecast_0676,2025-01-29 4:00,17035.516,18764.25,15330.493
forecast_0677,2025-01-29 5:00,17594.723,19048.186,15682.459
forecast_0678,2025-01-29 6:00,17572.525,19158.053,16201.478
forecast_0679,2025-01-29 7:00,17915.115,19351.506,16297.123
forecast_0680,2025-01-29 8:00,17901.49,19326.428,16327.449
forecast_0681,2025-01-29 9:00,17914.262,19124.594,15970.508
forecast_0682,2025-01-29 10:00,16944.09,17992.797,15244.636
forecast_0683,2025-01-29 11:00,15568.294,16568.756,14467.97
forecast_0684,2025-01-29 12:00,16103.641,16695.816,14469.268
forecast_0685,2025-01-29 13:00,16276.709,17519.66,15328.193
forecast_0686,2025-01-29 14:00,16012.977,17183.205,15114.752
forecast_0687,2025-01-29 15:00,15711.737,16719.596,14513.272
forecast_0688,2025-01-29 16:00,15214.694,15787.722,14188.803
forecast_0689,2025-01-29 17:00,15117.237,15733.327,13766.645
forecast_0690,2025-01-29 18:00,15468.187,16637.951,14095.345
forecast_0691,2025-01-29 19:00,15624.429,17220.252,14472.12
forecast_0692,2025-01-29 20:00,15816.346,17408.393,14240.696
forecast_0693,2025-01-29 21:00,15923.004,17308.658,14495.595
forecast_0694,2025-01-29 22:00,15861.963,17066.303,14009.232
forecast_0695,2025-01-29 23:00,16071.112,16830.023,14190.257
forecast_0696,2025-01-30 0:00,16362.604,17259.385,14065.382
forecast_0697,2025-01-30 1:00,15835.662,17786.777,13863.49
forecast_0698,2025-01-30 2:00,16022.4375,18393.318,13897.746
forecast_0699,2025-01-30 3:00,16230.966,18678.064,14283.575
forecast_0700,2025-01-30 4:00,16069.056,18693.393,13804.221
forecast_0701,2025-01-30 5:00,16165.87,18363.102,13443.216
forecast_0702,2025-01-30 6:00,16028.474,18274.744,12856.903
forecast_0703,2025-01-30 7:00,16444.951,18443.236,12711.8125
forecast_0704,2025-01-30 8:00,16745.197,18759.568,13119.414
forecast_0705,2025-01-30 9:00,16340.522,18065.924,13958.051
forecast_0706,2025-01-30 10:00,15861.771,16942.262,13700.447
forecast_0707,2025-01-30 11:00,15528.764,16088.209,13607.157
forecast_0708,2025-01-30 12:00,15084.737,15264.868,12880.56
forecast_0709,2025-01-30 13:00,14702.301,14620.134,12288.446
forecast_0710,2025-01-30 14:00,14577.046,14573.971,12560.337
forecast_0711,2025-01-30 15:00,14908.566,15075.747,13225.048
forecast_0712,2025-01-30 16:00,14662.76,15134.429,13319.577
forecast_0713,2025-01-30 17:00,14398.837,14943.87,12915.767
forecast_0714,2025-01-30 18:00,14432.896,14851.08,12452.689
forecast_0715,2025-01-30 19:00,14823.824,15189.184,12974.135
forecast_0716,2025-01-30 20:00,15927.007,17139.322,15231.066
forecast_0717,2025-01-30 21:00,16472.709,17754.875,15619.77
forecast_0718,2025-01-30 22:00,16775.49,17594.955,15529.954
forecast_0719,2025-01-30 23:00,16647.328,17475.555,15099.9795
forecast_0720,2025-01-31 0:00,15980.226,16936.18,13799.853
forecast_0721,2025-01-31 1:00,15929.395,17172.379,13823.948
forecast_0722,2025-01-31 2:00,15979.163,16804.764,13486.417
forecast_0723,2025-01-31 3:00,15240.745,16360.329,12764.66
forecast_0724,2025-01-31 4:00,15012.771,16197.326,12698.125
forecast_0725,2025-01-31 5:00,14564.526,15428.541,11492.883
forecast_0726,2025-01-31 6:00,15176.023,16497.764,12744.098
forecast_0727,2025-01-31 7:00,15252.754,16079.411,12196.269
forecast_0728,2025-01-31 8:00,14864.879,16207.694,13358.346
forecast_0729,2025-01-31 9:00,14048.239,15697.272,12057.599
forecast_0730,2025-01-31 10:00,11931.979,13674.182,10546.732
forecast_0731,2025-01-31 11:00,10528.729,12425.472,9771.87
forecast_0732,2025-01-31 12:00,9740.816,11143.938,8732.277
forecast_0733,2025-01-31 13:00,7460.384,8081.451,6077.662
forecast_0734,2025-01-31 14:00,6107.8774,6707.1655,4394.3687
forecast_0735,2025-01-31 15:00,5256.56,5374.09,3327.7058
forecast_0736,2025-01-31 16:00,4665.091,4467.11,4036.0730000000026
forecast_0737,2025-01-31 17:00,4079.506,3954.5232,3601.470200000003
forecast_0738,2025-01-31 18:00,4650.084,5096.234,4006.910600000003
forecast_0739,2025-01-31 19:00,4774.7783,5295.5586,4090.435300000003
forecast_0740,2025-01-31 20:00,4681.3447,5410.958,4248.268600000003
forecast_0741,2025-01-31 21:00,5186.275,5910.79,3502.7412
forecast_0742,2025-01-31 22:00,4007.1602,4458.6196,3483.1492000000026
forecast_0743,2025-01-31 23:00,4559.167,5344.8164,3982.6438000000026
forecast_0744,2025-02-01 0:00,3892.854,4090.0168,3367.0532000000026
forecast_0745,2025-02-01 1:00,6049.4263,7054.243,3450.1665
forecast_0746,2025-02-01 2:00,5674.3896,6188.875,4157.496600000002
forecast_0747,2025-02-01 3:00,4859.032,4829.36,3664.161900000003
forecast_0748,2025-02-01 4:00,3951.9673,3344.6736,2932.935300000003
forecast_0749,2025-02-01 5:00,3760.5833000000025,3263.492200000003,2330.4098000000026
forecast_0750,2025-02-01 6:00,2907.787800000003,2531.554000000003,2101.3370000000027
forecast_0751,2025-02-01 7:00,2545.441800000003,2370.5210000000025,1972.4688000000028
forecast_0752,2025-02-01 8:00,2335.974400000003,2189.1505000000025,1975.0179400000027
forecast_0753,2025-02-01 9:00,2221.279700000003,2061.1415000000025,1946.630250000003
forecast_0754,2025-02-01 10:00,2143.2417000000028,2008.1986000000024,1928.0167000000029
forecast_0755,2025-02-01 11:00,2143.5518000000025,1967.5344000000027,1895.5508000000027
forecast_0756,2025-02-01 12:00,2183.9440000000027,2007.8060000000028,1895.5508000000027
forecast_0757,2025-02-01 13:00,2140.8451000000027,1974.5339000000026,1881.4732700000027
forecast_0758,2025-02-01 14:00,2167.8801000000026,1953.8286000000026,1895.5508000000027
forecast_0759,2025-02-01 15:00,2082.8044000000027,1970.4660000000026,1910.2295500000027
forecast_0760,2025-02-01 16:00,2127.470600000003,2066.2482000000027,2081.9336000000026
forecast_0761,2025-02-01 17:00,2209.9437000000025,2151.8977000000027,2052.002260000003
forecast_0762,2025-02-01 18:00,2159.250500000003,2063.0314000000026,1998.1484000000028
forecast_0763,2025-02-01 19:00,2210.2830000000026,2047.3495000000025,1926.4192000000028
forecast_0764,2025-02-01 20:00,2180.1353000000026,2003.8718000000026,1882.7508500000026
forecast_0765,2025-02-01 21:00,2229.0109000000025,2022.6492000000026,1938.3398000000027
forecast_0766,2025-02-01 22:00,2344.2730000000024,2094.7327000000028,1965.8598000000027
forecast_0767,2025-02-01 23:00,2231.7527000000027,2058.9736000000025,2085.9150400000026
forecast_0768,2025-02-02 0:00,2368.1980000000026,2242.5566000000026,2133.0697000000027
forecast_0769,2025-02-02 1:00,2814.8214000000025,2937.2880000000027,2312.130000000003
forecast_0770,2025-02-02 2:00,2647.8978000000025,2564.8842000000027,2245.271400000003
forecast_0771,2025-02-02 3:00,2487.9115000000024,2569.7257000000027,2214.5782000000027
forecast_0772,2025-02-02 4:00,2363.196300000003,2384.1295000000027,2081.7490000000025
forecast_0773,2025-02-02 5:00,2452.5186000000026,2316.0527000000025,2013.7572600000026
forecast_0774,2025-02-02 6:00,2510.5525000000025,2346.8153000000025,2043.8368000000028
forecast_0775,2025-02-02 7:00,2510.647300000003,2399.2160000000026,2059.1333000000027
forecast_0776,2025-02-02 8:00,2488.5109000000025,2347.098300000003,2067.8923000000027
forecast_0777,2025-02-02 9:00,2351.9713000000024,2254.3743000000027,1980.0487000000028
forecast_0778,2025-02-02 10:00,2312.2975000000024,2197.3088000000025,1974.0282000000027
forecast_0779,2025-02-02 11:00,2300.4886000000024,2131.3472000000024,1972.4225000000029
forecast_0780,2025-02-02 12:00,2307.6019000000024,2231.808700000003,2030.0962500000028
forecast_0781,2025-02-02 13:00,2338.3832000000025,2162.5406000000025,2049.565700000003
forecast_0782,2025-02-02 14:00,2433.6157000000026,2272.9617000000026,2125.3680400000026
forecast_0783,2025-02-02 15:00,2417.9100000000026,2361.1506000000027,2119.9991000000027
forecast_0784,2025-02-02 16:00,2525.2336000000028,2616.3452000000025,2325.8843000000024
forecast_0785,2025-02-02 17:00,3134.818400000003,3069.1897000000026,2485.0057000000024
forecast_0786,2025-02-02 18:00,4239.4185,3961.6726,3457.059000000003
forecast_0787,2025-02-02 19:00,6952.672,7348.2207,4409.1387
forecast_0788,2025-02-02 20:00,9239.948,9937.29,6608.3916
forecast_0789,2025-02-02 21:00,10786.599,11767.849,8646.936
forecast_0790,2025-02-02 22:00,12465.046,13434.944,9974.223
forecast_0791,2025-02-02 23:00,13992.262,14735.056,10902.02
forecast_0792,2025-02-03 0:00,14443.993,15186.013,11533.774
forecast_0793,2025-02-03 1:00,16446.373,17119.574,13542.413
forecast_0794,2025-02-03 2:00,15858.126,16786.08,13519.644
forecast_0795,2025-02-03 3:00,15563.217,16392.342,12637.511
forecast_0796,2025-02-03 4:00,15294.134,15595.895,13253.3545
forecast_0797,2025-02-03 5:00,15466.339,16102.817,13259.547
forecast_0798,2025-02-03 6:00,15325.767,15864.262,13157.228
forecast_0799,2025-02-03 7:00,16046.945,16462.902,13530.158
forecast_0800,2025-02-03 8:00,16039.23,16450.592,14139.034
forecast_0801,2025-02-03 9:00,16000.597,16372.31,13545.972
forecast_0802,2025-02-03 10:00,15788.784,16306.807,13349.302
forecast_0803,2025-02-03 11:00,15443.238,15543.152,13228.15
forecast_0804,2025-02-03 12:00,14915.223,15189.24,12445.826
forecast_0805,2025-02-03 13:00,14803.477,15146.724,12500.279
forecast_0806,2025-02-03 14:00,14969.445,15424.278,12980.744
forecast_0807,2025-02-03 15:00,14858.872,15359.115,13334.831
forecast_0808,2025-02-03 16:00,14864.164,15154.937,12842.556
forecast_0809,2025-02-03 17:00,15380.191,15481.111,13524.25
forecast_0810,2025-02-03 18:00,15884.913,16011.714,14138.82
forecast_0811,2025-02-03 19:00,16148.745,16653.023,14466.969
forecast_0812,2025-02-03 20:00,16260.683,16805.049,15179.872
forecast_0813,2025-02-03 21:00,15973.105,16683.025,14711.254
forecast_0814,2025-02-03 22:00,16241.005,16870.977,15155.203
forecast_0815,2025-02-03 23:00,15915.9375,16790.125,15343.091
forecast_0816,2025-02-04 0:00,15512.222,16700.076,15267.834
forecast_0817,2025-02-04 1:00,16313.233,16916.3,15416.995
forecast_0818,2025-02-04 2:00,16178.006,17018.314,15292.2
forecast_0819,2025-02-04 3:00,15817.074,16587.33,14215.721
forecast_0820,2025-02-04 4:00,16009.158,16941.12,13285.805
forecast_0821,2025-02-04 5:00,15722.778,17113.768,12694.503
forecast_0822,2025-02-04 6:00,15849.696,16948.908,12731.934
forecast_0823,2025-02-04 7:00,15522.632,17147.363,12557.707
forecast_0824,2025-02-04 8:00,15159.835,16359.323,12109.871
forecast_0825,2025-02-04 9:00,14492.079,15551.278,12152.437
forecast_0826,2025-02-04 10:00,13660.553,15392.634,13131.653
forecast_0827,2025-02-04 11:00,14354.319,15851.99,13706.044
forecast_0828,2025-02-04 12:00,14425.056,15591.243,13865.904
forecast_0829,2025-02-04 13:00,13805.091,14020.587,13381.452
forecast_0830,2025-02-04 14:00,13551.342,13739.9375,12713.0205
forecast_0831,2025-02-04 15:00,14175.608,13958.245,12799.958
forecast_0832,2025-02-04 16:00,14764.772,15187.906,13864.59
forecast_0833,2025-02-04 17:00,15326.777,16038.253,13909.527
forecast_0834,2025-02-04 18:00,15331.336,16271.314,14025.103
forecast_0835,2025-02-04 19:00,15287.119,16601.783,14179.248
forecast_0836,2025-02-04 20:00,15842.148,17201.486,14287.591
forecast_0837,2025-02-04 21:00,15991.119,17300.174,14347.926
forecast_0838,2025-02-04 22:00,15921.407,17392.408,14235.792
forecast_0839,2025-02-04 23:00,15630.94,16418.057,13601.64
forecast_0840,2025-02-05 0:00,15632.909,16587.219,14299.333
forecast_0841,2025-02-05 1:00,15658.246,17162.1,14408.064
forecast_0842,2025-02-05 2:00,15713.907,16792.959,14265.753
forecast_0843,2025-02-05 3:00,15996.966,17162.596,14528.341
forecast_0844,2025-02-05 4:00,16044.658,17658.357,13981.069
forecast_0845,2025-02-05 5:00,15946.328,18021.266,13298.941
forecast_0846,2025-02-05 6:00,15897.918,18023.03,13623.25
forecast_0847,2025-02-05 7:00,15696.825,17626.154,13410.616
forecast_0848,2025-02-05 8:00,15421.235,16594.068,12771.395
forecast_0849,2025-02-05 9:00,15288.557,16603.701,12614.117
forecast_0850,2025-02-05 10:00,15586.297,16967.518,12045.072
forecast_0851,2025-02-05 11:00,15343.746,17183.99,12479.775
forecast_0852,2025-02-05 12:00,16065.515,17569.008,13238.554
forecast_0853,2025-02-05 13:00,15965.867,17545.908,13482.294
forecast_0854,2025-02-05 14:00,15578.554,16955.344,13519.863
forecast_0855,2025-02-05 15:00,15556.452,16909.938,13374.265
forecast_0856,2025-02-05 16:00,15430.453,16853.096,13781.828
forecast_0857,2025-02-05 17:00,15157.44,16482.756,13673.078
forecast_0858,2025-02-05 18:00,15149.017,15833.181,13226.692
forecast_0859,2025-02-05 19:00,15183.1875,15760.443,13537.712
forecast_0860,2025-02-05 20:00,15220.085,15961.032,13713.372
forecast_0861,2025-02-05 21:00,15687.382,16651.877,13837.5625
forecast_0862,2025-02-05 22:00,15924.57,17326.715,14222.706
forecast_0863,2025-02-05 23:00,15681.728,17492.934,14196.2295
forecast_0864,2025-02-06 0:00,15630.89,17302.092,13760.82
forecast_0865,2025-02-06 1:00,16887.932,18445.861,14697.823
forecast_0866,2025-02-06 2:00,16718.213,18114.346,14560.917
forecast_0867,2025-02-06 3:00,17300.043,18701.979,13837.986
forecast_0868,2025-02-06 4:00,17530.215,18893.867,13487.188
forecast_0869,2025-02-06 5:00,17981.604,19065.293,14318.147
forecast_0870,2025-02-06 6:00,17927.912,19207.135,14179.272
forecast_0871,2025-02-06 7:00,16945.219,18613.482,13628.701
forecast_0872,2025-02-06 8:00,16937.367,18236.188,13500.827
forecast_0873,2025-02-06 9:00,16353.333,17618.13,13360.953
forecast_0874,2025-02-06 10:00,14660.222,15320.417,12755.487
forecast_0875,2025-02-06 11:00,14124.363,13983.444,11095.235
forecast_0876,2025-02-06 12:00,14059.514,14112.191,11890.757
forecast_0877,2025-02-06 13:00,14532.824,14454.379,12666.218
forecast_0878,2025-02-06 14:00,13862.718,14057.965,12939.828
forecast_0879,2025-02-06 15:00,13271.222,13774.88,12426.415
forecast_0880,2025-02-06 16:00,13971.425,14351.193,13222.258
forecast_0881,2025-02-06 17:00,13834.046,14472.212,13164.267
forecast_0882,2025-02-06 18:00,14075.825,14379.137,13110.899
forecast_0883,2025-02-06 19:00,14641.606,14880.667,12916.983
forecast_0884,2025-02-06 20:00,15141.294,15402.714,13480.733
forecast_0885,2025-02-06 21:00,14890.165,14860.157,12821.776
forecast_0886,2025-02-06 22:00,14541.105,14412.624,12192.972
forecast_0887,2025-02-06 23:00,14546.72,13815.844,11569.363
forecast_0888,2025-02-07 0:00,13356.872,13048.241,11372.849
forecast_0889,2025-02-07 1:00,9354.448,9837.528,7607.3994
forecast_0890,2025-02-07 2:00,7472.563,9264.377,6187.049
forecast_0891,2025-02-07 3:00,6562.7695,7309.5415,4960.709
forecast_0892,2025-02-07 4:00,7451.697,8817.866,5277.3047
forecast_0893,2025-02-07 5:00,8833.897,10406.377,6183.5054
forecast_0894,2025-02-07 6:00,6701.3955,8165.568,3492.3662
forecast_0895,2025-02-07 7:00,5416.5947,6377.247,3813.5222
forecast_0896,2025-02-07 8:00,4721.448,5466.605,4272.036100000003
forecast_0897,2025-02-07 9:00,5765.054,6950.718,4761.513
forecast_0898,2025-02-07 10:00,9605.005,10211.371,8228.276
forecast_0899,2025-02-07 11:00,12256.847,11802.42,10336.38
forecast_0900,2025-02-07 12:00,13275.878,12882.822,12192.408
forecast_0901,2025-02-07 13:00,13679.058,14721.556,12623.519
forecast_0902,2025-02-07 14:00,14608.936,15217.045,12639.217
forecast_0903,2025-02-07 15:00,14570.487,15190.875,12734.026
forecast_0904,2025-02-07 16:00,14665.091,14583.76,12791.861
forecast_0905,2025-02-07 17:00,13894.523,14477.301,11971.541
forecast_0906,2025-02-07 18:00,13247.549,13188.595,11339.088
forecast_0907,2025-02-07 19:00,13381.665,13734.551,11581.898
forecast_0908,2025-02-07 20:00,13488.501,14482.128,11989.666
forecast_0909,2025-02-07 21:00,14642.254,15154.518,12008.42
forecast_0910,2025-02-07 22:00,15269.683,16035.988,11656.534
forecast_0911,2025-02-07 23:00,15471.018,16983.861,11926.556
forecast_0912,2025-02-08 0:00,15070.678,16785.91,10982.474
forecast_0913,2025-02-08 1:00,13837.424,15813.635,10707.162
forecast_0914,2025-02-08 2:00,14793.243,16435.824,11044.543
forecast_0915,2025-02-08 3:00,14786.731,16207.913,11290.746
forecast_0916,2025-02-08 4:00,14935.745,16172.618,10957.412
forecast_0917,2025-02-08 5:00,14799.524,16020.303,11050.42
forecast_0918,2025-02-08 6:00,15350.439,16568.643,11115.427
forecast_0919,2025-02-08 7:00,14592.255,16192.155,10602.74
forecast_0920,2025-02-08 8:00,14415.025,15986.893,10563.314
forecast_0921,2025-02-08 9:00,14133.077,15065.86,11158.956
forecast_0922,2025-02-08 10:00,12522.216,12754.494,10084.39
forecast_0923,2025-02-08 11:00,9741.089,9205.847,8563.868
forecast_0924,2025-02-08 12:00,7260.211,7537.631,6780.6177
forecast_0925,2025-02-08 13:00,5713.862,5345.2085,5065.928
forecast_0926,2025-02-08 14:00,4728.814,4617.3335,3546.4565
forecast_0927,2025-02-08 15:00,4572.544,4614.6147,3701.4878
forecast_0928,2025-02-08 16:00,5319.3096,5139.6274,4320.6045
forecast_0929,2025-02-08 17:00,5542.48,5737.2666,5241.551
forecast_0930,2025-02-08 18:00,7226.9927,6988.988,7182.4624
forecast_0931,2025-02-08 19:00,9364.207,8372.111,8996.582
forecast_0932,2025-02-08 20:00,10855.442,10216.305,9886.733
forecast_0933,2025-02-08 21:00,12287.555,11179.251,10452.044
forecast_0934,2025-02-08 22:00,15344.131,14620.247,11850.069
forecast_0935,2025-02-08 23:00,17564.766,16506.795,14895.151
forecast_0936,2025-02-09 0:00,18208.271,18066.438,15635.095
forecast_0937,2025-02-09 1:00,16579.615,15783.436,13370.145
forecast_0938,2025-02-09 2:00,17857.383,17245.066,15180.161
forecast_0939,2025-02-09 3:00,18124.752,17655.31,15229.832
forecast_0940,2025-02-09 4:00,18761.578,18226.143,15647.452
forecast_0941,2025-02-09 5:00,19827.832,19107.969,15993.234
forecast_0942,2025-02-09 6:00,20095.965,19452.652,16139.214
forecast_0943,2025-02-09 7:00,19833.086,19435.018,15995.633
forecast_0944,2025-02-09 8:00,19683.627,19423.146,15607.83
forecast_0945,2025-02-09 9:00,18191.707,18719.656,14586.228
forecast_0946,2025-02-09 10:00,15914.159,16244.676,12245.741
forecast_0947,2025-02-09 11:00,12748.76,14135.955,10855.717
forecast_0948,2025-02-09 12:00,11259.048,12794.8125,10106.379
forecast_0949,2025-02-09 13:00,10765.491,11488.088,9643.09
forecast_0950,2025-02-09 14:00,10939.047,11217.725,9339.289
forecast_0951,2025-02-09 15:00,11175.375,10524.079,8589.049
forecast_0952,2025-02-09 16:00,12357.873,11349.64,9995.245
forecast_0953,2025-02-09 17:00,13472.027,13550.3125,11042.222
forecast_0954,2025-02-09 18:00,14569.47,14859.068,11538.288
forecast_0955,2025-02-09 19:00,15299.273,15119.742,12012.966
forecast_0956,2025-02-09 20:00,15447.59,15311.453,12527.729
forecast_0957,2025-02-09 21:00,15520.28,16343.548,13560.783
forecast_0958,2025-02-09 22:00,16126.245,17196.398,14126.246
forecast_0959,2025-02-09 23:00,16924.29,17766.75,14996.596
forecast_0960,2025-02-10 0:00,17870.258,18724.293,15398.737
forecast_0961,2025-02-10 1:00,17776.146,18775.893,15129.884
forecast_0962,2025-02-10 2:00,17820.34,18640.82,15309.099
forecast_0963,2025-02-10 3:00,18145.16,19125.828,15671.626
forecast_0964,2025-02-10 4:00,18548.812,19391.094,15924.927
forecast_0965,2025-02-10 5:00,19176.816,19952.305,16438.83
forecast_0966,2025-02-10 6:00,18934.912,19973.512,16430.621
forecast_0967,2025-02-10 7:00,19226.121,20072.627,16443.766
forecast_0968,2025-02-10 8:00,19052.572,19824.486,16443.63
forecast_0969,2025-02-10 9:00,17975.436,19245.172,16215.695
forecast_0970,2025-02-10 10:00,16619.947,17923.836,14490.23
forecast_0971,2025-02-10 11:00,14794.68,15384.751,13149.231
forecast_0972,2025-02-10 12:00,13875.402,14419.286,12542.7705
forecast_0973,2025-02-10 13:00,13272.86,13223.689,11285.194
forecast_0974,2025-02-10 14:00,13468.008,13108.244,10801.166
forecast_0975,2025-02-10 15:00,12823.058,12355.379,10392.443
forecast_0976,2025-02-10 16:00,12682.677,12156.649,10384.704
forecast_0977,2025-02-10 17:00,12594.201,11956.219,10028.889
forecast_0978,2025-02-10 18:00,12939.098,12814.953,10581.313
forecast_0979,2025-02-10 19:00,13962.928,13772.117,10990.736
forecast_0980,2025-02-10 20:00,12867.684,13178.654,10556.253
forecast_0981,2025-02-10 21:00,11843.795,12592.792,9923.364
forecast_0982,2025-02-10 22:00,12307.166,13374.032,10431.171
forecast_0983,2025-02-10 23:00,11713.755,12053.712,9834.068
forecast_0984,2025-02-11 0:00,11180.376,11906.585,9614.299
forecast_0985,2025-02-11 1:00,11258.439,11728.401,9650.547
forecast_0986,2025-02-11 2:00,12405.049,12390.247,10329.818
forecast_0987,2025-02-11 3:00,13165.098,13387.298,10503.235
forecast_0988,2025-02-11 4:00,13315.264,13569.568,10564.898
forecast_0989,2025-02-11 5:00,10443.635,10738.065,8129.169
forecast_0990,2025-02-11 6:00,9538.886,9483.996,6225.405
forecast_0991,2025-02-11 7:00,9072.713,8533.196,6207.117
forecast_0992,2025-02-11 8:00,8162.092,7337.148,5450.718
forecast_0993,2025-02-11 9:00,8217.738,7005.396,4913.516
forecast_0994,2025-02-11 10:00,6608.0127,5437.802,3187.5544
forecast_0995,2025-02-11 11:00,4500.8716,3877.015,3250.8396000000025
forecast_0996,2025-02-11 12:00,4168.563,3615.1353,3272.445000000003
forecast_0997,2025-02-11 13:00,3922.101000000003,3654.5593000000026,2935.1578000000027
forecast_0998,2025-02-11 14:00,3859.2780000000025,3501.184000000003,2822.257700000003
forecast_0999,2025-02-11 15:00,3176.918700000003,2855.3954000000026,2382.501600000003
forecast_1000,2025-02-11 16:00,3017.4032000000025,2903.8298000000027,2389.271200000003
forecast_1001,2025-02-11 17:00,3476.236600000003,3409.6553000000026,2501.0573000000027
forecast_1002,2025-02-11 18:00,5198.6064,4750.5225,3374.9666
forecast_1003,2025-02-11 19:00,8252.322,7235.7524,5979.4365
forecast_1004,2025-02-11 20:00,11099.453,10449.63,7443.099
forecast_1005,2025-02-11 21:00,11936.219,12259.423,8514.616
forecast_1006,2025-02-11 22:00,11903.879,12079.986,8018.5425
forecast_1007,2025-02-11 23:00,16374.703,16572.46,13623.0205
forecast_1008,2025-02-12 0:00,17726.424,18003.156,14235.334
forecast_1009,2025-02-12 1:00,15537.891,15637.967,12160.23
forecast_1010,2025-02-12 2:00,15948.021,16797.799,12878.82
forecast_1011,2025-02-12 3:00,15201.666,16521.287,12532.954
forecast_1012,2025-02-12 4:00,15338.507,16612.68,12723.924
forecast_1013,2025-02-12 5:00,14820.739,16136.921,12357.859
forecast_1014,2025-02-12 6:00,13439.132,14563.426,10707.334
forecast_1015,2025-02-12 7:00,9235.356,11421.298,7033.1353
forecast_1016,2025-02-12 8:00,7530.785,9717.171,5320.793
forecast_1017,2025-02-12 9:00,6789.8438,8076.9946,5353.6753
forecast_1018,2025-02-12 10:00,7461.063,9085.949,7428.5977
forecast_1019,2025-02-12 11:00,9555.587,12750.9,9920.406
forecast_1020,2025-02-12 12:00,11531.199,13692.284,10600.656
forecast_1021,2025-02-12 13:00,11896.81,13817.529,11333.898
forecast_1022,2025-02-12 14:00,13290.406,14709.475,12062.435
forecast_1023,2025-02-12 15:00,14633.126,15366.538,13303.24
forecast_1024,2025-02-12 16:00,14981.852,16076.236,14672.313
forecast_1025,2025-02-12 17:00,16261.333,16911.2,15590.134
forecast_1026,2025-02-12 18:00,17034.098,17546.95,15556.592
forecast_1027,2025-02-12 19:00,17433.295,17558.709,15683.124
forecast_1028,2025-02-12 20:00,16899.23,16811.773,14164.136
forecast_1029,2025-02-12 21:00,16515.781,16291.65,13805.004
forecast_1030,2025-02-12 22:00,16242.142,16239.593,13848.503
forecast_1031,2025-02-12 23:00,15741.256,15467.955,12984.219
forecast_1032,2025-02-13 0:00,15292.778,15076.155,12518.323
forecast_1033,2025-02-13 1:00,14164.435,13874.6875,11230.42
forecast_1034,2025-02-13 2:00,14134.278,14381.418,11540.81
forecast_1035,2025-02-13 3:00,14718.864,14640.593,11689.712
forecast_1036,2025-02-13 4:00,13278.3,13296.948,10493.498
forecast_1037,2025-02-13 5:00,13980.215,14446.975,10983.381
forecast_1038,2025-02-13 6:00,15760.833,16279.39,12797.921
forecast_1039,2025-02-13 7:00,17171.908,18059.895,13721.95
forecast_1040,2025-02-13 8:00,18228.096,18653.764,14647.774
forecast_1041,2025-02-13 9:00,18211.182,18726.457,15027.091
forecast_1042,2025-02-13 10:00,17170.787,17671.068,14597.578
forecast_1043,2025-02-13 11:00,15962.235,16368.856,13550.852
forecast_1044,2025-02-13 12:00,15615.824,16227.263,13209.126
forecast_1045,2025-02-13 13:00,15593.9375,15766.409,12992.366
forecast_1046,2025-02-13 14:00,15838.382,16446.719,13866.662
forecast_1047,2025-02-13 15:00,15743.413,16215.546,13709.749
forecast_1048,2025-02-13 16:00,16161.986,16697.95,14274.597
forecast_1049,2025-02-13 17:00,17282.867,17723.805,15757.067
forecast_1050,2025-02-13 18:00,18296.756,19026.945,16558.557
forecast_1051,2025-02-13 19:00,18619.69,19629.117,16713.27
forecast_1052,2025-02-13 20:00,18569.352,19429.66,16640.473
forecast_1053,2025-02-13 21:00,18508.164,19383.277,16615.186
forecast_1054,2025-02-13 22:00,18577.102,19480.01,16679.996
forecast_1055,2025-02-13 23:00,18753.648,19628.248,16686.475
forecast_1056,2025-02-14 0:00,18843.295,19719.79,16672.234
forecast_1057,2025-02-14 1:00,19289.006,20127.709,16763.998
forecast_1058,2025-02-14 2:00,19215.549,20093.617,16432.74
forecast_1059,2025-02-14 3:00,19007.424,19915.621,16534.807
forecast_1060,2025-02-14 4:00,19000.762,19860.516,16619.795
forecast_1061,2025-02-14 5:00,19809.016,20000.523,16761.215
forecast_1062,2025-02-14 6:00,19892.078,20064.064,16804.643
forecast_1063,2025-02-14 7:00,20298.123,20220.332,16820.152
forecast_1064,2025-02-14 8:00,20143.863,20133.809,16697.28
forecast_1065,2025-02-14 9:00,18207.592,19270.389,15316.874
forecast_1066,2025-02-14 10:00,15120.224,15887.796,12385.682
forecast_1067,2025-02-14 11:00,12930.942,13828.557,10438.86
forecast_1068,2025-02-14 12:00,11606.068,12859.042,9849.204
forecast_1069,2025-02-14 13:00,10793.037,11828.235,8890.269
forecast_1070,2025-02-14 14:00,10415.206,10940.009,9123.613
forecast_1071,2025-02-14 15:00,10646.748,11168.37,9387.574
forecast_1072,2025-02-14 16:00,12034.794,12895.066,10673.292
forecast_1073,2025-02-14 17:00,13544.671,14692.208,11699.953
forecast_1074,2025-02-14 18:00,15826.897,16581.064,14099.923
forecast_1075,2025-02-14 19:00,16535.076,17087.281,13469.394
forecast_1076,2025-02-14 20:00,16500.13,16894.03,12325.319
forecast_1077,2025-02-14 21:00,16356.659,16649.732,12480.815
forecast_1078,2025-02-14 22:00,16156.943,15960.418,11387.751
forecast_1079,2025-02-14 23:00,15851.657,15332.001,11102.945
forecast_1080,2025-02-15 0:00,17674.734,16534.518,13526.559
forecast_1081,2025-02-15 1:00,17132.836,15934.192,13014.814
forecast_1082,2025-02-15 2:00,17048.44,16206.068,12754.282
forecast_1083,2025-02-15 3:00,16468.219,15590.737,12189.043
forecast_1084,2025-02-15 4:00,16230.849,15137.387,11635.026
forecast_1085,2025-02-15 5:00,16500.004,15612.159,11868.5
forecast_1086,2025-02-15 6:00,17008.822,15975.784,11394.797
forecast_1087,2025-02-15 7:00,15361.483,14755.211,10350.05
forecast_1088,2025-02-15 8:00,14503.934,14563.387,10098.917
forecast_1089,2025-02-15 9:00,13729.233,14349.078,10000.284
forecast_1090,2025-02-15 10:00,11059.521,11787.389,8299.01
forecast_1091,2025-02-15 11:00,10748.393,11614.812,8488.914
forecast_1092,2025-02-15 12:00,11521.893,12672.529,9281.207
forecast_1093,2025-02-15 13:00,12313.892,13315.339,10725.036
forecast_1094,2025-02-15 14:00,13471.597,14610.26,12188.098
forecast_1095,2025-02-15 15:00,14425.212,15063.339,12750.285
forecast_1096,2025-02-15 16:00,14798.065,14971.929,12556.683
forecast_1097,2025-02-15 17:00,15852.411,16393.535,13571.688
forecast_1098,2025-02-15 18:00,17123.691,17326.902,14576.675
forecast_1099,2025-02-15 19:00,18321.312,18180.047,15672.822
forecast_1100,2025-02-15 20:00,18417.277,18638.428,16090.603
forecast_1101,2025-02-15 21:00,18223.006,18389.023,15694.285
forecast_1102,2025-02-15 22:00,18312.25,18376.412,15600.627
forecast_1103,2025-02-15 23:00,18048.719,18423.791,15545.164
forecast_1104,2025-02-16 0:00,18670.674,18837.45,15876.136
forecast_1105,2025-02-16 1:00,19652.629,19702.9,15986.6455
forecast_1106,2025-02-16 2:00,18825.098,18941.795,15362.273
forecast_1107,2025-02-16 3:00,18598.219,18740.445,14569.732
forecast_1108,2025-02-16 4:00,17780.762,18065.838,14025.232
forecast_1109,2025-02-16 5:00,16431.906,17052.904,12967.325
forecast_1110,2025-02-16 6:00,15741.77,16341.69,12128.167
forecast_1111,2025-02-16 7:00,15050.004,15854.059,11596.436
forecast_1112,2025-02-16 8:00,14552.344,15241.88,10874.3955
forecast_1113,2025-02-16 9:00,14416.471,15744.092,11472.293
forecast_1114,2025-02-16 10:00,11468.776,13100.779,9575.476
forecast_1115,2025-02-16 11:00,10157.146,11951.512,9376.28
forecast_1116,2025-02-16 12:00,9656.675,10421.765,9193.852
forecast_1117,2025-02-16 13:00,11201.759,12392.97,10525.089
forecast_1118,2025-02-16 14:00,13342.218,13985.664,11820.122
forecast_1119,2025-02-16 15:00,15276.805,15916.657,13575.31
forecast_1120,2025-02-16 16:00,16514.469,16843.197,15124.342
forecast_1121,2025-02-16 17:00,17586.176,18392.254,15945.165
forecast_1122,2025-02-16 18:00,16846.912,17964.38,16162.45
forecast_1123,2025-02-16 19:00,17501.107,18289.035,16006.896
forecast_1124,2025-02-16 20:00,17680.557,18751.342,15959.789
forecast_1125,2025-02-16 21:00,17697.35,18584.209,15772.181
forecast_1126,2025-02-16 22:00,17811.062,18312.066,15920.227
forecast_1127,2025-02-16 23:00,17312.404,17818.924,15432.669
forecast_1128,2025-02-17 0:00,16690.982,16662.879,14025.477
forecast_1129,2025-02-17 1:00,15204.286,14884.803,11604.828
forecast_1130,2025-02-17 2:00,15171.834,15073.646,11952.621
forecast_1131,2025-02-17 3:00,15362.897,15597.329,12295.098
forecast_1132,2025-02-17 4:00,14517.56,14179.885,10828.525
forecast_1133,2025-02-17 5:00,13432.874,13126.862,10205.321
forecast_1134,2025-02-17 6:00,12933.07,13030.501,10308.354
forecast_1135,2025-02-17 7:00,13587.0205,13412.515,10480.059
forecast_1136,2025-02-17 8:00,13873.636,13764.229,10499.967
forecast_1137,2025-02-17 9:00,13734.007,13578.98,10693.047
forecast_1138,2025-02-17 10:00,13919.3545,12874.404,10753.797
forecast_1139,2025-02-17 11:00,14115.733,13069.373,10494.597
forecast_1140,2025-02-17 12:00,13622.68,13137.958,10341.1875
forecast_1141,2025-02-17 13:00,13393.209,12808.281,10049.464
forecast_1142,2025-02-17 14:00,13040.022,12396.719,9523.639
forecast_1143,2025-02-17 15:00,12670.392,11831.279,9199.219
forecast_1144,2025-02-17 16:00,11910.859,10786.663,8280.092
forecast_1145,2025-02-17 17:00,10238.877,8677.911,6308.009
forecast_1146,2025-02-17 18:00,9166.856,8201.967,6088.9883
forecast_1147,2025-02-17 19:00,9305.235,8256.472,6077.239
forecast_1148,2025-02-17 20:00,8624.004,7462.545,5149.4146
forecast_1149,2025-02-17 21:00,7038.9673,6357.038,4125.39
forecast_1150,2025-02-17 22:00,6135.1724,6056.7593,3947.1494
forecast_1151,2025-02-17 23:00,6214.4307,5682.2344,4005.2554
forecast_1152,2025-02-18 0:00,6599.922,6406.681,4797.5737
forecast_1153,2025-02-18 1:00,7170.708,7382.1763,5989.525
forecast_1154,2025-02-18 2:00,10770.034,10637.949,8919.698
forecast_1155,2025-02-18 3:00,11960.999,11938.598,10108.238
forecast_1156,2025-02-18 4:00,12900.75,13219.984,10657.549
forecast_1157,2025-02-18 5:00,12831.872,12625.753,10438.134
forecast_1158,2025-02-18 6:00,13473.912,13862.966,11023.693
forecast_1159,2025-02-18 7:00,13805.018,14071.674,11138.771
forecast_1160,2025-02-18 8:00,12887.56,12841.575,10509.303
forecast_1161,2025-02-18 9:00,12793.287,12581.06,10326.644
forecast_1162,2025-02-18 10:00,12551.147,12637.76,10620.062
forecast_1163,2025-02-18 11:00,12727.017,12413.576,10508.09
forecast_1164,2025-02-18 12:00,12829.92,12218.327,10264.833
forecast_1165,2025-02-18 13:00,13630.225,12613.321,10485.993
forecast_1166,2025-02-18 14:00,14164.404,13140.271,10645.655
forecast_1167,2025-02-18 15:00,14110.673,13305.342,10620.19
forecast_1168,2025-02-18 16:00,13627.133,12637.541,10421.147
forecast_1169,2025-02-18 17:00,13285.775,12277.674,10093.831
forecast_1170,2025-02-18 18:00,12614.849,11564.182,9465.9375
forecast_1171,2025-02-18 19:00,11863.263,11139.366,9005.424
forecast_1172,2025-02-18 20:00,11465.436,10126.316,8677.333
forecast_1173,2025-02-18 21:00,11624.651,11241.827,9274.989
forecast_1174,2025-02-18 22:00,11420.197,12051.901,9691.342
forecast_1175,2025-02-18 23:00,10616.621,11442.08,8567.75
forecast_1176,2025-02-19 0:00,11195.979,12277.087,9329.968
forecast_1177,2025-02-19 1:00,8629.535,8949.509,7008.1406
forecast_1178,2025-02-19 2:00,11703.16,13019.28,9580.99
forecast_1179,2025-02-19 3:00,11325.12,12959.404,9598.998
forecast_1180,2025-02-19 4:00,11892.879,13369.366,9992.726
forecast_1181,2025-02-19 5:00,12459.73,13766.799,10322.162
forecast_1182,2025-02-19 6:00,12891.786,14002.104,10501.545
forecast_1183,2025-02-19 7:00,12765.949,13994.774,10754.697
forecast_1184,2025-02-19 8:00,12418.103,13732.037,10502.829
forecast_1185,2025-02-19 9:00,11022.221,12008.433,9536.308
forecast_1186,2025-02-19 10:00,8847.357,9680.983,8020.438
forecast_1187,2025-02-19 11:00,8322.228,8630.145,7115.7974
forecast_1188,2025-02-19 12:00,6638.4155,6937.6914,5899.578
forecast_1189,2025-02-19 13:00,5548.954,5137.0957,3742.5676
forecast_1190,2025-02-19 14:00,6163.4863,5424.9136,3974.0264
forecast_1191,2025-02-19 15:00,6853.906,6075.892,4381.4253
forecast_1192,2025-02-19 16:00,6849.515,5848.472,4424.7227
forecast_1193,2025-02-19 17:00,6719.031,5756.3438,4620.688
forecast_1194,2025-02-19 18:00,6806.7104,6064.931,5345.7925
forecast_1195,2025-02-19 19:00,6979.0645,6740.3433,5652.5107
forecast_1196,2025-02-19 20:00,7248.603,7277.7886,5641.354
forecast_1197,2025-02-19 21:00,8458.348,8311.113,6306.2383
forecast_1198,2025-02-19 22:00,9047.248,9109.626,8032.02
forecast_1199,2025-02-19 23:00,9907.876,10571.331,8620.357
forecast_1200,2025-02-20 0:00,10162.904,10979.612,9280.729
forecast_1201,2025-02-20 1:00,8480.417,7975.4736,7038.951
forecast_1202,2025-02-20 2:00,8778.252,9105.686,7238.72
forecast_1203,2025-02-20 3:00,9621.494,9947.235,8178.8438
forecast_1204,2025-02-20 4:00,9651.535,10236.767,8219.521
forecast_1205,2025-02-20 5:00,9746.432,10860.098,8647.729
forecast_1206,2025-02-20 6:00,10090.579,11518.789,9388.782
forecast_1207,2025-02-20 7:00,12270.51,13334.171,10222.418
forecast_1208,2025-02-20 8:00,13397.046,14215.655,10829.412
forecast_1209,2025-02-20 9:00,12458.136,13630.041,10597.428
forecast_1210,2025-02-20 10:00,11033.996,12158.552,9991.627
forecast_1211,2025-02-20 11:00,11134.669,11705.114,9726.837
forecast_1212,2025-02-20 12:00,10574.925,11345.991,9705.54
forecast_1213,2025-02-20 13:00,9646.45,9594.872,8221.094
forecast_1214,2025-02-20 14:00,10217.244,9454.317,8866.456
forecast_1215,2025-02-20 15:00,10177.473,9932.846,8961.408
forecast_1216,2025-02-20 16:00,9413.264,8468.844,7451.2944
forecast_1217,2025-02-20 17:00,9558.636,8903.9795,7896.259
forecast_1218,2025-02-20 18:00,10134.524,9877.442,9140.912
forecast_1219,2025-02-20 19:00,11133.574,10594.569,9762.06
forecast_1220,2025-02-20 20:00,10756.762,10829.681,9653.123
forecast_1221,2025-02-20 21:00,9463.213,9515.255,8323.424
forecast_1222,2025-02-20 22:00,8610.909,9284.972,7495.9385
forecast_1223,2025-02-20 23:00,9580.756,10398.782,8337.766
forecast_1224,2025-02-21 0:00,9848.364,10406.042,8511.418
forecast_1225,2025-02-21 1:00,9276.719,10158.018,7504.996
forecast_1226,2025-02-21 2:00,9901.821,10878.159,8822.938
forecast_1227,2025-02-21 3:00,9423.257,10248.372,8453.612
forecast_1228,2025-02-21 4:00,9384.702,9522.629,7970.819
forecast_1229,2025-02-21 5:00,9902.015,10036.53,8651.088
forecast_1230,2025-02-21 6:00,10224.755,10889.366,8566.768
forecast_1231,2025-02-21 7:00,10991.92,11749.028,9497.396
forecast_1232,2025-02-21 8:00,11094.866,11892.81,9151.075
forecast_1233,2025-02-21 9:00,9951.33,10872.531,9210.066
forecast_1234,2025-02-21 10:00,7482.0645,7729.7036,6417.057
forecast_1235,2025-02-21 11:00,6309.1216,6580.743,5559.9033
forecast_1236,2025-02-21 12:00,5390.264,6004.9287,4699.0264
forecast_1237,2025-02-21 13:00,7119.858,6224.767,4657.0654
forecast_1238,2025-02-21 14:00,8060.478,7228.5923,5912.317
forecast_1239,2025-02-21 15:00,8049.032,6554.6177,5344.6504
forecast_1240,2025-02-21 16:00,8154.6934,6583.1924,5493.8203
forecast_1241,2025-02-21 17:00,8531.088,6640.4077,5400.096
forecast_1242,2025-02-21 18:00,10524.33,8819.05,8041.531
forecast_1243,2025-02-21 19:00,11687.711,10331.716,9369.837
forecast_1244,2025-02-21 20:00,11778.672,10924.446,9617.28
forecast_1245,2025-02-21 21:00,12174.554,11805.943,9961.322
forecast_1246,2025-02-21 22:00,12166.955,11993.801,10250.995
forecast_1247,2025-02-21 23:00,12817.853,12508.587,10760.624
forecast_1248,2025-02-22 0:00,12923.962,12701.985,10836.033
forecast_1249,2025-02-22 1:00,14036.792,13169.02,11006.742
forecast_1250,2025-02-22 2:00,14940.652,14390.822,12366.123
forecast_1251,2025-02-22 3:00,15515.877,15433.861,13412.463
forecast_1252,2025-02-22 4:00,14715.975,14784.838,11952.884
forecast_1253,2025-02-22 5:00,13680.493,14062.919,11037.463
forecast_1254,2025-02-22 6:00,11775.979,11520.758,9146.823
forecast_1255,2025-02-22 7:00,11415.246,12257.843,9581.115
forecast_1256,2025-02-22 8:00,10277.662,10006.607,8059.7373
forecast_1257,2025-02-22 9:00,8677.942,7707.5303,6019.537
forecast_1258,2025-02-22 10:00,5282.5547,5055.856,3179.1528
forecast_1259,2025-02-22 11:00,4373.885,3665.9822,3552.444300000003
forecast_1260,2025-02-22 12:00,4548.0435,4194.262,3809.5586000000026
forecast_1261,2025-02-22 13:00,7234.2983,6285.6445,5567.6196
forecast_1262,2025-02-22 14:00,7421.4087,6769.719,6026.42
forecast_1263,2025-02-22 15:00,7490.238,6599.111,5771.4043
forecast_1264,2025-02-22 16:00,7464.489,6523.924,5917.502
forecast_1265,2025-02-22 17:00,8095.718,6890.572,6570.001
forecast_1266,2025-02-22 18:00,9938.028,9326.154,8974.214
forecast_1267,2025-02-22 19:00,11658.265,11006.687,10196.807
forecast_1268,2025-02-22 20:00,12469.871,12717.441,11157.391
forecast_1269,2025-02-22 21:00,13782.205,14797.529,12404.72
forecast_1270,2025-02-22 22:00,14547.426,15492.6045,13274.273
forecast_1271,2025-02-22 23:00,15174.435,16246.764,13982.982
forecast_1272,2025-02-23 0:00,15160.976,16589.807,14388.375
forecast_1273,2025-02-23 1:00,14706.426,16111.996,14160.042
forecast_1274,2025-02-23 2:00,15195.212,16631.496,14489.459
forecast_1275,2025-02-23 3:00,15802.507,16957.037,14617.178
forecast_1276,2025-02-23 4:00,16106.049,17250.043,15428.265
forecast_1277,2025-02-23 5:00,16422.598,17207.781,15191.676
forecast_1278,2025-02-23 6:00,16635.04,17592.92,15157.79
forecast_1279,2025-02-23 7:00,16898.838,17733.6,15527.271
forecast_1280,2025-02-23 8:00,17246.146,17598.418,15498.439
forecast_1281,2025-02-23 9:00,16428.623,17363.623,15285.736
forecast_1282,2025-02-23 10:00,15739.565,16916.13,14953.58
forecast_1283,2025-02-23 11:00,15313.527,16161.779,14107.521
forecast_1284,2025-02-23 12:00,15185.392,15881.051,13141.999
forecast_1285,2025-02-23 13:00,14674.85,15069.061,12531.259
forecast_1286,2025-02-23 14:00,14370.47,14637.095,11964.201
forecast_1287,2025-02-23 15:00,14087.035,14008.005,11247.709
forecast_1288,2025-02-23 16:00,13445.736,13313.509,10433.26
forecast_1289,2025-02-23 17:00,12892.754,11948.266,9416.28
forecast_1290,2025-02-23 18:00,12415.752,11003.711,8937.467
forecast_1291,2025-02-23 19:00,11889.063,10802.688,8461.333
forecast_1292,2025-02-23 20:00,10993.807,10857.973,8754.431
forecast_1293,2025-02-23 21:00,11157.241,11329.027,9628.04
forecast_1294,2025-02-23 22:00,11557.603,11373.387,9471.774
forecast_1295,2025-02-23 23:00,11938.604,12698.513,9860.673
forecast_1296,2025-02-24 0:00,12352.827,13365.473,10161.285
forecast_1297,2025-02-24 1:00,13628.411,14281.714,11338.778
forecast_1298,2025-02-24 2:00,15322.885,15871.237,12334.997
forecast_1299,2025-02-24 3:00,16264.295,16822.023,12590.207
forecast_1300,2025-02-24 4:00,16215.307,16816.926,13420.224
forecast_1301,2025-02-24 5:00,15464.344,16211.315,12799.343
forecast_1302,2025-02-24 6:00,15367.672,15505.814,12082.748
forecast_1303,2025-02-24 7:00,15386.23,15563.532,12089.033
forecast_1304,2025-02-24 8:00,14977.277,15359.297,11873.299
forecast_1305,2025-02-24 9:00,14630.143,14164.358,11127.83
forecast_1306,2025-02-24 10:00,12313.64,12080.588,9978.481
forecast_1307,2025-02-24 11:00,10097.749,10560.412,8949.962
forecast_1308,2025-02-24 12:00,9644.082,9610.295,7948.6616
forecast_1309,2025-02-24 13:00,9292.65,9289.152,8153.1694
forecast_1310,2025-02-24 14:00,10372.616,9799.782,9165.031
forecast_1311,2025-02-24 15:00,11105.13,10705.07,9225.075
forecast_1312,2025-02-24 16:00,11156.692,10723.813,9047.66
forecast_1313,2025-02-24 17:00,11487.802,11700.308,9504.76
forecast_1314,2025-02-24 18:00,13254.952,13919.22,11168.66
forecast_1315,2025-02-24 19:00,15680.38,15700.842,13927.049
forecast_1316,2025-02-24 20:00,17516.164,17212.0,15237.026
forecast_1317,2025-02-24 21:00,18524.889,18300.19,16043.162
forecast_1318,2025-02-24 22:00,19502.605,19376.041,16610.426
forecast_1319,2025-02-24 23:00,20165.494,19763.63,16805.658
forecast_1320,2025-02-25 0:00,20402.227,20321.94,17036.035
forecast_1321,2025-02-25 1:00,21062.78,20551.64,17760.295
forecast_1322,2025-02-25 2:00,21189.213,20818.234,18140.88
forecast_1323,2025-02-25 3:00,21411.184,21157.225,18290.938
forecast_1324,2025-02-25 4:00,21509.326,21157.977,17824.404
forecast_1325,2025-02-25 5:00,21305.453,21174.436,18003.79
forecast_1326,2025-02-25 6:00,21344.225,21182.352,17481.736
forecast_1327,2025-02-25 7:00,21542.967,21113.637,17470.23
forecast_1328,2025-02-25 8:00,21539.6,21030.438,18035.076
forecast_1329,2025-02-25 9:00,21262.283,21149.162,18236.264
forecast_1330,2025-02-25 10:00,19833.838,20677.932,17622.787
forecast_1331,2025-02-25 11:00,18435.582,19557.549,16840.736
forecast_1332,2025-02-25 12:00,16529.646,17725.49,14960.046
forecast_1333,2025-02-25 13:00,16467.941,17124.436,14838.655
forecast_1334,2025-02-25 14:00,16352.8,17165.338,14864.716
forecast_1335,2025-02-25 15:00,16926.125,17611.209,15543.716
forecast_1336,2025-02-25 16:00,17552.871,18103.098,15847.322
forecast_1337,2025-02-25 17:00,19023.572,19339.176,16517.568
forecast_1338,2025-02-25 18:00,19642.117,19668.246,17005.15
forecast_1339,2025-02-25 19:00,19759.559,19703.547,17525.973
forecast_1340,2025-02-25 20:00,19963.652,19886.229,18043.797
forecast_1341,2025-02-25 21:00,19978.98,19977.082,17720.201
forecast_1342,2025-02-25 22:00,20301.35,20337.742,18862.809
forecast_1343,2025-02-25 23:00,20217.979,20352.418,18273.756
forecast_1344,2025-02-26 0:00,20086.857,20336.14,18032.24
forecast_1345,2025-02-26 1:00,19800.09,20204.81,17137.768
forecast_1346,2025-02-26 2:00,19799.482,20222.703,16746.797
forecast_1347,2025-02-26 3:00,19530.873,19971.48,16663.906
forecast_1348,2025-02-26 4:00,19174.627,19780.152,16664.488
forecast_1349,2025-02-26 5:00,19122.436,19784.37,16705.244
forecast_1350,2025-02-26 6:00,18453.748,19646.516,16456.951
forecast_1351,2025-02-26 7:00,17955.236,19543.346,16486.984
forecast_1352,2025-02-26 8:00,16875.465,18532.24,15920.93
forecast_1353,2025-02-26 9:00,16010.191,17282.354,14159.428
forecast_1354,2025-02-26 10:00,14066.646,14947.906,12324.163
forecast_1355,2025-02-26 11:00,13005.606,13846.245,11686.86
forecast_1356,2025-02-26 12:00,12756.678,13262.346,10526.501
forecast_1357,2025-02-26 13:00,13167.175,13628.428,10556.771
forecast_1358,2025-02-26 14:00,13737.956,13736.293,10727.636
forecast_1359,2025-02-26 15:00,14478.745,14634.435,11367.16
forecast_1360,2025-02-26 16:00,14739.916,15279.53,12113.76
forecast_1361,2025-02-26 17:00,14559.324,14972.56,11913.856
forecast_1362,2025-02-26 18:00,14888.945,15110.244,12925.894
forecast_1363,2025-02-26 19:00,16135.3,17165.693,15595.143
forecast_1364,2025-02-26 20:00,17811.459,19135.918,16210.081
forecast_1365,2025-02-26 21:00,19316.639,20250.438,16775.514
forecast_1366,2025-02-26 22:00,19038.764,20252.387,16667.209
forecast_1367,2025-02-26 23:00,18304.432,19741.322,16481.342
forecast_1368,2025-02-27 0:00,18924.479,20260.123,16752.049
forecast_1369,2025-02-27 1:00,18980.68,20228.203,16637.463
forecast_1370,2025-02-27 2:00,19269.957,20330.307,16707.521
forecast_1371,2025-02-27 3:00,19928.377,20729.043,16744.125
forecast_1372,2025-02-27 4:00,19756.195,20602.266,16778.457
forecast_1373,2025-02-27 5:00,19520.576,20389.4,16535.348
forecast_1374,2025-02-27 6:00,18767.588,19944.957,16217.127
forecast_1375,2025-02-27 7:00,18543.883,19654.396,16104.901
forecast_1376,2025-02-27 8:00,17614.2,18754.102,14834.938
forecast_1377,2025-02-27 9:00,17166.254,17765.912,13418.997
forecast_1378,2025-02-27 10:00,14717.815,16293.173,12757.919
forecast_1379,2025-02-27 11:00,14094.784,15249.456,11937.971
forecast_1380,2025-02-27 12:00,14309.835,15574.384,12055.946
forecast_1381,2025-02-27 13:00,12596.797,13683.592,10524.191
forecast_1382,2025-02-27 14:00,8421.007,8859.808,7844.633
forecast_1383,2025-02-27 15:00,7851.3154,8459.325,7751.1694
forecast_1384,2025-02-27 16:00,8065.06,8209.65,7013.8394
forecast_1385,2025-02-27 17:00,7810.882,8896.345,6165.9624
forecast_1386,2025-02-27 18:00,8205.535,9573.198,6655.0586
forecast_1387,2025-02-27 19:00,10839.604,12574.81,9312.509
forecast_1388,2025-02-27 20:00,11687.489,13436.927,9534.084
forecast_1389,2025-02-27 21:00,12852.075,14852.242,11146.413
forecast_1390,2025-02-27 22:00,12801.805,14827.282,10801.774
forecast_1391,2025-02-27 23:00,12646.085,14648.365,10694.219
forecast_1392,2025-02-28 0:00,12284.43,14397.553,10753.346
forecast_1393,2025-02-28 1:00,13785.24,15125.966,11171.995
forecast_1394,2025-02-28 2:00,14597.672,15076.961,12408.2
forecast_1395,2025-02-28 3:00,14980.962,15322.72,12134.562
forecast_1396,2025-02-28 4:00,15033.538,15908.726,12660.91
forecast_1397,2025-02-28 5:00,15598.412,16780.965,13763.637
forecast_1398,2025-02-28 6:00,17070.865,18024.27,14589.918
forecast_1399,2025-02-28 7:00,17853.418,18442.059,15101.487
forecast_1400,2025-02-28 8:00,17549.18,18512.37,15049.541
forecast_1401,2025-02-28 9:00,17932.605,18782.19,15800.19
forecast_1402,2025-02-28 10:00,17588.86,18783.654,15717.323
forecast_1403,2025-02-28 11:00,15840.581,17733.354,14575.427
forecast_1404,2025-02-28 12:00,13326.543,14971.456,12280.491
forecast_1405,2025-02-28 13:00,12326.459,13739.813,11033.508
forecast_1406,2025-02-28 14:00,11885.14,12962.261,10643.517
forecast_1407,2025-02-28 15:00,11945.271,12816.617,10614.78
forecast_1408,2025-02-28 16:00,13573.079,14383.477,11412.617
forecast_1409,2025-02-28 17:00,14679.905,15830.957,12578.451
forecast_1410,2025-02-28 18:00,15084.561,16130.388,12978.492
forecast_1411,2025-02-28 19:00,17035.27,17375.74,14035.148
forecast_1412,2025-02-28 20:00,16307.477,15975.493,11318.197
forecast_1413,2025-02-28 21:00,15577.921,14296.591,10379.446
forecast_1414,2025-02-28 22:00,14086.539,12648.072,9415.945
forecast_1415,2025-02-28 23:00,13166.877,11582.464,9352.851
forecast_1416,2025-03-01 0:00,9981.387,8081.1465,6321.518
forecast_1417,2025-03-01 1:00,14881.075,13268.884,9948.976
forecast_1418,2025-03-01 2:00,10357.658,7659.974,5499.066
forecast_1419,2025-03-01 3:00,7055.886,4943.0894,3213.8232
forecast_1420,2025-03-01 4:00,4773.3877,3759.248,3406.640400000003
forecast_1421,2025-03-01 5:00,3496.7593,3860.1965000000027,2952.2585000000026
forecast_1422,2025-03-01 6:00,4018.3700000000026,3793.3640000000028,2904.036000000003
forecast_1423,2025-03-01 7:00,4192.9077000000025,3881.9797000000026,2893.946200000003
forecast_1424,2025-03-01 8:00,3543.694800000003,3218.5894000000026,2423.481600000003
forecast_1425,2025-03-01 9:00,3333.916000000003,3170.6702000000028,2302.068600000003
forecast_1426,2025-03-01 10:00,3064.0676000000026,3290.371000000003,2299.368300000003
forecast_1427,2025-03-01 11:00,3183.494900000003,3371.3477000000025,2326.546400000003
forecast_1428,2025-03-01 12:00,3300.3030000000026,3558.972200000003,2509.8990000000026
forecast_1429,2025-03-01 13:00,3846.8909000000026,3903.005000000003,2636.7441000000026
forecast_1430,2025-03-01 14:00,4151.2593,4303.038,3284.634300000003
forecast_1431,2025-03-01 15:00,5116.33,5438.411,3794.3360000000025
forecast_1432,2025-03-01 16:00,4870.1167,5089.5513,3960.620800000003
forecast_1433,2025-03-01 17:00,5412.2397,5797.1816,4204.059000000003
forecast_1434,2025-03-01 18:00,5073.481,5692.4097,4013.756800000003
forecast_1435,2025-03-01 19:00,4612.1484,5684.522,3947.630000000003
forecast_1436,2025-03-01 20:00,4715.104,5245.7993,3671.046600000003
forecast_1437,2025-03-01 21:00,3748.5605,4350.067,3435.0676000000026
forecast_1438,2025-03-01 22:00,3719.9666,3991.5425,3614.4788000000026
forecast_1439,2025-03-01 23:00,3628.6013,3632.2458,3185.844000000003
forecast_1440,2025-03-02 0:00,3327.4917,3487.022,3110.010400000003
forecast_1441,2025-03-02 1:00,5695.2217,6187.6255,3750.9563
forecast_1442,2025-03-02 2:00,5759.461,6188.311,3840.2437
forecast_1443,2025-03-02 3:00,5559.0483,5838.4727,3544.4165
forecast_1444,2025-03-02 4:00,5363.9385,5590.9165,4133.915000000003
forecast_1445,2025-03-02 5:00,5309.7075,5573.877,4109.654300000003
forecast_1446,2025-03-02 6:00,3341.9607,4071.6240000000025,2808.202600000003
forecast_1447,2025-03-02 7:00,2766.7676000000024,2776.9421000000025,2064.2398700000026
forecast_1448,2025-03-02 8:00,2900.9120000000025,2918.801300000003,2112.058100000003
forecast_1449,2025-03-02 9:00,3482.452400000003,3268.611800000003,2398.0012000000024
forecast_1450,2025-03-02 10:00,3832.932600000003,3268.1462,2606.771700000003
forecast_1451,2025-03-02 11:00,4153.736300000002,3874.644,3263.541000000003
forecast_1452,2025-03-02 12:00,3546.5613,4356.7056,3729.8113000000026
forecast_1453,2025-03-02 13:00,3892.1138,4483.65,4117.642300000003
forecast_1454,2025-03-02 14:00,4080.1155,5327.2773,3613.5774
forecast_1455,2025-03-02 15:00,4603.6436,6125.95,4351.8477
forecast_1456,2025-03-02 16:00,5854.3154,7359.598,5199.55
forecast_1457,2025-03-02 17:00,6816.5776,9150.556,6736.122
forecast_1458,2025-03-02 18:00,6640.2056,7795.547,6671.9424
forecast_1459,2025-03-02 19:00,9880.012,11644.426,10814.908
forecast_1460,2025-03-02 20:00,8680.033,9869.249,8625.591
forecast_1461,2025-03-02 21:00,8747.833,9699.995,9230.769
forecast_1462,2025-03-02 22:00,11208.757,13300.951,11118.466
forecast_1463,2025-03-02 23:00,10102.236,12539.376,10844.594
forecast_1464,2025-03-03 0:00,10244.212,12521.457,10858.914
forecast_1465,2025-03-03 1:00,13597.227,16333.285,13209.698
forecast_1466,2025-03-03 2:00,13857.65,16568.674,13311.97
forecast_1467,2025-03-03 3:00,12635.659,15635.484,13152.937
forecast_1468,2025-03-03 4:00,13336.217,16051.549,13631.341
forecast_1469,2025-03-03 5:00,13529.048,15380.85,13577.331
forecast_1470,2025-03-03 6:00,14197.972,16311.053,14436.959
forecast_1471,2025-03-03 7:00,13768.66,16843.281,13301.595
forecast_1472,2025-03-03 8:00,12728.556,15982.428,12855.865
forecast_1473,2025-03-03 9:00,11697.651,14873.226,12043.342
forecast_1474,2025-03-03 10:00,10812.55,13983.449,11406.763
forecast_1475,2025-03-03 11:00,10618.504,13682.081,11126.356
forecast_1476,2025-03-03 12:00,9645.917,12921.253,10817.86
forecast_1477,2025-03-03 13:00,11212.074,14172.498,11881.35
forecast_1478,2025-03-03 14:00,10062.596,12695.223,11355.222
forecast_1479,2025-03-03 15:00,10968.494,13836.162,11426.323
forecast_1480,2025-03-03 16:00,10907.162,14056.333,11586.494
forecast_1481,2025-03-03 17:00,11280.165,14233.7295,11662.807
forecast_1482,2025-03-03 18:00,10871.337,14173.344,11644.271
forecast_1483,2025-03-03 19:00,9960.52,12328.3125,9916.197
forecast_1484,2025-03-03 20:00,8963.352,10997.368,9187.9375
forecast_1485,2025-03-03 21:00,10799.943,13316.022,10835.302
forecast_1486,2025-03-03 22:00,11642.286,14677.162,11135.525
forecast_1487,2025-03-03 23:00,11742.72,14291.014,11060.489
forecast_1488,2025-03-04 0:00,11977.609,15232.297,11574.302
forecast_1489,2025-03-04 1:00,12857.71,16537.701,12005.614
forecast_1490,2025-03-04 2:00,12531.049,16292.396,11901.429
forecast_1491,2025-03-04 3:00,12903.786,16457.604,12062.156
forecast_1492,2025-03-04 4:00,11005.417,14562.164,10896.74
forecast_1493,2025-03-04 5:00,10877.6,14394.207,10650.541
forecast_1494,2025-03-04 6:00,11727.682,15627.581,11339.664
forecast_1495,2025-03-04 7:00,11672.888,15767.39,11214.817
forecast_1496,2025-03-04 8:00,11897.435,15695.901,11248.225
forecast_1497,2025-03-04 9:00,12223.602,16057.478,11200.137
forecast_1498,2025-03-04 10:00,12157.899,16068.922,11804.053
forecast_1499,2025-03-04 11:00,12351.461,16075.159,12019.077
forecast_1500,2025-03-04 12:00,12358.388,15891.927,12009.985
forecast_1501,2025-03-04 13:00,12242.897,15802.992,11897.334
forecast_1502,2025-03-04 14:00,12778.36,16088.745,12451.437
forecast_1503,2025-03-04 15:00,13135.83,16652.889,12543.544
forecast_1504,2025-03-04 16:00,13094.57,16747.822,12716.815
forecast_1505,2025-03-04 17:00,12868.021,16118.024,12298.503
forecast_1506,2025-03-04 18:00,12325.928,15948.056,11991.5
forecast_1507,2025-03-04 19:00,11195.391,14458.828,11264.986
forecast_1508,2025-03-04 20:00,10902.689,14039.7,11071.876
forecast_1509,2025-03-04 21:00,11005.068,14425.307,11347.359
forecast_1510,2025-03-04 22:00,10348.52,13488.602,10439.355
forecast_1511,2025-03-04 23:00,9440.447,12907.892,10090.727
forecast_1512,2025-03-05 0:00,7421.4443,9024.385,7830.098
forecast_1513,2025-03-05 1:00,4170.643600000002,3943.8018,3489.116500000003
forecast_1514,2025-03-05 2:00,3981.7754000000027,3753.6616,3354.1357000000025
forecast_1515,2025-03-05 3:00,3719.611600000003,3620.1665,3037.3700000000026
forecast_1516,2025-03-05 4:00,3602.8489000000027,3719.9531,2963.6113000000028
forecast_1517,2025-03-05 5:00,4174.500000000003,4181.5425,3082.1063000000026
forecast_1518,2025-03-05 6:00,4052.1758000000027,4215.456,3140.973500000003
forecast_1519,2025-03-05 7:00,4184.909200000003,3564.7573,3245.9727000000025
forecast_1520,2025-03-05 8:00,3578.471700000003,3591.1172,3058.4944000000028
forecast_1521,2025-03-05 9:00,3239.3896000000027,3249.1758000000027,2564.0067000000026
forecast_1522,2025-03-05 10:00,2689.4920000000025,3211.2947000000026,2293.6375000000025
forecast_1523,2025-03-05 11:00,2770.1157000000026,3252.2805000000026,2258.5071000000025
forecast_1524,2025-03-05 12:00,2321.4286000000025,2331.7294000000024,2137.9554000000026
forecast_1525,2025-03-05 13:00,2393.1351000000027,2434.9930000000027,2266.5935000000027
forecast_1526,2025-03-05 14:00,2290.694300000003,2329.8828000000026,2143.7875000000026
forecast_1527,2025-03-05 15:00,2245.1177000000025,2243.0017000000025,2093.4898000000026
forecast_1528,2025-03-05 16:00,2174.500500000003,2233.0154000000025,2125.949900000003
forecast_1529,2025-03-05 17:00,2175.3751000000025,2257.001600000003,2122.2312600000027
forecast_1530,2025-03-05 18:00,2139.0797000000025,2217.5671000000025,2060.3988000000027
forecast_1531,2025-03-05 19:00,2762.3607000000025,2896.630000000003,2114.5303000000026
forecast_1532,2025-03-05 20:00,3669.0479000000028,3680.609100000003,2408.3759000000027
forecast_1533,2025-03-05 21:00,3930.1836000000026,3875.668500000003,2456.896200000003
forecast_1534,2025-03-05 22:00,3714.7576000000026,3596.202000000003,2490.7886000000026
forecast_1535,2025-03-05 23:00,3408.4550000000027,3181.565000000003,2234.7958000000026
forecast_1536,2025-03-06 0:00,3372.057400000003,3165.2578000000026,2232.4761000000026
forecast_1537,2025-03-06 1:00,3063.0950000000025,2942.6440000000025,2056.8720000000026
forecast_1538,2025-03-06 2:00,2998.1244000000024,2911.3015000000028,2112.2727700000028
forecast_1539,2025-03-06 3:00,2853.890100000003,2724.8931000000025,2102.9388400000025
forecast_1540,2025-03-06 4:00,2820.5879000000027,2824.6224000000025,2144.484400000003
forecast_1541,2025-03-06 5:00,2893.8860000000027,2928.6526000000026,2203.0961000000025
forecast_1542,2025-03-06 6:00,2689.9143000000026,2638.5323000000026,2178.787600000003
forecast_1543,2025-03-06 7:00,2623.2456000000025,2589.0310000000027,2177.100460000003
forecast_1544,2025-03-06 8:00,2207.1406000000025,2093.6322000000027,2023.4751000000028
forecast_1545,2025-03-06 9:00,2113.8313000000026,1984.1885000000025,1916.1941500000028
forecast_1546,2025-03-06 10:00,2074.1956000000027,1911.9232000000025,1893.7428600000026
forecast_1547,2025-03-06 11:00,2015.8040000000028,1906.2429000000025,1907.6949500000028
forecast_1548,2025-03-06 12:00,2013.7236000000025,1954.7053000000028,1934.0835000000027
forecast_1549,2025-03-06 13:00,2080.7990000000027,2006.5820000000026,1916.0135500000029
forecast_1550,2025-03-06 14:00,2158.2339000000024,2070.213400000003,1979.4919400000026
forecast_1551,2025-03-06 15:00,2078.7823000000026,2063.1362000000026,1925.3762000000029
forecast_1552,2025-03-06 16:00,2147.226200000003,2097.3981000000026,1922.3931000000027
forecast_1553,2025-03-06 17:00,2089.1696000000024,1972.6520000000028,1964.1945000000028
forecast_1554,2025-03-06 18:00,2099.2668000000026,2093.2686000000026,1953.4182000000028
forecast_1555,2025-03-06 19:00,2112.1339000000025,2043.0101000000027,2048.3311000000026
forecast_1556,2025-03-06 20:00,2500.2108000000026,2458.3187000000025,2039.9272000000028
forecast_1557,2025-03-06 21:00,2587.2270000000026,2547.4410000000025,2106.176640000003
forecast_1558,2025-03-06 22:00,2685.631100000003,2555.0314000000026,2147.6456000000026
forecast_1559,2025-03-06 23:00,2790.6373000000026,2689.0797000000025,2254.793300000003
forecast_1560,2025-03-07 0:00,2597.4152000000026,2544.7091000000028,2245.190700000003
forecast_1561,2025-03-07 1:00,2561.9190000000026,2621.875500000003,2304.6194000000028
forecast_1562,2025-03-07 2:00,2773.5743000000025,2823.5437000000024,2311.0287000000026
forecast_1563,2025-03-07 3:00,2275.2805000000026,2327.1333000000027,2198.5276000000026
forecast_1564,2025-03-07 4:00,2181.814800000003,2180.7690000000025,2125.2009000000025
forecast_1565,2025-03-07 5:00,2201.1573000000026,2136.5972000000024,2082.5735000000027
forecast_1566,2025-03-07 6:00,2226.8250000000025,2197.064800000003,2103.101700000003
forecast_1567,2025-03-07 7:00,2211.1377000000025,2237.2683000000025,2049.1411000000026
forecast_1568,2025-03-07 8:00,2061.2952000000028,2049.9563000000026,2036.7223500000027
forecast_1569,2025-03-07 9:00,2030.7479000000026,1972.5342000000028,1951.2700000000027
forecast_1570,2025-03-07 10:00,1992.5459000000026,1906.2429000000025,1882.7508500000026
forecast_1571,2025-03-07 11:00,2059.5951000000027,1915.4380000000028,1882.7508500000026
forecast_1572,2025-03-07 12:00,2076.8455000000026,1905.8788000000027,1909.0402000000026
forecast_1573,2025-03-07 13:00,2113.2518000000027,1899.8212000000026,1882.7508500000026
forecast_1574,2025-03-07 14:00,2153.9421000000025,1920.8972000000026,1882.7508500000026
forecast_1575,2025-03-07 15:00,2064.2246000000027,1936.5447000000026,1902.9993000000027
forecast_1576,2025-03-07 16:00,2044.6698000000024,1906.1161000000025,1937.2378500000027
forecast_1577,2025-03-07 17:00,2099.1841000000027,1925.3850000000025,2015.7165500000028
forecast_1578,2025-03-07 18:00,2317.2484000000027,2140.3430000000026,2134.096700000003
forecast_1579,2025-03-07 19:00,2574.753400000003,2321.7769000000026,2046.0981400000028
forecast_1580,2025-03-07 20:00,2509.1847000000025,2346.5482000000025,2128.9179000000026
forecast_1581,2025-03-07 21:00,2632.7045000000026,2534.5638000000026,2112.6960400000025
forecast_1582,2025-03-07 22:00,3069.5020000000027,2968.6710000000026,2386.0336000000025
forecast_1583,2025-03-07 23:00,3706.027300000003,3830.9136000000026,2759.231700000003
forecast_1584,2025-03-08 0:00,4030.1755000000026,3506.082,2948.865600000003
forecast_1585,2025-03-08 1:00,3770.4320000000025,3991.4058000000027,2856.973100000003
forecast_1586,2025-03-08 2:00,3402.4243,4051.5518,3142.2975000000024
forecast_1587,2025-03-08 3:00,4437.5146,4756.5225,3469.867200000003
forecast_1588,2025-03-08 4:00,5020.95,5880.285,3799.171400000003
forecast_1589,2025-03-08 5:00,4776.1353,5610.8623,3708.943600000003
forecast_1590,2025-03-08 6:00,5324.6816,6485.379,4274.661600000003
forecast_1591,2025-03-08 7:00,5224.2666,5720.0527,4032.4970000000026
forecast_1592,2025-03-08 8:00,4970.081,5135.9653,3908.4307000000026
forecast_1593,2025-03-08 9:00,4242.5234,4456.3994,3549.6548000000025
forecast_1594,2025-03-08 10:00,4595.0034,4554.85,3861.151400000003
forecast_1595,2025-03-08 11:00,4209.154,4566.624,3940.419400000003
forecast_1596,2025-03-08 12:00,4136.366,4405.504,4146.969700000003
forecast_1597,2025-03-08 13:00,4650.6934,4536.3877,3315.7102
forecast_1598,2025-03-08 14:00,6270.1953,5715.3535,5189.0547
forecast_1599,2025-03-08 15:00,8199.632,7551.3687,6485.9688
forecast_1600,2025-03-08 16:00,7561.4263,7492.027,6081.1484
forecast_1601,2025-03-08 17:00,7642.4497,7129.1855,5410.5874
forecast_1602,2025-03-08 18:00,8655.63,8081.4336,7152.1367
forecast_1603,2025-03-08 19:00,10043.228,10076.99,7971.3984
forecast_1604,2025-03-08 20:00,10242.069,10560.735,8218.489
forecast_1605,2025-03-08 21:00,10205.179,11051.279,8240.308
forecast_1606,2025-03-08 22:00,10902.452,11612.18,8856.27
forecast_1607,2025-03-08 23:00,10643.053,11391.397,9133.18
forecast_1608,2025-03-09 0:00,10799.265,11079.652,8620.499
forecast_1609,2025-03-09 1:00,7654.715,6954.168,4968.251
forecast_1610,2025-03-09 2:00,7254.7275,6839.8066,4972.8037
forecast_1611,2025-03-09 3:00,7030.338,6403.9253,4466.011
forecast_1612,2025-03-09 4:00,6470.8716,5678.629,3555.405
forecast_1613,2025-03-09 5:00,5749.4487,4630.5796,4137.970200000003
forecast_1614,2025-03-09 6:00,5424.303,4280.93,3896.6775000000025
forecast_1615,2025-03-09 7:00,5367.7383,4336.1733,3203.6987
forecast_1616,2025-03-09 8:00,3927.599900000003,3200.829000000003,2723.248700000003
forecast_1617,2025-03-09 9:00,2444.8201000000026,2378.7590000000027,2090.254600000003
forecast_1618,2025-03-09 10:00,2209.7512000000024,1958.2230000000027,1895.5508000000027
forecast_1619,2025-03-09 11:00,2112.8048000000026,1918.7483000000025,1906.542800000003
forecast_1620,2025-03-09 12:00,2009.6844000000028,1917.4280000000026,1907.2146000000027
forecast_1621,2025-03-09 13:00,1994.9726000000028,1896.3119000000024,1882.7508500000026
forecast_1622,2025-03-09 14:00,1997.0145000000025,1951.4589000000028,1895.5508000000027
forecast_1623,2025-03-09 15:00,2073.3225000000025,1958.6141000000025,1895.5508000000027
forecast_1624,2025-03-09 16:00,2086.3698000000027,1941.2148000000025,1882.7508500000026
forecast_1625,2025-03-09 17:00,2055.8837000000026,1943.9164000000028,1893.7428600000026
forecast_1626,2025-03-09 18:00,2068.9282000000026,1973.0220000000027,1902.9993000000027
forecast_1627,2025-03-09 19:00,2293.801300000003,2218.4628000000025,2105.6144400000026
forecast_1628,2025-03-09 20:00,2550.2502000000027,2412.6770000000024,2223.1698000000024
forecast_1629,2025-03-09 21:00,2692.9667000000027,2527.680800000003,2363.6176000000028
forecast_1630,2025-03-09 22:00,3091.0560000000028,3091.7686000000026,2541.8444000000027
forecast_1631,2025-03-09 23:00,4108.122300000003,4027.5425000000027,3236.5334000000025
forecast_1632,2025-03-10 0:00,4462.371,4470.139,3801.677200000003
forecast_1633,2025-03-10 1:00,6238.738,6481.9194,4197.7373
forecast_1634,2025-03-10 2:00,7589.8423,8021.241,4896.15
forecast_1635,2025-03-10 3:00,7756.5864,8113.812,4788.751
forecast_1636,2025-03-10 4:00,8243.009,8242.713,4752.9155
forecast_1637,2025-03-10 5:00,6893.8013,7500.6714,4373.8696
forecast_1638,2025-03-10 6:00,6537.1455,6874.853,4030.0032
forecast_1639,2025-03-10 7:00,7299.92,7508.465,4578.9956
forecast_1640,2025-03-10 8:00,6553.169,6842.817,3897.1646
forecast_1641,2025-03-10 9:00,4990.2446,4962.404,3980.265400000003
forecast_1642,2025-03-10 10:00,3846.7036,3614.9873,3187.152100000003
forecast_1643,2025-03-10 11:00,3395.678,3691.4656,3472.673600000003
forecast_1644,2025-03-10 12:00,4034.162600000003,3328.94,3154.322500000003
forecast_1645,2025-03-10 13:00,3317.871,3532.611,3614.4622000000027
forecast_1646,2025-03-10 14:00,4261.2163,4411.75,4266.283200000003
forecast_1647,2025-03-10 15:00,4908.0513,5247.854,3932.8232
forecast_1648,2025-03-10 16:00,5954.517,6180.3125,5101.853
forecast_1649,2025-03-10 17:00,6441.5103,6763.4824,5655.906
forecast_1650,2025-03-10 18:00,6017.372,6398.276,4832.8306
forecast_1651,2025-03-10 19:00,7881.7837,8303.659,6825.2925
forecast_1652,2025-03-10 20:00,9462.556,9965.718,7967.9497
forecast_1653,2025-03-10 21:00,11060.876,12197.337,9150.493
forecast_1654,2025-03-10 22:00,13635.601,14663.951,11688.846
forecast_1655,2025-03-10 23:00,16098.534,16579.945,13361.916
forecast_1656,2025-03-11 0:00,18362.787,19064.184,16355.708
forecast_1657,2025-03-11 1:00,17614.488,17821.793,13844.088
forecast_1658,2025-03-11 2:00,17681.527,17909.676,13739.66
forecast_1659,2025-03-11 3:00,18031.504,18347.629,14308.852
forecast_1660,2025-03-11 4:00,18840.736,19079.832,15511.187
forecast_1661,2025-03-11 5:00,18897.43,18788.186,14739.821
forecast_1662,2025-03-11 6:00,17584.207,16683.176,12902.058
forecast_1663,2025-03-11 7:00,15344.601,13840.247,9770.8125
forecast_1664,2025-03-11 8:00,10729.115,9149.145,6425.4204
forecast_1665,2025-03-11 9:00,4898.9,3738.5864,3388.3423000000025
forecast_1666,2025-03-11 10:00,3363.2817,3548.447000000003,2621.478900000003
forecast_1667,2025-03-11 11:00,3412.153600000003,2961.139200000003,2409.612900000003
forecast_1668,2025-03-11 12:00,3046.574500000003,2851.974400000003,2306.378400000003
forecast_1669,2025-03-11 13:00,2547.0030000000024,2479.2947000000026,2061.978450000003
forecast_1670,2025-03-11 14:00,2655.0082000000025,2473.402700000003,2109.0809000000027
forecast_1671,2025-03-11 15:00,2784.940900000003,2637.342000000003,2242.696200000003
forecast_1672,2025-03-11 16:00,2995.4053000000026,2712.4070000000024,2266.3394000000026
forecast_1673,2025-03-11 17:00,3214.861600000003,3181.2036000000026,2436.3860000000027
forecast_1674,2025-03-11 18:00,4437.0215,4766.2637,4193.0579000000025
forecast_1675,2025-03-11 19:00,5674.989,6235.972,5053.6714
forecast_1676,2025-03-11 20:00,6906.0454,7833.945,5539.2114
forecast_1677,2025-03-11 21:00,9600.161,10269.569,7933.2866
forecast_1678,2025-03-11 22:00,10615.861,11257.443,8527.083
forecast_1679,2025-03-11 23:00,14875.749,15677.698,12707.396
forecast_1680,2025-03-12 0:00,15888.163,17568.574,14355.452
forecast_1681,2025-03-12 1:00,14889.089,16041.538,13244.046
forecast_1682,2025-03-12 2:00,14320.833,15573.125,11756.855
forecast_1683,2025-03-12 3:00,12620.752,13739.322,9800.788
forecast_1684,2025-03-12 4:00,13478.084,15029.932,10570.546
forecast_1685,2025-03-12 5:00,16453.283,17072.459,13608.211
forecast_1686,2025-03-12 6:00,18257.861,18881.291,16221.6045
forecast_1687,2025-03-12 7:00,18874.244,19338.307,16459.25
forecast_1688,2025-03-12 8:00,19629.3,19811.412,16757.648
forecast_1689,2025-03-12 9:00,18878.254,19581.678,16527.043
forecast_1690,2025-03-12 10:00,18647.66,19221.934,16492.344
forecast_1691,2025-03-12 11:00,17618.512,17885.479,15817.451
forecast_1692,2025-03-12 12:00,17595.203,17914.271,15921.468
forecast_1693,2025-03-12 13:00,17208.842,18099.826,15843.415
forecast_1694,2025-03-12 14:00,17429.246,18334.572,15894.865
forecast_1695,2025-03-12 15:00,18020.11,18867.428,16096.911
forecast_1696,2025-03-12 16:00,18734.385,19472.244,16717.61
forecast_1697,2025-03-12 17:00,19520.021,19642.092,16669.537
forecast_1698,2025-03-12 18:00,18945.54,18973.834,16364.317
forecast_1699,2025-03-12 19:00,17312.295,17364.74,15775.691
forecast_1700,2025-03-12 20:00,15319.487,15635.655,13194.523
forecast_1701,2025-03-12 21:00,14375.426,14736.791,12182.209
forecast_1702,2025-03-12 22:00,13579.39,14084.046,11392.003
forecast_1703,2025-03-12 23:00,13123.313,13203.0625,10635.127
forecast_1704,2025-03-13 0:00,13016.11,13912.123,10539.807
forecast_1705,2025-03-13 1:00,13075.914,13984.133,9989.347
forecast_1706,2025-03-13 2:00,13590.619,14412.952,10246.742
forecast_1707,2025-03-13 3:00,14085.859,14602.775,10344.898
forecast_1708,2025-03-13 4:00,14025.35,14666.66,10461.6045
forecast_1709,2025-03-13 5:00,14060.118,14662.235,9860.01
forecast_1710,2025-03-13 6:00,12367.189,13306.75,9293.082
forecast_1711,2025-03-13 7:00,11025.089,12482.5,8300.949
forecast_1712,2025-03-13 8:00,11443.456,12818.927,7544.4424
forecast_1713,2025-03-13 9:00,10885.333,11113.529,7362.778
forecast_1714,2025-03-13 10:00,8088.119,8237.161,5782.345
forecast_1715,2025-03-13 11:00,4672.35,4612.3164,3989.3938000000026
forecast_1716,2025-03-13 12:00,4149.4385,3705.7246,3312.414600000003
forecast_1717,2025-03-13 13:00,3947.4175,3407.1646,3136.755200000003
forecast_1718,2025-03-13 14:00,4162.750000000003,3491.3196000000025,2540.3794000000025
forecast_1719,2025-03-13 15:00,3138.050000000003,2860.2002000000025,2323.8038000000024
forecast_1720,2025-03-13 16:00,2786.9102000000025,2460.4657000000025,2264.4094000000027
forecast_1721,2025-03-13 17:00,2378.7268000000026,2277.6705000000024,2010.2174700000028
forecast_1722,2025-03-13 18:00,2791.3864000000026,2601.5289000000025,2106.819500000003
forecast_1723,2025-03-13 19:00,3442.6310000000026,3355.2970000000028,2356.2776000000026
forecast_1724,2025-03-13 20:00,3738.8542,3463.9692,2842.568400000003
forecast_1725,2025-03-13 21:00,4400.127,4026.0786,3095.4769000000024
forecast_1726,2025-03-13 22:00,4733.8525,4346.7085,3598.1340000000027
forecast_1727,2025-03-13 23:00,4980.9756,4458.9956,3706.1047000000026
forecast_1728,2025-03-14 0:00,4598.302,3590.942,3255.8914000000027
forecast_1729,2025-03-14 1:00,3554.8972,3689.3574000000026,2692.2594000000026
forecast_1730,2025-03-14 2:00,3943.1038000000026,3380.7922000000026,2551.4175000000027
forecast_1731,2025-03-14 3:00,4154.091300000003,3650.904500000003,2494.4396000000024
forecast_1732,2025-03-14 4:00,3815.8350000000028,3582.347000000003,2407.834800000003
forecast_1733,2025-03-14 5:00,3201.3691000000026,2883.0184000000027,2109.0809000000027
forecast_1734,2025-03-14 6:00,2963.225300000003,2919.630000000003,2129.504460000003
forecast_1735,2025-03-14 7:00,2726.1550000000025,2525.5624000000025,1984.5984000000026
forecast_1736,2025-03-14 8:00,2539.6027000000026,2508.4781000000025,2064.2398700000026
forecast_1737,2025-03-14 9:00,2300.7938000000026,2375.5072000000027,2055.385200000003
forecast_1738,2025-03-14 10:00,2348.506100000003,2456.1528000000026,2145.634950000003
forecast_1739,2025-03-14 11:00,2327.3936000000026,2539.1849000000025,2384.6869000000024
forecast_1740,2025-03-14 12:00,2515.9084000000025,2772.0986000000025,2545.1940000000027
forecast_1741,2025-03-14 13:00,2419.0107000000025,2596.6508000000026,2413.2983000000027
forecast_1742,2025-03-14 14:00,2438.098500000003,2593.386500000003,2428.8615000000027
forecast_1743,2025-03-14 15:00,2606.1112000000026,2720.1433000000025,2452.9973000000027
forecast_1744,2025-03-14 16:00,2694.8295000000026,2754.4257000000025,2370.5876000000026
forecast_1745,2025-03-14 17:00,2728.4387000000024,2772.9504000000024,2308.6442000000025
forecast_1746,2025-03-14 18:00,2699.8378000000025,2511.6973000000025,2308.6442000000025
forecast_1747,2025-03-14 19:00,2887.6649000000025,2559.2628000000027,2106.819500000003
forecast_1748,2025-03-14 20:00,3321.6560000000027,2769.6360000000027,2190.937600000003
forecast_1749,2025-03-14 21:00,3521.4907000000026,2958.585700000003,2187.903000000003
forecast_1750,2025-03-14 22:00,3801.3880000000026,3196.882300000003,2255.142600000003
forecast_1751,2025-03-14 23:00,3973.1191000000026,3193.7214000000026,2382.878700000003
forecast_1752,2025-03-15 0:00,3366.7888,3401.4473000000025,2435.3654000000024
forecast_1753,2025-03-15 1:00,3843.5347,3335.0415,2667.4678000000026
forecast_1754,2025-03-15 2:00,3531.8447,3850.2073000000028,2451.9386000000027
forecast_1755,2025-03-15 3:00,3847.5957,3479.4497,2510.269900000003
forecast_1756,2025-03-15 4:00,3941.7131,3702.679,2731.134500000003
forecast_1757,2025-03-15 5:00,4414.1104,3893.4849,2924.4225000000024
forecast_1758,2025-03-15 6:00,4691.0117,4154.4077,2892.9377000000027
forecast_1759,2025-03-15 7:00,4723.2344,4059.9482,2948.392600000003
forecast_1760,2025-03-15 8:00,4826.6177,4327.845,3072.3052000000025
forecast_1761,2025-03-15 9:00,4591.469,4706.595,3207.992
forecast_1762,2025-03-15 10:00,5039.999,5095.5366,3799.753
forecast_1763,2025-03-15 11:00,5007.134,5669.807,4209.4663
forecast_1764,2025-03-15 12:00,3669.4458,4099.1,3584.6184000000026
forecast_1765,2025-03-15 13:00,3611.5977,3964.8298,3318.7898000000027
forecast_1766,2025-03-15 14:00,3959.8300000000027,3381.406,3217.171600000003
forecast_1767,2025-03-15 15:00,3123.473100000003,2871.982500000003,2574.505200000003
forecast_1768,2025-03-15 16:00,3185.3477000000025,2839.2448000000027,2498.802700000003
forecast_1769,2025-03-15 17:00,3037.083500000003,2762.1895000000027,2530.3071000000027
forecast_1770,2025-03-15 18:00,2666.4264000000026,2753.6486000000027,2322.5426000000025
forecast_1771,2025-03-15 19:00,3248.955300000003,2929.1555000000026,2387.9895000000024
forecast_1772,2025-03-15 20:00,3426.3545000000026,3353.505000000003,2546.2185000000027
forecast_1773,2025-03-15 21:00,3358.1672000000026,3278.403600000003,2513.3995000000027
forecast_1774,2025-03-15 22:00,3405.164600000003,3277.1218000000026,2522.360700000003
forecast_1775,2025-03-15 23:00,3273.8196000000025,3065.389200000003,2459.039200000003
forecast_1776,2025-03-16 0:00,3213.1704000000027,2837.6389000000026,2277.308700000003
forecast_1777,2025-03-16 1:00,2783.4660000000026,2389.5709000000024,2056.8720000000026
forecast_1778,2025-03-16 2:00,2731.2106000000026,2465.7548000000024,2030.5826400000028
forecast_1779,2025-03-16 3:00,2656.7023000000027,2293.4233000000027,2130.8860000000027
forecast_1780,2025-03-16 4:00,2529.9739000000027,2155.3980000000024,2033.8583400000027
forecast_1781,2025-03-16 5:00,2387.2446000000027,2095.6285000000025,2049.8025500000026
forecast_1782,2025-03-16 6:00,2420.5710000000026,2087.246000000003,2054.166000000003
forecast_1783,2025-03-16 7:00,2325.076700000003,2056.5491000000025,1982.3668000000027
forecast_1784,2025-03-16 8:00,2317.0709000000024,2066.9459000000024,2123.9591000000028
forecast_1785,2025-03-16 9:00,2219.6783000000028,1976.8385000000026,1965.5807000000027
forecast_1786,2025-03-16 10:00,2106.7288000000026,2061.0372000000025,1982.2148000000027
forecast_1787,2025-03-16 11:00,2140.364700000003,2239.000700000003,2127.4898700000026
forecast_1788,2025-03-16 12:00,2364.7675000000027,2507.8115000000025,2188.342300000003
forecast_1789,2025-03-16 13:00,3040.990200000003,3152.8520000000026,2595.1598000000026
forecast_1790,2025-03-16 14:00,3273.885,3881.3567,3764.321300000003
forecast_1791,2025-03-16 15:00,5343.245,5335.8447,4056.71
forecast_1792,2025-03-16 16:00,7784.6733,7165.0835,7056.698
forecast_1793,2025-03-16 17:00,9575.928,9837.624,9243.007
forecast_1794,2025-03-16 18:00,10621.61,11038.412,10690.788
forecast_1795,2025-03-16 19:00,10473.748,10846.437,10207.678
forecast_1796,2025-03-16 20:00,11873.644,11997.226,11180.878
forecast_1797,2025-03-16 21:00,13411.01,14009.263,11773.615
forecast_1798,2025-03-16 22:00,12741.233,12537.61,9960.891
forecast_1799,2025-03-16 23:00,9366.079,8830.422,6974.8374
forecast_1800,2025-03-17 0:00,8641.387,8357.38,6706.59
forecast_1801,2025-03-17 1:00,14260.411,15471.894,10880.188
forecast_1802,2025-03-17 2:00,12858.926,13395.675,8957.628
forecast_1803,2025-03-17 3:00,10760.17,11037.695,7678.416
forecast_1804,2025-03-17 4:00,9419.758,9426.368,6929.675
forecast_1805,2025-03-17 5:00,9654.585,8829.954,7194.6133
forecast_1806,2025-03-17 6:00,7451.0176,6803.7656,4072.3843
forecast_1807,2025-03-17 7:00,5771.695,5620.621,4000.4873000000025
forecast_1808,2025-03-17 8:00,3291.444,3718.3790000000026,2494.696300000003
forecast_1809,2025-03-17 9:00,3466.6562000000026,3194.3374000000026,2290.8956000000026
forecast_1810,2025-03-17 10:00,2903.669100000003,2591.7998000000025,2399.325600000003
forecast_1811,2025-03-17 11:00,3476.0380000000027,3278.069300000003,2914.9386000000027
forecast_1812,2025-03-17 12:00,4678.027,4838.712,3754.026
forecast_1813,2025-03-17 13:00,7170.211,7369.435,7214.2217
forecast_1814,2025-03-17 14:00,9177.009,9067.445,8686.119
forecast_1815,2025-03-17 15:00,10816.855,10747.76,9368.523
forecast_1816,2025-03-17 16:00,11422.509,10363.454,9447.451
forecast_1817,2025-03-17 17:00,11249.681,10093.662,8966.468
forecast_1818,2025-03-17 18:00,10109.467,9332.428,7755.41
forecast_1819,2025-03-17 19:00,9615.326,9322.612,7494.9385
forecast_1820,2025-03-17 20:00,10553.832,10685.197,8815.819
forecast_1821,2025-03-17 21:00,12140.406,12767.371,10085.442
forecast_1822,2025-03-17 22:00,12821.552,14076.382,10571.375
forecast_1823,2025-03-17 23:00,10968.796,11958.957,8971.281
forecast_1824,2025-03-18 0:00,8124.5073,8780.21,6052.551
forecast_1825,2025-03-18 1:00,7429.9443,9646.014,5279.502
forecast_1826,2025-03-18 2:00,6632.5063,7617.6006,3922.2458
forecast_1827,2025-03-18 3:00,4492.639,5501.853,3659.0977000000025
forecast_1828,2025-03-18 4:00,3454.4968,3849.6306,3214.364700000003
forecast_1829,2025-03-18 5:00,3609.2014,3855.4187,3073.5874000000026
forecast_1830,2025-03-18 6:00,3489.9377000000027,4099.244000000002,2619.907000000003
forecast_1831,2025-03-18 7:00,3067.608400000003,3016.0474000000027,2283.8457000000026
forecast_1832,2025-03-18 8:00,3071.7612000000026,3011.870600000003,2315.6738000000028
forecast_1833,2025-03-18 9:00,3432.165500000003,3429.321800000003,2861.8590000000027
forecast_1834,2025-03-18 10:00,2873.0372000000025,2749.8871000000026,2566.3043000000025
forecast_1835,2025-03-18 11:00,2669.2106000000026,2359.0345000000025,2071.246030000003
forecast_1836,2025-03-18 12:00,3501.7227000000025,3136.866500000003,2207.248000000003
forecast_1837,2025-03-18 13:00,4066.8066000000026,3377.2866000000026,2332.1553000000026
forecast_1838,2025-03-18 14:00,4172.982,3501.5398,2713.5084000000024
forecast_1839,2025-03-18 15:00,7083.059,6156.216,3353.1729
forecast_1840,2025-03-18 16:00,12638.766,11240.716,8861.153
forecast_1841,2025-03-18 17:00,14873.846,14702.863,12455.799
forecast_1842,2025-03-18 18:00,14984.706,15455.737,13701.806
forecast_1843,2025-03-18 19:00,12939.179,13881.5,11552.855
forecast_1844,2025-03-18 20:00,12421.889,14591.101,11099.8
forecast_1845,2025-03-18 21:00,9222.906,10414.844,8489.298
forecast_1846,2025-03-18 22:00,7392.6787,7145.106,5372.159
forecast_1847,2025-03-18 23:00,5496.037,5720.8423,3961.6838000000025
forecast_1848,2025-03-19 0:00,4560.8154,5207.5337,3325.7756000000027
forecast_1849,2025-03-19 1:00,3379.9236,3554.9077,2784.5768000000025
forecast_1850,2025-03-19 2:00,3256.203,3996.3696000000027,2657.9738000000025
forecast_1851,2025-03-19 3:00,3292.4248,3861.9858000000027,2747.8232000000025
forecast_1852,2025-03-19 4:00,3913.012000000003,3553.441200000003,2750.5508000000027
forecast_1853,2025-03-19 5:00,3895.548600000003,3598.418200000003,2819.7109000000028
forecast_1854,2025-03-19 6:00,3894.778800000003,3609.714800000003,2885.171900000003
forecast_1855,2025-03-19 7:00,3901.8667,3429.3389,3196.8867000000027
forecast_1856,2025-03-19 8:00,3992.348,4013.5364,3445.367200000003
forecast_1857,2025-03-19 9:00,4686.536,4618.1343,3322.23
forecast_1858,2025-03-19 10:00,5200.699,5226.683,4446.4224
forecast_1859,2025-03-19 11:00,5941.1104,6599.3765,5893.3745
forecast_1860,2025-03-19 12:00,7412.9688,7799.3687,6609.683
forecast_1861,2025-03-19 13:00,7929.404,8214.158,7131.763
forecast_1862,2025-03-19 14:00,8248.034,7701.234,6809.566
forecast_1863,2025-03-19 15:00,10131.777,9986.781,8638.164
forecast_1864,2025-03-19 16:00,11093.713,10613.995,9414.13
forecast_1865,2025-03-19 17:00,11139.783,10557.542,9219.774
forecast_1866,2025-03-19 18:00,12248.8125,12337.316,10302.3955
forecast_1867,2025-03-19 19:00,13004.235,13084.905,10647.158
forecast_1868,2025-03-19 20:00,14015.0,14078.274,10911.258
forecast_1869,2025-03-19 21:00,14867.697,15600.388,12785.551
forecast_1870,2025-03-19 22:00,15780.707,16953.37,13324.829
forecast_1871,2025-03-19 23:00,15641.806,16711.26,13294.122
forecast_1872,2025-03-20 0:00,17143.055,18589.902,15101.633
forecast_1873,2025-03-20 1:00,17006.795,18400.838,14948.211
forecast_1874,2025-03-20 2:00,18270.367,19372.705,15986.144
forecast_1875,2025-03-20 3:00,18893.18,19730.365,16187.108
forecast_1876,2025-03-20 4:00,19251.531,19847.27,16330.051
forecast_1877,2025-03-20 5:00,19522.465,20058.77,16660.557
forecast_1878,2025-03-20 6:00,19816.232,20401.656,17118.537
forecast_1879,2025-03-20 7:00,20164.271,20326.8,17444.51
forecast_1880,2025-03-20 8:00,18974.104,20234.922,17152.824
forecast_1881,2025-03-20 9:00,18164.951,19317.264,16492.963
forecast_1882,2025-03-20 10:00,16852.514,18105.129,15677.011
forecast_1883,2025-03-20 11:00,16553.463,17717.795,15419.299
forecast_1884,2025-03-20 12:00,16225.247,17355.947,14897.654
forecast_1885,2025-03-20 13:00,16536.086,17619.15,15756.954
forecast_1886,2025-03-20 14:00,16583.96,18419.168,15909.338
forecast_1887,2025-03-20 15:00,17788.01,18983.21,16146.775
forecast_1888,2025-03-20 16:00,17893.004,19063.72,16280.281
forecast_1889,2025-03-20 17:00,17906.545,19313.994,16529.973
forecast_1890,2025-03-20 18:00,18095.992,19521.117,16679.514
forecast_1891,2025-03-20 19:00,18989.943,19943.746,16941.232
forecast_1892,2025-03-20 20:00,19064.03,20171.125,17377.572
forecast_1893,2025-03-20 21:00,19772.098,20452.865,18020.86
forecast_1894,2025-03-20 22:00,19095.357,19944.234,17742.904
forecast_1895,2025-03-20 23:00,18608.014,19363.744,16746.934
forecast_1896,2025-03-21 0:00,17811.879,18452.842,16077.53
forecast_1897,2025-03-21 1:00,18267.85,19303.727,17090.156
forecast_1898,2025-03-21 2:00,18961.09,19811.846,17079.861
forecast_1899,2025-03-21 3:00,18506.012,19651.162,16914.504
forecast_1900,2025-03-21 4:00,19145.55,20065.266,17250.828
forecast_1901,2025-03-21 5:00,19639.213,20286.553,17200.88
forecast_1902,2025-03-21 6:00,20065.688,20447.404,17274.7
forecast_1903,2025-03-21 7:00,19912.125,20280.412,17131.285
forecast_1904,2025-03-21 8:00,19786.645,20128.328,17179.967
forecast_1905,2025-03-21 9:00,18599.635,19790.291,16780.574
forecast_1906,2025-03-21 10:00,18807.129,19772.64,16663.355
forecast_1907,2025-03-21 11:00,18442.781,19096.154,16465.45
forecast_1908,2025-03-21 12:00,17790.59,18800.756,16158.073
forecast_1909,2025-03-21 13:00,17119.818,18326.053,15730.323
forecast_1910,2025-03-21 14:00,17186.102,17970.346,15504.252
forecast_1911,2025-03-21 15:00,16322.829,17370.492,14984.145
forecast_1912,2025-03-21 16:00,16686.834,18024.062,14565.819
forecast_1913,2025-03-21 17:00,17388.459,18580.326,15673.767
forecast_1914,2025-03-21 18:00,17956.348,18976.607,16180.165
forecast_1915,2025-03-21 19:00,18194.535,19213.664,16469.084
forecast_1916,2025-03-21 20:00,17845.934,19169.066,16501.01
forecast_1917,2025-03-21 21:00,18080.754,19239.879,16441.938
forecast_1918,2025-03-21 22:00,17297.63,18671.94,16303.957
forecast_1919,2025-03-21 23:00,17974.953,19098.682,16566.2
forecast_1920,2025-03-22 0:00,18087.541,19121.764,16416.46
forecast_1921,2025-03-22 1:00,18733.355,19275.617,16595.287
forecast_1922,2025-03-22 2:00,18865.213,19597.027,16586.574
forecast_1923,2025-03-22 3:00,18369.312,19306.514,16381.207
forecast_1924,2025-03-22 4:00,17981.873,18563.375,15845.343
forecast_1925,2025-03-22 5:00,18170.635,18631.451,15731.887
forecast_1926,2025-03-22 6:00,18335.72,18758.418,15761.385
forecast_1927,2025-03-22 7:00,18632.898,18910.174,15591.67
forecast_1928,2025-03-22 8:00,18331.738,19015.87,15545.065
forecast_1929,2025-03-22 9:00,18081.484,18950.209,16112.482
forecast_1930,2025-03-22 10:00,17718.281,18971.0,16239.562
forecast_1931,2025-03-22 11:00,17685.258,18780.223,15946.026
forecast_1932,2025-03-22 12:00,17430.441,18813.418,15894.91
forecast_1933,2025-03-22 13:00,17151.592,18506.297,15722.247
forecast_1934,2025-03-22 14:00,17215.889,18625.125,16084.903
forecast_1935,2025-03-22 15:00,16743.072,18270.97,15773.867
forecast_1936,2025-03-22 16:00,16605.56,17951.709,15605.985
forecast_1937,2025-03-22 17:00,16566.773,17943.299,15549.932
forecast_1938,2025-03-22 18:00,16972.04,17960.133,15433.562
forecast_1939,2025-03-22 19:00,17583.582,18699.555,15686.31
forecast_1940,2025-03-22 20:00,16864.025,18121.113,15883.319
forecast_1941,2025-03-22 21:00,17104.818,17887.953,15799.274
forecast_1942,2025-03-22 22:00,17376.328,18336.008,16130.886
forecast_1943,2025-03-22 23:00,17711.48,18758.523,15906.956
forecast_1944,2025-03-23 0:00,17984.102,18768.568,15729.715
forecast_1945,2025-03-23 1:00,17133.97,17640.844,14589.872
forecast_1946,2025-03-23 2:00,16723.713,17088.73,13597.663
forecast_1947,2025-03-23 3:00,16861.994,17000.777,13857.449
forecast_1948,2025-03-23 4:00,16382.878,16490.611,13201.398
forecast_1949,2025-03-23 5:00,15445.167,15381.248,12267.7
forecast_1950,2025-03-23 6:00,14493.442,14322.643,10926.494
forecast_1951,2025-03-23 7:00,11968.376,12249.386,8609.059
forecast_1952,2025-03-23 8:00,7754.8384,7611.4766,3667.0728
forecast_1953,2025-03-23 9:00,4439.506,4107.122,2865.497400000003
forecast_1954,2025-03-23 10:00,3544.614500000003,3305.4885000000027,2258.4329000000025
forecast_1955,2025-03-23 11:00,2946.027700000003,2654.5131000000024,2234.8876000000027
forecast_1956,2025-03-23 12:00,2629.9478000000026,2361.9945000000025,2055.406100000003
forecast_1957,2025-03-23 13:00,2832.9004000000027,2509.1216000000027,2132.3201000000026
forecast_1958,2025-03-23 14:00,3111.5525000000025,2852.0413000000026,2297.771400000003
forecast_1959,2025-03-23 15:00,3977.458700000003,3639.8179000000027,2883.478000000003
forecast_1960,2025-03-23 16:00,3900.9006,3935.753,3820.4011000000028
forecast_1961,2025-03-23 17:00,4125.132,4490.3843,3993.0195000000026
forecast_1962,2025-03-23 18:00,3962.4746000000027,3414.633,2936.1151000000027
forecast_1963,2025-03-23 19:00,4418.294,5718.1924,4112.332500000002
forecast_1964,2025-03-23 20:00,6869.4116,8374.269,5712.5293
forecast_1965,2025-03-23 21:00,9552.456,11877.993,8751.9795
forecast_1966,2025-03-23 22:00,11108.732,13664.639,10513.298
forecast_1967,2025-03-23 23:00,11724.495,14188.865,11515.738
forecast_1968,2025-03-24 0:00,12115.727,14352.881,11134.099
forecast_1969,2025-03-24 1:00,12208.886,14469.039,11077.815
forecast_1970,2025-03-24 2:00,11124.582,13519.979,10288.422
forecast_1971,2025-03-24 3:00,11372.567,13969.095,10892.42
forecast_1972,2025-03-24 4:00,10478.383,13023.669,10195.13
forecast_1973,2025-03-24 5:00,10858.27,13189.105,10266.394
forecast_1974,2025-03-24 6:00,12885.831,15234.645,12766.456
forecast_1975,2025-03-24 7:00,13234.164,14738.501,11253.709
forecast_1976,2025-03-24 8:00,13919.538,15254.1875,12244.763
forecast_1977,2025-03-24 9:00,13656.7,15303.543,12769.455
forecast_1978,2025-03-24 10:00,14703.279,15834.496,13659.765
forecast_1979,2025-03-24 11:00,15220.263,16242.272,13794.555
forecast_1980,2025-03-24 12:00,15925.546,16727.113,14725.655
forecast_1981,2025-03-24 13:00,15926.327,16523.184,14684.167
forecast_1982,2025-03-24 14:00,15666.03,16180.52,13800.439
forecast_1983,2025-03-24 15:00,14819.2,15423.853,13240.622
forecast_1984,2025-03-24 16:00,14761.774,15329.087,13363.278
forecast_1985,2025-03-24 17:00,14304.452,14648.592,12761.0625
forecast_1986,2025-03-24 18:00,12705.387,13402.355,11311.139
forecast_1987,2025-03-24 19:00,13600.59,14486.501,12242.15
forecast_1988,2025-03-24 20:00,13842.993,14766.726,12735.553
forecast_1989,2025-03-24 21:00,13547.3125,13877.377,12377.967
forecast_1990,2025-03-24 22:00,15812.28,16837.408,15465.544
forecast_1991,2025-03-24 23:00,17035.01,17899.738,15919.051
forecast_1992,2025-03-25 0:00,17788.756,17748.88,15862.031
forecast_1993,2025-03-25 1:00,18005.871,18662.896,16388.797
forecast_1994,2025-03-25 2:00,18005.016,18211.676,15919.235
forecast_1995,2025-03-25 3:00,15995.782,15842.337,12628.169
forecast_1996,2025-03-25 4:00,12853.652,13647.891,10704.055
forecast_1997,2025-03-25 5:00,9604.849,10754.185,7594.324
forecast_1998,2025-03-25 6:00,7914.339,8871.502,5777.113
forecast_1999,2025-03-25 7:00,8102.2866,9189.17,5716.177
forecast_2000,2025-03-25 8:00,8945.748,10184.922,6906.479
forecast_2001,2025-03-25 9:00,8504.598,10040.769,6416.9463
forecast_2002,2025-03-25 10:00,8905.445,9989.76,7370.538
forecast_2003,2025-03-25 11:00,9157.731,10731.947,9209.719
forecast_2004,2025-03-25 12:00,10441.65,12103.408,10281.99
forecast_2005,2025-03-25 13:00,12333.764,14483.294,12844.086
forecast_2006,2025-03-25 14:00,14714.791,16449.527,15212.173
forecast_2007,2025-03-25 15:00,15264.2705,16710.332,15250.709
forecast_2008,2025-03-25 16:00,14978.775,17000.53,15372.797
forecast_2009,2025-03-25 17:00,16400.365,17898.658,15615.532
forecast_2010,2025-03-25 18:00,17381.3,18623.63,16149.298
forecast_2011,2025-03-25 19:00,17362.201,18501.432,15567.284
forecast_2012,2025-03-25 20:00,17060.256,17983.012,15261.532
forecast_2013,2025-03-25 21:00,17597.02,18921.74,15334.9795
forecast_2014,2025-03-25 22:00,17889.445,19585.867,14919.618
forecast_2015,2025-03-25 23:00,18458.78,19786.656,15530.689
forecast_2016,2025-03-26 0:00,18433.701,19692.275,15891.902
forecast_2017,2025-03-26 1:00,18906.62,19414.02,16030.69
forecast_2018,2025-03-26 2:00,18690.812,18531.197,16087.021
forecast_2019,2025-03-26 3:00,17716.229,17414.209,15628.832
forecast_2020,2025-03-26 4:00,17090.643,16564.943,14382.518
forecast_2021,2025-03-26 5:00,16021.6,15793.732,12384.044
forecast_2022,2025-03-26 6:00,13794.746,12833.298,8901.22
forecast_2023,2025-03-26 7:00,7775.1914,7961.7773,4327.501
forecast_2024,2025-03-26 8:00,4326.194,4257.2505,2943.5004000000026
forecast_2025,2025-03-26 9:00,3797.003400000003,3800.9033000000027,2592.890400000003
forecast_2026,2025-03-26 10:00,2953.5018000000027,2879.5463000000027,2113.737100000003
forecast_2027,2025-03-26 11:00,2805.2300000000027,2717.6083000000026,2166.1288000000027
forecast_2028,2025-03-26 12:00,3220.5283000000027,3383.5370000000025,2385.470000000003
forecast_2029,2025-03-26 13:00,3414.8875000000025,3589.7554000000027,2415.1677000000027
forecast_2030,2025-03-26 14:00,3657.1240000000025,3918.5942000000027,2791.8201000000026
forecast_2031,2025-03-26 15:00,3317.391,3549.3684,2885.5238000000027
forecast_2032,2025-03-26 16:00,4131.047600000003,3493.6648,2768.5017000000025
forecast_2033,2025-03-26 17:00,4190.677700000003,3772.9011,2818.4647000000027
forecast_2034,2025-03-26 18:00,4849.139,5908.806,3938.645500000003
forecast_2035,2025-03-26 19:00,7651.0283,9534.014,5693.0127
forecast_2036,2025-03-26 20:00,8811.817,10126.196,7121.1416
forecast_2037,2025-03-26 21:00,10104.3545,11623.548,7739.123
forecast_2038,2025-03-26 22:00,11577.416,13243.402,9623.802
forecast_2039,2025-03-26 23:00,13073.709,15103.29,10876.714
forecast_2040,2025-03-27 0:00,15559.067,17114.906,13559.5
forecast_2041,2025-03-27 1:00,15926.699,18419.154,14215.839
forecast_2042,2025-03-27 2:00,16137.344,18698.06,15071.042
forecast_2043,2025-03-27 3:00,17043.32,18921.28,15457.228
forecast_2044,2025-03-27 4:00,17789.441,19260.084,16424.588
forecast_2045,2025-03-27 5:00,14851.072,16059.97,12395.257
forecast_2046,2025-03-27 6:00,14000.64,15665.754,11187.97
forecast_2047,2025-03-27 7:00,13085.0205,14606.888,10866.627
forecast_2048,2025-03-27 8:00,14749.137,16173.714,12977.161
forecast_2049,2025-03-27 9:00,13813.214,15477.948,12705.838
forecast_2050,2025-03-27 10:00,12681.285,14164.565,11267.031
forecast_2051,2025-03-27 11:00,12259.252,13995.101,11216.39
forecast_2052,2025-03-27 12:00,11121.066,12600.594,9893.936
forecast_2053,2025-03-27 13:00,10191.27,11365.004,8845.1
forecast_2054,2025-03-27 14:00,10555.919,12102.391,9819.593
forecast_2055,2025-03-27 15:00,9938.173,10930.882,8478.831
forecast_2056,2025-03-27 16:00,8163.4175,8474.788,6206.49
forecast_2057,2025-03-27 17:00,8969.928,9518.303,7050.401
forecast_2058,2025-03-27 18:00,10394.881,10632.462,8510.567
forecast_2059,2025-03-27 19:00,11011.238,11131.181,8994.961
forecast_2060,2025-03-27 20:00,10864.677,10779.583,8297.054
forecast_2061,2025-03-27 21:00,12805.035,12762.373,10105.972
forecast_2062,2025-03-27 22:00,13297.706,13092.314,10292.465
forecast_2063,2025-03-27 23:00,12365.319,13099.359,9986.446
forecast_2064,2025-03-28 0:00,11395.443,12284.032,8886.926
forecast_2065,2025-03-28 1:00,4585.423,4162.983,3296.150000000003
forecast_2066,2025-03-28 2:00,4188.74,3575.9578,3296.2776000000026
forecast_2067,2025-03-28 3:00,3499.8708,3368.0403,2924.4468000000024
forecast_2068,2025-03-28 4:00,3562.919,3585.1853,3299.555400000003
forecast_2069,2025-03-28 5:00,3856.9033000000027,3438.919400000003,2798.4005000000025
forecast_2070,2025-03-28 6:00,3008.3370000000027,2828.5171000000028,2332.0825000000027
forecast_2071,2025-03-28 7:00,2759.5497000000028,2508.6389000000026,2149.3622400000027
forecast_2072,2025-03-28 8:00,2446.6779000000024,2297.4857000000025,2101.3233600000026
forecast_2073,2025-03-28 9:00,2564.8898000000027,2343.5197000000026,2201.1892000000025
forecast_2074,2025-03-28 10:00,2574.5298000000025,2340.5272000000027,2280.986600000003
forecast_2075,2025-03-28 11:00,2689.6743000000024,2437.0497000000028,2168.3705000000027
forecast_2076,2025-03-28 12:00,2975.0700000000024,2464.4496000000026,2190.937600000003
forecast_2077,2025-03-28 13:00,3229.8660000000027,3028.5056000000027,2600.2760000000026
forecast_2078,2025-03-28 14:00,3467.4573000000028,3292.092500000003,2547.757700000003
forecast_2079,2025-03-28 15:00,3695.7686000000026,3419.3486000000025,2561.1335000000026
forecast_2080,2025-03-28 16:00,3829.103300000003,3382.619000000003,2532.3570000000027
forecast_2081,2025-03-28 17:00,3707.449700000003,3412.580800000003,2558.7701000000025
forecast_2082,2025-03-28 18:00,3657.4624,3728.1921,3203.384500000003
forecast_2083,2025-03-28 19:00,4294.3755,4434.902,3836.7751000000026
forecast_2084,2025-03-28 20:00,6497.216,6103.641,4012.4282
forecast_2085,2025-03-28 21:00,7252.6787,7244.3027,4802.1636
forecast_2086,2025-03-28 22:00,7325.6143,6603.2144,4211.0786
forecast_2087,2025-03-28 23:00,7035.617,6660.4,3807.6216
forecast_2088,2025-03-29 0:00,6341.182,6333.7173,3389.1833
forecast_2089,2025-03-29 1:00,2796.3414000000025,2291.0939000000026,2065.728900000003
forecast_2090,2025-03-29 2:00,2474.6650000000027,2309.6426000000024,1979.0959500000026
forecast_2091,2025-03-29 3:00,2719.4279000000024,2659.3389000000025,1981.7532000000028
forecast_2092,2025-03-29 4:00,3421.449700000003,3665.122600000003,2590.5643000000027
forecast_2093,2025-03-29 5:00,4775.335,5029.1997,4143.863300000003
forecast_2094,2025-03-29 6:00,6608.1123,7248.991,5135.2
forecast_2095,2025-03-29 7:00,7755.4087,9214.568,6396.937
forecast_2096,2025-03-29 8:00,7961.5293,8325.032,6774.4253
forecast_2097,2025-03-29 9:00,7345.15,7706.6753,6447.677
forecast_2098,2025-03-29 10:00,8183.8413,8317.066,7311.116
forecast_2099,2025-03-29 11:00,10693.195,10458.713,9511.316
forecast_2100,2025-03-29 12:00,12442.707,12858.903,10528.314
forecast_2101,2025-03-29 13:00,13693.82,13944.952,11436.106
forecast_2102,2025-03-29 14:00,13961.709,14556.583,12274.453
forecast_2103,2025-03-29 15:00,14653.3955,14863.139,11928.043
forecast_2104,2025-03-29 16:00,14940.897,14801.691,12544.128
forecast_2105,2025-03-29 17:00,14825.696,14583.613,11410.235
forecast_2106,2025-03-29 18:00,14512.034,14102.045,10716.37
forecast_2107,2025-03-29 19:00,13707.242,13190.086,10016.804
forecast_2108,2025-03-29 20:00,14044.465,12942.424,10262.966
forecast_2109,2025-03-29 21:00,14356.562,13476.087,10519.896
forecast_2110,2025-03-29 22:00,14419.69,13075.576,10391.462
forecast_2111,2025-03-29 23:00,13564.393,11982.123,9240.545
forecast_2112,2025-03-30 0:00,12925.118,11083.698,8582.654
forecast_2113,2025-03-30 1:00,13315.749,11945.937,9191.991
forecast_2114,2025-03-30 2:00,12868.669,11217.881,8776.697
forecast_2115,2025-03-30 3:00,12174.345,10236.194,8332.775
forecast_2116,2025-03-30 4:00,11611.003,10270.037,8308.685
forecast_2117,2025-03-30 5:00,11121.541,10007.657,7943.652
forecast_2118,2025-03-30 6:00,11283.323,10580.277,8362.067
forecast_2119,2025-03-30 7:00,10411.758,9451.546,7164.068
forecast_2120,2025-03-30 8:00,8929.193,7154.81,5949.0693
forecast_2121,2025-03-30 9:00,8995.244,7220.834,5929.1475
forecast_2122,2025-03-30 10:00,9528.254,7325.378,6375.0674
forecast_2123,2025-03-30 11:00,9439.964,7417.324,6782.993
forecast_2124,2025-03-30 12:00,9353.489,7704.832,7352.2314
forecast_2125,2025-03-30 13:00,10023.257,8732.617,7580.0576
forecast_2126,2025-03-30 14:00,10506.083,8665.734,7740.4927
forecast_2127,2025-03-30 15:00,9680.505,8013.923,7017.276
forecast_2128,2025-03-30 16:00,8552.239,7077.46,5451.4517
forecast_2129,2025-03-30 17:00,7793.5063,6389.1274,4900.126
forecast_2130,2025-03-30 18:00,7304.3096,6409.235,4764.6963
forecast_2131,2025-03-30 19:00,7741.95,6928.3145,5530.1807
forecast_2132,2025-03-30 20:00,7450.896,7285.4204,5436.5156
forecast_2133,2025-03-30 21:00,7537.474,7040.4106,5188.9136
forecast_2134,2025-03-30 22:00,8276.345,8284.999,5577.3916
forecast_2135,2025-03-30 23:00,8965.698,9192.806,6724.3276
forecast_2136,2025-03-31 0:00,9970.322,10086.837,7376.332
forecast_2137,2025-03-31 1:00,14903.863,15789.686,13472.688
forecast_2138,2025-03-31 2:00,15285.994,16291.664,13919.08
forecast_2139,2025-03-31 3:00,15351.843,16423.582,13865.318
forecast_2140,2025-03-31 4:00,15756.575,16813.537,13762.492
forecast_2141,2025-03-31 5:00,15762.107,16937.053,14041.802
forecast_2142,2025-03-31 6:00,15333.487,16324.463,12837.246
forecast_2143,2025-03-31 7:00,11465.167,12750.759,8961.143
forecast_2144,2025-03-31 8:00,8136.8,7605.8257,5721.607
forecast_2145,2025-03-31 9:00,6078.9473,5791.4556,3711.7163
forecast_2146,2025-03-31 10:00,4082.7925,3750.1467,3339.418500000003
forecast_2147,2025-03-31 11:00,3298.4836,3973.2960000000026,2971.548700000003
forecast_2148,2025-03-31 12:00,3716.6033,3423.1692,3537.2100000000028
forecast_2149,2025-03-31 13:00,4374.4023,3857.7024,4271.237800000003
forecast_2150,2025-03-31 14:00,4551.438,4090.0432,3936.3599000000027
forecast_2151,2025-03-31 15:00,4742.853,4217.731,3202.2178
forecast_2152,2025-03-31 16:00,4776.742,3948.4675,3964.4885000000027
forecast_2153,2025-03-31 17:00,5056.6895,4591.507,3569.9158
forecast_2154,2025-03-31 18:00,5182.365,4999.1035,4098.9697
forecast_2155,2025-03-31 19:00,7445.015,7222.664,7153.432
forecast_2156,2025-03-31 20:00,9544.241,9248.865,8587.489
forecast_2157,2025-03-31 21:00,9772.663,10442.698,9201.825
forecast_2158,2025-03-31 22:00,11749.37,12488.564,9964.1045
forecast_2159,2025-03-31 23:00,13358.932,13963.461,11169.007
forecast_2160,2025-04-01 0:00,13535.84,14472.424,11188.726
forecast_2161,2025-04-01 1:00,6809.0103,7312.9414,5783.9873
forecast_2162,2025-04-01 2:00,7475.514,7772.1436,6216.3804
forecast_2163,2025-04-01 3:00,7461.184,7561.189,6068.4487
forecast_2164,2025-04-01 4:00,7617.671,7734.529,6171.2363
forecast_2165,2025-04-01 5:00,6551.622,6217.1206,4752.517
forecast_2166,2025-04-01 6:00,6308.088,5560.952,3973.8188
forecast_2167,2025-04-01 7:00,4743.2637,4210.3813,3983.4058000000027
forecast_2168,2025-04-01 8:00,4153.805000000002,3690.679000000003,2855.4612000000025
forecast_2169,2025-04-01 9:00,2954.0183000000025,2621.1016000000027,2205.496000000003
forecast_2170,2025-04-01 10:00,2129.7699000000025,1994.2885000000028,1953.2026000000028
forecast_2171,2025-04-01 11:00,2088.3054000000025,1927.7102000000027,1895.5508000000027
forecast_2172,2025-04-01 12:00,2089.284900000003,1926.1147000000028,1881.4732700000027
forecast_2173,2025-04-01 13:00,2141.2034000000026,1974.4409000000028,1895.5508000000027
forecast_2174,2025-04-01 14:00,2280.9556000000025,2229.9801000000025,2106.819500000003
forecast_2175,2025-04-01 15:00,2360.4265000000028,2220.4785000000024,2109.8542000000025
forecast_2176,2025-04-01 16:00,2293.877300000003,2271.3262000000027,1985.1709600000027
forecast_2177,2025-04-01 17:00,2254.0201000000025,2144.4781000000025,1951.1470000000027
forecast_2178,2025-04-01 18:00,2470.6368000000025,2242.2310000000025,1909.0402000000026
forecast_2179,2025-04-01 19:00,2629.8821000000025,2307.9192000000025,1921.8401500000027
forecast_2180,2025-04-01 20:00,2839.496000000003,2570.068600000003,2008.5392500000028
forecast_2181,2025-04-01 21:00,2986.7711000000027,2809.8597000000027,2088.874270000003
forecast_2182,2025-04-01 22:00,3216.9175000000027,3259.1304000000027,2183.1082000000024
forecast_2183,2025-04-01 23:00,3210.978300000003,3473.8855000000026,2364.7900000000027
forecast_2184,2025-04-02 0:00,3293.9556000000025,3593.7207000000026,2455.8206000000027
forecast_2185,2025-04-02 1:00,2860.7646000000027,2652.1800000000026,2126.2136000000028
forecast_2186,2025-04-02 2:00,2860.1074000000026,2630.0946000000026,2080.6011000000026
forecast_2187,2025-04-02 3:00,2704.2728000000025,2542.085700000003,2093.1978000000026
forecast_2188,2025-04-02 4:00,2596.9829000000027,2502.4857000000025,2087.8938000000026
forecast_2189,2025-04-02 5:00,2517.8563000000026,2492.550400000003,2084.232240000003
forecast_2190,2025-04-02 6:00,2537.410800000003,2393.4136000000026,2116.6326000000026
forecast_2191,2025-04-02 7:00,2488.1962000000026,2470.7682000000027,2035.9050000000027
forecast_2192,2025-04-02 8:00,2273.058500000003,2298.9515000000024,1999.2203000000027
forecast_2193,2025-04-02 9:00,2261.7358000000027,2313.195400000003,2003.0885000000026
forecast_2194,2025-04-02 10:00,2213.0203000000024,2414.0189000000028,1979.4919400000026
forecast_2195,2025-04-02 11:00,2475.6528000000026,2809.1881000000026,2231.483500000003
forecast_2196,2025-04-02 12:00,2256.6991000000025,2474.5656000000026,2109.8542000000025
forecast_2197,2025-04-02 13:00,2419.5636000000027,2637.2500000000027,2112.115400000003
forecast_2198,2025-04-02 14:00,2497.361100000003,2745.1068000000027,2244.0314000000026
forecast_2199,2025-04-02 15:00,2840.2047000000025,3011.6753000000026,2517.849000000003
forecast_2200,2025-04-02 16:00,3133.8257000000026,3077.4954000000025,2517.4944000000028
forecast_2201,2025-04-02 17:00,3003.5804000000026,2946.7898000000027,2491.6124000000027
forecast_2202,2025-04-02 18:00,2997.4495000000024,3385.0750000000025,2460.4410000000025
forecast_2203,2025-04-02 19:00,2519.129300000003,2449.0778000000028,2056.8720000000026
forecast_2204,2025-04-02 20:00,2574.3435000000027,2463.4664000000025,2056.8720000000026
forecast_2205,2025-04-02 21:00,2744.3824000000027,2597.2870000000025,2252.1079000000027
forecast_2206,2025-04-02 22:00,3015.0563000000025,2916.5906000000027,2387.413800000003
forecast_2207,2025-04-02 23:00,2741.3042000000028,3072.126200000003,2497.064100000003
forecast_2208,2025-04-03 0:00,3004.2574000000027,3181.5535000000027,2255.142600000003
forecast_2209,2025-04-03 1:00,3042.340000000003,3209.9966000000027,2302.1241000000027
forecast_2210,2025-04-03 2:00,3072.5579000000025,3173.1018000000026,2348.0452000000028
forecast_2211,2025-04-03 3:00,3014.2875000000026,3099.9973000000027,2360.8516000000027
forecast_2212,2025-04-03 4:00,3065.330300000003,3237.4456000000027,2412.577000000003
forecast_2213,2025-04-03 5:00,3140.947000000003,3417.161900000003,2454.8618000000024
forecast_2214,2025-04-03 6:00,3223.427000000003,3491.1277000000027,2588.897300000003
forecast_2215,2025-04-03 7:00,3234.3940000000025,3513.8127000000027,2601.8304000000026
forecast_2216,2025-04-03 8:00,3014.6550000000025,3199.390100000003,2418.979000000003
forecast_2217,2025-04-03 9:00,2707.5408000000025,3001.777300000003,2257.7349000000027
forecast_2218,2025-04-03 10:00,2313.5101000000027,2543.1895000000027,2193.9894000000027
forecast_2219,2025-04-03 11:00,2234.2838000000024,2433.9710000000027,2061.978450000003
forecast_2220,2025-04-03 12:00,2205.2494000000024,2363.3988000000027,2056.8720000000026
forecast_2221,2025-04-03 13:00,2178.7333000000026,2334.0040000000026,1979.4919400000026
forecast_2222,2025-04-03 14:00,2235.0972000000024,2366.7688000000026,2061.978450000003
forecast_2223,2025-04-03 15:00,2170.0532000000026,2322.1384000000025,2056.8720000000026
forecast_2224,2025-04-03 16:00,2219.8574000000026,2169.9004000000027,1974.1907300000028
forecast_2225,2025-04-03 17:00,2116.9920000000025,2055.7245000000025,1964.1945000000028
forecast_2226,2025-04-03 18:00,2391.0442000000025,2366.183500000003,2046.0981400000028
forecast_2227,2025-04-03 19:00,2554.7988000000028,2607.9792000000025,2126.183530000003
forecast_2228,2025-04-03 20:00,2788.1449000000025,2868.4113000000025,2112.115400000003
forecast_2229,2025-04-03 21:00,2852.1614000000027,3073.8296000000028,2301.395500000003
forecast_2230,2025-04-03 22:00,3107.8271000000027,3461.7383000000027,2631.8995000000027
forecast_2231,2025-04-03 23:00,3803.319800000003,3990.9004000000027,3018.782500000003
forecast_2232,2025-04-04 0:00,3928.3691,4179.0425,3885.0730000000026
forecast_2233,2025-04-04 1:00,4763.523,5250.8403,3433.2097
forecast_2234,2025-04-04 2:00,5829.356,6619.1914,4878.4834
forecast_2235,2025-04-04 3:00,6669.339,7584.9175,5876.9653
forecast_2236,2025-04-04 4:00,7338.1836,8323.937,6486.846
forecast_2237,2025-04-04 5:00,8400.299,9379.969,7859.8433
forecast_2238,2025-04-04 6:00,8397.648,9280.373,6771.3833
forecast_2239,2025-04-04 7:00,8046.803,8491.767,5556.3984
forecast_2240,2025-04-04 8:00,7075.7783,7714.1665,4442.0396
forecast_2241,2025-04-04 9:00,6119.7676,5591.7305,3270.2598
forecast_2242,2025-04-04 10:00,3738.5690000000027,3361.1501000000026,2713.638100000003
forecast_2243,2025-04-04 11:00,2869.9628000000025,2657.1400000000026,2408.3242000000027
forecast_2244,2025-04-04 12:00,2779.6647000000025,2743.3167000000026,2292.4040000000027
forecast_2245,2025-04-04 13:00,2628.1731000000027,2487.2339000000024,2190.022600000003
forecast_2246,2025-04-04 14:00,2582.970800000003,2376.7155000000025,2159.6832000000027
forecast_2247,2025-04-04 15:00,2797.5703000000026,2500.0117000000027,2292.6079000000027
forecast_2248,2025-04-04 16:00,3505.1650000000027,3157.6812000000027,2672.5597000000025
forecast_2249,2025-04-04 17:00,3748.572500000003,3534.1677000000027,2784.8473000000026
forecast_2250,2025-04-04 18:00,4011.2585000000026,4001.1140000000028,2881.0674000000026
forecast_2251,2025-04-04 19:00,3884.537400000003,3849.6304000000027,2722.090200000003
forecast_2252,2025-04-04 20:00,3816.6836,4293.8467,3142.0690000000027
forecast_2253,2025-04-04 21:00,3731.983,4405.107,3377.932600000003
forecast_2254,2025-04-04 22:00,3738.932,4343.0967,3159.7689000000028
forecast_2255,2025-04-04 23:00,4703.1147,5379.267,3746.0352000000025
forecast_2256,2025-04-05 0:00,5947.309,7531.513,3856.6274
forecast_2257,2025-04-05 1:00,8946.829,11001.401,7096.2383
forecast_2258,2025-04-05 2:00,9794.469,12405.511,8244.098
forecast_2259,2025-04-05 3:00,9318.288,11746.869,7604.427
forecast_2260,2025-04-05 4:00,9815.065,12324.338,8506.195
forecast_2261,2025-04-05 5:00,9137.861,12381.606,7811.845
forecast_2262,2025-04-05 6:00,8879.943,12002.371,7806.483
forecast_2263,2025-04-05 7:00,6620.2534,9535.016,4704.643
forecast_2264,2025-04-05 8:00,6023.7827,8144.6333,4068.8608
forecast_2265,2025-04-05 9:00,5231.855,6577.938,3317.376
forecast_2266,2025-04-05 10:00,3662.3853,3859.1675,3019.577000000003
forecast_2267,2025-04-05 11:00,5189.041,5967.3237,3383.138
forecast_2268,2025-04-05 12:00,7728.848,9839.385,7300.204
forecast_2269,2025-04-05 13:00,9551.631,11901.812,9416.475
forecast_2270,2025-04-05 14:00,11813.923,13529.897,10780.508
forecast_2271,2025-04-05 15:00,11855.176,13682.251,10582.696
forecast_2272,2025-04-05 16:00,12455.293,13930.2,10685.81
forecast_2273,2025-04-05 17:00,12784.161,14006.33,11222.935
forecast_2274,2025-04-05 18:00,14749.567,15193.836,12901.195
forecast_2275,2025-04-05 19:00,14985.098,15012.999,13257.572
forecast_2276,2025-04-05 20:00,15190.883,15730.057,14596.73
forecast_2277,2025-04-05 21:00,14660.649,15618.121,14047.756
forecast_2278,2025-04-05 22:00,14250.022,15336.027,13428.864
forecast_2279,2025-04-05 23:00,15410.156,16693.977,15041.678
forecast_2280,2025-04-06 0:00,15976.998,16935.777,14710.328
forecast_2281,2025-04-06 1:00,14285.496,15225.61,12748.504
forecast_2282,2025-04-06 2:00,14340.637,15713.927,12916.208
forecast_2283,2025-04-06 3:00,15035.422,16044.063,13469.423
forecast_2284,2025-04-06 4:00,14947.289,15497.033,13296.956
forecast_2285,2025-04-06 5:00,15695.94,16470.418,14549.372
forecast_2286,2025-04-06 6:00,15476.935,15828.791,13576.511
forecast_2287,2025-04-06 7:00,15848.236,16195.917,14306.873
forecast_2288,2025-04-06 8:00,15447.91,15961.597,13786.532
forecast_2289,2025-04-06 9:00,15237.633,15362.622,12795.019
forecast_2290,2025-04-06 10:00,13992.816,14069.871,10802.177
forecast_2291,2025-04-06 11:00,12704.659,12524.976,9936.149
forecast_2292,2025-04-06 12:00,12587.67,13116.429,10396.384
forecast_2293,2025-04-06 13:00,13222.528,13793.621,11409.217
forecast_2294,2025-04-06 14:00,14311.591,14601.831,12209.954
forecast_2295,2025-04-06 15:00,14522.926,14671.192,12087.871
forecast_2296,2025-04-06 16:00,13671.686,13694.05,11602.619
forecast_2297,2025-04-06 17:00,13657.946,13639.896,11213.541
forecast_2298,2025-04-06 18:00,13473.687,13726.029,11328.261
forecast_2299,2025-04-06 19:00,13429.988,14398.5,11969.453
forecast_2300,2025-04-06 20:00,12930.551,13611.106,11770.332
forecast_2301,2025-04-06 21:00,12994.143,13690.721,12035.876
forecast_2302,2025-04-06 22:00,14136.776,14962.271,12864.383
forecast_2303,2025-04-06 23:00,14231.856,14696.863,12488.163
forecast_2304,2025-04-07 0:00,14203.87,15297.806,13295.56
forecast_2305,2025-04-07 1:00,14943.012,16330.058,14048.611
forecast_2306,2025-04-07 2:00,14671.896,16088.368,13457.855
forecast_2307,2025-04-07 3:00,14152.784,15340.07,12114.52
forecast_2308,2025-04-07 4:00,14305.628,15653.161,12462.795
forecast_2309,2025-04-07 5:00,14103.402,15811.274,12591.406
forecast_2310,2025-04-07 6:00,14239.457,15939.531,12349.931
forecast_2311,2025-04-07 7:00,14458.742,15939.925,12149.893
forecast_2312,2025-04-07 8:00,13064.558,14548.1045,11098.784
forecast_2313,2025-04-07 9:00,12448.514,13804.719,10967.415
forecast_2314,2025-04-07 10:00,11037.099,12293.694,10031.269
forecast_2315,2025-04-07 11:00,9904.344,10989.417,9187.327
forecast_2316,2025-04-07 12:00,10141.316,10061.933,8682.082
forecast_2317,2025-04-07 13:00,9710.298,9493.871,7915.6113
forecast_2318,2025-04-07 14:00,11208.8955,11057.138,9708.812
forecast_2319,2025-04-07 15:00,12902.838,13471.724,11729.198
forecast_2320,2025-04-07 16:00,14944.581,15382.8545,13737.14
forecast_2321,2025-04-07 17:00,15413.976,16094.969,13857.195
forecast_2322,2025-04-07 18:00,15187.772,16159.349,14010.103
forecast_2323,2025-04-07 19:00,16128.444,17407.195,15706.431
forecast_2324,2025-04-07 20:00,17356.598,18662.684,16351.45
forecast_2325,2025-04-07 21:00,17679.246,19247.166,16554.139
forecast_2326,2025-04-07 22:00,18130.402,19448.193,16090.944
forecast_2327,2025-04-07 23:00,18578.316,19649.307,14988.78
forecast_2328,2025-04-08 0:00,18284.926,19794.398,14019.471
forecast_2329,2025-04-08 1:00,18414.684,19520.219,14753.503
forecast_2330,2025-04-08 2:00,18579.111,19709.787,14052.318
forecast_2331,2025-04-08 3:00,19132.031,19981.88,13920.627
forecast_2332,2025-04-08 4:00,19455.688,20288.732,16633.896
forecast_2333,2025-04-08 5:00,19033.951,19970.049,16810.047
forecast_2334,2025-04-08 6:00,18462.635,18548.055,15809.35
forecast_2335,2025-04-08 7:00,17932.043,18175.307,15124.323
forecast_2336,2025-04-08 8:00,17384.227,17405.906,14686.293
forecast_2337,2025-04-08 9:00,16092.111,15707.767,12976.423
forecast_2338,2025-04-08 10:00,14244.24,14019.631,12025.279
forecast_2339,2025-04-08 11:00,13844.953,13525.445,10690.413
forecast_2340,2025-04-08 12:00,14127.558,13787.134,10770.678
forecast_2341,2025-04-08 13:00,13696.608,13522.885,10642.7
forecast_2342,2025-04-08 14:00,12988.534,12085.249,9617.016
forecast_2343,2025-04-08 15:00,11810.265,10061.642,7876.94
forecast_2344,2025-04-08 16:00,7966.0913,5856.1675,3685.2256
forecast_2345,2025-04-08 17:00,5417.16,4796.797,3708.5040000000026
forecast_2346,2025-04-08 18:00,3700.221700000003,3256.4233000000027,2456.402700000003
forecast_2347,2025-04-08 19:00,3002.7465000000025,2863.9221000000025,2180.118800000003
forecast_2348,2025-04-08 20:00,2781.0712000000026,2523.080300000003,2025.2447000000027
forecast_2349,2025-04-08 21:00,2748.7292000000025,2552.4032000000025,2101.6466000000028
forecast_2350,2025-04-08 22:00,2661.5950000000025,2674.9215000000027,2134.128000000003
forecast_2351,2025-04-08 23:00,2748.1250000000027,2806.4202000000028,2288.026600000003
forecast_2352,2025-04-09 0:00,2640.9718000000025,2744.3344000000025,2180.1711000000028
forecast_2353,2025-04-09 1:00,2717.4025000000024,2752.8921000000028,2206.6167000000028
forecast_2354,2025-04-09 2:00,2666.3574000000026,2773.373000000003,2281.056300000003
forecast_2355,2025-04-09 3:00,2627.162600000003,2705.208900000003,2315.8129000000026
forecast_2356,2025-04-09 4:00,2859.8038000000024,2825.8672000000024,2331.473600000003
forecast_2357,2025-04-09 5:00,2897.3854000000024,2951.847000000003,2453.8066000000026
forecast_2358,2025-04-09 6:00,3095.617400000003,2949.8900000000026,2399.0125000000025
forecast_2359,2025-04-09 7:00,3405.180400000003,3344.286900000003,2441.6738000000028
forecast_2360,2025-04-09 8:00,3203.9880000000026,3366.973100000003,2334.1298000000024
forecast_2361,2025-04-09 9:00,3263.438200000003,3420.2844000000027,2489.4270000000024
forecast_2362,2025-04-09 10:00,3361.1328000000026,3560.875700000003,2580.9675000000025
forecast_2363,2025-04-09 11:00,3698.0132000000026,3867.7556000000027,2792.0642000000025
forecast_2364,2025-04-09 12:00,3982.6406,4269.1753,3673.8938000000026
forecast_2365,2025-04-09 13:00,3877.7932,4185.8853,3793.5242000000026
forecast_2366,2025-04-09 14:00,4400.806,5172.924,3918.697500000003
forecast_2367,2025-04-09 15:00,5162.6685,5885.155,4123.8633
forecast_2368,2025-04-09 16:00,7263.608,8580.815,6787.2383
forecast_2369,2025-04-09 17:00,8264.981,9412.493,7664.15
forecast_2370,2025-04-09 18:00,7906.2686,8821.281,6115.221
forecast_2371,2025-04-09 19:00,5501.282,6160.975,3336.369
forecast_2372,2025-04-09 20:00,5719.6826,6456.544,3526.1782
forecast_2373,2025-04-09 21:00,5661.396,5987.4243,4209.528600000003
forecast_2374,2025-04-09 22:00,7330.8833,8167.0254,4461.2715
forecast_2375,2025-04-09 23:00,7800.5933,9250.984,5549.6216
forecast_2376,2025-04-10 0:00,8096.748,9922.108,6215.068
forecast_2377,2025-04-10 1:00,7355.8916,8508.502,4678.279
forecast_2378,2025-04-10 2:00,8359.798,9665.902,6371.135
forecast_2379,2025-04-10 3:00,9084.202,10601.08,7013.9106
forecast_2380,2025-04-10 4:00,8609.446,10270.173,6266.11
forecast_2381,2025-04-10 5:00,7872.141,8382.651,5154.839
forecast_2382,2025-04-10 6:00,6875.2476,7237.528,4555.206
forecast_2383,2025-04-10 7:00,6081.476,6122.204,3889.4966
forecast_2384,2025-04-10 8:00,5664.7583,5841.006,3631.9148
forecast_2385,2025-04-10 9:00,5594.103,6180.184,4263.772000000003
forecast_2386,2025-04-10 10:00,5188.3306,5388.879,4164.217000000002
forecast_2387,2025-04-10 11:00,5131.9385,5017.6475,4160.081800000003
forecast_2388,2025-04-10 12:00,4201.891,3778.435,3519.445000000003
forecast_2389,2025-04-10 13:00,3917.3032,3523.644,3289.9453000000026
forecast_2390,2025-04-10 14:00,4123.7803,3897.808,3498.626000000003
forecast_2391,2025-04-10 15:00,4603.137,4289.025,3602.827000000003
forecast_2392,2025-04-10 16:00,4434.9526,4240.2124,3422.583700000003
forecast_2393,2025-04-10 17:00,3920.1978,3874.81,3131.623800000003
forecast_2394,2025-04-10 18:00,3552.7122,3331.4478,2702.156600000003
forecast_2395,2025-04-10 19:00,3635.2056,3572.2537,2772.060500000003
forecast_2396,2025-04-10 20:00,3373.3052,3341.7903,2687.2751000000026
forecast_2397,2025-04-10 21:00,3249.8977,4083.119000000003,2732.889200000003
forecast_2398,2025-04-10 22:00,3485.2517,3509.9502,3020.3164000000024
forecast_2399,2025-04-10 23:00,3489.6074,3398.863,3067.8263000000024
forecast_2400,2025-04-11 0:00,3520.0403,3358.5752,2954.718100000003
forecast_2401,2025-04-11 1:00,3578.711400000003,3269.157000000003,2784.8896000000027
forecast_2402,2025-04-11 2:00,3767.253200000003,3332.824700000003,2816.094000000003
forecast_2403,2025-04-11 3:00,3606.0530000000026,3283.248300000003,2798.353900000003
forecast_2404,2025-04-11 4:00,3388.5276000000026,3128.821800000003,2584.9042000000027
forecast_2405,2025-04-11 5:00,3228.8340000000026,3051.176800000003,2668.0874000000026
forecast_2406,2025-04-11 6:00,3199.9053000000026,2939.5613000000026,2525.707900000003
forecast_2407,2025-04-11 7:00,2909.7766000000024,2854.5284000000024,2431.7781000000027
forecast_2408,2025-04-11 8:00,2458.0829000000026,2462.568600000003,2194.3190000000027
forecast_2409,2025-04-11 9:00,2237.9937000000027,2167.3047000000024,2019.9487000000026
forecast_2410,2025-04-11 10:00,2120.0161000000026,2063.378200000003,1882.7508500000026
forecast_2411,2025-04-11 11:00,2103.1704000000027,2157.909000000003,1923.0763500000028
forecast_2412,2025-04-11 12:00,2120.4705000000026,2308.353900000003,2000.8973400000027
forecast_2413,2025-04-11 13:00,2136.4496000000026,2247.6489000000024,2003.1473000000028
forecast_2414,2025-04-11 14:00,2208.2994000000026,2380.7902000000026,2016.3346000000029
forecast_2415,2025-04-11 15:00,2329.1935000000026,2322.6831000000025,2113.7140500000028
forecast_2416,2025-04-11 16:00,2402.3190000000027,2253.0997000000025,2054.545000000003
forecast_2417,2025-04-11 17:00,2243.6445000000026,2163.0824000000025,1986.7052000000026
forecast_2418,2025-04-11 18:00,2493.414600000003,2345.3933000000025,2030.9587000000029
forecast_2419,2025-04-11 19:00,3305.651400000003,3116.654500000003,2235.7985000000026
forecast_2420,2025-04-11 20:00,3291.9753,3869.878,3134.5984000000026
forecast_2421,2025-04-11 21:00,3471.0857,4421.0503,3170.2153000000026
forecast_2422,2025-04-11 22:00,3836.235,4813.8438,3381.929700000003
forecast_2423,2025-04-11 23:00,4109.3555,5462.2544,3666.3801000000026
forecast_2424,2025-04-12 0:00,3604.8289,4594.2173,3325.3394000000026
forecast_2425,2025-04-12 1:00,3336.7980000000025,3546.1130000000026,2617.4568000000027
forecast_2426,2025-04-12 2:00,4000.761500000003,4081.458500000003,2876.5709000000024
forecast_2427,2025-04-12 3:00,3683.9978,4102.7524,3017.7439000000027
forecast_2428,2025-04-12 4:00,4379.253,5876.665,3574.054000000003
forecast_2429,2025-04-12 5:00,4524.3203,5726.5215,3658.1110000000026
forecast_2430,2025-04-12 6:00,4757.3965,6345.2456,3682.6438000000026
forecast_2431,2025-04-12 7:00,5743.7065,7669.013,3295.6995
forecast_2432,2025-04-12 8:00,5581.0547,6437.416,4099.373800000003
forecast_2433,2025-04-12 9:00,7230.2334,8810.694,5089.5522
forecast_2434,2025-04-12 10:00,7184.2705,8823.321,6193.8726
forecast_2435,2025-04-12 11:00,7585.88,9721.821,7009.165
forecast_2436,2025-04-12 12:00,9141.241,10613.527,8562.419
forecast_2437,2025-04-12 13:00,9772.012,11854.2705,9218.327
forecast_2438,2025-04-12 14:00,10050.752,11915.019,9391.734
forecast_2439,2025-04-12 15:00,8727.703,10416.874,8515.121
forecast_2440,2025-04-12 16:00,8745.932,10474.35,8069.9873
forecast_2441,2025-04-12 17:00,8883.105,10616.332,7834.958
forecast_2442,2025-04-12 18:00,11510.944,12911.89,9482.877
forecast_2443,2025-04-12 19:00,12175.369,13518.186,9638.725
forecast_2444,2025-04-12 20:00,14722.447,15568.099,12031.452
forecast_2445,2025-04-12 21:00,15318.008,16171.518,12394.804
forecast_2446,2025-04-12 22:00,15914.141,16946.92,13053.972
forecast_2447,2025-04-12 23:00,16915.775,17917.021,14079.25
forecast_2448,2025-04-13 0:00,17384.432,17959.545,14695.523
forecast_2449,2025-04-13 1:00,16159.481,17557.893,13711.283
forecast_2450,2025-04-13 2:00,14021.43,15536.002,11588.219
forecast_2451,2025-04-13 3:00,15031.938,15870.682,12033.484
forecast_2452,2025-04-13 4:00,14617.583,15960.366,13699.772
forecast_2453,2025-04-13 5:00,16889.111,17235.88,13991.043
forecast_2454,2025-04-13 6:00,17120.398,17523.055,15096.852
forecast_2455,2025-04-13 7:00,18457.873,19480.395,15846.732
forecast_2456,2025-04-13 8:00,18321.584,19254.922,15608.809
forecast_2457,2025-04-13 9:00,18447.725,19582.09,16357.192
forecast_2458,2025-04-13 10:00,16672.105,18756.516,15844.513
forecast_2459,2025-04-13 11:00,15422.704,18165.092,15443.451
forecast_2460,2025-04-13 12:00,15742.7295,18216.02,15681.271
forecast_2461,2025-04-13 13:00,15845.211,18404.662,15937.668
forecast_2462,2025-04-13 14:00,15707.229,18186.654,15915.898
forecast_2463,2025-04-13 15:00,15752.241,18303.512,15908.809
forecast_2464,2025-04-13 16:00,16676.44,18263.537,16002.854
forecast_2465,2025-04-13 17:00,18002.645,19343.834,16299.6875
forecast_2466,2025-04-13 18:00,18284.27,19523.951,16512.742
forecast_2467,2025-04-13 19:00,18127.723,19313.26,16439.58
forecast_2468,2025-04-13 20:00,17870.826,19337.87,16767.994
forecast_2469,2025-04-13 21:00,18240.125,19317.258,16415.467
forecast_2470,2025-04-13 22:00,17813.396,18973.121,16105.241
forecast_2471,2025-04-13 23:00,15968.919,17764.473,15426.777
forecast_2472,2025-04-14 0:00,15590.744,17621.45,15444.666
forecast_2473,2025-04-14 1:00,14111.57,16730.879,14131.975
forecast_2474,2025-04-14 2:00,12405.18,14612.871,11102.618
forecast_2475,2025-04-14 3:00,11035.306,12860.241,9587.739
forecast_2476,2025-04-14 4:00,9562.527,11215.701,7274.2563
forecast_2477,2025-04-14 5:00,8652.627,9726.817,6682.8237
forecast_2478,2025-04-14 6:00,7029.0273,7416.233,3407.9275
forecast_2479,2025-04-14 7:00,5420.787,5789.4614,3734.122800000003
forecast_2480,2025-04-14 8:00,4302.906,4568.349,3514.3513000000025
forecast_2481,2025-04-14 9:00,4059.1443000000027,3487.6423,2970.893100000003
forecast_2482,2025-04-14 10:00,3509.481400000003,3661.9424000000026,2775.3424000000027
forecast_2483,2025-04-14 11:00,3914.3323,4533.449,4107.989700000003
forecast_2484,2025-04-14 12:00,4887.427,5772.9097,3380.22
forecast_2485,2025-04-14 13:00,3247.645,4307.246,4072.8938000000026
forecast_2486,2025-04-14 14:00,3921.8604000000028,3897.6865000000025,2993.5323000000026
forecast_2487,2025-04-14 15:00,2873.8930000000028,2516.831200000003,2262.7374000000027
forecast_2488,2025-04-14 16:00,2330.2295000000026,2979.1013000000025,2259.3694000000028
forecast_2489,2025-04-14 17:00,2843.2582000000025,2626.9040000000027,2263.233400000003
forecast_2490,2025-04-14 18:00,3915.810500000003,3884.945000000003,2956.0326000000027
forecast_2491,2025-04-14 19:00,4016.2803000000026,3681.366,2908.058600000003
forecast_2492,2025-04-14 20:00,3733.3713,4312.0786,3249.755900000003
forecast_2493,2025-04-14 21:00,4823.8843,5091.454,3707.4583000000025
forecast_2494,2025-04-14 22:00,5025.5977,5308.4263,3715.285400000003
forecast_2495,2025-04-14 23:00,5004.947,4890.385,3474.940700000003
forecast_2496,2025-04-15 0:00,5370.358,5428.2285,3477.673600000003
forecast_2497,2025-04-15 1:00,8621.483,8858.798,5668.485
forecast_2498,2025-04-15 2:00,8565.316,8333.115,4025.461
forecast_2499,2025-04-15 3:00,8241.467,7452.1357,3760.31
forecast_2500,2025-04-15 4:00,7798.0063,7057.085,3983.1763
forecast_2501,2025-04-15 5:00,7053.5386,6439.5347,3895.2952
forecast_2502,2025-04-15 6:00,6484.928,6240.9355,3670.5164
forecast_2503,2025-04-15 7:00,7050.206,7666.987,4880.8286
forecast_2504,2025-04-15 8:00,6856.179,7004.2515,4844.2505
forecast_2505,2025-04-15 9:00,7360.4023,7983.402,5882.2554
forecast_2506,2025-04-15 10:00,9299.171,9920.785,7112.767
forecast_2507,2025-04-15 11:00,9373.101,9099.948,7115.3486
forecast_2508,2025-04-15 12:00,9592.296,8654.05,6473.8774
forecast_2509,2025-04-15 13:00,9482.668,8710.073,6777.2754
forecast_2510,2025-04-15 14:00,10622.153,10001.644,8413.024
forecast_2511,2025-04-15 15:00,11826.492,11637.009,9428.952
forecast_2512,2025-04-15 16:00,12439.641,12190.358,9904.315
forecast_2513,2025-04-15 17:00,12950.339,12531.945,10280.262
forecast_2514,2025-04-15 18:00,13421.449,13533.35,11152.902
forecast_2515,2025-04-15 19:00,13863.799,13823.735,11421.944
forecast_2516,2025-04-15 20:00,14766.818,15033.791,13014.521
forecast_2517,2025-04-15 21:00,15433.935,16258.83,14356.927
forecast_2518,2025-04-15 22:00,16447.266,17607.13,16046.402
forecast_2519,2025-04-15 23:00,16876.682,18088.957,16152.105
forecast_2520,2025-04-16 0:00,17050.475,18306.0,16045.599
forecast_2521,2025-04-16 1:00,16504.586,17767.264,14215.588
forecast_2522,2025-04-16 2:00,15818.848,16978.285,13753.758
forecast_2523,2025-04-16 3:00,16198.52,17188.871,13756.775
forecast_2524,2025-04-16 4:00,15780.337,16465.291,12729.02
forecast_2525,2025-04-16 5:00,17315.365,17913.35,14615.969
forecast_2526,2025-04-16 6:00,17683.72,18595.062,15273.608
forecast_2527,2025-04-16 7:00,16042.413,15909.797,12145.728
forecast_2528,2025-04-16 8:00,13455.791,14771.904,11410.88
forecast_2529,2025-04-16 9:00,12013.124,13386.951,10109.443
forecast_2530,2025-04-16 10:00,10525.299,11468.419,9179.831
forecast_2531,2025-04-16 11:00,10232.801,11239.669,8926.479
forecast_2532,2025-04-16 12:00,11806.584,12597.004,10080.293
forecast_2533,2025-04-16 13:00,13151.916,14095.293,11369.822
forecast_2534,2025-04-16 14:00,14459.645,15189.968,13165.433
forecast_2535,2025-04-16 15:00,15496.73,16667.402,14506.681
forecast_2536,2025-04-16 16:00,16942.215,17895.084,15598.6
forecast_2537,2025-04-16 17:00,17401.912,18384.027,16225.791
forecast_2538,2025-04-16 18:00,17742.732,18760.19,16375.188
forecast_2539,2025-04-16 19:00,18001.422,18924.164,16646.467
forecast_2540,2025-04-16 20:00,18165.451,19031.81,16697.156
forecast_2541,2025-04-16 21:00,18241.816,19370.166,16800.164
forecast_2542,2025-04-16 22:00,17907.914,19241.926,16424.752
forecast_2543,2025-04-16 23:00,17710.652,19149.479,16176.2295
forecast_2544,2025-04-17 0:00,18279.314,19207.309,16175.437
forecast_2545,2025-04-17 1:00,16865.07,18454.607,15674.124
forecast_2546,2025-04-17 2:00,16135.941,18052.463,14842.598
forecast_2547,2025-04-17 3:00,16351.585,18158.568,15378.561
forecast_2548,2025-04-17 4:00,15575.123,17096.932,13210.747
forecast_2549,2025-04-17 5:00,15447.822,17092.04,13530.571
forecast_2550,2025-04-17 6:00,15573.875,17634.867,13892.663
forecast_2551,2025-04-17 7:00,16591.895,18210.896,15548.844
forecast_2552,2025-04-17 8:00,15335.711,16887.38,14744.73
forecast_2553,2025-04-17 9:00,12459.798,14049.826,11291.34
forecast_2554,2025-04-17 10:00,10061.946,12650.944,10013.728
forecast_2555,2025-04-17 11:00,9994.0625,12583.414,10075.649
forecast_2556,2025-04-17 12:00,9517.779,12604.722,10321.711
forecast_2557,2025-04-17 13:00,9425.407,11307.602,9716.307
forecast_2558,2025-04-17 14:00,10615.0205,12648.947,10522.378
forecast_2559,2025-04-17 15:00,9526.154,12053.241,10408.846
forecast_2560,2025-04-17 16:00,11073.101,13900.256,12216.933
forecast_2561,2025-04-17 17:00,11881.992,14348.457,12418.273
forecast_2562,2025-04-17 18:00,12129.646,14432.763,12611.901
forecast_2563,2025-04-17 19:00,12995.1455,14976.396,13247.766
forecast_2564,2025-04-17 20:00,13787.557,15416.386,14236.271
forecast_2565,2025-04-17 21:00,12365.515,14595.442,12284.193
forecast_2566,2025-04-17 22:00,13102.556,15233.723,13034.469
forecast_2567,2025-04-17 23:00,13339.35,15956.234,13195.302
forecast_2568,2025-04-18 0:00,16886.922,18412.762,15513.778
forecast_2569,2025-04-18 1:00,17204.723,18704.959,16057.064
forecast_2570,2025-04-18 2:00,17453.664,18772.8,15976.654
forecast_2571,2025-04-18 3:00,18241.42,19598.797,16399.246
forecast_2572,2025-04-18 4:00,18775.732,19841.635,16693.268
forecast_2573,2025-04-18 5:00,18606.773,19310.395,16406.928
forecast_2574,2025-04-18 6:00,16669.95,17405.137,14517.91
forecast_2575,2025-04-18 7:00,16150.098,16462.762,14298.7705
forecast_2576,2025-04-18 8:00,14045.195,14911.706,12098.18
forecast_2577,2025-04-18 9:00,11710.478,13088.914,10749.933
forecast_2578,2025-04-18 10:00,11755.813,12867.406,10648.131
forecast_2579,2025-04-18 11:00,11266.741,12359.923,10045.424
forecast_2580,2025-04-18 12:00,11967.046,12648.727,10167.665
forecast_2581,2025-04-18 13:00,10495.655,11031.114,9311.307
forecast_2582,2025-04-18 14:00,9926.283,10052.691,8338.662
forecast_2583,2025-04-18 15:00,8415.406,9032.8955,7290.0776
forecast_2584,2025-04-18 16:00,8376.909,8407.223,6690.876
forecast_2585,2025-04-18 17:00,7601.1396,7844.5117,5914.43
forecast_2586,2025-04-18 18:00,8723.917,8832.225,7607.888
forecast_2587,2025-04-18 19:00,8830.329,9717.5,7839.2896
forecast_2588,2025-04-18 20:00,10173.53,11212.189,9322.774
forecast_2589,2025-04-18 21:00,10661.272,11720.933,9381.957
forecast_2590,2025-04-18 22:00,11797.735,13369.632,10463.986
forecast_2591,2025-04-18 23:00,11183.635,13833.825,10658.804
forecast_2592,2025-04-19 0:00,11356.892,13652.431,10459.637
forecast_2593,2025-04-19 1:00,12010.118,14572.183,10959.961
forecast_2594,2025-04-19 2:00,13803.06,15641.979,11962.443
forecast_2595,2025-04-19 3:00,15158.962,16544.277,13671.501
forecast_2596,2025-04-19 4:00,14774.891,16212.693,13940.843
forecast_2597,2025-04-19 5:00,13700.619,15076.233,12081.897
forecast_2598,2025-04-19 6:00,12927.545,15252.448,12276.433
forecast_2599,2025-04-19 7:00,12124.359,14304.207,10938.04
forecast_2600,2025-04-19 8:00,12220.669,14513.59,11722.08
forecast_2601,2025-04-19 9:00,11823.003,14201.876,11683.407
forecast_2602,2025-04-19 10:00,11608.178,13587.23,11365.839
forecast_2603,2025-04-19 11:00,12071.062,13672.577,12167.043
forecast_2604,2025-04-19 12:00,14059.72,16164.181,15077.8
forecast_2605,2025-04-19 13:00,14997.149,16781.979,15402.131
forecast_2606,2025-04-19 14:00,15346.24,17261.674,15719.751
forecast_2607,2025-04-19 15:00,15808.756,17694.766,15826.43
forecast_2608,2025-04-19 16:00,16364.408,18073.793,16071.49
forecast_2609,2025-04-19 17:00,16753.611,18445.598,16379.035
forecast_2610,2025-04-19 18:00,17544.97,18494.28,16015.447
forecast_2611,2025-04-19 19:00,16776.096,17394.783,15085.573
forecast_2612,2025-04-19 20:00,16886.139,16843.035,15409.605
forecast_2613,2025-04-19 21:00,16042.96,16211.1875,14256.811
forecast_2614,2025-04-19 22:00,14506.223,14919.644,12610.336
forecast_2615,2025-04-19 23:00,12207.419,13043.435,10789.147
forecast_2616,2025-04-20 0:00,11043.7,11439.991,9562.479
forecast_2617,2025-04-20 1:00,10688.099,11457.984,9473.65
forecast_2618,2025-04-20 2:00,8768.495,9122.416,7010.0845
forecast_2619,2025-04-20 3:00,5656.8364,5521.822,4207.907500000003
forecast_2620,2025-04-20 4:00,4612.617,4407.8096,3631.063000000003
forecast_2621,2025-04-20 5:00,3884.5566000000026,3725.506600000003,2646.240700000003
forecast_2622,2025-04-20 6:00,3128.4790000000025,2879.7738000000027,2097.1205000000027
forecast_2623,2025-04-20 7:00,2639.6274000000026,2391.2722000000026,1972.4225000000029
forecast_2624,2025-04-20 8:00,2425.7384000000025,2197.0906000000027,1953.2026000000028
forecast_2625,2025-04-20 9:00,2305.0960000000027,2168.1007000000027,1953.2026000000028
forecast_2626,2025-04-20 10:00,2253.0448000000024,2052.0284000000024,1953.2026000000028
forecast_2627,2025-04-20 11:00,2315.7389000000026,2110.5140000000024,1881.4732700000027
forecast_2628,2025-04-20 12:00,2277.0520000000024,2048.5923000000025,2006.9460000000026
forecast_2629,2025-04-20 13:00,2284.302200000003,2069.5743000000025,1977.8506000000027
forecast_2630,2025-04-20 14:00,2338.9340000000025,2228.136500000003,1979.4919400000026
forecast_2631,2025-04-20 15:00,2339.2228000000027,2225.9314000000027,2059.1333000000027
forecast_2632,2025-04-20 16:00,2300.1185000000028,2206.733400000003,1972.4225000000029
forecast_2633,2025-04-20 17:00,2250.2913000000026,2086.1775000000025,1953.2026000000028
forecast_2634,2025-04-20 18:00,2294.6951000000026,2117.0344000000027,1932.9702000000027
forecast_2635,2025-04-20 19:00,2436.2898000000027,2178.1755000000026,1973.4509000000028
forecast_2636,2025-04-20 20:00,2562.4166000000027,2280.997800000003,2025.4527000000028
forecast_2637,2025-04-20 21:00,2558.0636000000027,2388.1504000000027,2127.0177600000025
forecast_2638,2025-04-20 22:00,3023.596700000003,2685.5660000000025,2229.132700000003
forecast_2639,2025-04-20 23:00,2703.2327000000028,2512.815700000003,2220.5063000000027
forecast_2640,2025-04-21 0:00,2790.734300000003,2385.6359000000025,2173.4977400000025
forecast_2641,2025-04-21 1:00,2842.5957000000026,2758.1448000000028,2327.1875000000027
forecast_2642,2025-04-21 2:00,2977.7115000000026,2942.842500000003,2378.829700000003
forecast_2643,2025-04-21 3:00,2810.061400000003,2722.6993000000025,2230.8556000000026
forecast_2644,2025-04-21 4:00,2895.739700000003,2806.7249000000024,2346.2046000000028
forecast_2645,2025-04-21 5:00,3097.1490000000026,2877.7463000000025,2371.7966000000024
forecast_2646,2025-04-21 6:00,3334.8662000000027,3120.3376000000026,2490.9316000000026
forecast_2647,2025-04-21 7:00,3705.6755000000026,3715.9480000000026,2488.5542000000028
forecast_2648,2025-04-21 8:00,3832.255900000003,3902.6150000000025,2590.7241000000026
forecast_2649,2025-04-21 9:00,3690.3990000000026,3938.787800000003,2535.2736000000027
forecast_2650,2025-04-21 10:00,3331.6310000000026,3092.8025000000025,2255.142600000003
forecast_2651,2025-04-21 11:00,3279.3125000000027,3196.8008000000027,2379.8209000000024
forecast_2652,2025-04-21 12:00,3315.6467000000025,3248.5535000000027,2393.272600000003
forecast_2653,2025-04-21 13:00,3437.2180000000026,3505.287800000003,2556.064100000003
forecast_2654,2025-04-21 14:00,3433.083500000003,3517.5173000000027,2493.2998000000025
forecast_2655,2025-04-21 15:00,3432.105700000003,3633.9878000000026,2544.660800000003
forecast_2656,2025-04-21 16:00,3549.637200000003,3698.7720000000027,2592.1838000000025
forecast_2657,2025-04-21 17:00,3432.565000000003,3581.6910000000025,2619.810800000003
forecast_2658,2025-04-21 18:00,3677.0244000000025,4001.2866000000026,2798.0120000000024
forecast_2659,2025-04-21 19:00,4441.992,5155.0356,3851.1182000000026
forecast_2660,2025-04-21 20:00,6736.42,8249.646,4571.3584
forecast_2661,2025-04-21 21:00,6445.4565,7991.3677,4172.019
forecast_2662,2025-04-21 22:00,8257.442,9559.985,5366.8574
forecast_2663,2025-04-21 23:00,8685.526,10419.167,6440.667
forecast_2664,2025-04-22 0:00,8900.422,10645.56,6355.1367
forecast_2665,2025-04-22 1:00,9652.263,11258.038,7396.6465
forecast_2666,2025-04-22 2:00,10418.607,11427.343,7855.772
forecast_2667,2025-04-22 3:00,7383.5996,9185.33,5330.599
forecast_2668,2025-04-22 4:00,7291.1436,9023.217,5072.955
forecast_2669,2025-04-22 5:00,6016.1113,8276.332,3892.9485
forecast_2670,2025-04-22 6:00,5401.1157,7757.3086,3962.3257
forecast_2671,2025-04-22 7:00,4959.7095,6478.9814,3397.272
forecast_2672,2025-04-22 8:00,4560.7925,5542.957,4120.200200000003
forecast_2673,2025-04-22 9:00,6666.612,8197.687,4892.5776
forecast_2674,2025-04-22 10:00,7612.05,10416.244,7815.4
forecast_2675,2025-04-22 11:00,9766.449,12113.635,9742.701
forecast_2676,2025-04-22 12:00,11148.099,13657.751,10953.926
forecast_2677,2025-04-22 13:00,11500.706,13878.806,10600.483
forecast_2678,2025-04-22 14:00,9770.176,11828.308,7945.0073
forecast_2679,2025-04-22 15:00,5868.4214,6904.6167,3508.4915
forecast_2680,2025-04-22 16:00,4244.412,4306.0273,3034.1420000000026
forecast_2681,2025-04-22 17:00,3404.0298,3955.231000000003,2637.669200000003
forecast_2682,2025-04-22 18:00,3516.989300000003,3256.2686000000026,2230.591800000003
forecast_2683,2025-04-22 19:00,3849.184,4014.6628,3301.132300000003
forecast_2684,2025-04-22 20:00,4618.06,5538.929,3651.9860000000026
forecast_2685,2025-04-22 21:00,4504.89,3986.7063,3272.7490000000025
forecast_2686,2025-04-22 22:00,4235.5083,3834.139,3089.949700000003
forecast_2687,2025-04-22 23:00,5072.417,5394.663,3912.8545000000026
forecast_2688,2025-04-23 0:00,5098.675,6329.2266,3206.7322
forecast_2689,2025-04-23 1:00,6827.1606,8458.733,4637.9033
forecast_2690,2025-04-23 2:00,6756.044,6934.1196,4065.224
forecast_2691,2025-04-23 3:00,6527.777,7158.381,4387.301
forecast_2692,2025-04-23 4:00,5744.271,6210.7393,3515.1423
forecast_2693,2025-04-23 5:00,5840.1353,6175.3896,3390.8518
forecast_2694,2025-04-23 6:00,5525.7236,5906.793,4149.561300000003
forecast_2695,2025-04-23 7:00,4893.794,5271.843,3783.603000000003
forecast_2696,2025-04-23 8:00,4096.7075,4659.4805,3260.9521000000027
forecast_2697,2025-04-23 9:00,4017.4993000000027,3479.071,2881.414200000003
forecast_2698,2025-04-23 10:00,2904.0416000000027,2575.0139000000026,2100.8661500000026
forecast_2699,2025-04-23 11:00,2473.7736000000027,2396.795000000003,2041.5746500000027
forecast_2700,2025-04-23 12:00,2368.3201000000026,2432.768700000003,2030.5826400000028
forecast_2701,2025-04-23 13:00,2210.8113000000026,2199.3529000000026,1974.4353000000028
forecast_2702,2025-04-23 14:00,2186.9363000000026,2166.728000000003,1951.0845300000028
forecast_2703,2025-04-23 15:00,2534.5808000000025,2437.841100000003,2107.5946700000027
forecast_2704,2025-04-23 16:00,2871.4116000000026,2678.2482000000027,2157.6586000000025
forecast_2705,2025-04-23 17:00,3388.2632000000026,3211.4510000000028,2313.041500000003
forecast_2706,2025-04-23 18:00,3909.7000000000025,3660.9148000000027,2504.7261000000026
forecast_2707,2025-04-23 19:00,3242.246,3241.9116,2735.2300000000027
forecast_2708,2025-04-23 20:00,5649.8545,5312.5493,3180.3765
forecast_2709,2025-04-23 21:00,7090.687,7316.546,4939.5015
forecast_2710,2025-04-23 22:00,10281.341,10132.586,8528.22
forecast_2711,2025-04-23 23:00,11999.276,12879.205,10732.384
forecast_2712,2025-04-24 0:00,15508.146,16096.712,13497.026
forecast_2713,2025-04-24 1:00,16117.062,16360.13,13778.516
forecast_2714,2025-04-24 2:00,16432.625,16624.146,13876.446
forecast_2715,2025-04-24 3:00,17252.39,17129.678,14576.012
forecast_2716,2025-04-24 4:00,17398.32,17061.791,15110.627
forecast_2717,2025-04-24 5:00,17321.297,17522.871,15085.854
forecast_2718,2025-04-24 6:00,17981.156,18126.111,15279.46
forecast_2719,2025-04-24 7:00,16523.672,16650.295,13662.239
forecast_2720,2025-04-24 8:00,14074.026,14961.485,11921.986
forecast_2721,2025-04-24 9:00,11234.052,12189.787,9594.973
forecast_2722,2025-04-24 10:00,8980.865,10511.144,7967.1367
forecast_2723,2025-04-24 11:00,10293.609,11186.326,9434.199
forecast_2724,2025-04-24 12:00,11661.544,12796.574,10570.44
forecast_2725,2025-04-24 13:00,13018.452,13994.673,11801.045
forecast_2726,2025-04-24 14:00,15080.749,15808.597,13776.047
forecast_2727,2025-04-24 15:00,16149.431,16873.955,14773.365
forecast_2728,2025-04-24 16:00,15955.106,17023.83,14824.966
forecast_2729,2025-04-24 17:00,16293.118,17169.727,14982.607
forecast_2730,2025-04-24 18:00,16569.326,17504.527,15568.025
forecast_2731,2025-04-24 19:00,17198.047,18312.12,15422.184
forecast_2732,2025-04-24 20:00,17461.83,18587.398,15271.737
forecast_2733,2025-04-24 21:00,17015.93,18077.217,15305.084
forecast_2734,2025-04-24 22:00,15723.893,16444.572,12758.037
forecast_2735,2025-04-24 23:00,15373.355,15937.11,11910.164
forecast_2736,2025-04-25 0:00,15281.021,15732.42,11925.642
forecast_2737,2025-04-25 1:00,14719.197,14784.389,10679.066
forecast_2738,2025-04-25 2:00,14699.793,14842.518,11424.795
forecast_2739,2025-04-25 3:00,13946.173,14024.662,10045.672
forecast_2740,2025-04-25 4:00,13470.548,13718.215,9928.701
forecast_2741,2025-04-25 5:00,13414.122,13561.28,10009.689
forecast_2742,2025-04-25 6:00,13963.158,14428.164,10533.619
forecast_2743,2025-04-25 7:00,13059.722,13352.86,9779.047
forecast_2744,2025-04-25 8:00,13478.31,13461.668,9480.552
forecast_2745,2025-04-25 9:00,13045.837,12843.2,9569.682
forecast_2746,2025-04-25 10:00,13013.888,13096.298,9985.171
forecast_2747,2025-04-25 11:00,13476.577,13192.437,10126.919
forecast_2748,2025-04-25 12:00,12709.566,12612.346,9591.335
forecast_2749,2025-04-25 13:00,12431.319,11793.3545,8927.241
forecast_2750,2025-04-25 14:00,12161.57,11632.361,9008.467
forecast_2751,2025-04-25 15:00,11890.158,11496.838,9244.415
forecast_2752,2025-04-25 16:00,11664.757,10716.334,8612.005
forecast_2753,2025-04-25 17:00,11844.726,10961.842,8788.742
forecast_2754,2025-04-25 18:00,12128.505,11515.913,9305.145
forecast_2755,2025-04-25 19:00,12344.395,12003.239,9653.604
forecast_2756,2025-04-25 20:00,13046.117,12997.668,10199.384
forecast_2757,2025-04-25 21:00,14744.621,14782.549,11537.1875
forecast_2758,2025-04-25 22:00,14459.276,14376.546,11052.941
forecast_2759,2025-04-25 23:00,13265.57,13107.67,10316.943
forecast_2760,2025-04-26 0:00,12090.101,12792.558,9597.682
forecast_2761,2025-04-26 1:00,10082.354,11088.139,7440.1797
forecast_2762,2025-04-26 2:00,11516.982,12208.295,9019.953
forecast_2763,2025-04-26 3:00,14077.926,15266.421,11213.388
forecast_2764,2025-04-26 4:00,14316.839,15391.011,11396.255
forecast_2765,2025-04-26 5:00,14194.618,15175.251,11234.329
forecast_2766,2025-04-26 6:00,14313.207,15955.025,12443.971
forecast_2767,2025-04-26 7:00,14052.282,15289.447,12263.443
forecast_2768,2025-04-26 8:00,14172.051,14963.116,12261.087
forecast_2769,2025-04-26 9:00,13743.929,14838.935,12366.112
forecast_2770,2025-04-26 10:00,12580.482,13704.567,11512.081
forecast_2771,2025-04-26 11:00,13139.202,14129.517,12166.429
forecast_2772,2025-04-26 12:00,13564.455,14316.05,12354.171
forecast_2773,2025-04-26 13:00,13256.447,13931.567,11981.489
forecast_2774,2025-04-26 14:00,14472.8545,15129.067,13141.52
forecast_2775,2025-04-26 15:00,16005.144,16516.285,14366.808
forecast_2776,2025-04-26 16:00,15524.078,16215.988,14447.955
forecast_2777,2025-04-26 17:00,15824.354,16967.6,15526.652
forecast_2778,2025-04-26 18:00,17043.14,18360.654,15905.862
forecast_2779,2025-04-26 19:00,17829.613,18813.99,16343.18
forecast_2780,2025-04-26 20:00,18171.957,19203.709,16506.463
forecast_2781,2025-04-26 21:00,18552.09,19490.553,16821.514
forecast_2782,2025-04-26 22:00,19408.215,19673.877,16808.639
forecast_2783,2025-04-26 23:00,19640.969,19751.488,16881.229
forecast_2784,2025-04-27 0:00,19551.68,19875.58,16937.914
forecast_2785,2025-04-27 1:00,20090.908,19878.314,16799.85
forecast_2786,2025-04-27 2:00,19711.975,19669.086,16747.807
forecast_2787,2025-04-27 3:00,19533.846,19634.309,16566.348
forecast_2788,2025-04-27 4:00,19269.662,19611.742,16412.652
forecast_2789,2025-04-27 5:00,18578.768,19038.924,15868.051
forecast_2790,2025-04-27 6:00,18108.816,18785.162,15514.337
forecast_2791,2025-04-27 7:00,17080.592,18027.84,15320.874
forecast_2792,2025-04-27 8:00,16126.482,17240.21,15001.802
forecast_2793,2025-04-27 9:00,15465.449,16324.949,14045.452
forecast_2794,2025-04-27 10:00,14783.908,15321.862,13400.884
forecast_2795,2025-04-27 11:00,15455.321,16306.585,14540.81
forecast_2796,2025-04-27 12:00,15735.932,16978.688,15277.072
forecast_2797,2025-04-27 13:00,15890.11,17123.111,15500.748
forecast_2798,2025-04-27 14:00,16070.2295,17160.016,15524.314
forecast_2799,2025-04-27 15:00,15653.494,16605.283,14278.747
forecast_2800,2025-04-27 16:00,15566.51,16540.21,14976.406
forecast_2801,2025-04-27 17:00,15503.036,16628.246,14636.484
forecast_2802,2025-04-27 18:00,15214.247,16159.693,14455.507
forecast_2803,2025-04-27 19:00,15144.101,16481.229,14448.43
forecast_2804,2025-04-27 20:00,15946.711,16989.646,15062.0205
forecast_2805,2025-04-27 21:00,15370.325,16686.047,13964.217
forecast_2806,2025-04-27 22:00,17020.348,18043.686,15572.951
forecast_2807,2025-04-27 23:00,16843.01,18334.414,15910.866
forecast_2808,2025-04-28 0:00,15963.16,16931.643,13945.834
forecast_2809,2025-04-28 1:00,15667.936,16305.814,13707.986
forecast_2810,2025-04-28 2:00,14921.772,16241.464,13480.163
forecast_2811,2025-04-28 3:00,14988.429,16133.427,13248.463
forecast_2812,2025-04-28 4:00,13366.062,14918.867,10947.941
forecast_2813,2025-04-28 5:00,11042.021,12874.978,9419.029
forecast_2814,2025-04-28 6:00,10324.114,11301.581,9070.015
forecast_2815,2025-04-28 7:00,9234.895,10217.907,8211.915
forecast_2816,2025-04-28 8:00,7048.405,7610.3105,4638.1973
forecast_2817,2025-04-28 9:00,4915.7837,4377.1494,3860.9707000000026
forecast_2818,2025-04-28 10:00,5514.599,5314.278,3358.5618
forecast_2819,2025-04-28 11:00,9217.665,8843.829,7559.579
forecast_2820,2025-04-28 12:00,11825.215,11304.9,9867.862
forecast_2821,2025-04-28 13:00,12879.332,12574.09,9795.457
forecast_2822,2025-04-28 14:00,13242.867,13365.242,9747.005
forecast_2823,2025-04-28 15:00,12916.137,11981.838,9547.208
forecast_2824,2025-04-28 16:00,10144.553,7348.6636,5436.5225
forecast_2825,2025-04-28 17:00,7160.888,4684.516,4029.4620000000027
forecast_2826,2025-04-28 18:00,4788.4263,3674.4233,3277.548600000003
forecast_2827,2025-04-28 19:00,4884.972,4811.8857,3303.5159000000026
forecast_2828,2025-04-28 20:00,5946.8,5400.942,3206.2185
forecast_2829,2025-04-28 21:00,6237.072,6566.0366,3517.4429
forecast_2830,2025-04-28 22:00,6571.0225,6457.7437,3529.3916
forecast_2831,2025-04-28 23:00,5889.555,5920.8447,4191.013700000003
forecast_2832,2025-04-29 0:00,5411.073,5522.291,3950.8035000000027
forecast_2833,2025-04-29 1:00,3952.061,3721.4114,2921.7872000000025
forecast_2834,2025-04-29 2:00,3586.4785,4099.677200000003,2688.247900000003
forecast_2835,2025-04-29 3:00,3945.6367000000027,3560.4280000000026,2472.6704000000027
forecast_2836,2025-04-29 4:00,3675.8080000000027,3346.557600000003,2262.2211000000025
forecast_2837,2025-04-29 5:00,3694.8208,3333.149,2887.799600000003
forecast_2838,2025-04-29 6:00,4820.967,4832.5386,3738.0044000000025
forecast_2839,2025-04-29 7:00,5178.629,5499.0024,4016.662600000003
forecast_2840,2025-04-29 8:00,6274.1235,6701.1743,4491.611
forecast_2841,2025-04-29 9:00,6386.1855,6312.4175,4521.2935
forecast_2842,2025-04-29 10:00,7715.8374,7427.076,5577.2866
forecast_2843,2025-04-29 11:00,7921.346,7718.1084,5733.2773
forecast_2844,2025-04-29 12:00,7469.322,7109.917,5382.425
forecast_2845,2025-04-29 13:00,7608.8633,6497.6274,5356.8037
forecast_2846,2025-04-29 14:00,7136.1772,5942.3677,5383.2935
forecast_2847,2025-04-29 15:00,8468.376,7776.699,7022.019
forecast_2848,2025-04-29 16:00,9128.473,8464.21,6932.5786
forecast_2849,2025-04-29 17:00,8453.629,7872.6323,6151.438
forecast_2850,2025-04-29 18:00,6783.9326,5897.133,4131.543
forecast_2851,2025-04-29 19:00,9999.548,10618.572,8289.084
forecast_2852,2025-04-29 20:00,12966.742,13810.523,11436.387
forecast_2853,2025-04-29 21:00,14999.277,15500.341,13654.666
forecast_2854,2025-04-29 22:00,18004.834,18784.477,16022.519
forecast_2855,2025-04-29 23:00,19273.53,19589.992,17364.248
forecast_2856,2025-04-30 0:00,18844.354,19289.389,16539.043
forecast_2857,2025-04-30 1:00,19448.598,19711.533,16340.885
forecast_2858,2025-04-30 2:00,20273.123,19981.387,16894.703
forecast_2859,2025-04-30 3:00,20302.451,20039.965,17060.729
forecast_2860,2025-04-30 4:00,20215.219,20057.445,17385.963
forecast_2861,2025-04-30 5:00,19976.338,19773.404,16910.352
forecast_2862,2025-04-30 6:00,19383.871,19658.432,16556.773
forecast_2863,2025-04-30 7:00,17743.457,18745.055,15947.83
forecast_2864,2025-04-30 8:00,16512.684,17050.693,15044.578
forecast_2865,2025-04-30 9:00,16440.336,17196.447,14896.636
forecast_2866,2025-04-30 10:00,14456.032,15654.041,13402.316
forecast_2867,2025-04-30 11:00,13526.917,15258.067,13725.209
forecast_2868,2025-04-30 12:00,12863.651,14244.879,12872.388
forecast_2869,2025-04-30 13:00,11740.858,13327.791,11951.276
forecast_2870,2025-04-30 14:00,10687.229,12606.834,11016.505
forecast_2871,2025-04-30 15:00,10398.337,12421.611,10770.775
forecast_2872,2025-04-30 16:00,9409.691,11127.3,9636.52
forecast_2873,2025-04-30 17:00,7461.0415,8739.487,7204.406
forecast_2874,2025-04-30 18:00,6324.161,7066.746,5674.5312
forecast_2875,2025-04-30 19:00,5529.309,6422.447,4290.1
forecast_2876,2025-04-30 20:00,5946.221,7226.827,5311.302
forecast_2877,2025-04-30 21:00,8000.7373,10122.521,6719.942
forecast_2878,2025-04-30 22:00,9548.916,11839.943,8809.809
forecast_2879,2025-04-30 23:00,10402.107,13030.319,9965.417
forecast_2880,2025-05-01 0:00,10475.413,12855.576,9678.343
forecast_2881,2025-05-01 1:00,12261.72,14024.452,10475.398
forecast_2882,2025-05-01 2:00,12780.399,14490.56,11604.934
forecast_2883,2025-05-01 3:00,13612.643,15512.492,12034.547
forecast_2884,2025-05-01 4:00,14509.421,16346.699,13224.165
forecast_2885,2025-05-01 5:00,14487.617,16458.176,13326.385
forecast_2886,2025-05-01 6:00,15178.989,16608.879,13800.789
forecast_2887,2025-05-01 7:00,16005.5,17058.414,13973.636
forecast_2888,2025-05-01 8:00,16043.495,17856.436,15075.092
forecast_2889,2025-05-01 9:00,15964.239,16916.082,14991.087
forecast_2890,2025-05-01 10:00,15381.496,16750.135,14933.141
forecast_2891,2025-05-01 11:00,15123.465,16764.398,14916.171
forecast_2892,2025-05-01 12:00,15637.8545,16429.887,14361.267
forecast_2893,2025-05-01 13:00,14490.111,16500.666,15100.794
forecast_2894,2025-05-01 14:00,14882.552,17060.133,15387.8125
forecast_2895,2025-05-01 15:00,15583.2705,17222.467,15713.884
forecast_2896,2025-05-01 16:00,16062.716,17540.682,16447.955
forecast_2897,2025-05-01 17:00,14638.193,15889.973,14018.633
forecast_2898,2025-05-01 18:00,12365.505,13824.204,11610.399
forecast_2899,2025-05-01 19:00,11533.405,13535.87,10626.857
forecast_2900,2025-05-01 20:00,12434.335,14516.422,12342.043
forecast_2901,2025-05-01 21:00,11320.8955,13389.116,10357.024
forecast_2902,2025-05-01 22:00,12177.182,13967.651,10772.02
forecast_2903,2025-05-01 23:00,16058.677,16965.146,14158.305
forecast_2904,2025-05-02 0:00,17803.262,18113.385,15477.788
forecast_2905,2025-05-02 1:00,17109.885,17331.139,14110.424
forecast_2906,2025-05-02 2:00,15975.032,16544.455,14057.854
forecast_2907,2025-05-02 3:00,16027.791,16467.938,12912.044
forecast_2908,2025-05-02 4:00,15145.444,15802.311,12449.56
forecast_2909,2025-05-02 5:00,15605.512,16208.517,13247.513
forecast_2910,2025-05-02 6:00,15742.931,16735.469,14045.4
forecast_2911,2025-05-02 7:00,15279.867,15413.128,13205.34
forecast_2912,2025-05-02 8:00,14391.507,14619.016,11857.9375
forecast_2913,2025-05-02 9:00,13602.477,13251.19,10657.971
forecast_2914,2025-05-02 10:00,12354.464,11776.48,9750.572
forecast_2915,2025-05-02 11:00,10912.39,10095.308,8185.909
forecast_2916,2025-05-02 12:00,9724.906,8385.456,6940.158
forecast_2917,2025-05-02 13:00,8849.987,7511.267,5348.8076
forecast_2918,2025-05-02 14:00,9553.981,8754.835,6206.9
forecast_2919,2025-05-02 15:00,8480.717,7545.733,4931.573
forecast_2920,2025-05-02 16:00,7734.559,6824.705,4384.2754
forecast_2921,2025-05-02 17:00,7287.615,6695.035,4199.955
forecast_2922,2025-05-02 18:00,9347.726,9766.1455,7112.3076
forecast_2923,2025-05-02 19:00,10378.169,10788.525,8505.483
forecast_2924,2025-05-02 20:00,11340.352,12607.83,9994.167
forecast_2925,2025-05-02 21:00,11709.445,12141.863,9978.424
forecast_2926,2025-05-02 22:00,11916.641,13266.92,10030.054
forecast_2927,2025-05-02 23:00,11593.088,12875.707,9637.12
forecast_2928,2025-05-03 0:00,12115.5205,13406.336,10240.23
forecast_2929,2025-05-03 1:00,11823.205,13755.265,10653.036
forecast_2930,2025-05-03 2:00,12184.649,13455.5205,10701.104
forecast_2931,2025-05-03 3:00,10801.352,12260.098,9227.038
forecast_2932,2025-05-03 4:00,9241.241,10528.233,7399.747
forecast_2933,2025-05-03 5:00,8536.646,10006.171,5702.545
forecast_2934,2025-05-03 6:00,5941.574,6430.028,3596.943
forecast_2935,2025-05-03 7:00,4134.4146,3863.934,2935.6950000000024
forecast_2936,2025-05-03 8:00,4503.2354,4614.472,3862.787600000003
forecast_2937,2025-05-03 9:00,6205.4956,6530.087,3958.801
forecast_2938,2025-05-03 10:00,8169.172,9646.44,5898.2476
forecast_2939,2025-05-03 11:00,11284.462,13151.157,10236.633
forecast_2940,2025-05-03 12:00,12916.578,14713.53,10917.585
forecast_2941,2025-05-03 13:00,12899.61,14545.195,11373.185
forecast_2942,2025-05-03 14:00,12491.644,13672.017,11145.454
forecast_2943,2025-05-03 15:00,13315.021,13416.418,11136.754
forecast_2944,2025-05-03 16:00,13537.559,13749.488,11108.089
forecast_2945,2025-05-03 17:00,12609.94,12438.96,10182.148
forecast_2946,2025-05-03 18:00,13114.352,12976.792,10732.1
forecast_2947,2025-05-03 19:00,14094.4,14167.2295,12041.33
forecast_2948,2025-05-03 20:00,15107.806,15184.926,13749.149
forecast_2949,2025-05-03 21:00,15509.398,15877.537,13243.544
forecast_2950,2025-05-03 22:00,15530.053,15728.758,12626.614
forecast_2951,2025-05-03 23:00,15389.583,15648.089,13307.8125
forecast_2952,2025-05-04 0:00,15458.32,16187.231,13564.464
forecast_2953,2025-05-04 1:00,14898.555,16162.946,13609.533
forecast_2954,2025-05-04 2:00,14201.388,15122.717,12829.01
forecast_2955,2025-05-04 3:00,14418.161,15514.24,11911.093
forecast_2956,2025-05-04 4:00,15065.518,16069.874,12191.5625
forecast_2957,2025-05-04 5:00,15440.115,16497.0,11538.037
forecast_2958,2025-05-04 6:00,15668.749,16533.379,11912.269
forecast_2959,2025-05-04 7:00,15551.415,16239.95,11605.705
forecast_2960,2025-05-04 8:00,15113.159,15273.7295,10386.47
forecast_2961,2025-05-04 9:00,13663.001,13150.527,9605.526
forecast_2962,2025-05-04 10:00,14065.742,13163.908,10201.597
forecast_2963,2025-05-04 11:00,14285.018,13644.965,10710.869
forecast_2964,2025-05-04 12:00,14803.659,14888.528,11386.592
forecast_2965,2025-05-04 13:00,15340.968,15578.508,13190.624
forecast_2966,2025-05-04 14:00,15402.174,16080.28,13274.299
forecast_2967,2025-05-04 15:00,15657.5205,16393.514,13587.084
forecast_2968,2025-05-04 16:00,16438.113,17004.902,13897.45
forecast_2969,2025-05-04 17:00,16468.908,16808.06,12879.71
forecast_2970,2025-05-04 18:00,16403.227,16609.125,12789.81
forecast_2971,2025-05-04 19:00,15588.368,15820.531,11866.905
forecast_2972,2025-05-04 20:00,14932.273,14674.494,10569.931
forecast_2973,2025-05-04 21:00,12991.441,11950.5205,9509.621
forecast_2974,2025-05-04 22:00,10554.381,10279.2705,6369.8457
forecast_2975,2025-05-04 23:00,5784.94,5965.5503,4169.419700000002
forecast_2976,2025-05-05 0:00,4922.736,4368.57,3352.671400000003
forecast_2977,2025-05-05 1:00,5288.452,5313.3027,3754.886500000003
forecast_2978,2025-05-05 2:00,4345.3555,3665.7478,3636.032000000003
forecast_2979,2025-05-05 3:00,5186.839,4620.108,4080.8080000000027
forecast_2980,2025-05-05 4:00,5222.3,4279.6084,3705.782000000003
forecast_2981,2025-05-05 5:00,3685.7068,3765.9365000000025,2980.825800000003
forecast_2982,2025-05-05 6:00,3395.3235000000027,2833.3533000000025,2368.9703000000027
forecast_2983,2025-05-05 7:00,3009.0055000000025,2731.2513000000026,2064.2398700000026
forecast_2984,2025-05-05 8:00,2433.8376000000026,2274.0239000000024,1979.4919400000026
forecast_2985,2025-05-05 9:00,2376.7592000000027,2177.9841000000024,1973.4509000000028
forecast_2986,2025-05-05 10:00,2173.0577000000026,2043.0483000000027,1882.7508500000026
forecast_2987,2025-05-05 11:00,2168.278600000003,2001.1097000000027,1882.7508500000026
forecast_2988,2025-05-05 12:00,2147.8997000000027,2099.2146000000025,1882.7508500000026
forecast_2989,2025-05-05 13:00,2040.5713000000028,1987.0060000000026,1912.7647000000027
forecast_2990,2025-05-05 14:00,2209.1519000000026,2220.6881000000026,2126.582150000003
forecast_2991,2025-05-05 15:00,2269.8813000000027,2227.198100000003,2148.4431000000027
forecast_2992,2025-05-05 16:00,2275.8075000000026,2265.6134000000025,2054.785800000003
forecast_2993,2025-05-05 17:00,2850.2991000000025,2620.0164000000027,2149.7401000000027
forecast_2994,2025-05-05 18:00,3613.855500000003,3384.7551000000026,2387.9500000000025
forecast_2995,2025-05-05 19:00,4183.907,4761.729,3257.8242000000027
forecast_2996,2025-05-05 20:00,4010.86,4604.1763,3186.6466000000028
forecast_2997,2025-05-05 21:00,4028.2302,4520.31,3242.7607000000025
forecast_2998,2025-05-05 22:00,5017.606,5421.802,3818.0980000000027
forecast_2999,2025-05-05 23:00,4154.497,4174.4023,3096.3317000000025
forecast_3000,2025-05-06 0:00,4485.481,4781.143,3236.2205000000026
forecast_3001,2025-05-06 1:00,2925.3282000000027,2747.344000000003,2208.3278000000028
forecast_3002,2025-05-06 2:00,2783.5885000000026,2703.8932000000027,2118.3200700000025
forecast_3003,2025-05-06 3:00,2713.5511000000024,2649.3269000000028,2157.3192000000026
forecast_3004,2025-05-06 4:00,2632.1060000000025,2618.7407000000026,2256.757300000003
forecast_3005,2025-05-06 5:00,3103.5815000000025,3067.7996000000026,2450.310500000003
forecast_3006,2025-05-06 6:00,3340.0950000000025,3423.5220000000027,2486.4314000000027
forecast_3007,2025-05-06 7:00,3694.5625000000027,3660.685500000003,2610.4495000000024
forecast_3008,2025-05-06 8:00,3643.4910000000027,3636.3633000000027,2607.026200000003
forecast_3009,2025-05-06 9:00,3371.764000000003,3358.6310000000026,2419.4293000000025
forecast_3010,2025-05-06 10:00,2757.4749000000024,2794.7117000000026,2112.115400000003
forecast_3011,2025-05-06 11:00,2586.6575000000025,2512.8187000000025,2056.8720000000026
forecast_3012,2025-05-06 12:00,2511.9543000000026,2581.6047000000026,2056.8720000000026
forecast_3013,2025-05-06 13:00,2490.1011000000026,2476.528800000003,2106.819500000003
forecast_3014,2025-05-06 14:00,2566.7792000000027,2524.7650000000026,2109.0809000000027
forecast_3015,2025-05-06 15:00,2663.737000000003,2751.1921000000025,2112.115400000003
forecast_3016,2025-05-06 16:00,2500.6644000000024,2520.7311000000027,2071.1155000000026
forecast_3017,2025-05-06 17:00,2320.4215000000027,2300.5123000000026,1972.2800000000027
forecast_3018,2025-05-06 18:00,2434.5846000000024,2215.2965000000027,2069.6473400000027
forecast_3019,2025-05-06 19:00,2455.0498000000025,2110.3704000000025,2054.2109000000028
forecast_3020,2025-05-06 20:00,2555.4797000000026,2465.4770000000026,2202.9114000000027
forecast_3021,2025-05-06 21:00,2763.8616000000025,2505.0916000000025,2363.230800000003
forecast_3022,2025-05-06 22:00,3287.421400000003,3359.5470000000028,2788.1389000000026
forecast_3023,2025-05-06 23:00,3561.8835000000026,3548.6167000000028,2870.2881000000025
forecast_3024,2025-05-07 0:00,3867.2065000000025,4011.565700000003,3005.129300000003
forecast_3025,2025-05-07 1:00,4055.1382,3460.356,3162.5156000000025
forecast_3026,2025-05-07 2:00,3756.9336,4061.9080000000026,3072.838400000003
forecast_3027,2025-05-07 3:00,3309.559,3545.0750000000025,2678.5710000000026
forecast_3028,2025-05-07 4:00,3822.023700000003,3489.5400000000027,2948.4557000000027
forecast_3029,2025-05-07 5:00,4054.5217,3304.3376,3233.7698000000028
forecast_3030,2025-05-07 6:00,4278.9414,3853.1106,3320.671600000003
forecast_3031,2025-05-07 7:00,4278.2646,3894.7502,3204.074700000003
forecast_3032,2025-05-07 8:00,3944.276,3420.9138,2848.5515000000028
forecast_3033,2025-05-07 9:00,3934.9570000000026,3767.530000000003,2621.824700000003
forecast_3034,2025-05-07 10:00,4104.076000000003,3741.2378000000026,2685.4265000000028
forecast_3035,2025-05-07 11:00,3760.413300000003,3446.2075000000027,2604.918300000003
forecast_3036,2025-05-07 12:00,3790.2980000000025,3393.9438000000027,2602.580200000003
forecast_3037,2025-05-07 13:00,3514.0479000000028,3154.224000000003,2462.2454000000025
forecast_3038,2025-05-07 14:00,3732.9583000000025,3333.434600000003,2489.0901000000026
forecast_3039,2025-05-07 15:00,3191.1958000000027,2736.9814000000024,2142.297300000003
forecast_3040,2025-05-07 16:00,3098.6924000000026,2663.1078000000025,2160.2185000000027
forecast_3041,2025-05-07 17:00,2992.7643000000025,2601.3351000000025,2109.0809000000027
forecast_3042,2025-05-07 18:00,2807.143700000003,2505.5300000000025,2086.6573000000026
forecast_3043,2025-05-07 19:00,3022.5334000000025,2982.0454000000027,2340.122900000003
forecast_3044,2025-05-07 20:00,3821.360000000003,3722.5312000000026,2616.606200000003
forecast_3045,2025-05-07 21:00,5313.842,5973.0444,3159.9902
forecast_3046,2025-05-07 22:00,5777.5103,6196.174,3697.1553
forecast_3047,2025-05-07 23:00,7836.0117,8071.3906,5577.759
forecast_3048,2025-05-08 0:00,5933.519,5926.3784,3237.6377
forecast_3049,2025-05-08 1:00,5544.207,6012.7144,3162.494
forecast_3050,2025-05-08 2:00,7517.4487,7428.525,4328.8525
forecast_3051,2025-05-08 3:00,9494.776,9398.601,6395.8516
forecast_3052,2025-05-08 4:00,12166.348,12060.921,8498.344
forecast_3053,2025-05-08 5:00,11172.93,10897.271,7386.987
forecast_3054,2025-05-08 6:00,8987.2,8685.737,5543.8003
forecast_3055,2025-05-08 7:00,5784.0146,5682.212,3390.0156
forecast_3056,2025-05-08 8:00,4056.078,3922.2642,3145.2890000000025
forecast_3057,2025-05-08 9:00,3244.926800000003,3004.749800000003,2333.0964000000026
forecast_3058,2025-05-08 10:00,2385.6470000000027,2224.6632000000027,1979.4919400000026
forecast_3059,2025-05-08 11:00,2192.4285000000027,2151.8850000000025,1973.9051000000027
forecast_3060,2025-05-08 12:00,2328.3479000000025,2410.4125000000026,2056.476000000003
forecast_3061,2025-05-08 13:00,2522.5629000000026,2523.7100000000028,2086.0503500000027
forecast_3062,2025-05-08 14:00,3873.3284000000026,3434.9678,3210.5498000000025
forecast_3063,2025-05-08 15:00,3610.987500000003,3687.154300000003,2858.0421000000024
forecast_3064,2025-05-08 16:00,3254.7388,3557.5266,3383.4350000000027
forecast_3065,2025-05-08 17:00,4184.275400000002,3497.6677,3261.742000000003
forecast_3066,2025-05-08 18:00,3745.4897,4260.1294,3790.3376000000026
forecast_3067,2025-05-08 19:00,4647.5005,5872.523,3472.9465
forecast_3068,2025-05-08 20:00,4014.8564,4231.637,3069.015400000003
forecast_3069,2025-05-08 21:00,3881.7725,4445.3066,3180.7539000000024
forecast_3070,2025-05-08 22:00,3455.0608,3676.0833,3091.440700000003
forecast_3071,2025-05-08 23:00,3371.1306,3355.8015,2920.4591000000028
forecast_3072,2025-05-09 0:00,4603.121,5527.633,3699.091300000003
forecast_3073,2025-05-09 1:00,6121.5635,8176.5166,3701.132
forecast_3074,2025-05-09 2:00,7144.2295,8915.752,3922.34
forecast_3075,2025-05-09 3:00,5216.2925,6328.741,3847.4990000000025
forecast_3076,2025-05-09 4:00,5529.0264,7515.48,4195.913800000002
forecast_3077,2025-05-09 5:00,3874.9705,4368.506,3087.6432000000027
forecast_3078,2025-05-09 6:00,3303.7153,3665.4543,2795.5903000000026
forecast_3079,2025-05-09 7:00,4121.7683000000025,3975.0044000000025,2616.0425000000027
forecast_3080,2025-05-09 8:00,3939.355500000003,3810.7146000000025,2607.4766000000027
forecast_3081,2025-05-09 9:00,3893.717000000003,4008.310300000003,2446.5548000000026
forecast_3082,2025-05-09 10:00,4466.423,4907.1357,3646.642800000003
forecast_3083,2025-05-09 11:00,4935.714,5460.5337,3667.5488000000028
forecast_3084,2025-05-09 12:00,6963.882,7461.4023,3905.6658
forecast_3085,2025-05-09 13:00,8757.115,10388.258,6859.809
forecast_3086,2025-05-09 14:00,11155.726,13574.231,10285.874
forecast_3087,2025-05-09 15:00,11689.195,13405.014,9638.661
forecast_3088,2025-05-09 16:00,12007.226,13661.072,10097.196
forecast_3089,2025-05-09 17:00,12353.283,13751.109,9972.719
forecast_3090,2025-05-09 18:00,11390.3545,13020.057,9420.245
forecast_3091,2025-05-09 19:00,10038.455,10985.94,6940.9683
forecast_3092,2025-05-09 20:00,6898.728,6419.615,3841.7517000000025
forecast_3093,2025-05-09 21:00,4677.33,4449.4,2990.046000000003
forecast_3094,2025-05-09 22:00,3369.6123,4004.2756000000027,2617.3672000000024
forecast_3095,2025-05-09 23:00,3661.8633,3605.755,2902.2457000000027
forecast_3096,2025-05-10 0:00,7987.5225,7725.751,5220.214
forecast_3097,2025-05-10 1:00,13044.219,13690.08,10822.597
forecast_3098,2025-05-10 2:00,14174.559,15378.711,12162.513
forecast_3099,2025-05-10 3:00,14710.824,16066.548,13159.254
forecast_3100,2025-05-10 4:00,14885.881,16515.32,13290.663
forecast_3101,2025-05-10 5:00,14906.556,16673.52,13583.879
forecast_3102,2025-05-10 6:00,16341.838,17537.27,14896.638
forecast_3103,2025-05-10 7:00,18428.85,19009.182,16518.293
forecast_3104,2025-05-10 8:00,18754.3,19681.838,16603.947
forecast_3105,2025-05-10 9:00,18889.088,19711.67,16752.848
forecast_3106,2025-05-10 10:00,19065.781,19784.842,16889.307
forecast_3107,2025-05-10 11:00,19075.121,19778.936,16842.445
forecast_3108,2025-05-10 12:00,18809.645,19575.805,16718.05
forecast_3109,2025-05-10 13:00,18583.723,19232.213,16599.115
forecast_3110,2025-05-10 14:00,18622.496,19366.871,16636.396
forecast_3111,2025-05-10 15:00,18172.758,18919.09,16334.476
forecast_3112,2025-05-10 16:00,17430.188,17797.201,16237.936
forecast_3113,2025-05-10 17:00,16312.755,16564.303,14608.306
forecast_3114,2025-05-10 18:00,15133.823,15103.807,13309.907
forecast_3115,2025-05-10 19:00,13328.084,13699.247,11854.845
forecast_3116,2025-05-10 20:00,11983.322,11833.793,9919.797
forecast_3117,2025-05-10 21:00,9845.434,10005.163,7677.2285
forecast_3118,2025-05-10 22:00,10145.838,10941.259,8579.905
forecast_3119,2025-05-10 23:00,9234.719,9866.956,7240.449
forecast_3120,2025-05-11 0:00,7640.0586,7888.249,5314.1255
forecast_3121,2025-05-11 1:00,8875.332,10093.043,7215.729
forecast_3122,2025-05-11 2:00,9271.496,10353.682,7366.014
forecast_3123,2025-05-11 3:00,8523.943,9218.732,6679.578
forecast_3124,2025-05-11 4:00,8213.842,8978.506,6388.1294
forecast_3125,2025-05-11 5:00,8845.763,9598.555,6901.729
forecast_3126,2025-05-11 6:00,6708.222,7205.45,4320.742
forecast_3127,2025-05-11 7:00,5102.4297,5683.693,3225.826
forecast_3128,2025-05-11 8:00,4813.867,4465.427,3979.9858000000027
forecast_3129,2025-05-11 9:00,4023.900000000003,3691.5312000000026,2912.4224000000027
forecast_3130,2025-05-11 10:00,2866.796800000003,2541.2865000000024,2349.3726000000024
forecast_3131,2025-05-11 11:00,2848.7246000000027,2653.1277000000027,2346.0520000000024
forecast_3132,2025-05-11 12:00,3049.9727000000025,2670.6400000000026,2202.9010000000026
forecast_3133,2025-05-11 13:00,3675.599400000003,3343.1526000000026,2700.272100000003
forecast_3134,2025-05-11 14:00,4293.389,3788.0486,3317.4802000000027
forecast_3135,2025-05-11 15:00,4026.8213,3597.038,3621.668200000003
forecast_3136,2025-05-11 16:00,4440.5806,4022.8682,3660.108400000003
forecast_3137,2025-05-11 17:00,4857.5215,4576.5703,3686.367200000003
forecast_3138,2025-05-11 18:00,4692.287,4172.759,3453.724000000003
forecast_3139,2025-05-11 19:00,5455.5073,5544.0254,4255.935500000003
forecast_3140,2025-05-11 20:00,7796.7466,7434.8833,5448.8765
forecast_3141,2025-05-11 21:00,9889.414,10685.803,8215.762
forecast_3142,2025-05-11 22:00,11922.035,12882.49,9946.029
forecast_3143,2025-05-11 23:00,13290.434,14409.739,11143.402
forecast_3144,2025-05-12 0:00,14028.512,15045.447,11753.813
forecast_3145,2025-05-12 1:00,12337.204,13894.041,10481.524
forecast_3146,2025-05-12 2:00,13326.236,14763.129,11411.293
forecast_3147,2025-05-12 3:00,14055.376,15386.569,12274.09
forecast_3148,2025-05-12 4:00,14457.89,15876.987,13113.37
forecast_3149,2025-05-12 5:00,15102.78,16027.163,13805.27
forecast_3150,2025-05-12 6:00,14923.488,15707.483,12784.416
forecast_3151,2025-05-12 7:00,13721.065,15462.956,12683.287
forecast_3152,2025-05-12 8:00,13024.988,14076.033,10672.883
forecast_3153,2025-05-12 9:00,12674.116,13540.482,10375.416
forecast_3154,2025-05-12 10:00,11946.95,12652.639,9874.068
forecast_3155,2025-05-12 11:00,10684.058,11129.2,8837.86
forecast_3156,2025-05-12 12:00,10322.664,10792.427,8720.897
forecast_3157,2025-05-12 13:00,9850.934,9632.316,7425.3677
forecast_3158,2025-05-12 14:00,9066.095,8318.708,6596.273
forecast_3159,2025-05-12 15:00,9129.867,8477.954,6855.336
forecast_3160,2025-05-12 16:00,9523.429,8970.585,7707.081
forecast_3161,2025-05-12 17:00,9864.9375,9442.079,8152.81
forecast_3162,2025-05-12 18:00,10185.043,9751.364,8065.394
forecast_3163,2025-05-12 19:00,11942.144,12233.782,10035.2
forecast_3164,2025-05-12 20:00,14362.683,14401.703,11779.142
forecast_3165,2025-05-12 21:00,16511.22,16309.571,13747.719
forecast_3166,2025-05-12 22:00,17826.047,18188.732,15509.889
forecast_3167,2025-05-12 23:00,18013.922,18414.531,16018.754
forecast_3168,2025-05-13 0:00,19434.453,19264.068,16198.139
forecast_3169,2025-05-13 1:00,20554.477,19710.977,16458.979
forecast_3170,2025-05-13 2:00,20619.414,19907.334,16541.068
forecast_3171,2025-05-13 3:00,20133.002,19819.451,16354.081
forecast_3172,2025-05-13 4:00,19427.604,19466.889,16481.025
forecast_3173,2025-05-13 5:00,20163.123,19903.559,16604.113
forecast_3174,2025-05-13 6:00,19386.475,19606.873,16601.656
forecast_3175,2025-05-13 7:00,18589.516,19348.174,16504.822
forecast_3176,2025-05-13 8:00,17255.225,18226.637,16039.709
forecast_3177,2025-05-13 9:00,16059.746,17089.91,14469.293
forecast_3178,2025-05-13 10:00,15165.251,16341.639,13856.025
forecast_3179,2025-05-13 11:00,15188.372,16469.361,14300.935
forecast_3180,2025-05-13 12:00,15031.826,16312.219,14157.49
forecast_3181,2025-05-13 13:00,14547.526,15575.643,13756.205
forecast_3182,2025-05-13 14:00,14215.863,15257.242,13189.161
forecast_3183,2025-05-13 15:00,14021.099,15072.737,12872.849
forecast_3184,2025-05-13 16:00,14099.72,15101.407,13376.712
forecast_3185,2025-05-13 17:00,13764.954,14899.684,12904.658
forecast_3186,2025-05-13 18:00,13964.247,15320.627,13675.92
forecast_3187,2025-05-13 19:00,15557.241,16647.818,14449.126
forecast_3188,2025-05-13 20:00,17453.936,18147.043,15969.566
forecast_3189,2025-05-13 21:00,18187.742,18713.58,16223.959
forecast_3190,2025-05-13 22:00,19116.932,19232.47,16390.955
forecast_3191,2025-05-13 23:00,19451.158,19640.416,16464.83
forecast_3192,2025-05-14 0:00,19684.652,19770.363,16472.738
forecast_3193,2025-05-14 1:00,19149.982,19525.77,16340.977
forecast_3194,2025-05-14 2:00,19722.8,19598.695,16372.797
forecast_3195,2025-05-14 3:00,19674.77,19620.367,16381.829
forecast_3196,2025-05-14 4:00,19964.78,19721.459,16455.645
forecast_3197,2025-05-14 5:00,20107.406,19616.553,16441.654
forecast_3198,2025-05-14 6:00,19923.975,19446.408,16056.902
forecast_3199,2025-05-14 7:00,18553.21,18558.818,14504.2705
forecast_3200,2025-05-14 8:00,15312.275,15818.453,12246.62
forecast_3201,2025-05-14 9:00,11392.544,11947.811,9628.867
forecast_3202,2025-05-14 10:00,8038.4233,8349.932,6820.7617
forecast_3203,2025-05-14 11:00,6325.8633,6358.0894,4613.927
forecast_3204,2025-05-14 12:00,5238.95,5702.053,4010.7983
forecast_3205,2025-05-14 13:00,5379.0464,5531.473,4422.185
forecast_3206,2025-05-14 14:00,5053.818,5339.1577,4175.6406
forecast_3207,2025-05-14 15:00,5163.2993,5844.984,4300.4756
forecast_3208,2025-05-14 16:00,5588.111,6655.075,5249.2896
forecast_3209,2025-05-14 17:00,5345.2866,6029.978,4497.766
forecast_3210,2025-05-14 18:00,5841.6245,6711.228,5043.82
forecast_3211,2025-05-14 19:00,8253.884,9826.798,7387.454
forecast_3212,2025-05-14 20:00,9636.299,11628.19,8305.372
forecast_3213,2025-05-14 21:00,10456.096,12464.056,9551.854
forecast_3214,2025-05-14 22:00,10472.713,13231.161,9452.379
forecast_3215,2025-05-14 23:00,10980.424,12770.192,9322.071
forecast_3216,2025-05-15 0:00,11938.656,13476.911,10313.594
forecast_3217,2025-05-15 1:00,12705.533,14910.684,11923.198
forecast_3218,2025-05-15 2:00,13192.37,15616.609,11963.415
forecast_3219,2025-05-15 3:00,12113.636,14771.452,11027.256
forecast_3220,2025-05-15 4:00,12948.322,15262.161,12300.008
forecast_3221,2025-05-15 5:00,12720.501,15446.008,12311.133
forecast_3222,2025-05-15 6:00,14203.862,16234.135,13069.143
forecast_3223,2025-05-15 7:00,15580.414,17349.473,15501.165
forecast_3224,2025-05-15 8:00,16497.064,17891.97,15654.625
forecast_3225,2025-05-15 9:00,15377.874,17288.924,15826.042
forecast_3226,2025-05-15 10:00,15043.0205,16449.164,14919.063
forecast_3227,2025-05-15 11:00,14063.016,15600.174,13218.353
forecast_3228,2025-05-15 12:00,13922.585,15379.537,13348.56
forecast_3229,2025-05-15 13:00,15412.8545,16758.844,14959.817
forecast_3230,2025-05-15 14:00,17022.29,18113.629,16258.185
forecast_3231,2025-05-15 15:00,16377.152,17577.93,15679.436
forecast_3232,2025-05-15 16:00,15590.858,17059.424,15497.827
forecast_3233,2025-05-15 17:00,15438.997,17127.744,15494.783
forecast_3234,2025-05-15 18:00,16773.412,18185.771,16303.165
forecast_3235,2025-05-15 19:00,17107.668,18220.1,16518.795
forecast_3236,2025-05-15 20:00,16965.764,18105.623,16556.502
forecast_3237,2025-05-15 21:00,17448.342,18742.07,16721.646
forecast_3238,2025-05-15 22:00,18615.139,19543.22,17232.145
forecast_3239,2025-05-15 23:00,17419.807,18333.365,16719.992
forecast_3240,2025-05-16 0:00,16643.408,17878.72,16386.193
forecast_3241,2025-05-16 1:00,17661.53,18464.28,16446.023
forecast_3242,2025-05-16 2:00,18274.693,19106.354,16594.928
forecast_3243,2025-05-16 3:00,18309.203,19049.115,16337.659
forecast_3244,2025-05-16 4:00,17849.6,18839.316,16371.904
forecast_3245,2025-05-16 5:00,16941.676,17904.438,15857.816
forecast_3246,2025-05-16 6:00,16438.783,17044.41,15010.784
forecast_3247,2025-05-16 7:00,15014.12,15774.636,13014.441
forecast_3248,2025-05-16 8:00,13686.411,14932.518,12234.622
forecast_3249,2025-05-16 9:00,12589.221,13885.605,10869.466
forecast_3250,2025-05-16 10:00,11340.562,12982.776,10483.248
forecast_3251,2025-05-16 11:00,9838.588,12167.726,9809.119
forecast_3252,2025-05-16 12:00,9816.951,11535.459,9543.142
forecast_3253,2025-05-16 13:00,8065.0337,9056.911,8140.657
forecast_3254,2025-05-16 14:00,7190.795,8046.952,6148.2085
forecast_3255,2025-05-16 15:00,5178.573,6270.335,4099.9062
forecast_3256,2025-05-16 16:00,5485.2134,6610.059,4768.6396
forecast_3257,2025-05-16 17:00,5697.171,7114.73,3977.204
forecast_3258,2025-05-16 18:00,4557.92,5363.7715,3215.542
forecast_3259,2025-05-16 19:00,4806.8643,5541.437,4157.717000000002
forecast_3260,2025-05-16 20:00,4530.6475,5034.098,3688.5310000000027
forecast_3261,2025-05-16 21:00,4363.1523,4929.7363,3600.1492000000026
forecast_3262,2025-05-16 22:00,3832.904,4443.6914,2888.9568000000027
forecast_3263,2025-05-16 23:00,3865.8728,4694.7114,3344.594500000003
forecast_3264,2025-05-17 0:00,3555.3804,3770.874,3173.1897000000026
forecast_3265,2025-05-17 1:00,5776.8325,5632.6167,3749.029500000003
forecast_3266,2025-05-17 2:00,4628.848,5141.365,3714.543700000003
forecast_3267,2025-05-17 3:00,5132.0723,6565.2007,4232.377400000003
forecast_3268,2025-05-17 4:00,4234.69,5159.6987,3478.9210000000026
forecast_3269,2025-05-17 5:00,3575.338,4050.099,3066.411100000003
forecast_3270,2025-05-17 6:00,3424.977800000003,3467.184600000003,2355.088700000003
forecast_3271,2025-05-17 7:00,2745.922700000003,2661.2631000000024,2245.3209000000024
forecast_3272,2025-05-17 8:00,3630.6140000000028,3451.921600000003,2315.2468000000026
forecast_3273,2025-05-17 9:00,4598.045,4839.418,3697.390100000003
forecast_3274,2025-05-17 10:00,5115.265,5223.0957,4008.8970000000027
forecast_3275,2025-05-17 11:00,5226.584,5582.8394,4136.549000000003
forecast_3276,2025-05-17 12:00,6096.781,6531.0635,4762.911
forecast_3277,2025-05-17 13:00,9846.137,9930.965,8451.689
forecast_3278,2025-05-17 14:00,11482.609,12368.263,10550.961
forecast_3279,2025-05-17 15:00,12729.774,13647.842,12004.98
forecast_3280,2025-05-17 16:00,14742.164,15533.67,14039.728
forecast_3281,2025-05-17 17:00,16138.049,16730.592,15451.528
forecast_3282,2025-05-17 18:00,17889.24,18810.807,16467.193
forecast_3283,2025-05-17 19:00,18520.756,19249.092,17121.223
forecast_3284,2025-05-17 20:00,18815.68,19205.686,16557.482
forecast_3285,2025-05-17 21:00,18955.354,19282.941,16677.104
forecast_3286,2025-05-17 22:00,19116.932,19257.936,16402.686
forecast_3287,2025-05-17 23:00,19481.182,19466.365,16109.366
forecast_3288,2025-05-18 0:00,18867.652,18953.18,15825.486
forecast_3289,2025-05-18 1:00,18591.691,18494.645,15408.181
forecast_3290,2025-05-18 2:00,17546.85,17402.088,14124.511
forecast_3291,2025-05-18 3:00,15380.43,15823.094,12602.612
forecast_3292,2025-05-18 4:00,13845.816,14122.967,10729.307
forecast_3293,2025-05-18 5:00,11424.893,11690.719,8438.008
forecast_3294,2025-05-18 6:00,8185.573,8449.232,4791.6274
forecast_3295,2025-05-18 7:00,4130.834,3695.8076,2926.573100000003
forecast_3296,2025-05-18 8:00,3151.429000000003,2861.1577000000025,2254.958000000003
forecast_3297,2025-05-18 9:00,2585.1984000000025,2339.1816000000026,2069.0152000000026
forecast_3298,2025-05-18 10:00,2408.8667000000028,2231.1335000000026,1957.8143000000027
forecast_3299,2025-05-18 11:00,2810.3630000000026,2662.7985000000026,2220.072500000003
forecast_3300,2025-05-18 12:00,3427.9260000000027,3279.9988000000026,2472.4984000000027
forecast_3301,2025-05-18 13:00,3558.627,3929.751000000003,2854.9087000000027
forecast_3302,2025-05-18 14:00,4147.6772,3255.7305,3240.514000000003
forecast_3303,2025-05-18 15:00,4816.272,3806.2864,3631.5393000000026
forecast_3304,2025-05-18 16:00,5268.1113,4227.7065,4218.848100000003
forecast_3305,2025-05-18 17:00,7622.404,6221.4624,5358.4
forecast_3306,2025-05-18 18:00,8465.728,7550.2476,6212.7896
forecast_3307,2025-05-18 19:00,10441.128,10417.59,8292.995
forecast_3308,2025-05-18 20:00,12206.549,12499.046,9585.739
forecast_3309,2025-05-18 21:00,12570.84,13605.154,10319.877
forecast_3310,2025-05-18 22:00,13004.365,14321.834,11224.274
forecast_3311,2025-05-18 23:00,13331.367,14603.218,11111.758
forecast_3312,2025-05-19 0:00,13891.14,15125.042,11283.294
forecast_3313,2025-05-19 1:00,11678.784,13398.547,9650.843
forecast_3314,2025-05-19 2:00,10093.048,12442.379,8259.239
forecast_3315,2025-05-19 3:00,9201.729,10716.851,6942.828
forecast_3316,2025-05-19 4:00,9159.746,11243.279,7014.335
forecast_3317,2025-05-19 5:00,9305.2705,11491.603,7788.148
forecast_3318,2025-05-19 6:00,9619.802,11882.668,8124.0747
forecast_3319,2025-05-19 7:00,11090.6,13094.409,9440.309
forecast_3320,2025-05-19 8:00,11781.422,13896.019,10713.844
forecast_3321,2025-05-19 9:00,12061.245,14436.224,10853.578
forecast_3322,2025-05-19 10:00,12669.248,14384.633,12119.2295
forecast_3323,2025-05-19 11:00,14369.847,15597.537,13857.233
forecast_3324,2025-05-19 12:00,15334.671,16524.68,14885.338
forecast_3325,2025-05-19 13:00,15351.23,16853.47,15163.31
forecast_3326,2025-05-19 14:00,15913.338,17580.615,15467.701
forecast_3327,2025-05-19 15:00,16821.047,18154.148,16241.311
forecast_3328,2025-05-19 16:00,17491.99,18000.904,15918.7295
forecast_3329,2025-05-19 17:00,18041.812,18494.727,16211.884
forecast_3330,2025-05-19 18:00,18352.543,19003.334,16505.393
forecast_3331,2025-05-19 19:00,18835.926,19150.889,16758.592
forecast_3332,2025-05-19 20:00,18860.098,19207.613,16798.016
forecast_3333,2025-05-19 21:00,19141.21,19522.684,17071.246
forecast_3334,2025-05-19 22:00,18632.748,18719.76,16557.324
forecast_3335,2025-05-19 23:00,18101.025,18363.09,16129.263
forecast_3336,2025-05-20 0:00,17921.875,18541.031,15991.171
forecast_3337,2025-05-20 1:00,18571.656,19336.96,17576.363
forecast_3338,2025-05-20 2:00,18540.328,19416.385,17442.26
forecast_3339,2025-05-20 3:00,18350.316,19020.592,17162.79
forecast_3340,2025-05-20 4:00,18607.04,19552.326,16867.602
forecast_3341,2025-05-20 5:00,18107.324,19228.934,16519.559
forecast_3342,2025-05-20 6:00,18246.438,18963.387,16526.768
forecast_3343,2025-05-20 7:00,17486.088,17756.69,16430.879
forecast_3344,2025-05-20 8:00,16461.447,17415.068,16375.613
forecast_3345,2025-05-20 9:00,15862.209,16810.936,15908.942
forecast_3346,2025-05-20 10:00,14584.837,14507.464,13386.802
forecast_3347,2025-05-20 11:00,13747.239,14183.798,12745.929
forecast_3348,2025-05-20 12:00,12594.896,13762.814,12001.5205
forecast_3349,2025-05-20 13:00,12856.928,14146.92,12300.446
forecast_3350,2025-05-20 14:00,13674.078,14592.817,12411.58
forecast_3351,2025-05-20 15:00,14798.612,15627.223,14304.58
forecast_3352,2025-05-20 16:00,15125.144,15984.878,15201.873
forecast_3353,2025-05-20 17:00,14615.796,15454.954,15191.001
forecast_3354,2025-05-20 18:00,13890.776,15279.424,15473.791
forecast_3355,2025-05-20 19:00,14944.164,16043.491,15709.016
forecast_3356,2025-05-20 20:00,15413.07,16357.565,16116.078
forecast_3357,2025-05-20 21:00,16333.996,16917.008,16225.006
forecast_3358,2025-05-20 22:00,16808.44,17304.412,16270.984
forecast_3359,2025-05-20 23:00,16367.846,17158.76,16108.611
forecast_3360,2025-05-21 0:00,16188.86,17308.67,15834.962
forecast_3361,2025-05-21 1:00,16240.637,17166.596,15649.006
forecast_3362,2025-05-21 2:00,16525.07,17461.244,16054.495
forecast_3363,2025-05-21 3:00,17098.03,17631.518,15576.814
forecast_3364,2025-05-21 4:00,16470.904,17207.283,14441.787
forecast_3365,2025-05-21 5:00,15188.574,16061.864,13269.985
forecast_3366,2025-05-21 6:00,13018.301,14006.319,10079.345
forecast_3367,2025-05-21 7:00,9338.216,9308.039,5767.731
forecast_3368,2025-05-21 8:00,6426.6074,6734.8394,3755.6287
forecast_3369,2025-05-21 9:00,3646.5908,3463.4526,3035.938000000003
forecast_3370,2025-05-21 10:00,2940.5130000000026,2689.7246000000027,2145.3233600000026
forecast_3371,2025-05-21 11:00,2615.148200000003,2488.5437000000024,2056.8720000000026
forecast_3372,2025-05-21 12:00,2566.325800000003,2436.830300000003,2056.8720000000026
forecast_3373,2025-05-21 13:00,3062.2886000000026,2780.304900000003,2444.1571000000026
forecast_3374,2025-05-21 14:00,3154.3743000000027,2895.6980000000026,2468.9258000000027
forecast_3375,2025-05-21 15:00,2724.3344000000025,2572.2162000000026,2207.266800000003
forecast_3376,2025-05-21 16:00,2523.123700000003,2476.5665000000026,2084.0733000000027
forecast_3377,2025-05-21 17:00,2398.6276000000025,2282.5664000000024,2035.7456700000027
forecast_3378,2025-05-21 18:00,2596.958900000003,2287.603900000003,2012.0914300000027
forecast_3379,2025-05-21 19:00,2811.9459000000024,2741.0074000000027,2126.1931000000027
forecast_3380,2025-05-21 20:00,2975.2808000000027,2917.2146000000025,2288.310500000003
forecast_3381,2025-05-21 21:00,3073.9932000000026,3051.8833000000027,2402.0868000000028
forecast_3382,2025-05-21 22:00,3423.264000000003,3581.580800000003,2580.7782000000025
forecast_3383,2025-05-21 23:00,3239.8223000000025,3285.0195000000026,2409.9778000000024
forecast_3384,2025-05-22 0:00,3154.2495000000026,3026.3867000000027,2457.999600000003
forecast_3385,2025-05-22 1:00,3642.367000000003,3669.6648000000027,2255.911900000003
forecast_3386,2025-05-22 2:00,3386.5876000000026,3237.474400000003,2202.1603000000027
forecast_3387,2025-05-22 3:00,3943.5874000000026,3724.8176000000026,2423.2783000000027
forecast_3388,2025-05-22 4:00,4173.250500000003,3926.5890000000027,2389.4332000000027
forecast_3389,2025-05-22 5:00,3557.5290000000027,3264.4604000000027,2160.880000000003
forecast_3390,2025-05-22 6:00,2993.2703000000024,2716.2214000000026,2085.647640000003
forecast_3391,2025-05-22 7:00,2751.2825000000025,2594.1373000000026,2148.0242000000026
forecast_3392,2025-05-22 8:00,3259.824000000003,3432.497800000003,2587.5125000000025
forecast_3393,2025-05-22 9:00,4182.828600000003,3555.0469,2936.8208000000027
forecast_3394,2025-05-22 10:00,4034.4055,4623.5283,3139.6361000000024
forecast_3395,2025-05-22 11:00,3850.2505,4748.921,3257.577000000003
forecast_3396,2025-05-22 12:00,3625.9395,4407.2715,3128.3314000000028
forecast_3397,2025-05-22 13:00,3240.3264,4140.4556,3089.2540000000026
forecast_3398,2025-05-22 14:00,3841.2751000000026,3599.7786,2991.7322000000026
forecast_3399,2025-05-22 15:00,3385.8079000000025,3959.4600000000028,2848.022200000003
forecast_3400,2025-05-22 16:00,2850.7437000000027,3010.0244000000025,2407.5327000000025
forecast_3401,2025-05-22 17:00,2438.1630000000027,2434.8403000000026,2185.7709000000027
forecast_3402,2025-05-22 18:00,2345.3170000000027,2346.8795000000027,2044.0233000000026
forecast_3403,2025-05-22 19:00,2510.2866000000026,2532.8563000000026,1979.4919400000026
forecast_3404,2025-05-22 20:00,3253.324700000003,3151.8752000000027,1981.7532000000028
forecast_3405,2025-05-22 21:00,3579.3894000000028,3359.6594000000027,2190.623800000003
forecast_3406,2025-05-22 22:00,3418.989,3302.6292,2565.4613000000027
forecast_3407,2025-05-22 23:00,3582.3828,3456.1948,2595.5083000000027
forecast_3408,2025-05-23 0:00,3744.2212,3651.2356,2655.8242000000027
forecast_3409,2025-05-23 1:00,4103.8555,3860.3083,2632.8098000000027
forecast_3410,2025-05-23 2:00,4431.908,3959.692,2845.9342000000024
forecast_3411,2025-05-23 3:00,3986.155,3805.8726,2687.1803000000027
forecast_3412,2025-05-23 4:00,4851.228,4712.273,2955.4006000000027
forecast_3413,2025-05-23 5:00,4241.183,4267.4624,2808.1640000000025
forecast_3414,2025-05-23 6:00,4242.8457,4050.4797,2745.7985000000026
forecast_3415,2025-05-23 7:00,4435.87,3671.3325,2621.6416000000027
forecast_3416,2025-05-23 8:00,3911.941,3526.8157,2654.2126000000026
forecast_3417,2025-05-23 9:00,3971.165,3615.401,2718.7765000000027
forecast_3418,2025-05-23 10:00,3640.6765,3911.3887000000027,2478.8389000000025
forecast_3419,2025-05-23 11:00,3269.0286,3646.421600000003,2524.7430000000027
forecast_3420,2025-05-23 12:00,3888.880900000003,3585.6292000000026,2604.9028000000026
forecast_3421,2025-05-23 13:00,3604.3640000000028,3284.606000000003,2534.883700000003
forecast_3422,2025-05-23 14:00,3436.8179000000027,3137.7117000000026,2305.382800000003
forecast_3423,2025-05-23 15:00,3329.4292000000028,3363.3610000000026,2426.6974000000027
forecast_3424,2025-05-23 16:00,3347.941200000003,3234.4730000000027,2389.069500000003
forecast_3425,2025-05-23 17:00,4019.0303000000026,3933.239700000003,2635.9270000000024
forecast_3426,2025-05-23 18:00,3876.1665,3630.8787,2879.2084000000027
forecast_3427,2025-05-23 19:00,3770.9055,3613.2173,2630.1742000000027
forecast_3428,2025-05-23 20:00,4330.3003,4350.373,2856.295000000003
forecast_3429,2025-05-23 21:00,5382.6655,5333.42,3260.1477000000027
forecast_3430,2025-05-23 22:00,5811.8994,6104.0815,3333.3374000000026
forecast_3431,2025-05-23 23:00,5122.389,4853.183,2960.998300000003
forecast_3432,2025-05-24 0:00,4787.1807,4510.5894,2737.8397000000027
forecast_3433,2025-05-24 1:00,5877.4165,5394.2153,3193.3264000000026
forecast_3434,2025-05-24 2:00,5630.1514,5435.72,3207.228000000003
forecast_3435,2025-05-24 3:00,5663.5396,5262.119,3052.370200000003
forecast_3436,2025-05-24 4:00,4806.124,5289.933,3257.5474000000027
forecast_3437,2025-05-24 5:00,5017.0293,5699.066,3242.645300000003
forecast_3438,2025-05-24 6:00,5265.021,6064.8496,3876.6848000000027
forecast_3439,2025-05-24 7:00,5938.871,6899.5093,4109.383500000003
forecast_3440,2025-05-24 8:00,5508.234,6880.8926,3209.2827
forecast_3441,2025-05-24 9:00,4976.061,6501.0103,3205.1787
forecast_3442,2025-05-24 10:00,4302.3647,5728.946,3754.3313000000026
forecast_3443,2025-05-24 11:00,4247.268,5477.994,3845.7690000000025
forecast_3444,2025-05-24 12:00,4124.9253,5324.0615,3828.858200000003
forecast_3445,2025-05-24 13:00,3908.3884,5179.08,3817.009300000003
forecast_3446,2025-05-24 14:00,3596.283,4927.046,3649.555400000003
forecast_3447,2025-05-24 15:00,4065.8972,5390.6953,3170.1511
forecast_3448,2025-05-24 16:00,5150.1807,7050.8174,4555.797
forecast_3449,2025-05-24 17:00,5667.679,7516.615,5452.7764
forecast_3450,2025-05-24 18:00,6606.0938,8837.837,6359.508
forecast_3451,2025-05-24 19:00,6379.429,8500.349,5653.18
forecast_3452,2025-05-24 20:00,6400.313,7718.62,5043.1094
forecast_3453,2025-05-24 21:00,5836.79,7592.261,4667.2046
forecast_3454,2025-05-24 22:00,5390.7783,6754.7783,3666.1943
forecast_3455,2025-05-24 23:00,4953.1816,5846.7188,3277.3635
forecast_3456,2025-05-25 0:00,4884.2397,5707.6035,4055.037800000003
forecast_3457,2025-05-25 1:00,4545.154,5362.0254,3618.713400000003
forecast_3458,2025-05-25 2:00,3655.5718,4321.7026,3184.1892000000025
forecast_3459,2025-05-25 3:00,3602.0352,3960.1067,2891.6033000000025
forecast_3460,2025-05-25 4:00,3623.2856,3519.6145,2876.891000000003
forecast_3461,2025-05-25 5:00,3934.0337,3712.8572,2909.3236000000024
forecast_3462,2025-05-25 6:00,4512.6514,4338.7783,3190.7794000000026
forecast_3463,2025-05-25 7:00,4105.6934,3693.089,2911.2827000000025
forecast_3464,2025-05-25 8:00,3617.2097,3965.1016000000027,2675.5039000000024
forecast_3465,2025-05-25 9:00,3417.205300000003,3216.1938000000027,2384.3025000000025
forecast_3466,2025-05-25 10:00,2565.8944000000024,2334.4556000000025,2019.7856400000028
forecast_3467,2025-05-25 11:00,2696.8767000000025,2391.8608000000027,2059.1333000000027
forecast_3468,2025-05-25 12:00,3617.9417000000026,3223.2073000000028,2413.4496000000026
forecast_3469,2025-05-25 13:00,4147.273400000003,3739.6067000000025,2778.0390000000025
forecast_3470,2025-05-25 14:00,4043.9750000000026,3616.2625000000025,2698.4680000000026
forecast_3471,2025-05-25 15:00,3935.1384000000025,3375.6382000000026,2618.5892000000026
forecast_3472,2025-05-25 16:00,3548.4055000000026,3511.835700000003,2687.562100000003
forecast_3473,2025-05-25 17:00,3252.8682,3908.695000000003,2864.681300000003
forecast_3474,2025-05-25 18:00,3886.023000000003,3983.9397000000026,2913.3298000000027
forecast_3475,2025-05-25 19:00,4352.258,4478.276,3692.1020000000026
forecast_3476,2025-05-25 20:00,5418.5796,5818.286,4198.065200000003
forecast_3477,2025-05-25 21:00,6702.9404,6756.1245,3714.8843
forecast_3478,2025-05-25 22:00,7506.3003,8519.463,6024.979
forecast_3479,2025-05-25 23:00,8741.71,9005.818,6503.5566
forecast_3480,2025-05-26 0:00,8535.57,8728.963,6617.441
forecast_3481,2025-05-26 1:00,9454.699,10356.372,7598.769
forecast_3482,2025-05-26 2:00,9196.167,9812.421,7363.0483
forecast_3483,2025-05-26 3:00,8658.443,8658.147,5941.31
forecast_3484,2025-05-26 4:00,7263.908,6593.717,3984.415
forecast_3485,2025-05-26 5:00,4781.5635,4553.1074,3672.736600000003
forecast_3486,2025-05-26 6:00,3749.08,3978.375700000003,2826.8304000000026
forecast_3487,2025-05-26 7:00,3127.012000000003,2798.6964000000025,2207.087800000003
forecast_3488,2025-05-26 8:00,2430.0380000000027,2355.942500000003,1983.8617600000027
forecast_3489,2025-05-26 9:00,2160.8190000000027,2046.5616000000027,1935.2142300000028
forecast_3490,2025-05-26 10:00,2104.7362000000026,2021.8801000000026,1917.9101600000026
forecast_3491,2025-05-26 11:00,2136.0480000000025,1983.2084000000027,1908.6443500000028
forecast_3492,2025-05-26 12:00,2151.472400000003,2019.1115000000027,1915.2627000000027
forecast_3493,2025-05-26 13:00,2344.7184000000025,2264.3953000000024,2178.1068000000027
forecast_3494,2025-05-26 14:00,2232.252300000003,2332.1014000000027,2114.4294400000026
forecast_3495,2025-05-26 15:00,2078.5715000000027,2026.5607000000027,1965.8437500000027
forecast_3496,2025-05-26 16:00,2243.3229000000024,2217.5547000000024,1995.8700000000026
forecast_3497,2025-05-26 17:00,2273.5960000000027,2423.2479000000026,2250.6627000000026
forecast_3498,2025-05-26 18:00,2255.7144000000026,2292.6586000000025,2077.033940000003
forecast_3499,2025-05-26 19:00,2519.8226000000027,2535.8706000000025,2242.5636000000027
forecast_3500,2025-05-26 20:00,2639.665500000003,2750.4106000000024,2257.3959000000027
forecast_3501,2025-05-26 21:00,3557.5415000000025,3819.8520000000026,2732.3214000000025
forecast_3502,2025-05-26 22:00,3929.1436000000026,3403.541,2940.6544000000026
forecast_3503,2025-05-26 23:00,4481.981,5125.925,3722.0544000000027
forecast_3504,2025-05-27 0:00,5511.1836,6303.4287,3510.0295
forecast_3505,2025-05-27 1:00,6489.63,7197.4077,4212.151
forecast_3506,2025-05-27 2:00,6980.4487,8068.133,4408.8394
forecast_3507,2025-05-27 3:00,6390.0234,7119.458,4173.348
forecast_3508,2025-05-27 4:00,5786.001,6540.4175,3898.5425
forecast_3509,2025-05-27 5:00,5253.1025,5855.0137,3293.8806
forecast_3510,2025-05-27 6:00,3965.6152,3701.1187,3432.0750000000025
forecast_3511,2025-05-27 7:00,3124.324000000003,2903.2269000000024,2392.2850000000026
forecast_3512,2025-05-27 8:00,2385.3386000000028,2310.1877000000027,2098.4438000000027
forecast_3513,2025-05-27 9:00,2183.0891000000024,2090.6166000000026,2028.3391000000029
forecast_3514,2025-05-27 10:00,2157.6167000000028,2108.0765000000024,2038.1407000000027
forecast_3515,2025-05-27 11:00,2137.6202000000026,2067.5791000000027,2064.644000000003
forecast_3516,2025-05-27 12:00,2359.4685000000027,2485.7329000000027,2279.4103000000027
forecast_3517,2025-05-27 13:00,2490.3055000000027,2238.2593000000024,2141.5382700000027
forecast_3518,2025-05-27 14:00,2451.9417000000026,2265.7805000000026,2156.5067000000026
forecast_3519,2025-05-27 15:00,2270.5801000000024,2090.1803000000027,2097.680600000003
forecast_3520,2025-05-27 16:00,2246.7438000000025,1957.9211000000028,2021.4400600000026
forecast_3521,2025-05-27 17:00,2182.5042000000026,1969.8147000000026,1987.9638700000028
forecast_3522,2025-05-27 18:00,2294.4358000000025,2141.912600000003,1908.6443500000028
forecast_3523,2025-05-27 19:00,2385.2726000000025,2274.3994000000025,1981.1252000000027
forecast_3524,2025-05-27 20:00,2493.0123000000026,2437.3772000000026,2137.059400000003
forecast_3525,2025-05-27 21:00,2854.4153000000024,2780.385600000003,2256.521200000003
forecast_3526,2025-05-27 22:00,3188.5452000000028,3203.4321000000027,2482.1501000000026
forecast_3527,2025-05-27 23:00,3657.0063000000027,3676.2075000000027,2791.0143000000025
forecast_3528,2025-05-28 0:00,3277.6692,4045.7048000000027,2925.041500000003
forecast_3529,2025-05-28 1:00,4441.5244,4696.2524,3884.8970000000027
forecast_3530,2025-05-28 2:00,5353.1973,5869.517,3246.4028
forecast_3531,2025-05-28 3:00,5786.0815,5920.233,3269.9954
forecast_3532,2025-05-28 4:00,5698.287,5377.74,4012.7400000000025
forecast_3533,2025-05-28 5:00,5503.245,5288.5806,4064.722200000003
forecast_3534,2025-05-28 6:00,3815.552,3997.2668000000026,2798.662800000003
forecast_3535,2025-05-28 7:00,3080.3100000000027,2600.6577000000025,2221.1796000000027
forecast_3536,2025-05-28 8:00,2206.6494000000025,2139.2982000000025,1972.4225000000029
forecast_3537,2025-05-28 9:00,2057.0261000000028,2038.6149000000028,1906.542800000003
forecast_3538,2025-05-28 10:00,2077.0798000000027,2015.1283000000026,1906.542800000003
forecast_3539,2025-05-28 11:00,2211.7527000000027,2034.1448000000028,1921.8401500000027
forecast_3540,2025-05-28 12:00,2259.2110000000025,2090.3915000000025,1984.5984000000026
forecast_3541,2025-05-28 13:00,2248.2455000000027,2079.575800000003,1979.4919400000026
forecast_3542,2025-05-28 14:00,2364.9739000000027,2338.9928000000027,2029.4394500000026
forecast_3543,2025-05-28 15:00,2775.0326000000027,2455.4777000000026,2056.8720000000026
forecast_3544,2025-05-28 16:00,2581.3324000000025,2488.0481000000027,2158.8945000000026
forecast_3545,2025-05-28 17:00,2760.5210000000025,2534.0778000000028,2175.469900000003
forecast_3546,2025-05-28 18:00,2470.2330000000024,2238.907200000003,2060.5568000000026
forecast_3547,2025-05-28 19:00,2423.0651000000025,2189.2556000000027,2148.293300000003
forecast_3548,2025-05-28 20:00,2605.076700000003,2425.8777000000027,2065.786100000003
forecast_3549,2025-05-28 21:00,3533.878700000003,3188.9944000000028,2407.9631000000027
forecast_3550,2025-05-28 22:00,3603.8060000000028,3182.5024000000026,2649.283300000003
forecast_3551,2025-05-28 23:00,3619.1920000000027,3259.262700000003,2558.610200000003
forecast_3552,2025-05-29 0:00,3216.898200000003,2925.7354000000028,2490.4159000000027
forecast_3553,2025-05-29 1:00,2941.5724000000027,2644.421800000003,2299.650900000003
forecast_3554,2025-05-29 2:00,3303.3296000000028,2934.8062000000027,2287.504600000003
forecast_3555,2025-05-29 3:00,3822.8918000000026,3254.9040000000027,2344.1187000000027
forecast_3556,2025-05-29 4:00,3815.321300000003,3175.688000000003,2339.0438000000026
forecast_3557,2025-05-29 5:00,3413.419400000003,2931.9138000000025,2241.3541000000027
forecast_3558,2025-05-29 6:00,2790.6182000000026,2679.3008000000027,2082.8317000000025
forecast_3559,2025-05-29 7:00,2529.3196000000025,2463.3151000000025,1981.7532000000028
forecast_3560,2025-05-29 8:00,2361.615600000003,2346.665500000003,1953.2026000000028
forecast_3561,2025-05-29 9:00,2238.9010000000026,2207.6540000000027,1964.1945000000028
forecast_3562,2025-05-29 10:00,2133.5199000000025,2145.4617000000026,1953.2026000000028
forecast_3563,2025-05-29 11:00,2221.463400000003,2267.3790000000026,2061.978450000003
forecast_3564,2025-05-29 12:00,2287.8843000000024,2388.094000000003,2166.283260000003
forecast_3565,2025-05-29 13:00,2395.8410000000026,2501.1960000000026,2191.9832000000024
forecast_3566,2025-05-29 14:00,2336.8210000000026,2527.2935000000025,2180.536100000003
forecast_3567,2025-05-29 15:00,2374.0390000000025,2544.2354000000028,2181.614700000003
forecast_3568,2025-05-29 16:00,2564.7625000000025,2681.7632000000026,2371.937300000003
forecast_3569,2025-05-29 17:00,2791.2952000000028,2859.2483000000025,2374.293200000003
forecast_3570,2025-05-29 18:00,2769.253200000003,2868.7178000000026,2242.6461000000027
forecast_3571,2025-05-29 19:00,3286.0159000000026,3702.224400000003,2381.366500000003
forecast_3572,2025-05-29 20:00,3604.2761000000028,4062.844000000003,2387.8970000000027
forecast_3573,2025-05-29 21:00,3714.9100000000026,3916.7500000000027,2414.7118000000028
forecast_3574,2025-05-29 22:00,4167.005100000002,3360.357,2609.8403000000026
forecast_3575,2025-05-29 23:00,4151.808300000002,3952.816400000003,2565.764000000003
forecast_3576,2025-05-30 0:00,3958.4019000000026,3762.7708000000025,2371.011500000003
forecast_3577,2025-05-30 1:00,3542.782000000003,3483.1987000000026,2457.250600000003
forecast_3578,2025-05-30 2:00,3743.1892000000025,3613.639200000003,2487.644400000003
forecast_3579,2025-05-30 3:00,4034.8280000000027,3905.078100000003,2659.373800000003
forecast_3580,2025-05-30 4:00,3582.35,3625.298,2712.4010000000026
forecast_3581,2025-05-30 5:00,3637.752,4291.7837,2895.903600000003
forecast_3582,2025-05-30 6:00,3879.765,4372.91,3011.692100000003
forecast_3583,2025-05-30 7:00,3591.9026,4299.6396,2911.2974000000027
forecast_3584,2025-05-30 8:00,4122.733400000003,3577.5273,2935.1361000000024
forecast_3585,2025-05-30 9:00,3917.635000000003,3378.872,2932.1477000000027
forecast_3586,2025-05-30 10:00,3358.2979000000028,3608.730700000003,2701.550000000003
forecast_3587,2025-05-30 11:00,2990.9664000000025,3284.4890000000028,2632.6904000000027
forecast_3588,2025-05-30 12:00,2819.6462000000024,3137.023000000003,2597.1046000000024
forecast_3589,2025-05-30 13:00,2584.1162000000027,2807.591100000003,2385.7160000000026
forecast_3590,2025-05-30 14:00,2509.880900000003,2684.4770000000026,2343.048600000003
forecast_3591,2025-05-30 15:00,2532.463400000003,2676.1696000000024,2350.6245000000026
forecast_3592,2025-05-30 16:00,2684.9198000000024,2704.2246000000027,2315.5171000000028
forecast_3593,2025-05-30 17:00,2704.9138000000025,2748.5410000000024,2223.2095000000027
forecast_3594,2025-05-30 18:00,2839.929900000003,2855.0507000000025,2212.8779000000027
forecast_3595,2025-05-30 19:00,3171.2817000000027,3366.8423000000025,2206.1776000000027
forecast_3596,2025-05-30 20:00,3627.723100000003,3884.222000000003,2346.6796000000027
forecast_3597,2025-05-30 21:00,3867.2646000000027,3951.851000000003,2439.9459000000024
forecast_3598,2025-05-30 22:00,4144.569000000002,3986.793700000003,2528.894900000003
forecast_3599,2025-05-30 23:00,3848.761500000003,3181.7131000000027,2374.503400000003
forecast_3600,2025-05-31 0:00,3460.5460000000026,2950.4258000000027,2222.8466000000026
forecast_3601,2025-05-31 1:00,2856.8794000000025,2774.4486000000024,2249.4229000000028
forecast_3602,2025-05-31 2:00,3044.2861000000025,3043.2410000000027,2233.346800000003
forecast_3603,2025-05-31 3:00,3229.1265000000026,3334.540300000003,2355.204300000003
forecast_3604,2025-05-31 4:00,3441.907000000003,3210.891000000003,2347.483500000003
forecast_3605,2025-05-31 5:00,3371.7463000000025,3215.0690000000027,2352.6277000000027
forecast_3606,2025-05-31 6:00,3363.5117000000027,3145.4883000000027,2379.9486000000024
forecast_3607,2025-05-31 7:00,3197.9858000000027,3175.1958000000027,2383.2764000000025
forecast_3608,2025-05-31 8:00,3189.944300000003,3352.6157000000026,2537.1072000000026
forecast_3609,2025-05-31 9:00,2702.5298000000025,2667.6472000000026,2385.9752000000026
forecast_3610,2025-05-31 10:00,2530.3949000000025,2515.5566000000026,2196.940000000003
forecast_3611,2025-05-31 11:00,3002.5230000000024,3028.7708000000025,2508.0300000000025
forecast_3612,2025-05-31 12:00,3178.7610000000027,3373.030000000003,2727.343600000003
forecast_3613,2025-05-31 13:00,3026.257300000003,3057.4053000000026,2629.9537000000028
forecast_3614,2025-05-31 14:00,3001.093100000003,3196.1238000000026,2688.8956000000026
forecast_3615,2025-05-31 15:00,3136.4773000000027,3014.0780000000027,2562.6070000000027
forecast_3616,2025-05-31 16:00,3220.060800000003,3082.8345000000027,2625.6877000000027
forecast_3617,2025-05-31 17:00,3089.842500000003,2970.3354000000027,2468.7947000000026
forecast_3618,2025-05-31 18:00,3017.5334000000025,2975.2852000000025,2420.1724000000027
forecast_3619,2025-05-31 19:00,3218.3044000000027,3412.344000000003,2334.640400000003
forecast_3620,2025-05-31 20:00,3324.9446000000025,3603.456000000003,2469.392800000003
forecast_3621,2025-05-31 21:00,3439.9053000000026,3753.8958000000025,2619.983500000003
forecast_3622,2025-05-31 22:00,3632.914600000003,3686.722200000003,2660.191200000003
forecast_3623,2025-05-31 23:00,3708.3071000000027,3670.4680000000026,2859.7130000000025
forecast_3624,2025-06-01 0:00,2764.085700000003,2638.7030000000027,2426.4333000000024
forecast_3625,2025-06-01 1:00,2869.8599000000027,2487.5903000000026,2273.140900000003
forecast_3626,2025-06-01 2:00,3035.2556000000027,2835.6910000000025,2331.5598000000027
forecast_3627,2025-06-01 3:00,4008.3037000000027,3682.463000000003,2660.7803000000026
forecast_3628,2025-06-01 4:00,4136.835400000003,3657.3655000000026,2840.840500000003
forecast_3629,2025-06-01 5:00,3852.869900000003,3481.841600000003,2620.963400000003
forecast_3630,2025-06-01 6:00,3371.345200000003,3008.2356000000027,2293.647300000003
forecast_3631,2025-06-01 7:00,3036.3318000000027,2602.6798000000026,2196.5979000000025
forecast_3632,2025-06-01 8:00,2458.8970000000027,2287.804900000003,2010.7834500000026
forecast_3633,2025-06-01 9:00,2274.5476000000026,2076.5978000000027,1921.4442000000026
forecast_3634,2025-06-01 10:00,2192.3536000000026,1993.1470000000027,1902.9993000000027
forecast_3635,2025-06-01 11:00,2254.942500000003,2067.4660000000026,1916.6920000000027
forecast_3636,2025-06-01 12:00,2234.5765000000024,2015.6737000000026,1908.6443500000028
forecast_3637,2025-06-01 13:00,2252.1371000000026,1977.4718000000025,1901.9708000000028
forecast_3638,2025-06-01 14:00,2198.4680000000026,1988.5182000000027,1901.9708000000028
forecast_3639,2025-06-01 15:00,2203.9030000000025,1957.6876000000025,1901.9708000000028
forecast_3640,2025-06-01 16:00,2090.6526000000026,1936.5477000000028,1893.7428600000026
forecast_3641,2025-06-01 17:00,2019.5387000000028,1921.0725000000025,1919.8377700000028
forecast_3642,2025-06-01 18:00,2516.4545000000026,2426.0455000000024,2194.711900000003
forecast_3643,2025-06-01 19:00,3282.093800000003,3452.492200000003,2672.9895000000024
forecast_3644,2025-06-01 20:00,4001.6792,4094.131,3586.2502000000027
forecast_3645,2025-06-01 21:00,4241.179,4319.6895,3718.253200000003
forecast_3646,2025-06-01 22:00,5850.1665,6063.201,3687.3164
forecast_3647,2025-06-01 23:00,4487.487,4411.922,3390.0620000000026
forecast_3648,2025-06-02 0:00,5693.958,5985.9473,3406.3474
forecast_3649,2025-06-02 1:00,5107.8535,5246.7954,4142.981700000002
forecast_3650,2025-06-02 2:00,3996.999,3667.5657,3210.5020000000027
forecast_3651,2025-06-02 3:00,5166.505,5365.167,4021.2790000000027
forecast_3652,2025-06-02 4:00,3393.7905,4004.961200000003,2840.1204000000025
forecast_3653,2025-06-02 5:00,3351.4636,3255.264,3046.6982000000025
forecast_3654,2025-06-02 6:00,2700.8944000000024,2568.4718000000025,2253.6914000000024
forecast_3655,2025-06-02 7:00,2415.1110000000026,2337.9694000000027,2113.137630000003
forecast_3656,2025-06-02 8:00,2289.8127000000027,2364.4216000000024,2111.7391000000025
forecast_3657,2025-06-02 9:00,2273.8639000000026,2420.373000000003,2101.1186500000026
forecast_3658,2025-06-02 10:00,2424.8671000000027,2601.6191000000026,2134.6864600000026
forecast_3659,2025-06-02 11:00,2252.3987000000025,2608.094000000003,2138.937100000003
forecast_3660,2025-06-02 12:00,2419.1194000000028,2723.2375000000025,2313.848300000003
forecast_3661,2025-06-02 13:00,2350.701700000003,2791.7365000000027,2317.195700000003
forecast_3662,2025-06-02 14:00,2477.1687000000024,2895.331200000003,2444.2866000000026
forecast_3663,2025-06-02 15:00,3698.654300000003,4101.350000000002,3409.0330000000026
forecast_3664,2025-06-02 16:00,3562.1487,3606.3936,3391.593800000003
forecast_3665,2025-06-02 17:00,3872.5403,3742.9497,3646.5130000000026
forecast_3666,2025-06-02 18:00,4378.492,4054.3403,3712.203100000003
forecast_3667,2025-06-02 19:00,3763.1777,3590.3691,3221.2012000000027
forecast_3668,2025-06-02 20:00,3296.3972,4042.7832000000026,2853.785800000003
forecast_3669,2025-06-02 21:00,4049.577000000003,3376.9434,2768.361600000003
forecast_3670,2025-06-02 22:00,3725.6965000000027,3814.046600000003,2687.496500000003
forecast_3671,2025-06-02 23:00,3100.949500000003,3247.8875000000025,2614.304000000003
forecast_3672,2025-06-03 0:00,3322.2373000000025,3337.126000000003,2768.638200000003
forecast_3673,2025-06-03 1:00,3523.9631000000027,3659.4094000000027,2692.5076000000026
forecast_3674,2025-06-03 2:00,3552.129600000003,3550.287600000003,2560.7477000000026
forecast_3675,2025-06-03 3:00,3868.6420000000026,3441.597,2955.579300000003
forecast_3676,2025-06-03 4:00,3959.755900000003,3916.2156000000027,2827.9001000000026
forecast_3677,2025-06-03 5:00,3646.1758,3832.3298,3407.811000000003
forecast_3678,2025-06-03 6:00,3391.3364,3562.0154,3276.1730000000025
forecast_3679,2025-06-03 7:00,3526.296600000003,3440.6380000000026,2836.562300000003
forecast_3680,2025-06-03 8:00,2941.433500000003,2650.8208000000027,2400.5303000000026
forecast_3681,2025-06-03 9:00,2920.2192000000027,2699.1694000000025,2592.5497000000028
forecast_3682,2025-06-03 10:00,4183.293000000002,3278.0261,3167.333700000003
forecast_3683,2025-06-03 11:00,4158.52,4391.3657,3858.8237000000026
forecast_3684,2025-06-03 12:00,6283.4966,5754.771,4190.394
forecast_3685,2025-06-03 13:00,8624.52,7953.6763,5804.7715
forecast_3686,2025-06-03 14:00,10690.045,10260.047,8405.212
forecast_3687,2025-06-03 15:00,11576.536,12011.125,9686.73
forecast_3688,2025-06-03 16:00,11653.376,11103.671,9269.162
forecast_3689,2025-06-03 17:00,12706.657,12442.946,10269.8545
forecast_3690,2025-06-03 18:00,13987.243,13625.148,11272.363
forecast_3691,2025-06-03 19:00,13801.063,13651.561,11851.119
forecast_3692,2025-06-03 20:00,14706.951,15214.576,12793.381
forecast_3693,2025-06-03 21:00,16811.354,17729.154,15301.673
forecast_3694,2025-06-03 22:00,16958.605,18020.213,14218.684
forecast_3695,2025-06-03 23:00,16582.318,17043.047,13103.066
forecast_3696,2025-06-04 0:00,16002.49,15875.293,12252.221
forecast_3697,2025-06-04 1:00,14148.008,14139.391,11079.108
forecast_3698,2025-06-04 2:00,14360.822,13977.36,10753.161
forecast_3699,2025-06-04 3:00,15175.314,15682.359,13071.643
forecast_3700,2025-06-04 4:00,15671.763,16647.24,14327.9
forecast_3701,2025-06-04 5:00,16167.546,16966.898,14125.882
forecast_3702,2025-06-04 6:00,17284.37,17697.291,15578.342
forecast_3703,2025-06-04 7:00,17734.088,18817.64,16032.376
forecast_3704,2025-06-04 8:00,17928.342,18990.477,16209.156
forecast_3705,2025-06-04 9:00,17895.902,18695.527,15982.933
forecast_3706,2025-06-04 10:00,17632.97,18579.09,16125.125
forecast_3707,2025-06-04 11:00,17280.982,18257.207,16019.057
forecast_3708,2025-06-04 12:00,16838.057,17913.264,15727.074
forecast_3709,2025-06-04 13:00,16441.85,17345.342,15599.772
forecast_3710,2025-06-04 14:00,16005.725,16429.79,12913.248
forecast_3711,2025-06-04 15:00,14847.732,14545.054,11962.716
forecast_3712,2025-06-04 16:00,14125.83,13661.628,10710.249
forecast_3713,2025-06-04 17:00,13348.801,12376.55,10191.294
forecast_3714,2025-06-04 18:00,12900.002,11962.061,9959.16
forecast_3715,2025-06-04 19:00,13334.888,12777.2295,9691.725
forecast_3716,2025-06-04 20:00,13857.404,13376.523,10053.96
forecast_3717,2025-06-04 21:00,13312.383,13140.62,10176.791
forecast_3718,2025-06-04 22:00,12324.924,12414.884,9714.647
forecast_3719,2025-06-04 23:00,12957.034,13749.6875,10406.434
forecast_3720,2025-06-05 0:00,13078.792,14152.683,11127.303
forecast_3721,2025-06-05 1:00,10761.42,10665.865,8117.651
forecast_3722,2025-06-05 2:00,13200.494,13869.382,10514.283
forecast_3723,2025-06-05 3:00,15276.985,16091.966,12508.955
forecast_3724,2025-06-05 4:00,15461.683,16501.035,12730.931
forecast_3725,2025-06-05 5:00,14816.691,15755.556,12156.667
forecast_3726,2025-06-05 6:00,14027.139,15139.22,11516.452
forecast_3727,2025-06-05 7:00,15048.0205,16420.688,12739.91
forecast_3728,2025-06-05 8:00,13274.379,14201.819,11035.323
forecast_3729,2025-06-05 9:00,10962.017,12293.342,9369.306
forecast_3730,2025-06-05 10:00,8826.69,9707.186,6966.254
forecast_3731,2025-06-05 11:00,8139.6475,8222.853,5551.953
forecast_3732,2025-06-05 12:00,7363.5796,7667.9697,5233.8486
forecast_3733,2025-06-05 13:00,7332.99,7090.119,4687.789
forecast_3734,2025-06-05 14:00,7626.994,7715.0684,5977.9927
forecast_3735,2025-06-05 15:00,7547.2886,7694.398,5675.25
forecast_3736,2025-06-05 16:00,9471.564,9220.591,7873.54
forecast_3737,2025-06-05 17:00,10611.205,10015.229,8702.728
forecast_3738,2025-06-05 18:00,12684.63,12272.433,10928.206
forecast_3739,2025-06-05 19:00,14945.771,15246.15,13269.643
forecast_3740,2025-06-05 20:00,16001.093,15880.14,15317.196
forecast_3741,2025-06-05 21:00,18095.227,17421.725,15785.812
forecast_3742,2025-06-05 22:00,19746.633,18712.371,16445.855
forecast_3743,2025-06-05 23:00,19974.395,19015.662,16517.84
forecast_3744,2025-06-06 0:00,19522.246,18908.004,16471.146
forecast_3745,2025-06-06 1:00,19816.748,19085.719,16219.616
forecast_3746,2025-06-06 2:00,19550.967,19050.17,16319.436
forecast_3747,2025-06-06 3:00,20031.709,19554.182,16437.871
forecast_3748,2025-06-06 4:00,19943.543,19770.314,16408.32
forecast_3749,2025-06-06 5:00,19466.672,19316.78,16057.382
forecast_3750,2025-06-06 6:00,19225.186,19150.355,16302.967
forecast_3751,2025-06-06 7:00,17997.436,19000.475,16315.173
forecast_3752,2025-06-06 8:00,16628.225,17811.049,15940.207
forecast_3753,2025-06-06 9:00,14613.913,15531.499,13846.172
forecast_3754,2025-06-06 10:00,13795.494,15198.819,12964.527
forecast_3755,2025-06-06 11:00,13857.34,15251.137,13250.768
forecast_3756,2025-06-06 12:00,14024.968,14954.696,13667.593
forecast_3757,2025-06-06 13:00,14263.279,15267.885,14067.22
forecast_3758,2025-06-06 14:00,14723.899,15695.841,14218.07
forecast_3759,2025-06-06 15:00,14902.042,15868.726,15392.539
forecast_3760,2025-06-06 16:00,15080.087,15826.775,15274.991
forecast_3761,2025-06-06 17:00,14700.604,15513.781,15095.912
forecast_3762,2025-06-06 18:00,14408.262,15525.394,14492.824
forecast_3763,2025-06-06 19:00,16158.914,17447.092,16044.876
forecast_3764,2025-06-06 20:00,17030.064,17749.34,16317.769
forecast_3765,2025-06-06 21:00,17423.355,18220.705,16405.812
forecast_3766,2025-06-06 22:00,18051.795,18608.135,16312.217
forecast_3767,2025-06-06 23:00,17821.787,18480.73,16030.371
forecast_3768,2025-06-07 0:00,17977.326,18646.75,16283.189
forecast_3769,2025-06-07 1:00,18108.217,18479.27,15897.256
forecast_3770,2025-06-07 2:00,18087.975,18358.824,15971.003
forecast_3771,2025-06-07 3:00,17827.928,18193.934,15914.926
forecast_3772,2025-06-07 4:00,18076.469,18372.588,15582.205
forecast_3773,2025-06-07 5:00,18550.59,18717.879,15411.951
forecast_3774,2025-06-07 6:00,18485.41,18845.256,16072.026
forecast_3775,2025-06-07 7:00,17464.76,18547.59,16028.079
forecast_3776,2025-06-07 8:00,15134.651,16661.332,14223.129
forecast_3777,2025-06-07 9:00,12121.14,14001.753,10598.538
forecast_3778,2025-06-07 10:00,10667.486,11048.44,9635.209
forecast_3779,2025-06-07 11:00,8898.061,9595.741,8236.536
forecast_3780,2025-06-07 12:00,7369.025,8245.876,6473.9297
forecast_3781,2025-06-07 13:00,6832.9,6681.346,5666.9917
forecast_3782,2025-06-07 14:00,6491.5547,6767.6636,5704.0327
forecast_3783,2025-06-07 15:00,6417.4897,6423.5054,5205.7646
forecast_3784,2025-06-07 16:00,6482.2417,6586.515,5578.282
forecast_3785,2025-06-07 17:00,5881.488,6530.0854,5245.733
forecast_3786,2025-06-07 18:00,6364.164,7377.702,5773.578
forecast_3787,2025-06-07 19:00,8023.9277,8981.236,7068.135
forecast_3788,2025-06-07 20:00,10995.13,12398.128,10135.064
forecast_3789,2025-06-07 21:00,13198.988,14282.115,11753.401
forecast_3790,2025-06-07 22:00,13476.415,14276.259,11191.4375
forecast_3791,2025-06-07 23:00,13935.437,14508.657,12022.514
forecast_3792,2025-06-08 0:00,14193.039,14785.053,12391.597
forecast_3793,2025-06-08 1:00,11935.913,13403.584,10544.428
forecast_3794,2025-06-08 2:00,12000.46,13416.673,10499.372
forecast_3795,2025-06-08 3:00,11165.075,13054.384,9908.398
forecast_3796,2025-06-08 4:00,11288.351,12943.652,9367.983
forecast_3797,2025-06-08 5:00,9742.213,10567.939,6889.061
forecast_3798,2025-06-08 6:00,7080.6655,6507.4087,3735.848
forecast_3799,2025-06-08 7:00,4496.6514,3856.507,3149.8839000000025
forecast_3800,2025-06-08 8:00,3656.1877000000027,3306.701700000003,2424.188100000003
forecast_3801,2025-06-08 9:00,3059.6355000000026,2817.9572000000026,2108.6305500000026
forecast_3802,2025-06-08 10:00,2184.784900000003,2093.9841000000024,1914.7707000000028
forecast_3803,2025-06-08 11:00,2093.6417000000024,1992.2470000000026,1893.7428600000026
forecast_3804,2025-06-08 12:00,2033.6824000000024,2034.6981000000028,1882.7508500000026
forecast_3805,2025-06-08 13:00,2002.9075000000025,1956.7249000000024,1882.7508500000026
forecast_3806,2025-06-08 14:00,2124.4142000000024,2049.0002000000027,1881.4732700000027
forecast_3807,2025-06-08 15:00,2158.9067000000027,2058.0049000000026,1916.5414400000027
forecast_3808,2025-06-08 16:00,2080.0066000000024,1942.4196000000024,1868.6734600000027
forecast_3809,2025-06-08 17:00,2211.1024000000025,2002.5465000000027,1882.7508500000026
forecast_3810,2025-06-08 18:00,2538.033300000003,2350.161000000003,1979.7389500000027
forecast_3811,2025-06-08 19:00,2938.1515000000027,2831.566800000003,2161.049600000003
forecast_3812,2025-06-08 20:00,3331.1277000000027,3152.9890000000028,2398.602200000003
forecast_3813,2025-06-08 21:00,3601.9556000000025,3532.427000000003,2565.1135000000027
forecast_3814,2025-06-08 22:00,5093.5347,5032.3325,3793.6530000000025
forecast_3815,2025-06-08 23:00,7884.5825,7780.9546,5553.0146
forecast_3816,2025-06-09 0:00,9707.8955,9425.796,8335.909
forecast_3817,2025-06-09 1:00,9459.914,10335.897,7955.1255
forecast_3818,2025-06-09 2:00,10058.225,11108.458,8092.832
forecast_3819,2025-06-09 3:00,9545.776,10931.625,7253.4565
forecast_3820,2025-06-09 4:00,8568.944,9675.867,6277.8687
forecast_3821,2025-06-09 5:00,7702.3237,7952.329,5359.791
forecast_3822,2025-06-09 6:00,5588.4404,5882.1714,3628.4077
forecast_3823,2025-06-09 7:00,4096.3164,3946.6477,3287.0789000000027
forecast_3824,2025-06-09 8:00,3426.2493000000027,3348.9988000000026,2422.5503000000026
forecast_3825,2025-06-09 9:00,2532.3353000000025,2438.7139000000025,2169.7961000000028
forecast_3826,2025-06-09 10:00,2305.848500000003,2365.4569000000024,2152.8240400000027
forecast_3827,2025-06-09 11:00,2524.6288000000027,2689.327600000003,2257.135000000003
forecast_3828,2025-06-09 12:00,2540.0820000000026,2666.6986000000024,2251.9235000000026
forecast_3829,2025-06-09 13:00,2706.4510000000028,2831.3633000000027,2281.277700000003
forecast_3830,2025-06-09 14:00,2966.4242000000027,3333.3347000000026,2707.200200000003
forecast_3831,2025-06-09 15:00,3073.804700000003,3450.824700000003,2786.7957000000024
forecast_3832,2025-06-09 16:00,2975.5872000000027,3190.614300000003,2753.1387000000027
forecast_3833,2025-06-09 17:00,3211.5168000000026,3600.2952000000028,3105.065300000003
forecast_3834,2025-06-09 18:00,3694.7585000000026,3284.4043,3244.719700000003
forecast_3835,2025-06-09 19:00,3734.2097000000026,4096.667700000003,2872.6594000000027
forecast_3836,2025-06-09 20:00,3779.4348,4365.014,3302.8113000000026
forecast_3837,2025-06-09 21:00,6229.2285,7112.0947,3869.905
forecast_3838,2025-06-09 22:00,9394.761,10702.997,7569.982
forecast_3839,2025-06-09 23:00,9602.437,10740.488,7674.969
forecast_3840,2025-06-10 0:00,9644.505,11054.682,7224.1743
forecast_3841,2025-06-10 1:00,14338.283,15187.747,12765.374
forecast_3842,2025-06-10 2:00,15513.735,16209.463,14117.472
forecast_3843,2025-06-10 3:00,16340.266,17205.277,15867.538
forecast_3844,2025-06-10 4:00,16071.9,16903.615,14479.102
forecast_3845,2025-06-10 5:00,17295.682,17700.764,15614.974
forecast_3846,2025-06-10 6:00,17071.209,16811.648,14070.565
forecast_3847,2025-06-10 7:00,15600.721,15887.491,13478.095
forecast_3848,2025-06-10 8:00,12482.03,13852.765,10441.775
forecast_3849,2025-06-10 9:00,8785.11,9974.838,6722.4707
forecast_3850,2025-06-10 10:00,6533.615,7063.611,4238.4453
forecast_3851,2025-06-10 11:00,5417.0044,5754.0293,3823.6406
forecast_3852,2025-06-10 12:00,6954.006,6655.633,4951.8477
forecast_3853,2025-06-10 13:00,7346.791,8239.025,6071.0684
forecast_3854,2025-06-10 14:00,7783.6797,8812.128,6935.158
forecast_3855,2025-06-10 15:00,8461.917,9183.333,7431.2754
forecast_3856,2025-06-10 16:00,8958.039,9690.702,8107.8394
forecast_3857,2025-06-10 17:00,9761.15,10121.177,8118.552
forecast_3858,2025-06-10 18:00,11354.416,11544.861,9497.761
forecast_3859,2025-06-10 19:00,11502.86,12046.662,10165.199
forecast_3860,2025-06-10 20:00,12661.131,12838.9375,11219.012
forecast_3861,2025-06-10 21:00,13326.631,14083.31,12350.795
forecast_3862,2025-06-10 22:00,14646.847,15130.125,13347.2295
forecast_3863,2025-06-10 23:00,15479.712,15610.963,13579.981
forecast_3864,2025-06-11 0:00,14946.6455,15446.47,13126.864
forecast_3865,2025-06-11 1:00,14232.649,15145.342,12372.157
forecast_3866,2025-06-11 2:00,14536.072,14996.318,12522.679
forecast_3867,2025-06-11 3:00,12968.322,13978.636,10379.613
forecast_3868,2025-06-11 4:00,13119.266,13845.055,10002.19
forecast_3869,2025-06-11 5:00,13621.823,13974.089,9757.804
forecast_3870,2025-06-11 6:00,13506.511,14177.203,9415.586
forecast_3871,2025-06-11 7:00,12962.544,13607.299,9379.539
forecast_3872,2025-06-11 8:00,10854.865,11647.007,7872.317
forecast_3873,2025-06-11 9:00,9207.375,9706.459,6980.6597
forecast_3874,2025-06-11 10:00,9397.232,9052.372,6735.75
forecast_3875,2025-06-11 11:00,8269.6455,7466.0166,5371.9336
forecast_3876,2025-06-11 12:00,8095.6274,7088.926,4863.198
forecast_3877,2025-06-11 13:00,7964.6245,7304.127,4824.5024
forecast_3878,2025-06-11 14:00,7746.6475,7019.298,4728.4775
forecast_3879,2025-06-11 15:00,6870.4067,5538.3857,3775.4111
forecast_3880,2025-06-11 16:00,5871.938,5124.6904,3513.6016
forecast_3881,2025-06-11 17:00,6855.1436,6581.41,3867.0022
forecast_3882,2025-06-11 18:00,5277.17,4720.4604,3897.4165000000025
forecast_3883,2025-06-11 19:00,5256.437,4879.803,3826.612000000003
forecast_3884,2025-06-11 20:00,6339.0693,6271.8374,3530.2878
forecast_3885,2025-06-11 21:00,6402.6157,6141.9004,3580.6812
forecast_3886,2025-06-11 22:00,7183.2295,7893.611,4891.2603
forecast_3887,2025-06-11 23:00,7863.2344,8015.4077,5568.0376
forecast_3888,2025-06-12 0:00,7579.583,7459.1636,4369.3027
forecast_3889,2025-06-12 1:00,5055.1694,4425.0015,3851.867000000003
forecast_3890,2025-06-12 2:00,5232.931,4727.9595,4257.282700000003
forecast_3891,2025-06-12 3:00,3952.7266,3664.5166,3238.904500000003
forecast_3892,2025-06-12 4:00,3281.1885,3866.5557000000026,2788.521400000003
forecast_3893,2025-06-12 5:00,3560.657200000003,3364.6267000000025,2520.2058000000025
forecast_3894,2025-06-12 6:00,2771.8585000000026,2833.8961000000027,2134.7539700000025
forecast_3895,2025-06-12 7:00,2572.5012000000024,2676.4440000000027,2064.869000000003
forecast_3896,2025-06-12 8:00,2420.7999000000027,2490.3923000000027,2044.3948000000028
forecast_3897,2025-06-12 9:00,2342.1550000000025,2413.5813000000026,2067.584800000003
forecast_3898,2025-06-12 10:00,2096.7725000000028,2132.7264000000027,1978.2414000000026
forecast_3899,2025-06-12 11:00,2073.3987000000025,2130.4008000000026,2004.2947000000026
forecast_3900,2025-06-12 12:00,2082.8606000000027,2103.628200000003,2015.2649000000029
forecast_3901,2025-06-12 13:00,2073.4233000000027,2100.2502000000027,2027.2037000000028
forecast_3902,2025-06-12 14:00,2029.2322000000026,2110.314100000003,2014.1208500000027
forecast_3903,2025-06-12 15:00,2041.3450000000025,2054.7317000000025,1990.2030000000027
forecast_3904,2025-06-12 16:00,2003.4587000000024,1960.4030000000025,2014.8331000000026
forecast_3905,2025-06-12 17:00,2072.5973000000026,2060.2875000000026,2031.0793000000026
forecast_3906,2025-06-12 18:00,2368.7303000000024,2403.408100000003,2138.693600000003
forecast_3907,2025-06-12 19:00,2564.6418000000026,2749.8670000000025,2243.4841000000024
forecast_3908,2025-06-12 20:00,3014.0010000000025,3369.5186000000026,2691.812100000003
forecast_3909,2025-06-12 21:00,3161.780000000003,3156.5771000000027,2647.7502000000027
forecast_3910,2025-06-12 22:00,3764.713000000003,3907.4660000000026,3045.4316000000026
forecast_3911,2025-06-12 23:00,3259.0352,3293.16,3348.9343000000026
forecast_3912,2025-06-13 0:00,3818.735,4027.1882,3647.3037000000027
forecast_3913,2025-06-13 1:00,5172.836,6020.9307,3434.1357
forecast_3914,2025-06-13 2:00,6627.7534,6954.944,4561.0996
forecast_3915,2025-06-13 3:00,7580.7427,8141.061,4590.911
forecast_3916,2025-06-13 4:00,5884.932,5698.1094,3242.075
forecast_3917,2025-06-13 5:00,5327.8438,4989.4355,4098.988800000003
forecast_3918,2025-06-13 6:00,3947.2246,3537.0264,3288.8170000000027
forecast_3919,2025-06-13 7:00,3109.371000000003,3008.2734000000028,2535.6268000000027
forecast_3920,2025-06-13 8:00,2418.538700000003,2465.795900000003,2184.594000000003
forecast_3921,2025-06-13 9:00,2398.1233000000025,2389.1049000000025,2130.6890000000026
forecast_3922,2025-06-13 10:00,2315.1425000000027,2365.7141000000024,2085.793950000003
forecast_3923,2025-06-13 11:00,2117.0671000000025,2219.5952000000025,2113.5470000000028
forecast_3924,2025-06-13 12:00,2238.5593000000026,2355.2283000000025,2258.853000000003
forecast_3925,2025-06-13 13:00,2273.9574000000025,2602.6517000000026,2379.4297000000024
forecast_3926,2025-06-13 14:00,2575.5039000000024,2882.7935000000025,2489.9554000000026
forecast_3927,2025-06-13 15:00,2800.337500000003,3058.419400000003,2745.166400000003
forecast_3928,2025-06-13 16:00,2641.0105000000026,2749.4296000000027,2469.690000000003
forecast_3929,2025-06-13 17:00,3132.5488000000028,3326.7974000000027,2922.0845000000027
forecast_3930,2025-06-13 18:00,3727.1326000000026,3776.8684000000026,3224.035400000003
forecast_3931,2025-06-13 19:00,3773.440700000003,3874.7104000000027,3029.3102000000026
forecast_3932,2025-06-13 20:00,3811.0505000000026,3805.682400000003,3134.792800000003
forecast_3933,2025-06-13 21:00,4040.616,4281.0703,4028.7580000000025
forecast_3934,2025-06-13 22:00,4535.676,4493.949,4043.151400000003
forecast_3935,2025-06-13 23:00,5294.8804,6152.3975,4300.155
forecast_3936,2025-06-14 0:00,4242.163,4599.3687,4047.2266000000027
forecast_3937,2025-06-14 1:00,9546.092,12155.079,9374.607
forecast_3938,2025-06-14 2:00,9634.894,11471.519,8730.572
forecast_3939,2025-06-14 3:00,9297.722,11455.773,8568.408
forecast_3940,2025-06-14 4:00,6920.71,7930.839,4378.9204
forecast_3941,2025-06-14 5:00,5128.77,6038.6626,3222.7007
forecast_3942,2025-06-14 6:00,4208.1533,3954.983,3459.072000000003
forecast_3943,2025-06-14 7:00,3311.261500000003,2926.818000000003,2159.8064000000027
forecast_3944,2025-06-14 8:00,2571.5380000000027,2352.4037000000026,1982.9267000000027
forecast_3945,2025-06-14 9:00,3242.8972000000026,2934.313200000003,2195.835600000003
forecast_3946,2025-06-14 10:00,2863.1357000000025,2586.1521000000025,2209.9895000000024
forecast_3947,2025-06-14 11:00,2716.8391000000024,2659.1465000000026,2238.313200000003
forecast_3948,2025-06-14 12:00,2763.467900000003,2691.6721000000025,2208.164200000003
forecast_3949,2025-06-14 13:00,2517.2372000000028,2425.0353000000027,2174.8464000000026
forecast_3950,2025-06-14 14:00,2628.6624000000024,2747.6294000000025,2270.539700000003
forecast_3951,2025-06-14 15:00,2496.6191000000026,2487.4303000000027,2239.924100000003
forecast_3952,2025-06-14 16:00,2497.0743000000025,2396.1636000000026,2183.3987000000025
forecast_3953,2025-06-14 17:00,2529.5293000000024,2488.9202000000028,2095.3093000000026
forecast_3954,2025-06-14 18:00,2656.5006000000026,2567.8055000000027,2059.1333000000027
forecast_3955,2025-06-14 19:00,2970.945200000003,2983.3855000000026,2059.1333000000027
forecast_3956,2025-06-14 20:00,2858.9703000000027,2772.8406000000027,2095.0386000000026
forecast_3957,2025-06-14 21:00,2807.9579000000026,2631.8545000000026,2124.780600000003
forecast_3958,2025-06-14 22:00,2946.6340000000027,2558.2145000000028,2277.764500000003
forecast_3959,2025-06-14 23:00,3093.2470000000026,2834.1420000000026,2414.2711000000027
forecast_3960,2025-06-15 0:00,3046.207800000003,2840.7975000000024,2502.0996000000027
forecast_3961,2025-06-15 1:00,5676.043,5348.9326,4063.1716
forecast_3962,2025-06-15 2:00,5767.844,5537.4155,4019.842
forecast_3963,2025-06-15 3:00,4757.0474,4894.1816,4271.263400000003
forecast_3964,2025-06-15 4:00,4806.9346,4612.922,3352.1726
forecast_3965,2025-06-15 5:00,6563.2856,6169.053,4877.104
forecast_3966,2025-06-15 6:00,6975.329,6804.248,4981.3716
forecast_3967,2025-06-15 7:00,4555.7803,4231.553,3500.1704000000027
forecast_3968,2025-06-15 8:00,3456.7246000000027,3354.967500000003,2515.9714000000026
forecast_3969,2025-06-15 9:00,2728.3260000000028,2653.733400000003,2161.8078000000028
forecast_3970,2025-06-15 10:00,2653.7097000000026,2489.5986000000025,2136.349850000003
forecast_3971,2025-06-15 11:00,2747.5616000000027,2679.627300000003,2155.583700000003
forecast_3972,2025-06-15 12:00,3431.9963000000025,4040.1423000000027,2646.7850000000026
forecast_3973,2025-06-15 13:00,3326.699000000003,3864.911900000003,2679.3992000000026
forecast_3974,2025-06-15 14:00,3644.9849000000027,3531.1433,2941.6185000000028
forecast_3975,2025-06-15 15:00,4046.4370000000026,3970.7297,3396.588000000003
forecast_3976,2025-06-15 16:00,4302.656,5122.4453,3295.255
forecast_3977,2025-06-15 17:00,3996.2634,4914.731,4156.155800000002
forecast_3978,2025-06-15 18:00,4612.4326,5856.385,3832.0522
forecast_3979,2025-06-15 19:00,6190.984,7796.6553,6226.9556
forecast_3980,2025-06-15 20:00,7723.632,9084.373,7133.8145
forecast_3981,2025-06-15 21:00,8748.242,11494.667,9132.422
forecast_3982,2025-06-15 22:00,10346.832,13312.513,10438.466
forecast_3983,2025-06-15 23:00,10871.675,13273.315,10186.714
forecast_3984,2025-06-16 0:00,10953.117,13698.674,10815.892
forecast_3985,2025-06-16 1:00,9828.609,11520.507,9220.801
forecast_3986,2025-06-16 2:00,10986.376,13173.329,10211.104
forecast_3987,2025-06-16 3:00,10446.001,13437.081,10486.0205
forecast_3988,2025-06-16 4:00,9797.126,12415.553,9828.092
forecast_3989,2025-06-16 5:00,8305.568,11333.685,8732.799
forecast_3990,2025-06-16 6:00,8798.898,11024.181,8699.651
forecast_3991,2025-06-16 7:00,8415.269,10717.431,7989.4077
forecast_3992,2025-06-16 8:00,9714.686,11501.042,8164.2104
forecast_3993,2025-06-16 9:00,9853.679,12083.478,9190.679
forecast_3994,2025-06-16 10:00,10096.842,12021.445,8979.343
forecast_3995,2025-06-16 11:00,9201.738,11004.4795,8690.123
forecast_3996,2025-06-16 12:00,8171.7324,10512.531,7897.9585
forecast_3997,2025-06-16 13:00,9103.589,10789.637,9482.324
forecast_3998,2025-06-16 14:00,9412.742,11631.144,9945.852
forecast_3999,2025-06-16 15:00,12213.302,13502.253,11650.876
forecast_4000,2025-06-16 16:00,12429.466,13960.241,11689.115
forecast_4001,2025-06-16 17:00,15033.014,16219.167,14440.092
forecast_4002,2025-06-16 18:00,14971.048,16080.057,13719.949
forecast_4003,2025-06-16 19:00,13352.058,14250.786,11616.822
forecast_4004,2025-06-16 20:00,13029.731,14297.472,11676.205
forecast_4005,2025-06-16 21:00,13439.376,14845.027,12752.878
forecast_4006,2025-06-16 22:00,15307.692,16657.158,14203.179
forecast_4007,2025-06-16 23:00,15577.357,16951.53,14870.869
forecast_4008,2025-06-17 0:00,16660.998,18114.156,16012.421
forecast_4009,2025-06-17 1:00,15975.326,17843.826,15841.712
forecast_4010,2025-06-17 2:00,16658.842,18492.393,16035.965
forecast_4011,2025-06-17 3:00,16659.887,18408.729,16127.585
forecast_4012,2025-06-17 4:00,15953.372,18264.879,15888.263
forecast_4013,2025-06-17 5:00,15649.194,17588.043,15432.972
forecast_4014,2025-06-17 6:00,15502.572,17242.275,15252.558
forecast_4015,2025-06-17 7:00,15023.912,17160.338,14781.422
forecast_4016,2025-06-17 8:00,13514.722,15192.641,12867.243
forecast_4017,2025-06-17 9:00,12227.546,14552.825,11775.731
forecast_4018,2025-06-17 10:00,10884.375,13247.253,11172.093
forecast_4019,2025-06-17 11:00,10314.936,12304.843,10937.688
forecast_4020,2025-06-17 12:00,10772.449,12528.468,11101.502
forecast_4021,2025-06-17 13:00,9755.233,11617.593,9550.583
forecast_4022,2025-06-17 14:00,9422.233,11577.021,9842.878
forecast_4023,2025-06-17 15:00,9207.403,10513.328,8935.116
forecast_4024,2025-06-17 16:00,9487.714,10561.247,9406.157
forecast_4025,2025-06-17 17:00,8172.446,9571.748,7778.0967
forecast_4026,2025-06-17 18:00,7278.469,9127.714,7393.4004
forecast_4027,2025-06-17 19:00,6319.9595,8027.9634,5507.2134
forecast_4028,2025-06-17 20:00,5976.193,7975.974,5128.084
forecast_4029,2025-06-17 21:00,6619.4336,9085.583,5949.7734
forecast_4030,2025-06-17 22:00,7586.4116,9575.583,5887.4775
forecast_4031,2025-06-17 23:00,8513.658,10950.941,7592.3706
forecast_4032,2025-06-18 0:00,9366.085,11426.813,8425.848
forecast_4033,2025-06-18 1:00,8467.078,10267.256,7087.002
forecast_4034,2025-06-18 2:00,9569.989,11128.809,7620.924
forecast_4035,2025-06-18 3:00,10654.039,12556.642,8817.795
forecast_4036,2025-06-18 4:00,10924.492,12266.735,9088.926
forecast_4037,2025-06-18 5:00,11849.861,13380.974,9830.246
forecast_4038,2025-06-18 6:00,11516.562,12536.289,9860.03
forecast_4039,2025-06-18 7:00,10363.143,11140.99,9208.2295
forecast_4040,2025-06-18 8:00,8776.216,9609.456,7871.81
forecast_4041,2025-06-18 9:00,6503.3154,7168.343,4459.8306
forecast_4042,2025-06-18 10:00,5594.5674,5619.102,3273.6326
forecast_4043,2025-06-18 11:00,4869.737,4791.62,3796.0980000000027
forecast_4044,2025-06-18 12:00,4642.318,4415.623,3825.0280000000025
forecast_4045,2025-06-18 13:00,4308.904,4013.1997,3417.6340000000027
forecast_4046,2025-06-18 14:00,3892.9893,3536.205,3269.2136000000028
forecast_4047,2025-06-18 15:00,4500.622,4288.563,3726.4912000000027
forecast_4048,2025-06-18 16:00,4757.4185,4538.653,4071.8801000000026
forecast_4049,2025-06-18 17:00,5115.3086,4790.3335,3188.1292
forecast_4050,2025-06-18 18:00,6471.5527,5765.6855,3625.3228
forecast_4051,2025-06-18 19:00,5168.8496,5145.662,3301.51
forecast_4052,2025-06-18 20:00,7285.801,7358.9927,5337.883
forecast_4053,2025-06-18 21:00,9622.519,10565.011,8175.456
forecast_4054,2025-06-18 22:00,10971.279,11830.588,8581.15
forecast_4055,2025-06-18 23:00,12579.051,13794.433,10550.43
forecast_4056,2025-06-19 0:00,13259.328,14326.19,11322.382
forecast_4057,2025-06-19 1:00,13995.277,14625.669,11827.94
forecast_4058,2025-06-19 2:00,13888.793,14241.694,11003.5625
forecast_4059,2025-06-19 3:00,14132.684,15133.445,12142.1455
forecast_4060,2025-06-19 4:00,13539.978,14633.899,11896.511
forecast_4061,2025-06-19 5:00,13274.77,14288.984,11348.786
forecast_4062,2025-06-19 6:00,11461.032,12559.19,9049.648
forecast_4063,2025-06-19 7:00,8594.273,8827.857,4414.659
forecast_4064,2025-06-19 8:00,6072.2095,5132.847,3595.463900000003
forecast_4065,2025-06-19 9:00,3695.563000000003,3188.4480000000026,2461.661900000003
forecast_4066,2025-06-19 10:00,2686.0515000000028,2316.8015000000028,2121.698400000003
forecast_4067,2025-06-19 11:00,2286.273200000003,2062.5256000000027,1953.2026000000028
forecast_4068,2025-06-19 12:00,2133.941800000003,2042.8652000000025,1941.1315000000027
forecast_4069,2025-06-19 13:00,2111.9786000000026,1960.8280000000027,1895.5508000000027
forecast_4070,2025-06-19 14:00,2083.9377000000027,2043.6073000000024,1964.1945000000028
forecast_4071,2025-06-19 15:00,2323.6368000000025,2298.0590000000025,2049.8025500000026
forecast_4072,2025-06-19 16:00,2399.255200000003,2593.7638000000024,2059.1333000000027
forecast_4073,2025-06-19 17:00,3297.906500000003,3379.673600000003,2667.4901000000027
forecast_4074,2025-06-19 18:00,3806.331000000003,4027.0159000000026,3130.2903000000024
forecast_4075,2025-06-19 19:00,4195.211400000003,3600.74,3655.567100000003
forecast_4076,2025-06-19 20:00,4017.874,5009.147,4119.573000000002
forecast_4077,2025-06-19 21:00,4933.9233,6329.163,4056.749
forecast_4078,2025-06-19 22:00,6755.117,9039.668,5640.232
forecast_4079,2025-06-19 23:00,7675.0376,10094.345,6927.6025
forecast_4080,2025-06-20 0:00,8010.0635,10261.338,6975.5493
forecast_4081,2025-06-20 1:00,9631.807,12633.661,8780.228
forecast_4082,2025-06-20 2:00,10768.665,13379.549,9926.384
forecast_4083,2025-06-20 3:00,11640.468,14376.298,10614.841
forecast_4084,2025-06-20 4:00,12372.518,15091.396,11745.285
forecast_4085,2025-06-20 5:00,12413.123,15093.025,11681.154
forecast_4086,2025-06-20 6:00,11764.962,14534.791,10793.272
forecast_4087,2025-06-20 7:00,9841.359,13326.447,9669.742
forecast_4088,2025-06-20 8:00,8026.7905,10983.409,7625.591
forecast_4089,2025-06-20 9:00,8321.831,11358.187,8206.685
forecast_4090,2025-06-20 10:00,8417.624,11585.526,9505.02
forecast_4091,2025-06-20 11:00,11173.196,14008.664,11565.794
forecast_4092,2025-06-20 12:00,12800.191,15680.65,13660.944
forecast_4093,2025-06-20 13:00,14120.832,16506.428,15358.405
forecast_4094,2025-06-20 14:00,14532.834,16935.242,15694.501
forecast_4095,2025-06-20 15:00,14790.292,17016.094,15703.87
forecast_4096,2025-06-20 16:00,17077.113,18217.887,16602.816
forecast_4097,2025-06-20 17:00,17207.363,18432.258,16638.385
forecast_4098,2025-06-20 18:00,17877.188,18547.613,16556.135
forecast_4099,2025-06-20 19:00,18196.326,18813.969,16839.53
forecast_4100,2025-06-20 20:00,17926.9,18483.84,16936.781
forecast_4101,2025-06-20 21:00,17852.758,18310.338,17023.645
forecast_4102,2025-06-20 22:00,17571.592,18196.654,16726.262
forecast_4103,2025-06-20 23:00,17873.6,18649.162,16818.059
forecast_4104,2025-06-21 0:00,17402.3,18441.158,16524.057
forecast_4105,2025-06-21 1:00,17555.865,18531.523,16486.807
forecast_4106,2025-06-21 2:00,17675.695,18612.535,16661.812
forecast_4107,2025-06-21 3:00,17663.525,18380.303,16801.693
forecast_4108,2025-06-21 4:00,15737.074,17154.973,16216.865
forecast_4109,2025-06-21 5:00,14547.719,16027.561,15103.036
forecast_4110,2025-06-21 6:00,14873.41,16380.93,14911.744
forecast_4111,2025-06-21 7:00,14147.959,15485.361,13448.966
forecast_4112,2025-06-21 8:00,14113.785,15696.708,14134.545
forecast_4113,2025-06-21 9:00,12974.001,14623.491,12280.236
forecast_4114,2025-06-21 10:00,11364.661,13519.817,11584.848
forecast_4115,2025-06-21 11:00,9464.09,11285.056,9578.1
forecast_4116,2025-06-21 12:00,8457.877,10178.131,7896.6753
forecast_4117,2025-06-21 13:00,8730.9375,10005.268,8166.747
forecast_4118,2025-06-21 14:00,8726.066,9592.295,8384.602
forecast_4119,2025-06-21 15:00,11268.525,12418.25,10485.532
forecast_4120,2025-06-21 16:00,11586.71,12784.915,10227.802
forecast_4121,2025-06-21 17:00,10903.1875,11928.872,10283.791
forecast_4122,2025-06-21 18:00,10241.466,10674.666,9838.721
forecast_4123,2025-06-21 19:00,12275.392,13090.473,10912.248
forecast_4124,2025-06-21 20:00,11808.857,12968.666,10332.594
forecast_4125,2025-06-21 21:00,11885.055,13556.943,10692.337
forecast_4126,2025-06-21 22:00,12184.455,13954.695,11501.208
forecast_4127,2025-06-21 23:00,13378.633,14581.934,11916.049
forecast_4128,2025-06-22 0:00,15217.919,15562.743,12602.0205
forecast_4129,2025-06-22 1:00,14308.06,14304.034,11419.238
forecast_4130,2025-06-22 2:00,14707.17,15298.842,12168.385
forecast_4131,2025-06-22 3:00,14161.695,14304.011,10797.778
forecast_4132,2025-06-22 4:00,13221.248,13646.391,10232.469
forecast_4133,2025-06-22 5:00,11903.164,12352.91,9301.7705
forecast_4134,2025-06-22 6:00,11140.7,12033.658,8415.848
forecast_4135,2025-06-22 7:00,10403.521,11144.943,8460.595
forecast_4136,2025-06-22 8:00,8741.901,9171.528,5771.446
forecast_4137,2025-06-22 9:00,7243.953,8313.536,4627.5894
forecast_4138,2025-06-22 10:00,5844.4844,6794.162,3832.4358
forecast_4139,2025-06-22 11:00,6547.1104,6593.723,3841.42
forecast_4140,2025-06-22 12:00,6346.7705,6741.779,4062.128
forecast_4141,2025-06-22 13:00,5651.932,5962.5405,3741.853
forecast_4142,2025-06-22 14:00,4167.7085,3713.9504,3433.1665000000025
forecast_4143,2025-06-22 15:00,3916.4072,3337.8757,3085.7147000000027
forecast_4144,2025-06-22 16:00,4373.2646,4117.5425,3757.526400000003
forecast_4145,2025-06-22 17:00,4652.721,4219.227,3759.7680000000028
forecast_4146,2025-06-22 18:00,5436.5195,5541.5615,3451.6206
forecast_4147,2025-06-22 19:00,5874.365,5812.606,3523.1008
forecast_4148,2025-06-22 20:00,6211.4995,6158.3164,3938.3823
forecast_4149,2025-06-22 21:00,6454.314,6668.203,4173.651
forecast_4150,2025-06-22 22:00,8061.922,8371.289,5458.8994
forecast_4151,2025-06-22 23:00,8334.219,8310.429,5698.3086
forecast_4152,2025-06-23 0:00,6227.1123,5666.778,3812.8613
forecast_4153,2025-06-23 1:00,4978.672,4258.3657,3862.9136000000026
forecast_4154,2025-06-23 2:00,4525.412,3874.5374,3824.7659000000026
forecast_4155,2025-06-23 3:00,4259.398,3634.0334,3715.9600000000028
forecast_4156,2025-06-23 4:00,4400.7183,3635.79,3801.031500000003
forecast_4157,2025-06-23 5:00,4087.4802,3442.9333,3437.583000000003
forecast_4158,2025-06-23 6:00,3907.3394000000026,3559.327600000003,2779.3667000000028
forecast_4159,2025-06-23 7:00,3074.9460000000026,2935.0134000000025,2288.2405000000026
forecast_4160,2025-06-23 8:00,2534.2717000000025,2661.3469000000027,2164.666000000003
forecast_4161,2025-06-23 9:00,2406.9531000000025,2378.5942000000027,1994.6259000000027
forecast_4162,2025-06-23 10:00,2356.5529000000024,2402.786000000003,2026.4907000000026
forecast_4163,2025-06-23 11:00,2379.4224000000027,2390.4548000000027,2065.7979000000028
forecast_4164,2025-06-23 12:00,2374.8828000000026,2327.029700000003,2059.1333000000027
forecast_4165,2025-06-23 13:00,2355.5499000000027,2307.2614000000026,2073.129460000003
forecast_4166,2025-06-23 14:00,2353.2449000000024,2278.4801000000025,2061.978450000003
forecast_4167,2025-06-23 15:00,2391.400000000003,2322.5851000000025,2061.978450000003
forecast_4168,2025-06-23 16:00,2402.440700000003,2336.310500000003,2001.8440600000026
forecast_4169,2025-06-23 17:00,2192.1917000000026,2146.1160000000027,1899.5500500000028
forecast_4170,2025-06-23 18:00,2091.7283000000025,2024.9275000000025,1884.6901000000028
forecast_4171,2025-06-23 19:00,2155.0103000000026,2046.3497000000025,1868.6734600000027
forecast_4172,2025-06-23 20:00,2401.4863000000028,2260.0887000000025,1882.7508500000026
forecast_4173,2025-06-23 21:00,2375.0825000000027,2163.9426000000026,1887.8196000000028
forecast_4174,2025-06-23 22:00,2468.5792000000024,2313.453500000003,1964.7339500000028
forecast_4175,2025-06-23 23:00,2375.8795000000027,2373.3608000000027,1998.8692000000028
forecast_4176,2025-06-24 0:00,2433.9204000000027,2436.481600000003,2083.2097000000026
forecast_4177,2025-06-24 1:00,2620.9928000000027,2295.388300000003,2072.9316400000025
forecast_4178,2025-06-24 2:00,2895.6343000000024,2598.0546000000027,2178.110700000003
forecast_4179,2025-06-24 3:00,2762.1512000000025,2532.7087000000024,2196.429900000003
forecast_4180,2025-06-24 4:00,3141.077000000003,2976.537600000003,2279.1868000000027
forecast_4181,2025-06-24 5:00,3301.4258000000027,3290.846700000003,2390.844100000003
forecast_4182,2025-06-24 6:00,3167.637700000003,3093.5845000000027,2291.152700000003
forecast_4183,2025-06-24 7:00,3722.4426000000026,3598.646200000003,2420.4678000000026
forecast_4184,2025-06-24 8:00,3981.4377000000027,3255.2844,2631.6501000000026
forecast_4185,2025-06-24 9:00,4104.128200000003,3249.8726,2701.7305000000024
forecast_4186,2025-06-24 10:00,4041.7205000000026,4071.560300000003,2747.885500000003
forecast_4187,2025-06-24 11:00,3831.781500000003,3773.3813000000027,2685.9917000000028
forecast_4188,2025-06-24 12:00,3840.619900000003,3891.2430000000027,2737.8174000000026
forecast_4189,2025-06-24 13:00,3788.6643000000026,3529.202000000003,2696.757300000003
forecast_4190,2025-06-24 14:00,3731.7880000000027,3595.9321000000027,2661.3707000000027
forecast_4191,2025-06-24 15:00,3661.597000000003,3760.5242000000026,2791.3932000000027
forecast_4192,2025-06-24 16:00,4026.000700000003,3934.310500000003,2697.0907000000025
forecast_4193,2025-06-24 17:00,3255.663,3300.6868,2825.9651000000026
forecast_4194,2025-06-24 18:00,3414.337,4101.067600000002,2769.382900000003
forecast_4195,2025-06-24 19:00,4003.06,4439.5894,3172.1829000000025
forecast_4196,2025-06-24 20:00,4971.7783,5692.576,3585.0164000000027
forecast_4197,2025-06-24 21:00,6609.443,7694.8096,3475.7595
forecast_4198,2025-06-24 22:00,6964.095,8001.5903,3425.33
forecast_4199,2025-06-24 23:00,7508.055,8821.376,3488.9045
forecast_4200,2025-06-25 0:00,7492.495,8991.866,3738.6616
forecast_4201,2025-06-25 1:00,5855.025,6332.213,3695.225800000003
forecast_4202,2025-06-25 2:00,5421.013,6150.2437,3609.6567000000027
forecast_4203,2025-06-25 3:00,4539.5376,4716.7896,3034.1517000000026
forecast_4204,2025-06-25 4:00,4635.1025,4768.1357,3300.239300000003
forecast_4205,2025-06-25 5:00,4310.75,4038.9006,2790.2545000000027
forecast_4206,2025-06-25 6:00,4290.4487,4004.9355,2664.2113000000027
forecast_4207,2025-06-25 7:00,3961.518,3579.9265,2654.582400000003
forecast_4208,2025-06-25 8:00,3706.6692,3557.3972,2728.1803000000027
forecast_4209,2025-06-25 9:00,3665.5693,3617.4229,2842.3224000000027
forecast_4210,2025-06-25 10:00,3590.564,3378.124,2618.2737000000025
forecast_4211,2025-06-25 11:00,4121.387500000003,3896.9610000000025,2494.3340000000026
forecast_4212,2025-06-25 12:00,3584.363800000003,3628.2524000000026,2569.036100000003
forecast_4213,2025-06-25 13:00,3220.0388000000025,3191.5933000000027,2222.2740000000026
forecast_4214,2025-06-25 14:00,3213.9930000000027,3249.9766000000027,2334.176800000003
forecast_4215,2025-06-25 15:00,2814.8673000000026,2779.5410000000024,2161.298400000003
forecast_4216,2025-06-25 16:00,2754.7160000000026,2743.1614000000027,2119.5853000000025
forecast_4217,2025-06-25 17:00,2994.974200000003,2945.0063000000027,2141.670000000003
forecast_4218,2025-06-25 18:00,3099.6438000000026,3228.9934000000026,2149.2381000000028
forecast_4219,2025-06-25 19:00,3614.117000000003,3875.833700000003,2506.749800000003
forecast_4220,2025-06-25 20:00,3474.6917,3843.4004,2889.067500000003
forecast_4221,2025-06-25 21:00,3731.5981,4429.3726,3213.279300000003
forecast_4222,2025-06-25 22:00,4799.1597,5765.917,4264.505000000003
forecast_4223,2025-06-25 23:00,5649.648,7189.6006,4086.3735
forecast_4224,2025-06-26 0:00,6760.7437,7550.573,5207.701
forecast_4225,2025-06-26 1:00,9527.045,11152.239,7922.4746
forecast_4226,2025-06-26 2:00,11108.742,12243.515,9260.239
forecast_4227,2025-06-26 3:00,11855.039,13294.531,9734.765
forecast_4228,2025-06-26 4:00,12456.541,13336.916,9729.13
forecast_4229,2025-06-26 5:00,12602.862,13511.158,10215.762
forecast_4230,2025-06-26 6:00,12348.916,12498.834,10473.922
forecast_4231,2025-06-26 7:00,11651.348,12107.835,9626.744
forecast_4232,2025-06-26 8:00,11539.242,12134.39,9913.797
forecast_4233,2025-06-26 9:00,10623.822,11270.017,9445.202
forecast_4234,2025-06-26 10:00,8415.747,9223.211,7079.449
forecast_4235,2025-06-26 11:00,7456.666,8087.2744,5644.949
forecast_4236,2025-06-26 12:00,7433.5225,8024.4927,5675.421
forecast_4237,2025-06-26 13:00,6985.9043,7360.281,5102.1816
forecast_4238,2025-06-26 14:00,6299.1646,5839.491,4055.9836
forecast_4239,2025-06-26 15:00,6603.3716,6133.338,4682.3096
forecast_4240,2025-06-26 16:00,6128.197,5861.2114,4226.2715
forecast_4241,2025-06-26 17:00,6571.908,6350.416,4129.918
forecast_4242,2025-06-26 18:00,5888.392,6108.639,3845.5037
forecast_4243,2025-06-26 19:00,5444.308,5342.7275,3434.2412
forecast_4244,2025-06-26 20:00,6410.973,6533.5615,4429.878
forecast_4245,2025-06-26 21:00,7277.3047,7652.7656,5097.9634
forecast_4246,2025-06-26 22:00,7855.4976,8091.8774,6158.8647
forecast_4247,2025-06-26 23:00,7385.6562,6561.9546,4965.9136
forecast_4248,2025-06-27 0:00,7178.079,6821.8594,4937.055
forecast_4249,2025-06-27 1:00,4681.3867,4325.903,3902.7378000000026
forecast_4250,2025-06-27 2:00,3990.313,3813.1028,3396.0476000000026
forecast_4251,2025-06-27 3:00,5373.7725,4714.65,3706.8767
forecast_4252,2025-06-27 4:00,6823.184,6485.926,5739.3325
forecast_4253,2025-06-27 5:00,5503.797,4695.973,3574.2727
forecast_4254,2025-06-27 6:00,4458.104,3772.382,3544.873000000003
forecast_4255,2025-06-27 7:00,4209.977300000002,3775.3477000000025,2990.964600000003
forecast_4256,2025-06-27 8:00,3283.1094000000026,3071.1533000000027,2584.2992000000027
forecast_4257,2025-06-27 9:00,2718.2643000000025,2514.4581000000026,2220.6276000000025
forecast_4258,2025-06-27 10:00,2322.9039000000025,2196.2900000000027,2137.0942400000026
forecast_4259,2025-06-27 11:00,2153.3018000000025,2130.8119000000024,1979.4919400000026
forecast_4260,2025-06-27 12:00,2158.3997000000027,2226.9008000000026,2092.7738000000027
forecast_4261,2025-06-27 13:00,2750.8290000000025,2788.6385000000028,2397.858000000003
forecast_4262,2025-06-27 14:00,3391.963900000003,3265.2110000000025,2525.135000000003
forecast_4263,2025-06-27 15:00,2925.9823000000024,2747.2760000000026,2277.237000000003
forecast_4264,2025-06-27 16:00,2726.2621000000026,2765.0715000000027,2278.9121000000027
forecast_4265,2025-06-27 17:00,2539.7554000000027,2446.028600000003,2076.5769000000028
forecast_4266,2025-06-27 18:00,2387.0380000000027,2298.7638000000024,2050.6412000000028
forecast_4267,2025-06-27 19:00,2696.4240000000027,2725.8115000000025,2125.776060000003
forecast_4268,2025-06-27 20:00,3545.4610000000025,3681.0588000000025,2867.8578000000025
forecast_4269,2025-06-27 21:00,3846.7134,4324.184,3607.8804000000027
forecast_4270,2025-06-27 22:00,5794.4336,7094.1577,4092.561
forecast_4271,2025-06-27 23:00,7504.7485,8085.7744,5063.563
forecast_4272,2025-06-28 0:00,7029.925,7341.793,4188.0156
forecast_4273,2025-06-28 1:00,9164.157,9468.831,6990.1846
forecast_4274,2025-06-28 2:00,9791.442,10112.863,8030.319
forecast_4275,2025-06-28 3:00,11957.726,11945.612,8718.142
forecast_4276,2025-06-28 4:00,12896.167,13061.415,9721.826
forecast_4277,2025-06-28 5:00,12838.01,13336.117,9963.384
forecast_4278,2025-06-28 6:00,11042.695,11927.508,8563.667
forecast_4279,2025-06-28 7:00,11727.638,12610.181,9830.523
forecast_4280,2025-06-28 8:00,8202.95,9107.954,5214.4727
forecast_4281,2025-06-28 9:00,6520.312,7229.818,3814.4778
forecast_4282,2025-06-28 10:00,4919.3936,5425.6284,3978.9020000000028
forecast_4283,2025-06-28 11:00,3288.8235,3331.7693,3121.235200000003
forecast_4284,2025-06-28 12:00,2514.3414000000025,2480.6050000000027,2227.9883000000027
forecast_4285,2025-06-28 13:00,2517.952600000003,2576.6223000000027,2163.4800000000027
forecast_4286,2025-06-28 14:00,3170.9260000000027,3589.3547000000026,2564.6693000000027
forecast_4287,2025-06-28 15:00,3352.1953000000026,3799.6252000000027,2748.1720000000028
forecast_4288,2025-06-28 16:00,3537.5280000000025,3655.168500000003,2701.0282000000025
forecast_4289,2025-06-28 17:00,3381.511,3610.8308,3223.011500000003
forecast_4290,2025-06-28 18:00,4222.535,4742.684,3917.9636000000028
forecast_4291,2025-06-28 19:00,4801.555,5616.723,3193.043
forecast_4292,2025-06-28 20:00,6478.9917,7754.4106,5925.922
forecast_4293,2025-06-28 21:00,8261.871,10513.043,7835.414
forecast_4294,2025-06-28 22:00,9468.864,11180.63,8274.165
forecast_4295,2025-06-28 23:00,9636.868,11520.61,8652.243
forecast_4296,2025-06-29 0:00,9793.93,11431.639,8733.75
forecast_4297,2025-06-29 1:00,11212.445,12727.584,9972.868
forecast_4298,2025-06-29 2:00,11888.358,13381.739,10690.891
forecast_4299,2025-06-29 3:00,12352.838,13595.675,11183.942
forecast_4300,2025-06-29 4:00,13723.317,14648.82,12009.32
forecast_4301,2025-06-29 5:00,13649.63,14542.213,12219.136
forecast_4302,2025-06-29 6:00,13761.062,14324.269,11812.138
forecast_4303,2025-06-29 7:00,13491.887,14409.204,11754.925
forecast_4304,2025-06-29 8:00,11974.871,12704.245,10443.225
forecast_4305,2025-06-29 9:00,9247.833,10138.034,7621.836
forecast_4306,2025-06-29 10:00,5411.9766,5722.4316,3508.8582
forecast_4307,2025-06-29 11:00,4871.911,4788.3516,4159.698000000002
forecast_4308,2025-06-29 12:00,4218.9614,4491.9756,3731.0984000000026
forecast_4309,2025-06-29 13:00,3810.9011,3520.942,3408.890600000003
forecast_4310,2025-06-29 14:00,3565.658,3256.345,3265.631600000003
forecast_4311,2025-06-29 15:00,3348.626,4047.194300000003,3214.4963000000025
forecast_4312,2025-06-29 16:00,3873.6895,3490.9436,3544.495600000003
forecast_4313,2025-06-29 17:00,4168.814,3587.6018,3833.688000000003
forecast_4314,2025-06-29 18:00,4295.0176,3741.8396,3699.641000000003
forecast_4315,2025-06-29 19:00,4841.1323,4637.7446,3327.7031
forecast_4316,2025-06-29 20:00,5777.34,6892.3496,4635.2275
forecast_4317,2025-06-29 21:00,7950.6978,8863.282,6744.251
forecast_4318,2025-06-29 22:00,11392.166,12381.063,10025.334
forecast_4319,2025-06-29 23:00,12704.042,13655.091,10599.788
forecast_4320,2025-06-30 0:00,12832.558,13733.455,10918.834
forecast_4321,2025-06-30 1:00,10896.47,12377.601,9617.921
forecast_4322,2025-06-30 2:00,10784.409,12682.761,10073.852
forecast_4323,2025-06-30 3:00,11194.044,12817.451,10113.438
forecast_4324,2025-06-30 4:00,11741.0205,13157.927,10362.089
forecast_4325,2025-06-30 5:00,12766.72,13965.532,10725.847
forecast_4326,2025-06-30 6:00,12918.076,14017.114,10728.164
forecast_4327,2025-06-30 7:00,12136.64,13084.598,10096.663
forecast_4328,2025-06-30 8:00,10271.449,11088.953,8528.415
forecast_4329,2025-06-30 9:00,7819.9,8182.071,5933.8325
forecast_4330,2025-06-30 10:00,4712.229,4519.926,3872.202000000003
forecast_4331,2025-06-30 11:00,4092.6467000000025,3334.1982,3224.4910000000027
forecast_4332,2025-06-30 12:00,3455.0222,3654.306,3332.455300000003
forecast_4333,2025-06-30 13:00,4330.886,4634.7134,4301.331800000003
forecast_4334,2025-06-30 14:00,5193.681,5690.1235,4804.14
forecast_4335,2025-06-30 15:00,6464.2163,6934.0645,5750.7217
forecast_4336,2025-06-30 16:00,7861.1987,7997.2993,6511.3857
forecast_4337,2025-06-30 17:00,7316.2896,7791.291,6826.2764
forecast_4338,2025-06-30 18:00,8427.128,8798.61,6927.408
forecast_4339,2025-06-30 19:00,8935.654,10415.988,7910.7812
forecast_4340,2025-06-30 20:00,9887.715,11127.623,8653.374
forecast_4341,2025-06-30 21:00,11434.319,13322.397,10259.965
forecast_4342,2025-06-30 22:00,13280.281,14677.065,11096.405
forecast_4343,2025-06-30 23:00,13700.56,15287.21,11903.595
forecast_4344,2025-07-01 0:00,13226.307,14735.461,11797.049
forecast_4345,2025-07-01 1:00,12522.384,13992.6455,10890.459
forecast_4346,2025-07-01 2:00,12913.613,14317.673,11267.872
forecast_4347,2025-07-01 3:00,12767.048,14036.263,11024.389
forecast_4348,2025-07-01 4:00,12897.172,14088.652,11349.282
forecast_4349,2025-07-01 5:00,13753.202,14996.663,12127.4795
forecast_4350,2025-07-01 6:00,13608.224,14772.145,11432.845
forecast_4351,2025-07-01 7:00,11710.523,12943.935,10171.777
forecast_4352,2025-07-01 8:00,10529.447,12349.455,9050.459
forecast_4353,2025-07-01 9:00,9256.92,10071.902,7278.3345
forecast_4354,2025-07-01 10:00,7860.3823,7726.085,6282.128
forecast_4355,2025-07-01 11:00,7872.3306,7857.7505,6506.27
forecast_4356,2025-07-01 12:00,7813.3843,7506.5605,6819.084
forecast_4357,2025-07-01 13:00,7393.1445,6713.1943,5985.5005
forecast_4358,2025-07-01 14:00,6908.669,6361.6235,5350.0903
forecast_4359,2025-07-01 15:00,5872.1787,6068.7134,4851.7656
forecast_4360,2025-07-01 16:00,6751.6436,6268.244,5572.2153
forecast_4361,2025-07-01 17:00,6879.087,6325.3945,5587.198
forecast_4362,2025-07-01 18:00,6611.5127,6660.883,5603.0244
forecast_4363,2025-07-01 19:00,7631.394,8113.311,6747.4814
forecast_4364,2025-07-01 20:00,9184.884,10026.602,7928.438
forecast_4365,2025-07-01 21:00,11658.249,12509.3955,10145.403
forecast_4366,2025-07-01 22:00,12870.718,14345.42,12034.477
forecast_4367,2025-07-01 23:00,13856.469,14926.182,12783.573
forecast_4368,2025-07-02 0:00,15531.554,16403.992,15213.528
forecast_4369,2025-07-02 1:00,15776.107,16052.271,14538.606
forecast_4370,2025-07-02 2:00,16876.24,17381.379,16219.183
forecast_4371,2025-07-02 3:00,16781.637,17395.855,15799.892
forecast_4372,2025-07-02 4:00,16513.934,17364.064,15953.309
forecast_4373,2025-07-02 5:00,16719.98,17608.088,16115.546
forecast_4374,2025-07-02 6:00,15980.101,17265.96,15484.05
forecast_4375,2025-07-02 7:00,16125.566,17148.62,15772.025
forecast_4376,2025-07-02 8:00,14728.441,15870.865,14158.044
forecast_4377,2025-07-02 9:00,12709.191,13743.11,11086.039
forecast_4378,2025-07-02 10:00,10975.494,11277.308,9344.809
forecast_4379,2025-07-02 11:00,9497.015,9901.223,8099.192
forecast_4380,2025-07-02 12:00,9634.525,9828.536,8223.341
forecast_4381,2025-07-02 13:00,8953.361,8364.841,7293.368
forecast_4382,2025-07-02 14:00,8001.741,8042.2305,6759.149
forecast_4383,2025-07-02 15:00,7123.665,6477.824,5380.2744
forecast_4384,2025-07-02 16:00,5627.8237,5507.2676,4194.773
forecast_4385,2025-07-02 17:00,5424.111,5052.1343,3682.3242
forecast_4386,2025-07-02 18:00,5007.632,4720.8867,3461.6155
forecast_4387,2025-07-02 19:00,5845.8296,5601.6953,4159.0083
forecast_4388,2025-07-02 20:00,7008.2153,8011.255,5860.273
forecast_4389,2025-07-02 21:00,8424.593,10018.743,7585.7485
forecast_4390,2025-07-02 22:00,10363.324,12573.484,9425.027
forecast_4391,2025-07-02 23:00,10986.086,12722.554,9794.965
forecast_4392,2025-07-03 0:00,11242.104,13187.816,9763.987
forecast_4393,2025-07-03 1:00,11936.445,13299.632,10194.457
forecast_4394,2025-07-03 2:00,12920.072,13915.591,11525.746
forecast_4395,2025-07-03 3:00,14418.237,14765.565,12712.824
forecast_4396,2025-07-03 4:00,14828.454,15100.288,12938.147
forecast_4397,2025-07-03 5:00,15470.285,15940.078,13940.709
forecast_4398,2025-07-03 6:00,15490.287,16046.554,14030.91
forecast_4399,2025-07-03 7:00,15688.194,15666.929,13436.189
forecast_4400,2025-07-03 8:00,14449.346,14913.517,12689.564
forecast_4401,2025-07-03 9:00,13647.776,14492.028,12539.16
forecast_4402,2025-07-03 10:00,10722.8125,11553.942,9743.432
forecast_4403,2025-07-03 11:00,8603.527,9480.33,8069.062
forecast_4404,2025-07-03 12:00,8249.231,8367.774,7986.187
forecast_4405,2025-07-03 13:00,7671.0415,7106.2197,7464.98
forecast_4406,2025-07-03 14:00,7810.8745,7215.1562,7177.7954
forecast_4407,2025-07-03 15:00,8461.504,8344.024,7768.352
forecast_4408,2025-07-03 16:00,9074.404,8251.07,8135.155
forecast_4409,2025-07-03 17:00,8006.182,7432.559,7219.071
forecast_4410,2025-07-03 18:00,8858.139,8811.919,7925.242
forecast_4411,2025-07-03 19:00,11397.039,11656.552,10170.646
forecast_4412,2025-07-03 20:00,13316.627,14016.275,11946.567
forecast_4413,2025-07-03 21:00,14227.681,14682.299,12987.49
forecast_4414,2025-07-03 22:00,15326.031,15707.931,13781.164
forecast_4415,2025-07-03 23:00,15538.254,15933.474,14536.581
forecast_4416,2025-07-04 0:00,16477.777,16802.955,16001.579
forecast_4417,2025-07-04 1:00,15619.86,16217.714,14566.262
forecast_4418,2025-07-04 2:00,16198.352,16565.605,16023.168
forecast_4419,2025-07-04 3:00,16972.848,17451.967,16495.432
forecast_4420,2025-07-04 4:00,17522.037,17703.963,16646.225
forecast_4421,2025-07-04 5:00,17769.445,18088.87,17160.033
forecast_4422,2025-07-04 6:00,18137.404,18870.324,17186.502
forecast_4423,2025-07-04 7:00,17668.268,18441.451,17604.99
forecast_4424,2025-07-04 8:00,17787.047,18172.133,17323.037
forecast_4425,2025-07-04 9:00,16836.26,17921.084,16201.297
forecast_4426,2025-07-04 10:00,15853.113,16805.867,15693.302
forecast_4427,2025-07-04 11:00,15518.09,16231.32,15573.471
forecast_4428,2025-07-04 12:00,15432.347,16354.291,15983.098
forecast_4429,2025-07-04 13:00,14785.918,15955.919,15017.453
forecast_4430,2025-07-04 14:00,12974.306,15268.423,13703.029
forecast_4431,2025-07-04 15:00,14652.732,16210.062,15422.127
forecast_4432,2025-07-04 16:00,15047.246,16234.671,15555.292
forecast_4433,2025-07-04 17:00,15905.283,16780.574,16270.122
forecast_4434,2025-07-04 18:00,14980.199,16302.214,16169.788
forecast_4435,2025-07-04 19:00,16304.815,16900.926,16496.55
forecast_4436,2025-07-04 20:00,16169.25,17699.115,16614.37
forecast_4437,2025-07-04 21:00,16202.995,17455.139,16754.443
forecast_4438,2025-07-04 22:00,17333.049,18234.111,16865.484
forecast_4439,2025-07-04 23:00,17711.12,18902.205,17014.553
forecast_4440,2025-07-05 0:00,17256.217,18820.193,17769.545
forecast_4441,2025-07-05 1:00,15231.529,16539.906,16098.99
forecast_4442,2025-07-05 2:00,15488.506,16967.486,16349.931
forecast_4443,2025-07-05 3:00,15624.386,16573.562,16103.842
forecast_4444,2025-07-05 4:00,15469.649,16342.322,16006.333
forecast_4445,2025-07-05 5:00,15913.037,16542.906,16161.436
forecast_4446,2025-07-05 6:00,15775.644,16651.781,16116.9375
forecast_4447,2025-07-05 7:00,15387.056,16912.701,15957.717
forecast_4448,2025-07-05 8:00,14111.023,15314.95,14271.085
forecast_4449,2025-07-05 9:00,12881.667,14387.915,12437.958
forecast_4450,2025-07-05 10:00,11745.703,13093.276,11172.547
forecast_4451,2025-07-05 11:00,11409.051,12435.881,10479.867
forecast_4452,2025-07-05 12:00,11106.683,11692.545,10294.608
forecast_4453,2025-07-05 13:00,11913.463,11330.626,10681.142
forecast_4454,2025-07-05 14:00,11407.538,10891.273,10340.488
forecast_4455,2025-07-05 15:00,11466.527,10592.083,10259.324
forecast_4456,2025-07-05 16:00,11271.49,10067.338,10218.78
forecast_4457,2025-07-05 17:00,11119.292,10195.295,10121.702
forecast_4458,2025-07-05 18:00,11095.206,10779.785,10232.418
forecast_4459,2025-07-05 19:00,12389.003,13439.731,12346.018
forecast_4460,2025-07-05 20:00,14635.183,15474.8125,15602.354
forecast_4461,2025-07-05 21:00,15359.277,16815.658,16052.233
forecast_4462,2025-07-05 22:00,15769.732,16779.803,16357.833
forecast_4463,2025-07-05 23:00,16223.311,16879.29,16368.996
forecast_4464,2025-07-06 0:00,16265.586,16434.473,15990.897
forecast_4465,2025-07-06 1:00,17519.105,17493.594,16665.365
forecast_4466,2025-07-06 2:00,17930.3,17721.275,16621.72
forecast_4467,2025-07-06 3:00,18171.102,17822.336,16967.16
forecast_4468,2025-07-06 4:00,18101.596,17940.018,16994.717
forecast_4469,2025-07-06 5:00,17718.309,17756.348,16869.422
forecast_4470,2025-07-06 6:00,17163.494,17646.682,16916.26
forecast_4471,2025-07-06 7:00,16830.209,17542.033,16741.703
forecast_4472,2025-07-06 8:00,15841.43,17065.947,16201.2295
forecast_4473,2025-07-06 9:00,13701.677,15763.908,14631.182
forecast_4474,2025-07-06 10:00,11918.836,13267.535,11692.351
forecast_4475,2025-07-06 11:00,10376.175,10877.879,9709.416
forecast_4476,2025-07-06 12:00,9019.473,9793.793,8581.941
forecast_4477,2025-07-06 13:00,7033.577,6739.072,5743.913
forecast_4478,2025-07-06 14:00,5902.8804,5573.5107,3886.03
forecast_4479,2025-07-06 15:00,4882.486,4593.1084,4223.326000000003
forecast_4480,2025-07-06 16:00,5120.7715,4562.2573,3186.4153
forecast_4481,2025-07-06 17:00,5205.4385,4472.562,4266.840300000003
forecast_4482,2025-07-06 18:00,5316.6826,4774.3486,3170.886
forecast_4483,2025-07-06 19:00,6376.609,6065.994,4231.8516
forecast_4484,2025-07-06 20:00,8851.623,8904.319,7105.491
forecast_4485,2025-07-06 21:00,10786.45,10843.108,8497.6
forecast_4486,2025-07-06 22:00,11701.199,11728.374,8846.229
forecast_4487,2025-07-06 23:00,11825.58,11968.976,8931.953
forecast_4488,2025-07-07 0:00,12622.759,12497.823,9484.055
forecast_4489,2025-07-07 1:00,11333.675,10249.142,8024.137
forecast_4490,2025-07-07 2:00,11809.676,10900.318,8293.255
forecast_4491,2025-07-07 3:00,11481.827,11024.546,8216.018
forecast_4492,2025-07-07 4:00,9730.67,9667.188,6214.714
forecast_4493,2025-07-07 5:00,6266.617,5295.005,3960.168700000003
forecast_4494,2025-07-07 6:00,4110.5166,4052.8680000000027,2756.7435000000028
forecast_4495,2025-07-07 7:00,4071.1477000000027,3043.568400000003,2255.142600000003
forecast_4496,2025-07-07 8:00,2859.6146000000026,2397.8833000000027,1979.6902500000028
forecast_4497,2025-07-07 9:00,2308.9023000000025,2064.0411000000026,1972.4225000000029
forecast_4498,2025-07-07 10:00,2111.8124000000025,1979.1027000000026,1895.5508000000027
forecast_4499,2025-07-07 11:00,2168.563200000003,2025.6272000000026,1953.2026000000028
forecast_4500,2025-07-07 12:00,2131.4841000000024,2104.0854000000027,1979.0959500000026
forecast_4501,2025-07-07 13:00,2156.8120000000026,2230.5242000000026,2061.978450000003
forecast_4502,2025-07-07 14:00,2230.0656000000026,2221.442500000003,2118.0020000000027
forecast_4503,2025-07-07 15:00,2237.2484000000027,2192.3668000000025,2043.8368000000028
forecast_4504,2025-07-07 16:00,2267.4700000000025,2243.3696000000027,1979.4919400000026
forecast_4505,2025-07-07 17:00,2345.0380000000027,2222.5844000000025,2049.8025500000026
forecast_4506,2025-07-07 18:00,2366.7177000000024,2318.5035000000025,2050.8310500000025
forecast_4507,2025-07-07 19:00,2326.818600000003,2282.8759000000027,1979.4919400000026
forecast_4508,2025-07-07 20:00,2489.3325000000027,2373.285800000003,1979.4919400000026
forecast_4509,2025-07-07 21:00,2617.3444000000027,2489.4855000000025,1979.4919400000026
forecast_4510,2025-07-07 22:00,2804.0973000000026,2643.1224000000025,1979.4919400000026
forecast_4511,2025-07-07 23:00,2668.9259000000025,2539.9539000000027,1979.4919400000026
forecast_4512,2025-07-08 0:00,2608.4465000000027,2487.3313000000026,1979.4919400000026
forecast_4513,2025-07-08 1:00,2501.6958000000027,2364.275000000003,2019.5182000000027
forecast_4514,2025-07-08 2:00,2324.3206000000027,2230.8243000000025,1972.5023000000028
forecast_4515,2025-07-08 3:00,2296.4186000000027,2129.6104000000028,1964.6230000000028
forecast_4516,2025-07-08 4:00,2317.5237000000025,2152.1725000000024,1953.2026000000028
forecast_4517,2025-07-08 5:00,2326.0647000000026,2144.3948000000028,1977.7565300000028
forecast_4518,2025-07-08 6:00,2247.5330000000026,2122.6743000000024,1900.6742000000027
forecast_4519,2025-07-08 7:00,2175.6526000000026,2115.1047000000026,1972.4225000000029
forecast_4520,2025-07-08 8:00,2182.1146000000026,2184.2385000000027,1948.8436000000029
forecast_4521,2025-07-08 9:00,2174.0024000000026,2149.4253000000026,1906.542800000003
forecast_4522,2025-07-08 10:00,2155.911900000003,2054.6731000000027,1895.5508000000027
forecast_4523,2025-07-08 11:00,2172.7754000000027,2128.6460000000025,1964.1945000000028
forecast_4524,2025-07-08 12:00,2305.3500000000026,2183.2412000000027,1979.4919400000026
forecast_4525,2025-07-08 13:00,2448.9489000000026,2383.8761000000027,2061.978450000003
forecast_4526,2025-07-08 14:00,2338.8997000000027,2330.2548000000024,2056.8720000000026
forecast_4527,2025-07-08 15:00,2381.9668000000024,2332.2291000000027,2061.978450000003
forecast_4528,2025-07-08 16:00,2326.8397000000027,2282.2562000000025,2056.8720000000026
forecast_4529,2025-07-08 17:00,2256.0352000000025,2185.6506000000027,1979.4919400000026
forecast_4530,2025-07-08 18:00,2187.8569000000025,2118.6422000000025,1979.4919400000026
forecast_4531,2025-07-08 19:00,2189.4043000000024,2138.3824000000027,1921.4442000000026
forecast_4532,2025-07-08 20:00,2287.3842000000027,2235.6323000000025,1973.4509000000028
forecast_4533,2025-07-08 21:00,2551.296800000003,2471.5652000000027,1973.4509000000028
forecast_4534,2025-07-08 22:00,3027.5170000000026,2960.2288000000026,2043.8368000000028
forecast_4535,2025-07-08 23:00,2994.8242000000027,2906.6188000000025,2061.978450000003
forecast_4536,2025-07-09 0:00,3063.4150000000027,2969.943000000003,2056.8720000000026
forecast_4537,2025-07-09 1:00,2969.9920000000025,2881.4640000000027,1979.4919400000026
forecast_4538,2025-07-09 2:00,3148.731000000003,3113.0800000000027,2056.8720000000026
forecast_4539,2025-07-09 3:00,3225.0552000000025,3073.5130000000026,2059.1333000000027
forecast_4540,2025-07-09 4:00,3183.3237000000026,2971.5425000000027,2057.6370000000024
forecast_4541,2025-07-09 5:00,3265.2097000000026,3143.7715000000026,2086.7121600000028
forecast_4542,2025-07-09 6:00,3325.1133000000027,3317.1070000000027,2100.088560000003
forecast_4543,2025-07-09 7:00,3329.202600000003,3343.3936000000026,2184.259500000003
forecast_4544,2025-07-09 8:00,3220.4397000000026,3204.080800000003,2270.1096000000025
forecast_4545,2025-07-09 9:00,3025.344000000003,3056.409000000003,2186.0448000000024
forecast_4546,2025-07-09 10:00,2640.5885000000026,2718.0212000000024,2175.412600000003
forecast_4547,2025-07-09 11:00,2723.779700000003,2877.6603000000027,2356.8475000000026
forecast_4548,2025-07-09 12:00,2779.9550000000027,2947.2693000000027,2468.8601000000026
forecast_4549,2025-07-09 13:00,2608.7205000000026,2730.6742000000027,2512.0209000000027
forecast_4550,2025-07-09 14:00,2691.5284000000024,2871.4352000000026,2572.4153000000024
forecast_4551,2025-07-09 15:00,2720.6430000000028,2826.4354000000026,2394.180800000003
forecast_4552,2025-07-09 16:00,2752.0411000000026,2782.9230000000025,2344.398200000003
forecast_4553,2025-07-09 17:00,2782.2548000000024,2761.5634000000027,2205.112000000003
forecast_4554,2025-07-09 18:00,2881.6575000000025,2853.0461000000028,2160.792300000003
forecast_4555,2025-07-09 19:00,3080.979200000003,3083.054700000003,2126.4698500000027
forecast_4556,2025-07-09 20:00,3426.577400000003,3603.633800000003,2253.771400000003
forecast_4557,2025-07-09 21:00,3905.0132000000026,4017.648200000003,2438.4429000000027
forecast_4558,2025-07-09 22:00,3721.0876,3938.241,2821.200700000003
forecast_4559,2025-07-09 23:00,3839.3748,4362.9165,2833.4073000000026
forecast_4560,2025-07-10 0:00,4044.4504,4468.96,2833.9247000000028
forecast_4561,2025-07-10 1:00,4023.425,4225.5024,2813.4265000000028
forecast_4562,2025-07-10 2:00,4117.313,4344.652,2800.223600000003
forecast_4563,2025-07-10 3:00,3946.0127,4295.8438,2767.577900000003
forecast_4564,2025-07-10 4:00,4232.1343,4687.2188,2925.4464000000025
forecast_4565,2025-07-10 5:00,4561.774,5398.469,3301.1938000000027
forecast_4566,2025-07-10 6:00,4920.3345,5700.5063,3445.2250000000026
forecast_4567,2025-07-10 7:00,5153.959,6039.198,3772.362500000003
forecast_4568,2025-07-10 8:00,5412.2705,6870.7974,3646.935
forecast_4569,2025-07-10 9:00,5503.566,7460.1475,4466.1562
forecast_4570,2025-07-10 10:00,4318.7266,5583.5605,3687.1038
forecast_4571,2025-07-10 11:00,4185.0884,5391.943,3607.8652
forecast_4572,2025-07-10 12:00,4102.206,5162.1924,3245.4663
forecast_4573,2025-07-10 13:00,3630.69,4653.982,3783.3967000000025
forecast_4574,2025-07-10 14:00,3719.3252,4783.482,3993.8410000000026
forecast_4575,2025-07-10 15:00,3586.567,4440.5576,3630.423600000003
forecast_4576,2025-07-10 16:00,3711.2673,4363.2686,3598.677000000003
forecast_4577,2025-07-10 17:00,3810.3965,4546.385,3629.1094000000026
forecast_4578,2025-07-10 18:00,4296.451,5324.9775,3703.5674000000026
forecast_4579,2025-07-10 19:00,4970.94,6182.525,3305.914
forecast_4580,2025-07-10 20:00,5547.177,6741.032,3915.093
forecast_4581,2025-07-10 21:00,6769.296,7833.936,4890.2285
forecast_4582,2025-07-10 22:00,7931.385,9546.833,5827.272
forecast_4583,2025-07-10 23:00,7935.815,9454.467,6168.8213
forecast_4584,2025-07-11 0:00,7960.936,9699.785,6209.112
forecast_4585,2025-07-11 1:00,7752.8804,9688.9375,5679.449
forecast_4586,2025-07-11 2:00,7748.0645,9637.909,5435.618
forecast_4587,2025-07-11 3:00,7836.158,9717.854,5774.523
forecast_4588,2025-07-11 4:00,7675.5396,9559.988,6031.6265
forecast_4589,2025-07-11 5:00,7922.366,9970.995,6144.1924
forecast_4590,2025-07-11 6:00,8144.451,10188.448,6577.774
forecast_4591,2025-07-11 7:00,8444.324,10326.024,7102.1973
forecast_4592,2025-07-11 8:00,8273.8545,10379.232,7326.848
forecast_4593,2025-07-11 9:00,7456.927,9563.706,6911.7637
forecast_4594,2025-07-11 10:00,5390.9976,6762.208,4413.976
forecast_4595,2025-07-11 11:00,4648.073,5861.3394,4001.5574
forecast_4596,2025-07-11 12:00,5019.4336,6466.3213,5395.3184
forecast_4597,2025-07-11 13:00,4739.3203,5877.2036,3917.626
forecast_4598,2025-07-11 14:00,4469.0674,5200.5005,3737.387
forecast_4599,2025-07-11 15:00,3433.457,4437.604,3892.785400000003
forecast_4600,2025-07-11 16:00,4172.707000000002,4091.588,3550.697000000003
forecast_4601,2025-07-11 17:00,3516.6816,4126.856,3614.514200000003
forecast_4602,2025-07-11 18:00,4516.096,5762.5825,4214.632000000003
forecast_4603,2025-07-11 19:00,4998.7314,6134.1973,4178.825700000003
forecast_4604,2025-07-11 20:00,5592.3325,6497.031,3157.5337
forecast_4605,2025-07-11 21:00,6634.6084,7370.4185,4004.85
forecast_4606,2025-07-11 22:00,6627.2603,7860.5347,3706.6838
forecast_4607,2025-07-11 23:00,6990.4414,7845.565,4087.8457
forecast_4608,2025-07-12 0:00,7151.332,8223.91,3617.983
forecast_4609,2025-07-12 1:00,6161.9536,6641.071,4068.6184000000026
forecast_4610,2025-07-12 2:00,5429.1904,5949.412,3361.805400000003
forecast_4611,2025-07-12 3:00,5099.4243,5756.358,3362.722200000003
forecast_4612,2025-07-12 4:00,5149.2085,5306.3774,3293.499800000003
forecast_4613,2025-07-12 5:00,4623.6426,4791.8267,3066.6168000000025
forecast_4614,2025-07-12 6:00,4245.804,4146.64,2856.699000000003
forecast_4615,2025-07-12 7:00,4116.413,4050.81,2849.0237000000025
forecast_4616,2025-07-12 8:00,3451.9355,3245.8372,2667.9122000000025
forecast_4617,2025-07-12 9:00,3398.5764000000026,3348.7010000000028,2454.6060000000025
forecast_4618,2025-07-12 10:00,2600.3707000000027,2554.154500000003,2090.044740000003
forecast_4619,2025-07-12 11:00,2418.5565000000024,2515.949000000003,2122.4363000000026
forecast_4620,2025-07-12 12:00,2301.500500000003,2334.7118000000028,2076.3610000000026
forecast_4621,2025-07-12 13:00,2252.0691000000024,2225.9783000000025,1975.1815000000029
forecast_4622,2025-07-12 14:00,2261.2856000000024,2209.5300000000025,1991.2394400000026
forecast_4623,2025-07-12 15:00,2232.534000000003,2160.8981000000026,2043.8368000000028
forecast_4624,2025-07-12 16:00,2192.533100000003,2091.5118000000025,1953.2026000000028
forecast_4625,2025-07-12 17:00,2136.4194000000025,1972.9037000000026,1868.6734600000027
forecast_4626,2025-07-12 18:00,2172.4626000000026,1987.9337000000028,1895.5508000000027
forecast_4627,2025-07-12 19:00,2227.3524000000025,2041.3464000000026,1921.4442000000026
forecast_4628,2025-07-12 20:00,2637.2730000000024,2580.6433000000025,2169.8320300000028
forecast_4629,2025-07-12 21:00,3048.440700000003,3208.603300000003,2381.2145000000028
forecast_4630,2025-07-12 22:00,3340.7754000000027,3355.048600000003,2413.5555000000027
forecast_4631,2025-07-12 23:00,3737.8635000000027,3383.724900000003,2469.6820000000025
forecast_4632,2025-07-13 0:00,3497.0134,3979.5676000000026,2983.5674000000026
forecast_4633,2025-07-13 1:00,4159.993400000002,3991.5290000000027,2927.5444000000025
forecast_4634,2025-07-13 2:00,3463.5251,4024.8406000000027,3070.765400000003
forecast_4635,2025-07-13 3:00,3253.5305,3676.832800000003,2734.4098000000026
forecast_4636,2025-07-13 4:00,3100.8010000000027,2686.1022000000025,2260.5735000000027
forecast_4637,2025-07-13 5:00,2849.9025000000024,2456.8580000000024,2171.024400000003
forecast_4638,2025-07-13 6:00,2476.7058000000025,2442.460700000003,2108.6305500000026
forecast_4639,2025-07-13 7:00,2560.4138000000025,2469.015100000003,2121.0769000000028
forecast_4640,2025-07-13 8:00,2333.0222000000026,2332.2609000000025,1973.4509000000028
forecast_4641,2025-07-13 9:00,2287.8068000000026,2188.7692000000025,1979.4919400000026
forecast_4642,2025-07-13 10:00,2145.1658000000025,2044.4846000000025,1921.8401500000027
forecast_4643,2025-07-13 11:00,2324.6232000000027,2216.0565000000024,1984.5984000000026
forecast_4644,2025-07-13 12:00,2238.0508000000027,2149.898200000003,2022.1399000000029
forecast_4645,2025-07-13 13:00,2173.3156000000026,2133.8679000000025,1950.5380000000027
forecast_4646,2025-07-13 14:00,2350.2201000000027,2396.6621000000027,2188.870200000003
forecast_4647,2025-07-13 15:00,2373.8752000000027,2342.2308000000025,2061.978450000003
forecast_4648,2025-07-13 16:00,2591.6624000000024,2590.838400000003,2283.786900000003
forecast_4649,2025-07-13 17:00,3796.192100000003,3545.7617000000027,2763.7133000000026
forecast_4650,2025-07-13 18:00,3761.1946000000025,3763.338000000003,2785.2772000000027
forecast_4651,2025-07-13 19:00,4001.7751000000026,3884.608200000003,3065.565900000003
forecast_4652,2025-07-13 20:00,4047.2590000000027,4051.3352000000027,2845.3219000000026
forecast_4653,2025-07-13 21:00,3731.7188,3549.5347,2596.3821000000025
forecast_4654,2025-07-13 22:00,4023.515,3975.0293,2699.5575000000026
forecast_4655,2025-07-13 23:00,3876.476,4268.9062,3113.815800000003
forecast_4656,2025-07-14 0:00,4026.0928,4488.6665,3247.000700000003
forecast_4657,2025-07-14 1:00,4841.109,5440.613,3778.7473000000027
forecast_4658,2025-07-14 2:00,5031.603,5215.484,3666.9465000000027
forecast_4659,2025-07-14 3:00,5392.7544,6688.4004,3970.667
forecast_4660,2025-07-14 4:00,4965.7803,5760.844,3851.7861000000025
forecast_4661,2025-07-14 5:00,5099.358,5356.0366,3378.711400000003
forecast_4662,2025-07-14 6:00,5161.325,5561.2036,3958.079000000003
forecast_4663,2025-07-14 7:00,5526.303,6416.2544,3304.7512
forecast_4664,2025-07-14 8:00,5437.543,6013.985,4093.320000000003
forecast_4665,2025-07-14 9:00,6140.609,6182.5835,4054.6465000000026
forecast_4666,2025-07-14 10:00,5030.4863,5162.361,3448.3228000000026
forecast_4667,2025-07-14 11:00,5948.533,5858.978,4068.9995000000026
forecast_4668,2025-07-14 12:00,5070.1772,5031.4746,3389.034700000003
forecast_4669,2025-07-14 13:00,4871.9644,5010.9893,3366.1155000000026
forecast_4670,2025-07-14 14:00,4523.862,4664.4346,3293.7400000000025
forecast_4671,2025-07-14 15:00,5445.3438,5585.891,3913.9950000000026
forecast_4672,2025-07-14 16:00,6479.632,5667.626,3460.722
forecast_4673,2025-07-14 17:00,6100.9546,5376.9917,4075.859100000003
forecast_4674,2025-07-14 18:00,6061.847,5411.9385,3754.6238000000026
forecast_4675,2025-07-14 19:00,6335.0635,6069.1826,3818.7039000000027
forecast_4676,2025-07-14 20:00,6477.3184,6225.7217,4108.488500000003
forecast_4677,2025-07-14 21:00,5592.203,6287.126,3914.617000000003
forecast_4678,2025-07-14 22:00,5949.3027,6198.9683,4116.483000000003
forecast_4679,2025-07-14 23:00,6177.5254,6067.9243,4249.856000000003
forecast_4680,2025-07-15 0:00,7114.8228,6472.352,3726.9731
forecast_4681,2025-07-15 1:00,10607.747,11245.974,9357.708
forecast_4682,2025-07-15 2:00,11072.476,12266.1045,9670.39
forecast_4683,2025-07-15 3:00,10613.56,11549.061,9620.963
forecast_4684,2025-07-15 4:00,9333.054,10778.545,8682.793
forecast_4685,2025-07-15 5:00,8408.039,9492.634,6699.4507
forecast_4686,2025-07-15 6:00,8761.754,9584.12,7787.4907
forecast_4687,2025-07-15 7:00,7731.4536,8631.47,5961.374
forecast_4688,2025-07-15 8:00,6919.3745,8300.758,5431.9434
forecast_4689,2025-07-15 9:00,7368.65,9081.809,6444.86
forecast_4690,2025-07-15 10:00,5892.3237,6729.489,4142.3643
forecast_4691,2025-07-15 11:00,4969.1875,5143.1367,3574.564
forecast_4692,2025-07-15 12:00,4380.927,4940.614,3155.2214
forecast_4693,2025-07-15 13:00,3748.0354,3922.9988,3964.898200000003
forecast_4694,2025-07-15 14:00,3867.831,4320.815,3995.511500000003
forecast_4695,2025-07-15 15:00,4701.15,5295.836,3699.023
forecast_4696,2025-07-15 16:00,4679.186,5275.2993,3971.6272
forecast_4697,2025-07-15 17:00,4220.6406,4600.5654,4068.7717000000025
forecast_4698,2025-07-15 18:00,4225.4897,4441.0,4148.086700000003
forecast_4699,2025-07-15 19:00,3486.204,4274.1943,3930.807600000003
forecast_4700,2025-07-15 20:00,4042.3875,5055.3716,4033.3513000000025
forecast_4701,2025-07-15 21:00,4913.053,6521.677,3433.0693
forecast_4702,2025-07-15 22:00,5354.252,6862.8696,3620.9192
forecast_4703,2025-07-15 23:00,5220.418,6331.306,3397.7993
forecast_4704,2025-07-16 0:00,6794.085,8644.808,3946.071
forecast_4705,2025-07-16 1:00,10944.721,11801.579,8860.553
forecast_4706,2025-07-16 2:00,11752.221,13531.09,10023.887
forecast_4707,2025-07-16 3:00,13104.825,14658.121,11031.926
forecast_4708,2025-07-16 4:00,13444.084,14654.272,11523.379
forecast_4709,2025-07-16 5:00,12802.741,14454.611,11055.471
forecast_4710,2025-07-16 6:00,12760.746,14060.813,10605.888
forecast_4711,2025-07-16 7:00,10719.516,11986.712,8685.276
forecast_4712,2025-07-16 8:00,10088.125,11723.368,7830.8335
forecast_4713,2025-07-16 9:00,6768.601,7010.38,4378.8164
forecast_4714,2025-07-16 10:00,6614.447,6561.9404,4315.854
forecast_4715,2025-07-16 11:00,5343.608,6248.9375,4013.8718
forecast_4716,2025-07-16 12:00,4937.1997,5791.5093,3492.5022
forecast_4717,2025-07-16 13:00,5943.337,8253.314,4997.3813
forecast_4718,2025-07-16 14:00,5361.725,6604.4395,3864.0789
forecast_4719,2025-07-16 15:00,4991.9146,6015.796,3531.6567
forecast_4720,2025-07-16 16:00,5465.5483,6529.496,3878.8691
forecast_4721,2025-07-16 17:00,5593.596,6848.488,3804.621
forecast_4722,2025-07-16 18:00,5797.0073,7332.1235,4125.6587
forecast_4723,2025-07-16 19:00,5738.678,6488.58,3884.7397
forecast_4724,2025-07-16 20:00,4857.6826,6161.6895,3173.2117
forecast_4725,2025-07-16 21:00,6018.713,6784.5425,4111.522
forecast_4726,2025-07-16 22:00,8016.21,9836.291,6699.0693
forecast_4727,2025-07-16 23:00,9739.186,12071.999,8283.107
forecast_4728,2025-07-17 0:00,11376.3545,13459.635,9986.414
forecast_4729,2025-07-17 1:00,12292.206,14618.861,12159.62
forecast_4730,2025-07-17 2:00,12994.466,15338.777,12492.096
forecast_4731,2025-07-17 3:00,12644.927,15225.124,12597.562
forecast_4732,2025-07-17 4:00,12495.322,15187.062,12216.839
forecast_4733,2025-07-17 5:00,11600.277,13944.98,10878.974
forecast_4734,2025-07-17 6:00,11400.744,13902.327,10909.928
forecast_4735,2025-07-17 7:00,12362.445,14425.479,11600.776
forecast_4736,2025-07-17 8:00,12125.383,14488.529,11397.887
forecast_4737,2025-07-17 9:00,11798.414,14339.231,11101.167
forecast_4738,2025-07-17 10:00,11728.864,14393.893,11214.6875
forecast_4739,2025-07-17 11:00,11495.763,14418.104,11332.251
forecast_4740,2025-07-17 12:00,10960.838,13461.569,10310.614
forecast_4741,2025-07-17 13:00,11091.804,13780.374,10819.88
forecast_4742,2025-07-17 14:00,10928.361,13535.31,10920.896
forecast_4743,2025-07-17 15:00,10372.863,13120.428,10259.554
forecast_4744,2025-07-17 16:00,8920.646,11014.132,8742.059
forecast_4745,2025-07-17 17:00,7650.116,9533.535,7388.7666
forecast_4746,2025-07-17 18:00,8236.379,10045.323,8501.28
forecast_4747,2025-07-17 19:00,9198.573,10806.293,8843.837
forecast_4748,2025-07-17 20:00,8996.8,11414.765,9000.346
forecast_4749,2025-07-17 21:00,10326.193,12993.935,10415.471
forecast_4750,2025-07-17 22:00,9055.106,12363.32,9767.741
forecast_4751,2025-07-17 23:00,10338.744,12855.616,9932.103
forecast_4752,2025-07-18 0:00,10473.737,13317.956,10023.925
forecast_4753,2025-07-18 1:00,11917.563,14941.581,12242.828
forecast_4754,2025-07-18 2:00,10559.428,13833.336,10998.636
forecast_4755,2025-07-18 3:00,11825.225,14078.242,11254.508
forecast_4756,2025-07-18 4:00,10938.997,13366.94,10341.034
forecast_4757,2025-07-18 5:00,11177.67,13432.857,10472.934
forecast_4758,2025-07-18 6:00,11036.139,12828.323,9761.306
forecast_4759,2025-07-18 7:00,10399.676,13147.268,10026.927
forecast_4760,2025-07-18 8:00,9750.655,12064.087,9282.85
forecast_4761,2025-07-18 9:00,9243.191,12750.678,9910.265
forecast_4762,2025-07-18 10:00,8053.073,10652.62,7465.5293
forecast_4763,2025-07-18 11:00,5891.1226,8032.214,5008.759
forecast_4764,2025-07-18 12:00,4362.7666,5173.3174,4028.7563000000027
forecast_4765,2025-07-18 13:00,3607.4040000000027,3963.447000000003,2813.0854000000027
forecast_4766,2025-07-18 14:00,4129.872800000003,3632.982,3138.6097000000027
forecast_4767,2025-07-18 15:00,4228.7246,4838.991,4034.3940000000025
forecast_4768,2025-07-18 16:00,4173.338,4397.9414,3449.2900000000027
forecast_4769,2025-07-18 17:00,5354.8022,6972.4253,4098.1104
forecast_4770,2025-07-18 18:00,7016.869,9018.017,6305.539
forecast_4771,2025-07-18 19:00,6516.081,7941.947,5792.025
forecast_4772,2025-07-18 20:00,7473.5244,9564.114,6775.0938
forecast_4773,2025-07-18 21:00,8507.111,10878.296,8256.061
forecast_4774,2025-07-18 22:00,7968.286,9786.128,7131.5283
forecast_4775,2025-07-18 23:00,8566.493,10978.901,8119.7173
forecast_4776,2025-07-19 0:00,8381.909,11242.2,8126.3115
forecast_4777,2025-07-19 1:00,7336.089,9585.373,6628.2354
forecast_4778,2025-07-19 2:00,6328.672,8045.9263,4954.7153
forecast_4779,2025-07-19 3:00,5858.6895,7343.7573,3878.934
forecast_4780,2025-07-19 4:00,5434.808,6403.8984,3530.9653
forecast_4781,2025-07-19 5:00,4882.288,5719.2456,4074.0054000000027
forecast_4782,2025-07-19 6:00,5137.1597,5639.778,3156.907
forecast_4783,2025-07-19 7:00,5905.936,6448.1274,4144.6113
forecast_4784,2025-07-19 8:00,6197.068,7268.9834,4536.2563
forecast_4785,2025-07-19 9:00,5256.105,6836.487,3925.6511
forecast_4786,2025-07-19 10:00,6750.487,8127.327,5880.277
forecast_4787,2025-07-19 11:00,8614.117,11382.243,8990.209
forecast_4788,2025-07-19 12:00,9254.843,11979.61,10324.515
forecast_4789,2025-07-19 13:00,8544.034,10528.961,9127.541
forecast_4790,2025-07-19 14:00,10216.559,12829.29,10895.4375
forecast_4791,2025-07-19 15:00,11019.059,13296.076,11606.528
forecast_4792,2025-07-19 16:00,11347.287,13566.917,11870.625
forecast_4793,2025-07-19 17:00,10754.384,12803.885,10790.933
forecast_4794,2025-07-19 18:00,9665.506,12458.337,10517.301
forecast_4795,2025-07-19 19:00,9609.072,12588.882,10202.183
forecast_4796,2025-07-19 20:00,10498.814,13163.061,10535.55
forecast_4797,2025-07-19 21:00,12052.306,13973.62,11813.152
forecast_4798,2025-07-19 22:00,13012.033,14500.087,12499.795
forecast_4799,2025-07-19 23:00,11504.014,13320.789,10595.76
forecast_4800,2025-07-20 0:00,11032.344,13001.762,10079.577
forecast_4801,2025-07-20 1:00,12217.472,14581.372,12611.545
forecast_4802,2025-07-20 2:00,12232.272,14549.734,12892.635
forecast_4803,2025-07-20 3:00,12702.075,14933.093,12643.888
forecast_4804,2025-07-20 4:00,12530.3,14514.428,12018.255
forecast_4805,2025-07-20 5:00,11639.572,14166.713,11101.608
forecast_4806,2025-07-20 6:00,11722.964,14101.661,11129.854
forecast_4807,2025-07-20 7:00,11598.431,13803.126,11220.824
forecast_4808,2025-07-20 8:00,9528.483,12437.21,9677.225
forecast_4809,2025-07-20 9:00,9190.152,11886.819,9275.544
forecast_4810,2025-07-20 10:00,9266.654,10804.022,8780.863
forecast_4811,2025-07-20 11:00,8318.204,9084.707,7400.135
forecast_4812,2025-07-20 12:00,6400.4917,7432.554,6227.313
forecast_4813,2025-07-20 13:00,5573.322,6481.23,5533.955
forecast_4814,2025-07-20 14:00,5450.5244,6243.335,4520.7188
forecast_4815,2025-07-20 15:00,4920.827,5936.858,4474.145
forecast_4816,2025-07-20 16:00,4840.4644,5677.941,4088.2751
forecast_4817,2025-07-20 17:00,4420.192,5013.457,3625.857
forecast_4818,2025-07-20 18:00,4134.417,4856.42,3453.458
forecast_4819,2025-07-20 19:00,5604.5605,6369.4526,4673.924
forecast_4820,2025-07-20 20:00,7088.687,8444.813,6511.9497
forecast_4821,2025-07-20 21:00,9168.907,10299.649,8014.4067
forecast_4822,2025-07-20 22:00,11213.24,12465.609,9882.725
forecast_4823,2025-07-20 23:00,11094.875,12569.918,9762.882
forecast_4824,2025-07-21 0:00,11562.844,13059.057,10093.6
forecast_4825,2025-07-21 1:00,11913.788,13451.628,10225.914
forecast_4826,2025-07-21 2:00,12575.536,13998.229,10884.596
forecast_4827,2025-07-21 3:00,12614.612,13929.954,10436.469
forecast_4828,2025-07-21 4:00,11779.302,13001.884,9435.086
forecast_4829,2025-07-21 5:00,11069.738,11891.406,8346.209
forecast_4830,2025-07-21 6:00,11476.613,11709.951,8769.768
forecast_4831,2025-07-21 7:00,10688.445,10750.443,8617.196
forecast_4832,2025-07-21 8:00,10854.041,11528.68,8754.062
forecast_4833,2025-07-21 9:00,10973.721,11909.925,9471.702
forecast_4834,2025-07-21 10:00,8447.407,9159.751,7415.76
forecast_4835,2025-07-21 11:00,8167.5312,7993.711,7123.1265
forecast_4836,2025-07-21 12:00,7074.766,7245.135,5563.1
forecast_4837,2025-07-21 13:00,6256.122,5945.249,4923.4497
forecast_4838,2025-07-21 14:00,6318.7417,6203.8525,5149.1377
forecast_4839,2025-07-21 15:00,5307.0254,5302.692,4089.2668
forecast_4840,2025-07-21 16:00,5421.535,5199.6353,3601.4905
forecast_4841,2025-07-21 17:00,5379.254,5561.618,4481.463
forecast_4842,2025-07-21 18:00,5871.9517,5970.74,4426.453
forecast_4843,2025-07-21 19:00,9790.018,9656.986,8357.576
forecast_4844,2025-07-21 20:00,11157.386,11681.479,9620.073
forecast_4845,2025-07-21 21:00,13553.786,13686.2,11677.164
forecast_4846,2025-07-21 22:00,14902.434,15746.966,13126.792
forecast_4847,2025-07-21 23:00,14876.715,15388.35,13226.069
forecast_4848,2025-07-22 0:00,14817.5205,15214.093,12690.181
forecast_4849,2025-07-22 1:00,14556.517,15478.94,13396.121
forecast_4850,2025-07-22 2:00,15790.105,16428.39,14544.515
forecast_4851,2025-07-22 3:00,14908.011,15790.495,14321.137
forecast_4852,2025-07-22 4:00,15019.663,15993.404,13860.693
forecast_4853,2025-07-22 5:00,15542.849,16454.543,14260.371
forecast_4854,2025-07-22 6:00,15189.425,15924.068,13223.39
forecast_4855,2025-07-22 7:00,13350.874,14138.777,11555.925
forecast_4856,2025-07-22 8:00,12480.996,13299.043,10995.258
forecast_4857,2025-07-22 9:00,9766.116,10646.845,8334.09
forecast_4858,2025-07-22 10:00,6971.6914,6705.2954,4374.927
forecast_4859,2025-07-22 11:00,4949.7812,5214.482,3200.5425
forecast_4860,2025-07-22 12:00,3957.5337,3761.0325,3469.032700000003
forecast_4861,2025-07-22 13:00,4087.726000000003,4025.838900000003,3153.885900000003
forecast_4862,2025-07-22 14:00,3258.2246,4091.7183000000027,3250.1865000000025
forecast_4863,2025-07-22 15:00,3604.057,3670.533,3466.609100000003
forecast_4864,2025-07-22 16:00,3409.1108,3332.2307,3189.5135000000028
forecast_4865,2025-07-22 17:00,4017.8433000000027,3907.3777000000027,3183.1448000000028
forecast_4866,2025-07-22 18:00,3646.662800000003,3654.9510000000028,2804.3708000000024
forecast_4867,2025-07-22 19:00,3357.0662,3380.0066,3332.2659000000026
forecast_4868,2025-07-22 20:00,5471.638,6007.2207,3836.7925
forecast_4869,2025-07-22 21:00,6230.8213,7129.243,4449.1475
forecast_4870,2025-07-22 22:00,7814.0127,7767.841,5862.984
forecast_4871,2025-07-22 23:00,8269.845,9002.045,6707.69
forecast_4872,2025-07-23 0:00,9174.186,9741.021,7138.576
forecast_4873,2025-07-23 1:00,9419.888,9198.376,7089.966
forecast_4874,2025-07-23 2:00,10452.281,10184.823,7974.4897
forecast_4875,2025-07-23 3:00,11249.944,11484.849,8306.798
forecast_4876,2025-07-23 4:00,11004.748,11160.549,7453.9194
forecast_4877,2025-07-23 5:00,9655.115,9598.6875,6398.0137
forecast_4878,2025-07-23 6:00,8268.372,8101.5645,5156.879
forecast_4879,2025-07-23 7:00,7252.66,6511.884,3919.6643
forecast_4880,2025-07-23 8:00,5276.6475,4857.6885,3638.9824000000026
forecast_4881,2025-07-23 9:00,4087.395300000003,3352.5413000000026,2551.949300000003
forecast_4882,2025-07-23 10:00,2718.8915000000025,2404.0265000000027,2140.2167400000026
forecast_4883,2025-07-23 11:00,2321.2418000000025,2135.3038000000024,2037.7959000000028
forecast_4884,2025-07-23 12:00,2197.939800000003,2080.3569000000025,1953.2026000000028
forecast_4885,2025-07-23 13:00,2088.9911000000025,2009.3853000000026,1953.2026000000028
forecast_4886,2025-07-23 14:00,2087.661900000003,2008.6566000000025,1964.1945000000028
forecast_4887,2025-07-23 15:00,2480.532200000003,2431.6394000000028,2139.7232700000027
forecast_4888,2025-07-23 16:00,2210.395500000003,2246.0681000000027,2088.065860000003
forecast_4889,2025-07-23 17:00,2221.9565000000025,2312.1422000000025,2022.8717000000029
forecast_4890,2025-07-23 18:00,2562.8125000000027,2618.2996000000026,2265.088700000003
forecast_4891,2025-07-23 19:00,2763.9635000000026,2839.958000000003,2257.1652000000026
forecast_4892,2025-07-23 20:00,2945.1904000000027,3091.035400000003,2419.5099000000027
forecast_4893,2025-07-23 21:00,3838.608000000003,3843.069300000003,2896.204200000003
forecast_4894,2025-07-23 22:00,5073.9883,5128.725,3344.3489
forecast_4895,2025-07-23 23:00,5339.4136,5466.751,3431.8054
forecast_4896,2025-07-24 0:00,6097.5815,6370.9526,4160.819
forecast_4897,2025-07-24 1:00,5895.818,6198.039,3839.1846
forecast_4898,2025-07-24 2:00,7850.3003,7413.91,5405.7925
forecast_4899,2025-07-24 3:00,8726.213,8831.212,6297.782
forecast_4900,2025-07-24 4:00,8788.366,9134.089,6326.042
forecast_4901,2025-07-24 5:00,9067.497,9183.791,6264.633
forecast_4902,2025-07-24 6:00,7499.9893,7962.994,4431.9995
forecast_4903,2025-07-24 7:00,4910.554,4683.624,3685.4028000000026
forecast_4904,2025-07-24 8:00,3378.472200000003,3062.723100000003,2444.7961000000028
forecast_4905,2025-07-24 9:00,2397.5879000000027,2120.751600000003,1979.0959500000026
forecast_4906,2025-07-24 10:00,2072.020500000003,2018.2758000000026,1895.5508000000027
forecast_4907,2025-07-24 11:00,2051.9194000000025,2057.1378000000027,1882.7508500000026
forecast_4908,2025-07-24 12:00,1987.0534700000026,1957.4810000000025,1952.5498000000027
forecast_4909,2025-07-24 13:00,2012.6052000000027,1937.2977000000028,1958.0690300000028
forecast_4910,2025-07-24 14:00,2024.8757000000028,2036.5896000000025,2104.554900000003
forecast_4911,2025-07-24 15:00,2073.7937000000024,2030.4977000000026,2029.5471000000027
forecast_4912,2025-07-24 16:00,2148.1330000000025,2500.6196000000027,2407.137200000003
forecast_4913,2025-07-24 17:00,2187.4340000000025,2151.7963000000027,1976.9917000000028
forecast_4914,2025-07-24 18:00,2074.1155000000026,2025.1576000000027,1933.2702600000027
forecast_4915,2025-07-24 19:00,2264.4318000000026,2190.1719000000026,2046.2038600000028
forecast_4916,2025-07-24 20:00,2407.7965000000027,2339.1752000000024,2095.3014500000027
forecast_4917,2025-07-24 21:00,2485.7627000000025,2431.873700000003,2093.7342000000026
forecast_4918,2025-07-24 22:00,3333.0742000000027,3556.5474000000027,2609.007700000003
forecast_4919,2025-07-24 23:00,3808.9165000000025,3956.622600000003,2832.7584000000024
forecast_4920,2025-07-25 0:00,3446.2603000000026,3345.0728000000026,2697.7715000000026
forecast_4921,2025-07-25 1:00,3877.9226000000026,3644.3938000000026,2981.6540000000027
forecast_4922,2025-07-25 2:00,4265.572,4174.731,3868.0771000000027
forecast_4923,2025-07-25 3:00,4147.513,3707.2297,3537.909200000003
forecast_4924,2025-07-25 4:00,3646.7642,3514.815,3346.7358000000027
forecast_4925,2025-07-25 5:00,3580.7292,3292.1738,3265.231200000003
forecast_4926,2025-07-25 6:00,4093.1787000000027,3796.758800000003,3106.991500000003
forecast_4927,2025-07-25 7:00,3403.824700000003,3211.7156000000027,2662.4514000000026
forecast_4928,2025-07-25 8:00,2766.2281000000025,2463.413500000003,2112.2762500000026
forecast_4929,2025-07-25 9:00,2560.1946000000025,2267.0024000000026,2004.8083500000027
forecast_4930,2025-07-25 10:00,2208.1366000000025,2056.5726000000027,1979.0959500000026
forecast_4931,2025-07-25 11:00,2172.8140000000026,1999.1691000000028,1973.4509000000028
forecast_4932,2025-07-25 12:00,2103.5168000000026,1957.4753000000028,1901.9708000000028
forecast_4933,2025-07-25 13:00,2060.6404000000025,1944.9678000000026,1902.2126000000026
forecast_4934,2025-07-25 14:00,2089.2653000000028,1973.5062000000025,2016.9524500000027
forecast_4935,2025-07-25 15:00,2116.4626000000026,2029.6691000000028,2016.2562000000028
forecast_4936,2025-07-25 16:00,2071.122800000003,2019.7217000000028,2096.548600000003
forecast_4937,2025-07-25 17:00,2088.4531000000025,2020.1575000000025,2005.9707000000026
forecast_4938,2025-07-25 18:00,2205.8252000000025,2152.933500000003,1943.1946000000028
forecast_4939,2025-07-25 19:00,2826.136500000003,2609.4500000000025,2252.646200000003
forecast_4940,2025-07-25 20:00,3516.5090000000027,3686.2761000000028,2715.4608000000026
forecast_4941,2025-07-25 21:00,3507.8374,3366.6902,3247.443400000003
forecast_4942,2025-07-25 22:00,4188.1543,3775.192,3759.7430000000027
forecast_4943,2025-07-25 23:00,4800.3516,4621.662,3362.8894
forecast_4944,2025-07-26 0:00,5238.691,4977.171,3503.3655
forecast_4945,2025-07-26 1:00,6457.587,7542.322,5082.9478
forecast_4946,2025-07-26 2:00,7082.5737,7177.4595,5140.319
forecast_4947,2025-07-26 3:00,6922.247,6881.4585,4404.021
forecast_4948,2025-07-26 4:00,5881.099,5728.9126,3641.4995
forecast_4949,2025-07-26 5:00,4574.605,4093.8953,3653.171600000003
forecast_4950,2025-07-26 6:00,3973.4143000000026,3707.497800000003,2872.187600000003
forecast_4951,2025-07-26 7:00,3653.7808000000027,3443.9873000000025,2481.6145000000024
forecast_4952,2025-07-26 8:00,3238.011500000003,2865.8733000000025,2304.2965000000027
forecast_4953,2025-07-26 9:00,2616.0854000000027,2342.7323000000024,2159.673400000003
forecast_4954,2025-07-26 10:00,2316.2839000000026,2176.4758000000024,1997.2434700000026
forecast_4955,2025-07-26 11:00,2170.2288000000026,2024.0725000000025,1990.7363000000028
forecast_4956,2025-07-26 12:00,2108.8192000000026,1987.0049000000026,1922.1571700000027
forecast_4957,2025-07-26 13:00,2066.874600000003,1961.4762000000028,1938.7277000000026
forecast_4958,2025-07-26 14:00,2057.4749000000024,1959.7017000000028,1984.5994000000028
forecast_4959,2025-07-26 15:00,2069.9338000000025,2038.2852000000025,1942.130070000003
forecast_4960,2025-07-26 16:00,2029.2644000000028,1963.0392000000024,1996.0428500000028
forecast_4961,2025-07-26 17:00,2042.6365000000028,1964.7333000000026,1962.9564000000028
forecast_4962,2025-07-26 18:00,2047.1399000000024,2092.7607000000025,1995.4808300000027
forecast_4963,2025-07-26 19:00,2351.5681000000027,2329.9700000000025,2069.6360000000027
forecast_4964,2025-07-26 20:00,2875.185300000003,2789.0502000000024,2245.5251000000026
forecast_4965,2025-07-26 21:00,3309.8813000000027,3134.485000000003,2397.000500000003
forecast_4966,2025-07-26 22:00,3976.693600000003,3912.8950000000027,2893.245600000003
forecast_4967,2025-07-26 23:00,4668.7266,4564.3774,4061.308300000003
forecast_4968,2025-07-27 0:00,6453.0767,6717.887,5380.4976
forecast_4969,2025-07-27 1:00,9489.498,11014.411,7860.476
forecast_4970,2025-07-27 2:00,9147.021,10616.329,7473.9854
forecast_4971,2025-07-27 3:00,8383.895,8856.219,6338.1484
forecast_4972,2025-07-27 4:00,7686.163,8238.706,5726.115
forecast_4973,2025-07-27 5:00,6138.728,6231.696,4530.4287
forecast_4974,2025-07-27 6:00,6842.64,5998.0063,4465.0884
forecast_4975,2025-07-27 7:00,5125.847,4866.996,3286.3264
forecast_4976,2025-07-27 8:00,3763.7239,3309.6748,3119.1189000000027
forecast_4977,2025-07-27 9:00,3097.729200000003,2987.335700000003,2477.8523000000027
forecast_4978,2025-07-27 10:00,2703.9138000000025,2486.9493000000025,2222.5380000000027
forecast_4979,2025-07-27 11:00,2705.7966000000024,2597.2009000000025,2330.8359000000028
forecast_4980,2025-07-27 12:00,2660.5015000000026,2621.6495000000027,2254.7792000000027
forecast_4981,2025-07-27 13:00,2601.3783000000026,2468.5363000000025,2187.1191000000026
forecast_4982,2025-07-27 14:00,2593.6888000000026,2515.5989000000027,2190.6901000000025
forecast_4983,2025-07-27 15:00,2762.898200000003,2570.4478000000026,2417.254300000003
forecast_4984,2025-07-27 16:00,2952.158100000003,2852.8984000000028,2722.3219000000026
forecast_4985,2025-07-27 17:00,3144.981400000003,3293.2866000000026,2751.722700000003
forecast_4986,2025-07-27 18:00,3378.3884000000025,3453.452000000003,2817.3376000000026
forecast_4987,2025-07-27 19:00,3831.8457,3840.9949,3729.674300000003
forecast_4988,2025-07-27 20:00,5201.4287,5660.0073,3565.4033
forecast_4989,2025-07-27 21:00,6152.5605,6505.086,4158.6255
forecast_4990,2025-07-27 22:00,7427.682,7474.018,6232.464
forecast_4991,2025-07-27 23:00,8080.321,9475.627,7198.111
forecast_4992,2025-07-28 0:00,8741.496,10137.117,7733.984
forecast_4993,2025-07-28 1:00,9262.438,10237.365,7852.669
forecast_4994,2025-07-28 2:00,10458.765,9714.166,8641.96
forecast_4995,2025-07-28 3:00,10885.86,9939.397,8631.897
forecast_4996,2025-07-28 4:00,10719.249,10000.483,7971.782
forecast_4997,2025-07-28 5:00,8858.33,8833.831,6761.238
forecast_4998,2025-07-28 6:00,7777.8643,7423.586,5089.792
forecast_4999,2025-07-28 7:00,6332.346,5778.5205,3438.9602
forecast_5000,2025-07-28 8:00,4219.176,3748.7876,3148.7692000000025
forecast_5001,2025-07-28 9:00,3553.164600000003,3015.987000000003,2384.2385000000027
forecast_5002,2025-07-28 10:00,2764.2178000000026,2345.0573000000027,2088.4834600000027
forecast_5003,2025-07-28 11:00,2218.5443000000027,2086.5383000000024,1964.1945000000028
forecast_5004,2025-07-28 12:00,2163.3738000000026,2018.9497000000024,1928.6784000000027
forecast_5005,2025-07-28 13:00,2183.2328000000025,2087.5972000000024,1986.1828000000028
forecast_5006,2025-07-28 14:00,2235.874600000003,2323.5593000000026,2138.594500000003
forecast_5007,2025-07-28 15:00,2033.9193000000027,2020.6510000000026,1917.0320400000028
forecast_5008,2025-07-28 16:00,2184.2024000000024,2447.8464000000026,2298.9829000000027
forecast_5009,2025-07-28 17:00,2281.3206000000027,2137.4347000000025,2056.407400000003
forecast_5010,2025-07-28 18:00,2267.5231000000026,2195.7811000000024,2183.927700000003
forecast_5011,2025-07-28 19:00,2200.9828000000025,2018.5364000000027,2094.168900000003
forecast_5012,2025-07-28 20:00,2329.9104000000025,2080.527700000003,2112.4934000000026
forecast_5013,2025-07-28 21:00,2604.9713000000024,2291.7216000000026,2229.6920000000027
forecast_5014,2025-07-28 22:00,2882.2694000000024,2470.9750000000026,2257.643600000003
forecast_5015,2025-07-28 23:00,2515.7452000000026,2377.5237000000025,2235.4602000000027
forecast_5016,2025-07-29 0:00,2502.9572000000026,2425.5466000000024,2183.4266000000025
forecast_5017,2025-07-29 1:00,3756.9460000000026,3712.3093000000026,2826.865200000003
forecast_5018,2025-07-29 2:00,4192.201200000002,3797.887700000003,2861.017700000003
forecast_5019,2025-07-29 3:00,4026.8170000000027,3721.6130000000026,2772.0110000000027
forecast_5020,2025-07-29 4:00,3807.305400000003,3294.873000000003,2584.7257000000027
forecast_5021,2025-07-29 5:00,3298.0820000000026,2917.3044000000027,2295.7410000000027
forecast_5022,2025-07-29 6:00,2748.186400000003,2482.333000000003,2158.1197500000026
forecast_5023,2025-07-29 7:00,2332.6833000000024,2247.5028000000025,1989.5306000000028
forecast_5024,2025-07-29 8:00,2188.5030000000024,2113.2274000000025,1973.5983000000028
forecast_5025,2025-07-29 9:00,2134.5220000000027,2029.8965000000026,1941.8219000000026
forecast_5026,2025-07-29 10:00,2094.2151000000026,2027.4816000000028,1899.6274000000026
forecast_5027,2025-07-29 11:00,2089.7528000000025,2049.418200000003,1906.542800000003
forecast_5028,2025-07-29 12:00,2091.8877000000025,2023.4349000000025,1944.5592000000029
forecast_5029,2025-07-29 13:00,2058.3452000000025,2126.7323000000024,2030.3178000000028
forecast_5030,2025-07-29 14:00,2090.0742000000027,2202.9554000000026,2019.7046500000029
forecast_5031,2025-07-29 15:00,2049.4043000000024,2041.8428000000026,1931.6811500000026
forecast_5032,2025-07-29 16:00,2090.345600000003,2011.8722000000025,1924.7687400000027
forecast_5033,2025-07-29 17:00,2019.8054000000025,1974.7458000000024,1933.3658400000027
forecast_5034,2025-07-29 18:00,2103.8003000000026,1939.4514000000026,1970.1189600000027
forecast_5035,2025-07-29 19:00,2196.9946000000027,2062.6914000000024,2007.7969000000028
forecast_5036,2025-07-29 20:00,2258.0602000000026,2236.8882000000026,1948.1810000000028
forecast_5037,2025-07-29 21:00,2324.1301000000026,2294.8862000000026,1918.7444500000029
forecast_5038,2025-07-29 22:00,3124.517600000003,2909.3270000000025,2297.7593000000024
forecast_5039,2025-07-29 23:00,3167.3894000000028,2943.498500000003,2215.3156000000026
forecast_5040,2025-07-30 0:00,3960.495600000003,3572.640400000003,2558.969000000003
forecast_5041,2025-07-30 1:00,3609.1272000000026,3641.9750000000026,2696.387300000003
forecast_5042,2025-07-30 2:00,3949.833000000003,3834.4320000000025,2970.845000000003
forecast_5043,2025-07-30 3:00,3658.600600000003,3394.153800000003,2613.1423000000027
forecast_5044,2025-07-30 4:00,3046.503400000003,2805.2396000000026,2327.9841000000024
forecast_5045,2025-07-30 5:00,2449.6503000000025,2369.7070000000026,2112.4339000000027
forecast_5046,2025-07-30 6:00,2408.9242000000027,2361.0845000000027,2028.0771000000027
forecast_5047,2025-07-30 7:00,2304.1265000000026,2214.4073000000026,2015.1363500000027
forecast_5048,2025-07-30 8:00,2322.427200000003,2290.1832000000027,1953.2026000000028
forecast_5049,2025-07-30 9:00,2334.570200000003,2317.3938000000026,1882.7508500000026
forecast_5050,2025-07-30 10:00,2207.1803000000027,2118.0292000000027,1895.5508000000027
forecast_5051,2025-07-30 11:00,2270.9070000000024,2214.281500000003,1895.5508000000027
forecast_5052,2025-07-30 12:00,2373.6725000000024,2285.934600000003,1898.1714500000028
forecast_5053,2025-07-30 13:00,2307.5828000000024,2222.591300000003,1953.2026000000028
forecast_5054,2025-07-30 14:00,2499.8000000000025,2345.5945000000024,1953.2026000000028
forecast_5055,2025-07-30 15:00,2454.6910000000025,2276.8606000000027,1953.2026000000028
forecast_5056,2025-07-30 16:00,2383.3601000000026,2347.172700000003,1895.5508000000027
forecast_5057,2025-07-30 17:00,2371.9847000000027,2286.4390000000026,1882.7508500000026
forecast_5058,2025-07-30 18:00,2370.249800000003,2201.6704000000027,1881.4732700000027
forecast_5059,2025-07-30 19:00,2365.4922000000024,2255.8179000000027,1895.5508000000027
forecast_5060,2025-07-30 20:00,2568.0364000000027,2248.4280000000026,1914.7707000000028
forecast_5061,2025-07-30 21:00,2685.7803000000026,2383.815000000003,1972.4225000000029
forecast_5062,2025-07-30 22:00,3387.0737000000026,2825.851200000003,2108.6305500000026
forecast_5063,2025-07-30 23:00,3555.9058000000027,3285.8098000000027,2215.3943000000027
forecast_5064,2025-07-31 0:00,3297.3306000000025,3097.077000000003,2126.183530000003
forecast_5065,2025-07-31 1:00,4126.539800000002,3277.2864,2607.9702000000025
forecast_5066,2025-07-31 2:00,4186.0415,4132.184,3002.529300000003
forecast_5067,2025-07-31 3:00,4783.048,4996.1597,3512.6450000000027
forecast_5068,2025-07-31 4:00,4963.6455,5642.3667,3871.222200000003
forecast_5069,2025-07-31 5:00,3986.5732,4209.693,3276.8188000000027
forecast_5070,2025-07-31 6:00,3872.188000000003,3778.3250000000025,2600.253700000003
forecast_5071,2025-07-31 7:00,3683.9395000000027,3432.5280000000025,2315.6375000000025
forecast_5072,2025-07-31 8:00,2949.1244000000024,2778.279700000003,2059.1333000000027
forecast_5073,2025-07-31 9:00,2736.1908000000026,2519.633800000003,2043.4408600000029
forecast_5074,2025-07-31 10:00,2467.3142000000025,2435.471700000003,1979.4919400000026
forecast_5075,2025-07-31 11:00,2697.3840000000027,2660.2593000000024,2059.1333000000027
forecast_5076,2025-07-31 12:00,2616.6786000000025,2774.4875000000025,2076.5224000000026
forecast_5077,2025-07-31 13:00,2455.7703000000024,2575.2738000000027,2056.8720000000026
forecast_5078,2025-07-31 14:00,2489.6014000000027,2556.3785000000025,2043.8359400000027
forecast_5079,2025-07-31 15:00,2563.5062000000025,2493.7303000000024,2080.5934000000025
forecast_5080,2025-07-31 16:00,2450.8434000000025,2435.695400000003,2109.4067000000027
forecast_5081,2025-07-31 17:00,2419.0164000000027,2346.6025000000027,2142.5004000000026
forecast_5082,2025-07-31 18:00,2425.9408000000026,2331.6809000000026,2037.1166400000027
forecast_5083,2025-07-31 19:00,2354.1802000000025,2311.8702000000026,1978.6585000000027
forecast_5084,2025-07-31 20:00,2436.553100000003,2309.9545000000026,1979.0959500000026
forecast_5085,2025-07-31 21:00,2352.4854000000028,2293.1014000000027,1953.2026000000028
forecast_5086,2025-07-31 22:00,2782.0326000000027,2602.0912000000026,1981.7532000000028
forecast_5087,2025-07-31 23:00,2819.876600000003,2592.3434000000025,2056.476000000003
forecast_5088,2025-08-01 0:00,2559.1280000000024,2486.3434000000025,1953.2026000000028
forecast_5089,2025-08-01 1:00,2777.683700000003,2726.1520000000028,2119.3675500000027
forecast_5090,2025-08-01 2:00,2546.3209000000024,2490.3768000000027,2032.8439300000027
forecast_5091,2025-08-01 3:00,2482.8795000000027,2441.6135000000027,2117.886800000003
forecast_5092,2025-08-01 4:00,2319.4095000000025,2208.9258000000027,2019.8088000000027
forecast_5093,2025-08-01 5:00,2265.1023000000027,2209.8380000000025,1992.9971000000028
forecast_5094,2025-08-01 6:00,2267.9785000000024,2135.0820000000026,1964.1945000000028
forecast_5095,2025-08-01 7:00,2279.5624000000025,2197.0945000000024,1913.6640000000027
forecast_5096,2025-08-01 8:00,2161.4167000000025,2099.1245000000026,1906.7988000000028
forecast_5097,2025-08-01 9:00,2107.7565000000027,2033.6637000000028,1902.2784000000029
forecast_5098,2025-08-01 10:00,2064.756100000003,1965.1572000000028,1882.7508500000026
forecast_5099,2025-08-01 11:00,2080.4324000000024,2022.3752000000027,1906.542800000003
forecast_5100,2025-08-01 12:00,2187.5326000000027,2126.0123000000026,1979.0959500000026
forecast_5101,2025-08-01 13:00,2221.090200000003,2185.5787000000028,2043.4408600000029
forecast_5102,2025-08-01 14:00,2143.6974000000027,2087.8153000000025,1972.4225000000029
forecast_5103,2025-08-01 15:00,2044.8365000000026,2007.0679000000027,1895.5508000000027
forecast_5104,2025-08-01 16:00,2016.6198000000027,2002.6530000000025,1868.6734600000027
forecast_5105,2025-08-01 17:00,1984.0736000000027,1993.5051000000026,1868.6734600000027
forecast_5106,2025-08-01 18:00,2079.0807000000027,2097.0236000000027,1868.6734600000027
forecast_5107,2025-08-01 19:00,2390.932600000003,2405.4973000000027,1979.4919400000026
forecast_5108,2025-08-01 20:00,2402.0969000000027,2414.3921000000028,1973.4509000000028
forecast_5109,2025-08-01 21:00,2544.4374000000025,2418.5819000000024,1973.4509000000028
forecast_5110,2025-08-01 22:00,2738.6299000000026,2591.2234000000026,1975.7122000000027
forecast_5111,2025-08-01 23:00,2458.2999000000027,2279.6624000000024,1964.1945000000028
forecast_5112,2025-08-02 0:00,2572.3787000000025,2512.8275000000026,1973.4509000000028
forecast_5113,2025-08-02 1:00,4499.862,4297.6113,3612.1600000000026
forecast_5114,2025-08-02 2:00,5652.5835,5567.5625,4296.741500000003
forecast_5115,2025-08-02 3:00,6870.5054,6436.867,3946.6433
forecast_5116,2025-08-02 4:00,7649.64,8254.873,5124.4604
forecast_5117,2025-08-02 5:00,8030.2944,8938.655,5763.5024
forecast_5118,2025-08-02 6:00,8604.933,9488.997,6766.7925
forecast_5119,2025-08-02 7:00,8313.718,8834.629,5581.208
forecast_5120,2025-08-02 8:00,7070.974,7167.2446,3861.0425
forecast_5121,2025-08-02 9:00,5328.576,5443.7886,4039.2014000000026
forecast_5122,2025-08-02 10:00,4204.379000000003,3964.6587000000027,3004.019000000003
forecast_5123,2025-08-02 11:00,3530.6580000000026,3180.2160000000026,2646.304100000003
forecast_5124,2025-08-02 12:00,3394.8867000000027,3069.625700000003,2620.4819000000025
forecast_5125,2025-08-02 13:00,3160.7942000000025,2976.0090000000027,2509.414200000003
forecast_5126,2025-08-02 14:00,3315.875500000003,2935.1196000000027,2472.880100000003
forecast_5127,2025-08-02 15:00,2776.6396000000027,2665.9325000000026,2177.2981000000027
forecast_5128,2025-08-02 16:00,2949.2680000000028,2903.4851000000026,2406.809000000003
forecast_5129,2025-08-02 17:00,2689.2382000000025,2633.2780000000025,2220.6191000000026
forecast_5130,2025-08-02 18:00,2622.3460000000027,2510.5431000000026,2056.8720000000026
forecast_5131,2025-08-02 19:00,2918.5391000000027,2655.1486000000027,2086.864700000003
forecast_5132,2025-08-02 20:00,2992.7357000000025,2793.5946000000026,2197.716800000003
forecast_5133,2025-08-02 21:00,3419.9790000000025,3487.7434000000026,2623.242000000003
forecast_5134,2025-08-02 22:00,3844.0085000000026,3751.0874000000026,2691.033800000003
forecast_5135,2025-08-02 23:00,3816.935500000003,3622.1306000000027,2728.9150000000027
forecast_5136,2025-08-03 0:00,4010.7030000000027,4005.7100000000028,2964.922700000003
forecast_5137,2025-08-03 1:00,4400.8623,4084.2803,3581.8965000000026
forecast_5138,2025-08-03 2:00,4813.316,4635.5903,3898.457800000003
forecast_5139,2025-08-03 3:00,5039.2363,4770.119,3705.603300000003
forecast_5140,2025-08-03 4:00,3740.705,3445.9048,3080.0198000000028
forecast_5141,2025-08-03 5:00,4021.9370000000026,3385.5107000000025,2693.9639000000025
forecast_5142,2025-08-03 6:00,2983.0015000000026,2620.5697000000027,2171.024400000003
forecast_5143,2025-08-03 7:00,2442.5771000000027,2180.9613000000027,1953.2026000000028
forecast_5144,2025-08-03 8:00,2458.607500000003,2254.1024000000025,1973.4509000000028
forecast_5145,2025-08-03 9:00,2349.6198000000027,2256.8135000000025,1973.4509000000028
forecast_5146,2025-08-03 10:00,2145.055800000003,2096.1777000000025,1953.2026000000028
forecast_5147,2025-08-03 11:00,2062.453500000003,2078.2560000000026,1951.6898000000028
forecast_5148,2025-08-03 12:00,2166.0323000000026,2271.9259000000025,2042.9747300000026
forecast_5149,2025-08-03 13:00,2358.028600000003,2434.4628000000025,2160.0456500000028
forecast_5150,2025-08-03 14:00,2740.738800000003,2920.6787000000027,2292.683700000003
forecast_5151,2025-08-03 15:00,3358.090000000003,3558.036000000003,2849.637200000003
forecast_5152,2025-08-03 16:00,3315.0251000000026,3728.3403000000026,2662.666000000003
forecast_5153,2025-08-03 17:00,3786.1180000000027,3259.8108,2913.358000000003
forecast_5154,2025-08-03 18:00,4088.9246000000026,3512.8774,3139.131100000003
forecast_5155,2025-08-03 19:00,4698.994,5729.205,4190.82
forecast_5156,2025-08-03 20:00,5183.007,6077.6587,4446.8325
forecast_5157,2025-08-03 21:00,5247.3115,6255.25,3569.941
forecast_5158,2025-08-03 22:00,6081.4736,6861.9023,4066.002
forecast_5159,2025-08-03 23:00,6014.7144,7416.719,4167.193
forecast_5160,2025-08-04 0:00,6320.6943,7584.2217,4088.582
forecast_5161,2025-08-04 1:00,4887.8584,6453.6416,3947.943000000003
forecast_5162,2025-08-04 2:00,5797.181,6893.03,3934.8687
forecast_5163,2025-08-04 3:00,5898.0845,6274.5815,4203.932100000003
forecast_5164,2025-08-04 4:00,7470.281,8917.786,5673.8564
forecast_5165,2025-08-04 5:00,7026.2437,8199.286,4965.0215
forecast_5166,2025-08-04 6:00,6997.2314,8523.763,5865.844
forecast_5167,2025-08-04 7:00,7801.8965,10075.698,7063.328
forecast_5168,2025-08-04 8:00,7473.9644,9415.518,6752.1074
forecast_5169,2025-08-04 9:00,6565.6426,7581.0117,5419.8823
forecast_5170,2025-08-04 10:00,5579.922,6811.111,3934.3137
forecast_5171,2025-08-04 11:00,6753.5425,8886.369,5222.8076
forecast_5172,2025-08-04 12:00,6671.7764,8148.7563,5240.4683
forecast_5173,2025-08-04 13:00,5101.5,5636.414,4191.728000000003
forecast_5174,2025-08-04 14:00,3279.3577,3315.653,2822.218600000003
forecast_5175,2025-08-04 15:00,4112.3335000000025,3326.1262,3077.1540000000027
forecast_5176,2025-08-04 16:00,4074.978000000003,3293.916,3244.014200000003
forecast_5177,2025-08-04 17:00,4189.296900000002,3365.3083,3091.497400000003
forecast_5178,2025-08-04 18:00,3328.5405,3787.4492,3192.562100000003
forecast_5179,2025-08-04 19:00,3736.0903,4111.2476,4022.934000000003
forecast_5180,2025-08-04 20:00,3627.6245,3739.7217,3903.7327000000028
forecast_5181,2025-08-04 21:00,5356.151,5988.8525,4807.802
forecast_5182,2025-08-04 22:00,6352.151,7166.41,4556.165
forecast_5183,2025-08-04 23:00,7567.5264,7934.814,5739.957
forecast_5184,2025-08-05 0:00,8113.6553,9767.183,6344.332
forecast_5185,2025-08-05 1:00,4950.748,5166.037,3919.3677000000025
forecast_5186,2025-08-05 2:00,4619.1807,4613.611,3542.546600000003
forecast_5187,2025-08-05 3:00,4570.3853,4385.52,3257.304000000003
forecast_5188,2025-08-05 4:00,4380.1333,4130.444,3166.302700000003
forecast_5189,2025-08-05 5:00,4169.963400000002,3927.0474000000027,2740.1748000000025
forecast_5190,2025-08-05 6:00,3573.760000000003,3514.3237000000026,2463.5582000000027
forecast_5191,2025-08-05 7:00,3815.9827000000028,3886.904500000003,2756.3138000000026
forecast_5192,2025-08-05 8:00,3819.6987000000026,3692.0479000000028,2646.1036000000026
forecast_5193,2025-08-05 9:00,3459.1448000000028,3309.018300000003,2512.8278000000028
forecast_5194,2025-08-05 10:00,3281.3777000000027,3372.5764000000026,2468.2787000000026
forecast_5195,2025-08-05 11:00,3626.4026000000026,3554.7727000000027,2814.0233000000026
forecast_5196,2025-08-05 12:00,3336.5527,3729.2039,3286.4950000000026
forecast_5197,2025-08-05 13:00,4076.0244,4359.805,4017.2585000000026
forecast_5198,2025-08-05 14:00,5158.082,5699.148,4208.092
forecast_5199,2025-08-05 15:00,6398.608,6512.268,5196.703
forecast_5200,2025-08-05 16:00,9096.884,8877.476,7764.0684
forecast_5201,2025-08-05 17:00,8387.214,8658.86,7551.4067
forecast_5202,2025-08-05 18:00,6913.9907,6788.18,5631.172
forecast_5203,2025-08-05 19:00,6125.1147,6311.7173,4999.5996
forecast_5204,2025-08-05 20:00,7392.085,7759.078,5677.614
forecast_5205,2025-08-05 21:00,8391.316,9217.882,7110.5376
forecast_5206,2025-08-05 22:00,9050.633,9828.365,8081.273
forecast_5207,2025-08-05 23:00,9325.758,11095.276,8558.942
forecast_5208,2025-08-06 0:00,8641.77,11219.913,7808.062
forecast_5209,2025-08-06 1:00,12657.468,14254.159,11861.851
forecast_5210,2025-08-06 2:00,13049.937,14613.725,12517.804
forecast_5211,2025-08-06 3:00,12498.944,13781.458,11106.081
forecast_5212,2025-08-06 4:00,10880.182,13317.276,10449.061
forecast_5213,2025-08-06 5:00,12014.922,14063.629,11148.778
forecast_5214,2025-08-06 6:00,12348.895,14464.877,12039.524
forecast_5215,2025-08-06 7:00,12555.114,14908.35,11893.994
forecast_5216,2025-08-06 8:00,11594.494,14445.89,11557.818
forecast_5217,2025-08-06 9:00,12332.057,14857.4795,12314.48
forecast_5218,2025-08-06 10:00,12300.03,15007.705,12972.55
forecast_5219,2025-08-06 11:00,12128.2,14902.35,12517.382
forecast_5220,2025-08-06 12:00,11804.903,14568.096,12032.097
forecast_5221,2025-08-06 13:00,12930.485,16506.084,14420.028
forecast_5222,2025-08-06 14:00,13763.385,16619.488,15582.1
forecast_5223,2025-08-06 15:00,13112.845,15401.974,13575.251
forecast_5224,2025-08-06 16:00,12216.331,14931.9795,12661.825
forecast_5225,2025-08-06 17:00,13096.353,15430.433,13682.861
forecast_5226,2025-08-06 18:00,14564.921,16920.564,14908.386
forecast_5227,2025-08-06 19:00,15482.699,17012.738,15508.392
forecast_5228,2025-08-06 20:00,14049.511,16091.808,14609.012
forecast_5229,2025-08-06 21:00,15312.467,16943.486,16161.38
forecast_5230,2025-08-06 22:00,15455.819,16896.295,16226.873
forecast_5231,2025-08-06 23:00,14229.959,16340.768,15888.2295
forecast_5232,2025-08-07 0:00,14876.344,16688.688,15846.652
forecast_5233,2025-08-07 1:00,15059.393,15949.653,15685.551
forecast_5234,2025-08-07 2:00,15413.753,16389.043,15907.06
forecast_5235,2025-08-07 3:00,15448.884,16539.742,15841.406
forecast_5236,2025-08-07 4:00,15364.568,16535.625,15620.831
forecast_5237,2025-08-07 5:00,15588.736,16728.342,15800.581
forecast_5238,2025-08-07 6:00,15428.298,16592.13,14750.8125
forecast_5239,2025-08-07 7:00,14237.143,15211.632,13209.711
forecast_5240,2025-08-07 8:00,11990.449,12789.835,10376.915
forecast_5241,2025-08-07 9:00,8642.316,8863.558,6173.785
forecast_5242,2025-08-07 10:00,5959.8955,5581.6934,3515.2883
forecast_5243,2025-08-07 11:00,4567.733,4113.395,3624.255900000003
forecast_5244,2025-08-07 12:00,3580.8535,4092.4927000000025,3054.348500000003
forecast_5245,2025-08-07 13:00,3150.1733000000027,2804.4656000000027,2289.7665000000025
forecast_5246,2025-08-07 14:00,2776.2589000000025,2420.8711000000026,2025.4330000000027
forecast_5247,2025-08-07 15:00,2746.4419000000025,2334.4551000000024,1952.4974000000027
forecast_5248,2025-08-07 16:00,2699.1550000000025,2573.1199000000024,1991.6087000000027
forecast_5249,2025-08-07 17:00,2824.5706000000027,2576.1132000000025,2092.902340000003
forecast_5250,2025-08-07 18:00,3049.1792000000028,2876.3645000000024,2204.0247000000027
forecast_5251,2025-08-07 19:00,2842.2096000000024,2710.0125000000025,2236.9711000000025
forecast_5252,2025-08-07 20:00,3199.1587000000027,3069.7646000000027,2354.3848000000025
forecast_5253,2025-08-07 21:00,4150.036100000002,4047.152300000003,2873.4927000000025
forecast_5254,2025-08-07 22:00,4791.2725,4888.0405,3661.9010000000026
forecast_5255,2025-08-07 23:00,6267.4346,6730.389,4144.121
forecast_5256,2025-08-08 0:00,7474.796,8339.437,5577.742
forecast_5257,2025-08-08 1:00,6841.8706,6930.1978,4717.2007
forecast_5258,2025-08-08 2:00,6397.161,6401.044,4202.988
forecast_5259,2025-08-08 3:00,5739.6553,6055.6357,4008.1208
forecast_5260,2025-08-08 4:00,5035.786,4775.36,3194.1445
forecast_5261,2025-08-08 5:00,4563.586,3864.699,3748.6250000000027
forecast_5262,2025-08-08 6:00,3931.0460000000026,3332.392600000003,2754.3030000000026
forecast_5263,2025-08-08 7:00,2872.0085000000026,2588.3599000000027,2263.998800000003
forecast_5264,2025-08-08 8:00,2498.4017000000026,2447.380900000003,2004.6735000000026
forecast_5265,2025-08-08 9:00,2244.6984000000025,2104.8711000000026,1906.542800000003
forecast_5266,2025-08-08 10:00,2081.9028000000026,2034.2460000000028,1868.6734600000027
forecast_5267,2025-08-08 11:00,2121.7010000000028,2020.6393000000025,1882.7508500000026
forecast_5268,2025-08-08 12:00,2120.495100000003,2062.9174000000025,1964.1945000000028
forecast_5269,2025-08-08 13:00,2119.6315000000027,2088.4767000000024,2037.1470000000027
forecast_5270,2025-08-08 14:00,2138.7970000000028,2051.3444000000027,2003.2934600000026
forecast_5271,2025-08-08 15:00,2087.2548000000024,2006.2004000000024,1977.7556000000027
forecast_5272,2025-08-08 16:00,2068.7710000000025,1964.3822000000027,1943.6262000000029
forecast_5273,2025-08-08 17:00,2059.3463000000024,2034.8882000000026,1916.5920400000027
forecast_5274,2025-08-08 18:00,2084.7701000000025,1981.4103000000027,1893.7428600000026
forecast_5275,2025-08-08 19:00,2151.6332000000025,2086.260600000003,1964.1945000000028
forecast_5276,2025-08-08 20:00,2287.4233000000027,2240.6279000000027,1998.7273600000026
forecast_5277,2025-08-08 21:00,2316.7616000000025,2410.9260000000027,1979.0959500000026
forecast_5278,2025-08-08 22:00,2912.8508000000024,3085.405000000003,2341.9148000000027
forecast_5279,2025-08-08 23:00,3803.091600000003,3950.2961000000028,2941.9554000000026
forecast_5280,2025-08-09 0:00,3787.6414,3653.3389,3153.2684000000027
forecast_5281,2025-08-09 1:00,3671.128200000003,3584.4338000000025,2493.568000000003
forecast_5282,2025-08-09 2:00,3545.6738,3602.3225,2979.3759000000027
forecast_5283,2025-08-09 3:00,4190.459500000003,3448.346,2988.330100000003
forecast_5284,2025-08-09 4:00,4495.3027,4637.3184,3619.1719000000026
forecast_5285,2025-08-09 5:00,5081.9336,5391.8037,3992.1328000000026
forecast_5286,2025-08-09 6:00,4284.4297,4431.829,3607.952400000003
forecast_5287,2025-08-09 7:00,4108.372,4146.0874,3435.231000000003
forecast_5288,2025-08-09 8:00,3664.3694,3876.9785,3320.5076000000026
forecast_5289,2025-08-09 9:00,3827.3257,3662.5522,3168.950700000003
forecast_5290,2025-08-09 10:00,3814.9482,3782.3235,3231.2230000000027
forecast_5291,2025-08-09 11:00,3432.0154,3706.1328,3116.8644000000027
forecast_5292,2025-08-09 12:00,4107.146700000002,3498.9382,2945.787000000003
forecast_5293,2025-08-09 13:00,3435.2524000000026,3597.327600000003,2720.0542000000028
forecast_5294,2025-08-09 14:00,2672.3844000000026,2622.9240000000027,2379.2279000000026
forecast_5295,2025-08-09 15:00,2864.5030000000024,2675.4480000000026,2340.7129000000027
forecast_5296,2025-08-09 16:00,2420.0935000000027,2348.4610000000025,2120.005500000003
forecast_5297,2025-08-09 17:00,2740.6721000000025,2652.0654000000027,2195.5162000000028
forecast_5298,2025-08-09 18:00,2784.0789000000027,2731.8610000000026,2278.390900000003
forecast_5299,2025-08-09 19:00,3363.702600000003,3561.238800000003,2642.3444000000027
forecast_5300,2025-08-09 20:00,3950.034000000003,3338.3623,2832.1484000000028
forecast_5301,2025-08-09 21:00,4193.198000000002,3391.815,3007.8484000000026
forecast_5302,2025-08-09 22:00,3701.7275000000027,3804.3035000000027,2536.1108000000027
forecast_5303,2025-08-09 23:00,3174.0337000000027,3337.711400000003,2445.5393000000026
forecast_5304,2025-08-10 0:00,2969.1876000000025,3240.695000000003,2310.7283000000025
forecast_5305,2025-08-10 1:00,2542.290500000003,2519.3922000000025,2163.4831000000027
forecast_5306,2025-08-10 2:00,2556.313200000003,2513.797700000003,2112.3129000000026
forecast_5307,2025-08-10 3:00,2621.8331000000026,2592.3930000000028,2143.0461400000027
forecast_5308,2025-08-10 4:00,2882.349200000003,2809.3988000000027,2221.485200000003
forecast_5309,2025-08-10 5:00,3188.0330000000026,3036.8860000000027,2346.0978000000027
forecast_5310,2025-08-10 6:00,3359.350800000003,3342.8790000000026,2357.5735000000027
forecast_5311,2025-08-10 7:00,3327.577400000003,3233.412800000003,2263.0344000000027
forecast_5312,2025-08-10 8:00,2730.8237000000026,2626.5416000000027,2091.630860000003
forecast_5313,2025-08-10 9:00,2690.1480000000024,2564.789600000003,2006.2389500000027
forecast_5314,2025-08-10 10:00,2537.351200000003,2381.5125000000025,2017.5474000000027
forecast_5315,2025-08-10 11:00,2461.2603000000026,2435.9917000000028,2059.1333000000027
forecast_5316,2025-08-10 12:00,2341.2160000000026,2350.4296000000027,2059.1333000000027
forecast_5317,2025-08-10 13:00,2286.3636000000024,2314.4142000000024,2064.2398700000026
forecast_5318,2025-08-10 14:00,2287.0100000000025,2330.443600000003,2056.8720000000026
forecast_5319,2025-08-10 15:00,2270.2363000000028,2313.9062000000026,2056.8720000000026
forecast_5320,2025-08-10 16:00,2217.5476000000026,2234.6387000000027,2037.7959000000028
forecast_5321,2025-08-10 17:00,2171.1780000000026,2099.2740000000026,1973.4509000000028
forecast_5322,2025-08-10 18:00,2150.565700000003,2005.0180000000028,1883.9087000000027
forecast_5323,2025-08-10 19:00,2128.3652000000025,1980.7537000000025,1906.542800000003
forecast_5324,2025-08-10 20:00,2207.367400000003,2045.2573000000025,1895.5508000000027
forecast_5325,2025-08-10 21:00,2278.7938000000026,2095.6895000000027,1895.5508000000027
forecast_5326,2025-08-10 22:00,2346.258800000003,2158.6042000000025,1964.4686000000029
forecast_5327,2025-08-10 23:00,2312.4570000000026,2160.4180000000024,2004.4051500000028
forecast_5328,2025-08-11 0:00,2331.1984000000025,2266.1716000000024,2000.0993700000026
forecast_5329,2025-08-11 1:00,2406.6965000000027,2340.9258000000027,2029.9779700000026
forecast_5330,2025-08-11 2:00,2446.8192000000026,2371.6053000000024,2000.4678300000028
forecast_5331,2025-08-11 3:00,2472.9647000000027,2382.4968000000026,1979.0959500000026
forecast_5332,2025-08-11 4:00,2510.6150000000025,2418.5996000000027,1973.4509000000028
forecast_5333,2025-08-11 5:00,2489.7631000000024,2421.093100000003,1979.4919400000026
forecast_5334,2025-08-11 6:00,2402.6268000000027,2323.6820000000025,1953.2026000000028
forecast_5335,2025-08-11 7:00,2286.3577000000028,2214.1051000000025,1953.2026000000028
forecast_5336,2025-08-11 8:00,2219.121000000003,2273.1638000000025,1953.2026000000028
forecast_5337,2025-08-11 9:00,2219.051300000003,2227.3580000000024,1895.5508000000027
forecast_5338,2025-08-11 10:00,2097.2136000000028,2071.0690000000027,1876.4254000000028
forecast_5339,2025-08-11 11:00,2065.8652000000025,2044.7072000000026,1868.6734600000027
forecast_5340,2025-08-11 12:00,2123.5557000000026,2041.9667000000027,1882.7508500000026
forecast_5341,2025-08-11 13:00,2025.8597000000027,1988.9806000000026,1882.7508500000026
forecast_5342,2025-08-11 14:00,2021.8029000000024,1947.0874000000026,1938.1159000000027
forecast_5343,2025-08-11 15:00,2028.8020000000024,2024.4368000000027,1937.9925000000026
forecast_5344,2025-08-11 16:00,2120.1998000000026,2111.0809000000027,1917.4389000000028
forecast_5345,2025-08-11 17:00,2049.8936000000026,1999.9318000000026,1938.5384500000027
forecast_5346,2025-08-11 18:00,2063.7426000000028,1986.4926000000028,1948.5297000000028
forecast_5347,2025-08-11 19:00,2156.564800000003,2069.4292000000028,1956.3387000000027
forecast_5348,2025-08-11 20:00,2129.6744000000026,2143.5448000000024,1914.7707000000028
forecast_5349,2025-08-11 21:00,2220.1414000000027,2163.0944000000027,1978.0045000000027
forecast_5350,2025-08-11 22:00,2286.9568000000027,2275.661900000003,2065.270260000003
forecast_5351,2025-08-11 23:00,2281.6279000000027,2283.1252000000027,2085.6916500000025
forecast_5352,2025-08-12 0:00,2441.6488000000027,2488.7623000000026,2050.8310500000025
forecast_5353,2025-08-12 1:00,3283.7576000000026,2983.4202000000028,2420.106700000003
forecast_5354,2025-08-12 2:00,3543.847200000003,3391.2273000000027,2708.6707000000024
forecast_5355,2025-08-12 3:00,4139.7417,3954.464,3497.8342000000025
forecast_5356,2025-08-12 4:00,3289.8496,3982.6272000000026,2667.887200000003
forecast_5357,2025-08-12 5:00,3555.9646000000025,3306.256800000003,2314.6676000000025
forecast_5358,2025-08-12 6:00,2953.0146000000027,2764.4569000000024,2161.955100000003
forecast_5359,2025-08-12 7:00,2490.2091000000028,2461.1333000000027,1986.9866000000027
forecast_5360,2025-08-12 8:00,2499.1678000000024,2475.6809000000026,1979.0959500000026
forecast_5361,2025-08-12 9:00,2447.7236000000025,2464.3481000000024,1969.8996000000027
forecast_5362,2025-08-12 10:00,2340.5792000000024,2264.059400000003,1968.8851300000028
forecast_5363,2025-08-12 11:00,2282.2401000000027,2261.2502000000027,1981.3178000000028
forecast_5364,2025-08-12 12:00,2336.0846000000024,2243.8423000000025,1973.4509000000028
forecast_5365,2025-08-12 13:00,2237.2632000000026,2161.3527000000026,1996.5370000000028
forecast_5366,2025-08-12 14:00,2176.5845000000027,2203.3398000000025,2063.5746500000027
forecast_5367,2025-08-12 15:00,2133.6746000000026,2080.1261000000027,2078.773500000003
forecast_5368,2025-08-12 16:00,2210.5781000000025,2295.8395000000028,2042.7241000000026
forecast_5369,2025-08-12 17:00,2289.2083000000025,2272.5914000000025,2114.150000000003
forecast_5370,2025-08-12 18:00,2611.153600000003,2680.6857000000027,2297.0669000000025
forecast_5371,2025-08-12 19:00,3053.3005000000026,3149.8313000000026,2483.6802000000025
forecast_5372,2025-08-12 20:00,2982.1702000000028,2965.5380000000027,2416.7592000000027
forecast_5373,2025-08-12 21:00,3044.277300000003,2976.328100000003,2486.854000000003
forecast_5374,2025-08-12 22:00,3390.7058,3778.8828,3472.8284000000026
forecast_5375,2025-08-12 23:00,4101.568000000003,3396.0327,3110.6643000000026
forecast_5376,2025-08-13 0:00,4129.1143,4634.6147,3494.5780000000027
forecast_5377,2025-08-13 1:00,4172.8335000000025,3812.5222000000026,2688.3368000000028
forecast_5378,2025-08-13 2:00,4113.1787,3968.6938,3196.932700000003
forecast_5379,2025-08-13 3:00,4576.071,4635.7905,3535.131800000003
forecast_5380,2025-08-13 4:00,4189.157,4543.501,3412.563200000003
forecast_5381,2025-08-13 5:00,3570.182,4236.0757,3177.9819000000025
forecast_5382,2025-08-13 6:00,5255.7812,5473.4395,3993.4224000000027
forecast_5383,2025-08-13 7:00,5619.5244,6764.274,3308.915
forecast_5384,2025-08-13 8:00,5935.683,7971.9478,4273.253
forecast_5385,2025-08-13 9:00,6934.7925,9883.498,5854.651
forecast_5386,2025-08-13 10:00,8169.435,10911.34,6866.85
forecast_5387,2025-08-13 11:00,7812.1177,10726.8955,6731.6772
forecast_5388,2025-08-13 12:00,6507.3447,8782.631,5134.64
forecast_5389,2025-08-13 13:00,6046.995,8377.231,4838.639
forecast_5390,2025-08-13 14:00,6459.4175,9526.893,6386.8623
forecast_5391,2025-08-13 15:00,7259.8447,9805.697,7661.7974
forecast_5392,2025-08-13 16:00,8045.5767,10357.528,8603.572
forecast_5393,2025-08-13 17:00,7810.759,11035.8545,8892.12
forecast_5394,2025-08-13 18:00,7812.7573,11518.238,8818.281
forecast_5395,2025-08-13 19:00,9614.953,13315.335,10818.9
forecast_5396,2025-08-13 20:00,12895.852,15210.522,14306.945
forecast_5397,2025-08-13 21:00,15083.858,17370.408,16220.071
forecast_5398,2025-08-13 22:00,16846.684,18625.969,17216.37
forecast_5399,2025-08-13 23:00,16822.064,18975.69,17888.531
forecast_5400,2025-08-14 0:00,16715.826,18891.723,17061.19
forecast_5401,2025-08-14 1:00,16909.297,18820.354,16822.916
forecast_5402,2025-08-14 2:00,17039.889,19044.389,18441.86
forecast_5403,2025-08-14 3:00,17210.83,18838.041,17159.86
forecast_5404,2025-08-14 4:00,15986.361,17766.977,16404.8
forecast_5405,2025-08-14 5:00,13938.799,15523.115,14340.596
forecast_5406,2025-08-14 6:00,14515.456,16144.892,14993.508
forecast_5407,2025-08-14 7:00,13398.8545,15221.609,14087.127
forecast_5408,2025-08-14 8:00,13212.672,14746.43,13578.052
forecast_5409,2025-08-14 9:00,13743.985,15321.868,13984.949
forecast_5410,2025-08-14 10:00,13354.998,14637.082,13272.431
forecast_5411,2025-08-14 11:00,11433.204,12693.352,10583.211
forecast_5412,2025-08-14 12:00,9536.156,11082.803,9704.371
forecast_5413,2025-08-14 13:00,8536.145,11006.741,8940.058
forecast_5414,2025-08-14 14:00,8633.707,11344.732,10114.99
forecast_5415,2025-08-14 15:00,9152.127,10941.19,10032.391
forecast_5416,2025-08-14 16:00,11842.875,13547.766,11447.105
forecast_5417,2025-08-14 17:00,12403.785,14228.342,12782.535
forecast_5418,2025-08-14 18:00,12293.198,13863.915,11796.175
forecast_5419,2025-08-14 19:00,11420.098,13209.756,11419.537
forecast_5420,2025-08-14 20:00,12634.596,14237.62,12553.652
forecast_5421,2025-08-14 21:00,13501.345,15359.3125,13487.446
forecast_5422,2025-08-14 22:00,13819.885,15594.756,12753.287
forecast_5423,2025-08-14 23:00,13929.529,14975.91,12465.833
forecast_5424,2025-08-15 0:00,13587.532,14702.088,12040.842
forecast_5425,2025-08-15 1:00,13514.795,14097.795,10619.991
forecast_5426,2025-08-15 2:00,12754.695,13431.363,10131.645
forecast_5427,2025-08-15 3:00,12487.759,12823.552,9821.658
forecast_5428,2025-08-15 4:00,11721.363,11551.5205,8715.63
forecast_5429,2025-08-15 5:00,10177.807,10134.596,7227.8784
forecast_5430,2025-08-15 6:00,9286.854,8727.109,6417.1733
forecast_5431,2025-08-15 7:00,7677.9067,6801.9062,4987.75
forecast_5432,2025-08-15 8:00,5615.1963,5130.8867,4259.801000000003
forecast_5433,2025-08-15 9:00,3912.5508000000027,3346.1328000000026,2725.512200000003
forecast_5434,2025-08-15 10:00,2870.0114000000026,2406.0507000000025,2109.0809000000027
forecast_5435,2025-08-15 11:00,2402.2554000000027,2221.161000000003,2043.8368000000028
forecast_5436,2025-08-15 12:00,2408.4204000000027,2237.4268000000025,2059.1333000000027
forecast_5437,2025-08-15 13:00,2541.1570000000024,2324.8904000000025,2121.0769000000028
forecast_5438,2025-08-15 14:00,2691.6307000000024,2362.6040000000025,2121.0769000000028
forecast_5439,2025-08-15 15:00,2876.4576000000025,2564.1067000000025,2242.696200000003
forecast_5440,2025-08-15 16:00,2714.3433000000027,2435.516000000003,2121.0967400000027
forecast_5441,2025-08-15 17:00,2581.5211000000027,2371.2036000000026,2111.972700000003
forecast_5442,2025-08-15 18:00,2565.1805000000027,2334.4808000000025,2197.933100000003
forecast_5443,2025-08-15 19:00,2555.6741000000025,2344.8572000000026,2127.5494000000026
forecast_5444,2025-08-15 20:00,3699.9600000000028,3502.577000000003,2895.6874000000025
forecast_5445,2025-08-15 21:00,3610.4204,4040.3064,3760.128700000003
forecast_5446,2025-08-15 22:00,4920.22,4957.5684,4121.751500000002
forecast_5447,2025-08-15 23:00,6381.277,6257.008,4143.363
forecast_5448,2025-08-16 0:00,8211.892,8805.396,5978.361
forecast_5449,2025-08-16 1:00,10474.934,11139.888,8198.411
forecast_5450,2025-08-16 2:00,11860.59,12791.427,9558.755
forecast_5451,2025-08-16 3:00,11896.245,13351.874,10010.292
forecast_5452,2025-08-16 4:00,11543.302,13131.063,9872.891
forecast_5453,2025-08-16 5:00,11119.594,13064.886,9380.339
forecast_5454,2025-08-16 6:00,11415.336,13057.837,9378.388
forecast_5455,2025-08-16 7:00,10692.19,11605.243,7652.789
forecast_5456,2025-08-16 8:00,8935.03,8841.514,5737.457
forecast_5457,2025-08-16 9:00,7881.9556,7969.5137,4625.7705
forecast_5458,2025-08-16 10:00,5991.6895,6004.5,3800.974
forecast_5459,2025-08-16 11:00,5984.222,5971.3496,4361.3916
forecast_5460,2025-08-16 12:00,5875.166,6015.9614,4487.6553
forecast_5461,2025-08-16 13:00,6570.749,6232.9946,5409.784
forecast_5462,2025-08-16 14:00,8290.598,8303.789,7458.437
forecast_5463,2025-08-16 15:00,8539.768,8057.033,7650.5137
forecast_5464,2025-08-16 16:00,8822.954,8305.586,7731.568
forecast_5465,2025-08-16 17:00,9315.478,8726.401,8355.626
forecast_5466,2025-08-16 18:00,11143.423,10886.701,9966.099
forecast_5467,2025-08-16 19:00,11295.13,10988.58,10077.864
forecast_5468,2025-08-16 20:00,13142.62,13876.614,11454.758
forecast_5469,2025-08-16 21:00,15430.937,15600.0205,13989.057
forecast_5470,2025-08-16 22:00,16968.742,17202.818,16168.355
forecast_5471,2025-08-16 23:00,17530.166,17648.86,16308.037
forecast_5472,2025-08-17 0:00,18308.219,18185.879,16090.113
forecast_5473,2025-08-17 1:00,17713.537,17798.285,16260.752
forecast_5474,2025-08-17 2:00,18366.398,18097.87,16298.07
forecast_5475,2025-08-17 3:00,17768.693,17869.312,16170.02
forecast_5476,2025-08-17 4:00,18481.668,18560.443,16515.469
forecast_5477,2025-08-17 5:00,18544.754,18620.885,16519.285
forecast_5478,2025-08-17 6:00,18422.928,18388.895,16399.445
forecast_5479,2025-08-17 7:00,16935.594,17539.201,14811.341
forecast_5480,2025-08-17 8:00,16183.729,17520.86,14375.714
forecast_5481,2025-08-17 9:00,13047.758,14669.968,11808.057
forecast_5482,2025-08-17 10:00,9648.116,10787.163,8299.323
forecast_5483,2025-08-17 11:00,7233.295,7943.0415,5259.6655
forecast_5484,2025-08-17 12:00,5170.942,5192.65,4205.531500000003
forecast_5485,2025-08-17 13:00,4429.832,4173.0376,3967.028600000003
forecast_5486,2025-08-17 14:00,4643.955,4245.596,4014.463000000003
forecast_5487,2025-08-17 15:00,4926.706,5007.208,3366.2402
forecast_5488,2025-08-17 16:00,4895.219,4678.36,3207.207
forecast_5489,2025-08-17 17:00,4735.395,4243.97,3742.050000000003
forecast_5490,2025-08-17 18:00,4724.0283,4227.6465,3911.1423000000027
forecast_5491,2025-08-17 19:00,5975.7812,5738.404,3768.4954
forecast_5492,2025-08-17 20:00,5824.871,5653.0054,3712.6223
forecast_5493,2025-08-17 21:00,7323.603,7733.746,5025.723
forecast_5494,2025-08-17 22:00,7228.974,6879.83,4338.5557
forecast_5495,2025-08-17 23:00,5861.3765,5568.917,3862.53
forecast_5496,2025-08-18 0:00,6889.844,6827.4277,4149.948
forecast_5497,2025-08-18 1:00,9855.519,9723.879,6893.1553
forecast_5498,2025-08-18 2:00,9255.016,9370.064,6784.595
forecast_5499,2025-08-18 3:00,9575.771,10054.361,6845.1675
forecast_5500,2025-08-18 4:00,9090.389,9206.647,5650.0977
forecast_5501,2025-08-18 5:00,9512.337,10387.4,7301.257
forecast_5502,2025-08-18 6:00,10292.507,11059.568,7486.7417
forecast_5503,2025-08-18 7:00,10632.851,10818.323,7678.7197
forecast_5504,2025-08-18 8:00,9540.264,10421.787,7518.728
forecast_5505,2025-08-18 9:00,8478.557,8908.802,6091.3438
forecast_5506,2025-08-18 10:00,6669.2456,7068.2715,4549.6245
forecast_5507,2025-08-18 11:00,7903.709,8176.2,5117.396
forecast_5508,2025-08-18 12:00,7017.169,6900.271,4444.719
forecast_5509,2025-08-18 13:00,5337.8223,5314.065,3930.764
forecast_5510,2025-08-18 14:00,6088.249,5606.841,4149.352
forecast_5511,2025-08-18 15:00,6120.0317,6094.1772,6015.081
forecast_5512,2025-08-18 16:00,5891.0527,5479.275,4324.564
forecast_5513,2025-08-18 17:00,5746.7188,5746.311,4201.4785
forecast_5514,2025-08-18 18:00,7608.2935,7699.068,6768.187
forecast_5515,2025-08-18 19:00,9232.08,9775.045,8482.403
forecast_5516,2025-08-18 20:00,11235.655,11642.609,9752.917
forecast_5517,2025-08-18 21:00,11773.145,12888.48,9940.849
forecast_5518,2025-08-18 22:00,13193.693,14218.271,10813.617
forecast_5519,2025-08-18 23:00,13858.233,15236.871,11936.696
forecast_5520,2025-08-19 0:00,14467.162,15715.084,13658.454
forecast_5521,2025-08-19 1:00,14979.436,16339.926,14460.868
forecast_5522,2025-08-19 2:00,15465.546,17043.11,15609.551
forecast_5523,2025-08-19 3:00,15531.963,16714.297,14529.391
forecast_5524,2025-08-19 4:00,14437.043,16131.398,14824.5625
forecast_5525,2025-08-19 5:00,14461.24,16043.513,14157.963
forecast_5526,2025-08-19 6:00,14703.244,16621.482,15262.175
forecast_5527,2025-08-19 7:00,14460.21,16409.086,14241.324
forecast_5528,2025-08-19 8:00,15324.134,16643.691,14416.215
forecast_5529,2025-08-19 9:00,15636.081,16798.564,14628.294
forecast_5530,2025-08-19 10:00,13039.239,14145.895,12067.2295
forecast_5531,2025-08-19 11:00,12031.311,12769.341,10315.963
forecast_5532,2025-08-19 12:00,12161.661,12473.694,10400.337
forecast_5533,2025-08-19 13:00,10883.697,10548.6,9793.471
forecast_5534,2025-08-19 14:00,10229.467,10540.363,9131.08
forecast_5535,2025-08-19 15:00,10707.015,10231.818,9208.18
forecast_5536,2025-08-19 16:00,10554.075,10697.501,9460.648
forecast_5537,2025-08-19 17:00,10763.745,10849.347,9388.235
forecast_5538,2025-08-19 18:00,11903.884,11375.032,10049.096
forecast_5539,2025-08-19 19:00,12459.4,12806.822,10783.73
forecast_5540,2025-08-19 20:00,13918.415,14403.484,12915.401
forecast_5541,2025-08-19 21:00,14831.133,15565.265,14142.211
forecast_5542,2025-08-19 22:00,15451.77,16429.082,15328.203
forecast_5543,2025-08-19 23:00,16988.643,18119.207,16132.419
forecast_5544,2025-08-20 0:00,17379.344,18638.941,17141.145
forecast_5545,2025-08-20 1:00,16560.549,18128.469,16209.067
forecast_5546,2025-08-20 2:00,17120.906,18400.674,16371.279
forecast_5547,2025-08-20 3:00,17477.373,18721.506,16483.586
forecast_5548,2025-08-20 4:00,17631.922,18798.46,16500.111
forecast_5549,2025-08-20 5:00,17383.518,18352.697,16229.079
forecast_5550,2025-08-20 6:00,17051.264,17957.49,16053.479
forecast_5551,2025-08-20 7:00,15656.15,16581.627,14683.501
forecast_5552,2025-08-20 8:00,13756.985,15376.029,12813.96
forecast_5553,2025-08-20 9:00,12071.613,13375.697,10571.709
forecast_5554,2025-08-20 10:00,9881.495,10551.383,8301.93
forecast_5555,2025-08-20 11:00,7809.3276,7366.9116,6185.161
forecast_5556,2025-08-20 12:00,6328.713,5613.0996,3739.713
forecast_5557,2025-08-20 13:00,4566.6836,4610.1963,3292.3542
forecast_5558,2025-08-20 14:00,4026.1611,4041.5325,4031.0244000000025
forecast_5559,2025-08-20 15:00,4540.034,4423.6714,4208.773400000003
forecast_5560,2025-08-20 16:00,5304.146,4693.9595,3542.071
forecast_5561,2025-08-20 17:00,5270.3315,4848.742,3866.2092
forecast_5562,2025-08-20 18:00,4424.065,4493.445,3995.409700000003
forecast_5563,2025-08-20 19:00,5026.58,5209.3335,3674.9111
forecast_5564,2025-08-20 20:00,6499.2393,7055.262,4452.3257
forecast_5565,2025-08-20 21:00,6935.163,7675.623,4535.753
forecast_5566,2025-08-20 22:00,8194.768,8965.556,6722.1514
forecast_5567,2025-08-20 23:00,10617.143,12033.686,9390.073
forecast_5568,2025-08-21 0:00,12365.46,13415.341,10449.817
forecast_5569,2025-08-21 1:00,11318.951,12485.227,9747.522
forecast_5570,2025-08-21 2:00,14021.097,14922.195,10982.012
forecast_5571,2025-08-21 3:00,14593.541,15004.124,11668.8955
forecast_5572,2025-08-21 4:00,14348.921,15103.677,11760.531
forecast_5573,2025-08-21 5:00,13367.652,13631.867,10456.629
forecast_5574,2025-08-21 6:00,11735.503,11358.76,8028.6743
forecast_5575,2025-08-21 7:00,8366.322,7563.906,5371.855
forecast_5576,2025-08-21 8:00,5197.228,5051.617,4284.787400000003
forecast_5577,2025-08-21 9:00,4154.670400000003,3689.642600000003,2789.0317000000027
forecast_5578,2025-08-21 10:00,3162.168200000003,2855.6725000000024,2407.3374000000026
forecast_5579,2025-08-21 11:00,2916.6035000000024,2719.1254000000026,2322.7120000000027
forecast_5580,2025-08-21 12:00,2226.2490000000025,2178.7762000000025,2050.8310500000025
forecast_5581,2025-08-21 13:00,2087.1130000000026,1947.2924000000025,1893.7428600000026
forecast_5582,2025-08-21 14:00,2048.6278000000025,1920.2717000000025,1868.6734600000027
forecast_5583,2025-08-21 15:00,2037.0077000000028,1934.2848000000026,1895.5508000000027
forecast_5584,2025-08-21 16:00,2053.865600000003,1969.9083000000028,1920.8321500000027
forecast_5585,2025-08-21 17:00,2060.4554000000026,2009.2708000000025,1954.4294000000027
forecast_5586,2025-08-21 18:00,2097.2743000000028,2016.1941000000024,1983.1102000000028
forecast_5587,2025-08-21 19:00,2136.8790000000026,2063.4667000000027,1961.0318000000027
forecast_5588,2025-08-21 20:00,2214.2297000000026,2093.958000000003,1986.6554600000027
forecast_5589,2025-08-21 21:00,2540.2166000000025,2496.6499000000026,2262.763100000003
forecast_5590,2025-08-21 22:00,3745.9766000000027,3722.458000000003,2883.161000000003
forecast_5591,2025-08-21 23:00,3295.1482,3333.1987,3213.3635000000027
forecast_5592,2025-08-22 0:00,3479.6965,3400.6216,3286.3408000000027
forecast_5593,2025-08-22 1:00,4082.0042000000026,3695.7983000000027,3001.664600000003
forecast_5594,2025-08-22 2:00,3781.6343,3322.3904,3259.000700000003
forecast_5595,2025-08-22 3:00,4636.431,4280.5156,4073.8376000000026
forecast_5596,2025-08-22 4:00,6397.285,6607.5547,4047.4338
forecast_5597,2025-08-22 5:00,8103.435,8171.089,6118.5664
forecast_5598,2025-08-22 6:00,10372.403,10557.782,8373.925
forecast_5599,2025-08-22 7:00,10955.878,11093.835,8335.649
forecast_5600,2025-08-22 8:00,9294.55,9654.377,5989.1133
forecast_5601,2025-08-22 9:00,7528.9727,7710.4897,4246.8228
forecast_5602,2025-08-22 10:00,4750.1377,4196.8486,3523.398200000003
forecast_5603,2025-08-22 11:00,3331.6448,3731.1953000000026,2814.4080000000026
forecast_5604,2025-08-22 12:00,3486.970200000003,3155.470200000003,2608.1173000000026
forecast_5605,2025-08-22 13:00,3457.941200000003,3310.848100000003,2705.799600000003
forecast_5606,2025-08-22 14:00,3887.2540000000026,3733.780000000003,3010.2952000000028
forecast_5607,2025-08-22 15:00,3283.009,3252.5447,3367.091800000003
forecast_5608,2025-08-22 16:00,4085.8542,3643.8713,3691.5002000000027
forecast_5609,2025-08-22 17:00,4937.853,4271.3955,3273.3284
forecast_5610,2025-08-22 18:00,5317.523,4908.2373,3349.917
forecast_5611,2025-08-22 19:00,7908.3433,7403.096,5720.2583
forecast_5612,2025-08-22 20:00,10330.916,9651.697,8253.681
forecast_5613,2025-08-22 21:00,12757.416,12753.5,10284.149
forecast_5614,2025-08-22 22:00,14724.451,14275.513,11393.596
forecast_5615,2025-08-22 23:00,15718.636,15588.306,12639.539
forecast_5616,2025-08-23 0:00,15944.665,15644.189,13245.342
forecast_5617,2025-08-23 1:00,15156.711,15117.574,12079.423
forecast_5618,2025-08-23 2:00,15367.252,15044.312,12009.832
forecast_5619,2025-08-23 3:00,15050.222,14599.079,10843.247
forecast_5620,2025-08-23 4:00,14084.329,13836.926,10476.358
forecast_5621,2025-08-23 5:00,12935.042,12889.287,9461.334
forecast_5622,2025-08-23 6:00,11268.019,10590.1045,7485.5996
forecast_5623,2025-08-23 7:00,8488.554,7713.516,4903.3813
forecast_5624,2025-08-23 8:00,5534.6455,4583.915,3570.0198000000028
forecast_5625,2025-08-23 9:00,3276.0142,3531.8570000000027,2586.3065000000024
forecast_5626,2025-08-23 10:00,2394.2936000000027,2069.949000000003,1973.4509000000028
forecast_5627,2025-08-23 11:00,2155.7886000000026,1967.9242000000027,1893.7428600000026
forecast_5628,2025-08-23 12:00,2119.5687000000025,1951.1473000000028,1895.5508000000027
forecast_5629,2025-08-23 13:00,2076.4287000000027,1925.2023000000027,1882.7508500000026
forecast_5630,2025-08-23 14:00,2053.7037000000028,1905.3411000000028,1882.7508500000026
forecast_5631,2025-08-23 15:00,2056.084800000003,1907.5322000000028,1882.7508500000026
forecast_5632,2025-08-23 16:00,2132.643700000003,2003.1799000000028,1904.9225000000029
forecast_5633,2025-08-23 17:00,2528.3630000000026,2424.7618000000025,2244.9635000000026
forecast_5634,2025-08-23 18:00,2641.1195000000025,2460.4471000000026,2139.697630000003
forecast_5635,2025-08-23 19:00,2722.8589000000024,2663.4851000000026,2186.834600000003
forecast_5636,2025-08-23 20:00,3025.6362000000026,2884.1008000000024,2369.745100000003
forecast_5637,2025-08-23 21:00,3274.4268,3673.995800000003,2959.3601000000026
forecast_5638,2025-08-23 22:00,4234.7983,3763.0662,3357.404500000003
forecast_5639,2025-08-23 23:00,4306.109,4084.7793,3655.6611000000025
forecast_5640,2025-08-24 0:00,3963.999,3721.5315,3468.0840000000026
forecast_5641,2025-08-24 1:00,4067.5125000000025,3738.8948000000028,2849.6234000000027
forecast_5642,2025-08-24 2:00,3698.362000000003,3383.809600000003,2625.225800000003
forecast_5643,2025-08-24 3:00,3698.3655000000026,3358.2980000000025,2572.005900000003
forecast_5644,2025-08-24 4:00,3236.8230000000026,2955.1177000000025,2501.2530000000024
forecast_5645,2025-08-24 5:00,2808.111100000003,2693.5173000000027,2291.6824000000024
forecast_5646,2025-08-24 6:00,2775.9500000000025,2680.5339000000026,2167.3884000000025
forecast_5647,2025-08-24 7:00,2542.921800000003,2502.0775000000026,2121.0769000000028
forecast_5648,2025-08-24 8:00,2345.7881000000025,2300.9515000000024,2108.6305500000026
forecast_5649,2025-08-24 9:00,2153.0204000000026,2092.218100000003,1979.4919400000026
forecast_5650,2025-08-24 10:00,2048.4547000000025,2000.5593000000026,2090.377800000003
forecast_5651,2025-08-24 11:00,2035.8264000000026,2059.5249000000026,2076.1874000000025
forecast_5652,2025-08-24 12:00,2083.6804000000025,2113.7133000000026,2136.6108000000027
forecast_5653,2025-08-24 13:00,2164.831200000003,2100.7040000000025,2073.5989400000026
forecast_5654,2025-08-24 14:00,2247.5220000000027,2189.6052000000027,2161.978640000003
forecast_5655,2025-08-24 15:00,2405.7112000000025,2308.745100000003,2265.781600000003
forecast_5656,2025-08-24 16:00,2815.6101000000026,2851.4417000000026,2596.780200000003
forecast_5657,2025-08-24 17:00,3070.0723000000025,2942.059000000003,2650.3866000000025
forecast_5658,2025-08-24 18:00,3110.751000000003,2951.2297000000026,2529.7803000000026
forecast_5659,2025-08-24 19:00,3073.122600000003,2797.976200000003,2418.3668000000025
forecast_5660,2025-08-24 20:00,3553.0352000000025,3208.4143000000026,2519.902700000003
forecast_5661,2025-08-24 21:00,3941.318000000003,3519.7144000000026,2577.6263000000026
forecast_5662,2025-08-24 22:00,3819.017800000003,3527.3066000000026,2652.019900000003
forecast_5663,2025-08-24 23:00,3580.6267000000025,3269.139000000003,2576.7742000000026
forecast_5664,2025-08-25 0:00,3184.6094000000026,3146.3390000000027,2514.4438000000027
forecast_5665,2025-08-25 1:00,3710.507000000003,3519.2075000000027,2783.511800000003
forecast_5666,2025-08-25 2:00,3873.0890000000027,3666.2605000000026,2922.5723000000025
forecast_5667,2025-08-25 3:00,3583.3552,3350.9055,3206.0474000000027
forecast_5668,2025-08-25 4:00,3583.0232,3360.6687,3154.9539000000027
forecast_5669,2025-08-25 5:00,3759.9548,3439.8047,3264.812300000003
forecast_5670,2025-08-25 6:00,4326.898,4028.9033,3466.7068000000027
forecast_5671,2025-08-25 7:00,4166.876,3942.8782,3428.3080000000027
forecast_5672,2025-08-25 8:00,3958.245600000003,3794.486800000003,2856.2252000000026
forecast_5673,2025-08-25 9:00,3307.5854000000027,3190.2000000000025,2413.6061000000027
forecast_5674,2025-08-25 10:00,2763.8585000000026,2666.2428000000027,2235.117000000003
forecast_5675,2025-08-25 11:00,2891.2903000000024,3055.9175000000027,2378.5780000000027
forecast_5676,2025-08-25 12:00,3142.1213000000025,3367.0440000000026,2644.753200000003
forecast_5677,2025-08-25 13:00,3264.6946000000025,3344.116500000003,2684.4114000000027
forecast_5678,2025-08-25 14:00,3387.009300000003,3790.196800000003,3036.9948000000027
forecast_5679,2025-08-25 15:00,4004.7100000000028,3987.4856000000027,3200.582000000003
forecast_5680,2025-08-25 16:00,4116.686000000002,4074.887000000003,3197.333300000003
forecast_5681,2025-08-25 17:00,3988.142800000003,3246.1995,3260.785600000003
forecast_5682,2025-08-25 18:00,4110.319,4355.1274,3898.907700000003
forecast_5683,2025-08-25 19:00,6175.414,6204.9375,4541.4824
forecast_5684,2025-08-25 20:00,8577.186,9496.089,7597.1606
forecast_5685,2025-08-25 21:00,10309.448,11796.903,9563.026
forecast_5686,2025-08-25 22:00,12124.161,13403.843,10603.37
forecast_5687,2025-08-25 23:00,13147.709,14714.22,12405.573
forecast_5688,2025-08-26 0:00,13610.419,15120.328,13129.687
forecast_5689,2025-08-26 1:00,13586.628,15756.626,13907.379
forecast_5690,2025-08-26 2:00,13568.668,16249.21,14292.028
forecast_5691,2025-08-26 3:00,13426.337,16250.433,14290.751
forecast_5692,2025-08-26 4:00,13712.194,16496.729,14574.895
forecast_5693,2025-08-26 5:00,14342.142,16887.906,15706.3125
forecast_5694,2025-08-26 6:00,14146.285,16752.553,15202.816
forecast_5695,2025-08-26 7:00,13528.075,16365.868,14583.537
forecast_5696,2025-08-26 8:00,12606.122,15514.463,13298.455
forecast_5697,2025-08-26 9:00,13532.83,16312.533,15268.944
forecast_5698,2025-08-26 10:00,11730.924,14812.782,13433.383
forecast_5699,2025-08-26 11:00,11585.485,14681.588,13346.694
forecast_5700,2025-08-26 12:00,10360.75,13054.406,11196.658
forecast_5701,2025-08-26 13:00,12305.863,14554.093,13138.108
forecast_5702,2025-08-26 14:00,12638.929,15113.6455,13796.743
forecast_5703,2025-08-26 15:00,12775.007,15157.814,13676.794
forecast_5704,2025-08-26 16:00,10949.345,13653.246,11952.317
forecast_5705,2025-08-26 17:00,11489.824,13386.237,11400.577
forecast_5706,2025-08-26 18:00,11353.767,12861.108,10677.89
forecast_5707,2025-08-26 19:00,11242.685,12593.723,10309.027
forecast_5708,2025-08-26 20:00,9765.543,11137.864,8736.223
forecast_5709,2025-08-26 21:00,10244.697,11147.412,9038.6045
forecast_5710,2025-08-26 22:00,11632.405,12950.109,10142.198
forecast_5711,2025-08-26 23:00,11391.454,12737.748,9510.497
forecast_5712,2025-08-27 0:00,10289.302,11069.135,8333.382
forecast_5713,2025-08-27 1:00,10604.297,11475.939,8305.335
forecast_5714,2025-08-27 2:00,9166.371,8659.17,6729.3613
forecast_5715,2025-08-27 3:00,5810.836,5340.2764,4012.6938
forecast_5716,2025-08-27 4:00,3992.2368,3580.4312,3571.883800000003
forecast_5717,2025-08-27 5:00,3521.9260000000027,3181.0063000000027,2464.189800000003
forecast_5718,2025-08-27 6:00,3050.1052000000027,2739.8455000000026,2206.406600000003
forecast_5719,2025-08-27 7:00,2583.173600000003,2285.8391000000024,1979.0959500000026
forecast_5720,2025-08-27 8:00,2537.6056000000026,2334.7590000000027,1975.7122000000027
forecast_5721,2025-08-27 9:00,2159.085700000003,2072.304000000003,1964.1945000000028
forecast_5722,2025-08-27 10:00,2072.2494000000024,2080.451700000003,1906.542800000003
forecast_5723,2025-08-27 11:00,2062.3468000000025,2077.5859000000028,1895.5508000000027
forecast_5724,2025-08-27 12:00,2200.6768000000025,2263.1777000000025,2030.5826400000028
forecast_5725,2025-08-27 13:00,2261.9076000000027,2436.157200000003,2137.9554000000026
forecast_5726,2025-08-27 14:00,2289.8217000000027,2380.1031000000025,2187.903000000003
forecast_5727,2025-08-27 15:00,2387.0646000000024,2406.3462000000027,2190.164200000003
forecast_5728,2025-08-27 16:00,2456.9738000000025,2569.9447000000027,2242.696200000003
forecast_5729,2025-08-27 17:00,2563.3544000000024,2617.7266000000027,2167.349850000003
forecast_5730,2025-08-27 18:00,2552.825800000003,2493.3568000000027,2050.8310500000025
forecast_5731,2025-08-27 19:00,2799.3525000000027,2632.9734000000026,2059.1333000000027
forecast_5732,2025-08-27 20:00,2985.4979000000026,2789.3916000000027,2056.8720000000026
forecast_5733,2025-08-27 21:00,3071.0173000000027,2776.7607000000025,2056.8720000000026
forecast_5734,2025-08-27 22:00,3223.8352000000027,2819.642800000003,2065.587950000003
forecast_5735,2025-08-27 23:00,3111.3938000000026,2834.9824000000026,2056.8720000000026
forecast_5736,2025-08-28 0:00,3080.0190000000025,2870.3191000000024,2056.8720000000026
forecast_5737,2025-08-28 1:00,3391.3428000000026,3414.5144000000028,2342.5854000000027
forecast_5738,2025-08-28 2:00,3458.5510000000027,3625.660600000003,2510.154700000003
forecast_5739,2025-08-28 3:00,3973.0908000000027,3253.3555,2894.2580000000025
forecast_5740,2025-08-28 4:00,3778.161,3954.9734,3154.272200000003
forecast_5741,2025-08-28 5:00,4815.4575,5270.0522,3625.119000000003
forecast_5742,2025-08-28 6:00,4112.2754,4870.7817,3408.6575000000025
forecast_5743,2025-08-28 7:00,3941.6685,4089.4558,2963.099200000003
forecast_5744,2025-08-28 8:00,4065.8174000000026,3590.3083,2877.954700000003
forecast_5745,2025-08-28 9:00,3804.9797000000026,3297.715,3033.0403000000024
forecast_5746,2025-08-28 10:00,3237.4900000000025,3613.552000000003,2642.7194000000027
forecast_5747,2025-08-28 11:00,2929.4541000000027,3221.978300000003,2614.7875000000026
forecast_5748,2025-08-28 12:00,3537.6528000000026,3750.7126000000026,2875.942500000003
forecast_5749,2025-08-28 13:00,3549.420700000003,3860.2400000000025,2965.9040000000027
forecast_5750,2025-08-28 14:00,4117.604700000003,4079.478000000003,3315.880000000003
forecast_5751,2025-08-28 15:00,3628.3152,3745.0637,3525.179700000003
forecast_5752,2025-08-28 16:00,3756.5017,4002.445,3863.3120000000026
forecast_5753,2025-08-28 17:00,3807.8984,4235.8037,3929.8386000000028
forecast_5754,2025-08-28 18:00,4115.881,4438.423,3729.738800000003
forecast_5755,2025-08-28 19:00,5740.576,6177.469,3966.4248
forecast_5756,2025-08-28 20:00,7934.4834,9223.607,6680.2227
forecast_5757,2025-08-28 21:00,10112.938,11586.736,8769.783
forecast_5758,2025-08-28 22:00,12348.949,14038.516,11011.446
forecast_5759,2025-08-28 23:00,13329.529,14952.675,12718.307
forecast_5760,2025-08-29 0:00,15329.157,16480.283,14944.934
forecast_5761,2025-08-29 1:00,17177.627,18170.268,16779.89
forecast_5762,2025-08-29 2:00,17349.295,18958.436,16945.357
forecast_5763,2025-08-29 3:00,16914.787,18643.035,16893.732
forecast_5764,2025-08-29 4:00,17403.623,19019.008,17087.578
forecast_5765,2025-08-29 5:00,17510.568,18933.336,17113.584
forecast_5766,2025-08-29 6:00,17798.398,18986.861,17395.748
forecast_5767,2025-08-29 7:00,17617.5,18964.38,17207.846
forecast_5768,2025-08-29 8:00,17241.477,18303.697,16711.69
forecast_5769,2025-08-29 9:00,16288.752,17826.482,16111.536
forecast_5770,2025-08-29 10:00,15235.64,16379.422,14160.17
forecast_5771,2025-08-29 11:00,14425.798,14739.768,12452.26
forecast_5772,2025-08-29 12:00,12521.243,13465.719,11497.933
forecast_5773,2025-08-29 13:00,12112.56,12813.002,10633.8955
forecast_5774,2025-08-29 14:00,11626.939,12366.745,10525.925
forecast_5775,2025-08-29 15:00,11513.756,11989.313,10258.434
forecast_5776,2025-08-29 16:00,11787.137,12157.852,10321.629
forecast_5777,2025-08-29 17:00,11883.988,12050.147,10419.651
forecast_5778,2025-08-29 18:00,11837.272,11437.903,10038.338
forecast_5779,2025-08-29 19:00,12616.182,12722.54,10999.436
forecast_5780,2025-08-29 20:00,13593.429,13894.803,12247.151
forecast_5781,2025-08-29 21:00,14389.713,15146.615,12927.856
forecast_5782,2025-08-29 22:00,15016.77,15875.28,13145.132
forecast_5783,2025-08-29 23:00,15090.666,15863.141,13219.1045
forecast_5784,2025-08-30 0:00,14777.752,15695.328,12489.238
forecast_5785,2025-08-30 1:00,14965.41,15493.682,12860.855
forecast_5786,2025-08-30 2:00,14357.886,15174.979,12078.231
forecast_5787,2025-08-30 3:00,13443.429,14287.222,11170.318
forecast_5788,2025-08-30 4:00,12706.677,13418.123,9941.917
forecast_5789,2025-08-30 5:00,11606.718,12200.297,8834.802
forecast_5790,2025-08-30 6:00,10476.151,10906.71,7423.6655
forecast_5791,2025-08-30 7:00,9838.327,10050.548,6753.8325
forecast_5792,2025-08-30 8:00,8858.241,8701.61,6198.7417
forecast_5793,2025-08-30 9:00,5731.0264,5589.885,3170.7585
forecast_5794,2025-08-30 10:00,3737.9753,3306.9087,3114.6182000000026
forecast_5795,2025-08-30 11:00,3778.9075000000025,3459.6052000000027,2667.869300000003
forecast_5796,2025-08-30 12:00,3109.055400000003,2951.2524000000026,2505.086400000003
forecast_5797,2025-08-30 13:00,3041.8943000000027,2961.7578000000026,2503.3334000000027
forecast_5798,2025-08-30 14:00,3156.717000000003,2999.693000000003,2510.6910000000025
forecast_5799,2025-08-30 15:00,3232.090000000003,3226.1980000000026,2625.248000000003
forecast_5800,2025-08-30 16:00,3319.9885000000027,3440.708700000003,2710.0400000000027
forecast_5801,2025-08-30 17:00,3358.9338000000025,3506.995600000003,2514.775300000003
forecast_5802,2025-08-30 18:00,3651.8408000000027,3485.344500000003,2624.3705000000027
forecast_5803,2025-08-30 19:00,4065.017800000003,4100.692000000003,2921.952400000003
forecast_5804,2025-08-30 20:00,4007.8528,4279.9365,3224.637700000003
forecast_5805,2025-08-30 21:00,4773.414,5052.413,3720.7776000000026
forecast_5806,2025-08-30 22:00,5841.24,6600.282,3720.0513
forecast_5807,2025-08-30 23:00,5630.6934,5837.8354,4215.855200000003
forecast_5808,2025-08-31 0:00,5768.8765,6350.22,3482.48
forecast_5809,2025-08-31 1:00,7559.2627,8468.887,4787.629
forecast_5810,2025-08-31 2:00,7686.9814,8932.41,5150.2686
forecast_5811,2025-08-31 3:00,7381.1104,8408.112,4898.058
forecast_5812,2025-08-31 4:00,6401.141,7531.772,3866.949
forecast_5813,2025-08-31 5:00,4611.1943,5182.4106,3649.6104000000028
forecast_5814,2025-08-31 6:00,3487.3052,3849.808,2945.9908000000028
forecast_5815,2025-08-31 7:00,3819.4312000000027,3380.8066,2715.629200000003
forecast_5816,2025-08-31 8:00,3207.1816000000026,3618.1567000000027,2341.045000000003
forecast_5817,2025-08-31 9:00,2665.9940000000024,2938.7922000000026,2126.183530000003
forecast_5818,2025-08-31 10:00,2518.2114000000024,2479.4982000000027,2172.201700000003
forecast_5819,2025-08-31 11:00,2575.310500000003,2748.5586000000026,2299.080600000003
forecast_5820,2025-08-31 12:00,2819.0691000000024,3266.4053000000026,2540.7302000000027
forecast_5821,2025-08-31 13:00,3046.2850000000026,3384.999800000003,2679.5710000000026
forecast_5822,2025-08-31 14:00,3342.9004000000027,3748.3070000000025,2974.341800000003
forecast_5823,2025-08-31 15:00,3701.543000000003,4000.0764000000026,3310.0930000000026
forecast_5824,2025-08-31 16:00,3444.0623,4191.027,3800.4885000000027
forecast_5825,2025-08-31 17:00,4201.182,4928.5073,3514.1707
forecast_5826,2025-08-31 18:00,4449.8086,5417.3574,3451.825
forecast_5827,2025-08-31 19:00,6020.964,8449.883,5283.68
forecast_5828,2025-08-31 20:00,7769.649,10954.969,7113.379
forecast_5829,2025-08-31 21:00,8318.996,11776.878,8240.8125
forecast_5830,2025-08-31 22:00,9646.627,12266.349,8923.427
forecast_5831,2025-08-31 23:00,9861.474,13101.732,9662.573
forecast_5832,2025-09-01 0:00,10268.747,13508.253,10046.125
forecast_5833,2025-09-01 1:00,11108.809,14122.93,10633.624
forecast_5834,2025-09-01 2:00,10776.721,13763.941,10439.026
forecast_5835,2025-09-01 3:00,11311.495,14087.779,10595.693
forecast_5836,2025-09-01 4:00,12678.47,14794.931,12297.908
forecast_5837,2025-09-01 5:00,13052.27,14905.194,13003.679
forecast_5838,2025-09-01 6:00,12704.968,14728.883,12239.149
forecast_5839,2025-09-01 7:00,10844.786,13440.8125,10618.44
forecast_5840,2025-09-01 8:00,9589.15,12312.055,9513.12
forecast_5841,2025-09-01 9:00,9081.579,11069.095,9011.801
forecast_5842,2025-09-01 10:00,7182.954,9741.539,7347.911
forecast_5843,2025-09-01 11:00,6265.924,8365.754,5705.7363
forecast_5844,2025-09-01 12:00,5884.9224,8169.403,5599.2856
forecast_5845,2025-09-01 13:00,6069.6743,7826.1323,5301.5
forecast_5846,2025-09-01 14:00,7095.9873,8261.895,6414.1865
forecast_5847,2025-09-01 15:00,7105.6904,8806.534,7354.798
forecast_5848,2025-09-01 16:00,8257.732,9777.461,7990.522
forecast_5849,2025-09-01 17:00,9070.748,10518.349,8364.295
forecast_5850,2025-09-01 18:00,9377.334,10807.236,8426.238
forecast_5851,2025-09-01 19:00,8185.173,9254.968,7098.301
forecast_5852,2025-09-01 20:00,7368.724,8371.292,5544.856
forecast_5853,2025-09-01 21:00,6228.161,7748.8555,4015.4077
forecast_5854,2025-09-01 22:00,7275.576,9169.666,4880.912
forecast_5855,2025-09-01 23:00,9284.905,11454.348,7237.2505
forecast_5856,2025-09-02 0:00,8894.97,10676.519,7211.7324
forecast_5857,2025-09-02 1:00,10919.911,13761.943,10657.444
forecast_5858,2025-09-02 2:00,9688.818,12616.086,9863.913
forecast_5859,2025-09-02 3:00,10387.514,12585.423,9885.112
forecast_5860,2025-09-02 4:00,9758.7295,12078.553,9306.286
forecast_5861,2025-09-02 5:00,8743.961,10801.468,7770.3936
forecast_5862,2025-09-02 6:00,8001.359,10030.711,7676.864
forecast_5863,2025-09-02 7:00,6451.3696,7946.5396,4336.251
forecast_5864,2025-09-02 8:00,6018.7363,6519.447,3616.866
forecast_5865,2025-09-02 9:00,4828.9697,4814.9746,3580.193000000003
forecast_5866,2025-09-02 10:00,3532.2224,3525.7688,2914.175500000003
forecast_5867,2025-09-02 11:00,4161.658700000003,3281.1892,2806.5634000000027
forecast_5868,2025-09-02 12:00,3745.943000000003,3649.4307000000026,2786.5029000000027
forecast_5869,2025-09-02 13:00,3202.998000000003,3163.1520000000028,2462.933100000003
forecast_5870,2025-09-02 14:00,2411.5437000000024,2302.2961000000028,2000.2048300000029
forecast_5871,2025-09-02 15:00,2147.3328000000024,2078.5323000000026,1959.3469000000027
forecast_5872,2025-09-02 16:00,2303.283300000003,2209.3718000000026,2029.7911000000026
forecast_5873,2025-09-02 17:00,2191.9662000000026,2107.700800000003,1989.2194000000027
forecast_5874,2025-09-02 18:00,2139.1298000000024,2037.0491000000025,1971.5948500000027
forecast_5875,2025-09-02 19:00,2186.670900000003,2096.4779000000026,1979.4919400000026
forecast_5876,2025-09-02 20:00,2209.2037000000028,2093.8840000000027,1982.2873000000027
forecast_5877,2025-09-02 21:00,2291.4714000000026,2116.353000000003,1974.0549300000027
forecast_5878,2025-09-02 22:00,2544.991500000003,2456.893700000003,2062.437800000003
forecast_5879,2025-09-02 23:00,2485.6667000000025,2385.9791000000027,2050.5386400000025
forecast_5880,2025-09-03 0:00,2299.123900000003,2117.6849000000025,2014.9416500000027
forecast_5881,2025-09-03 1:00,2470.7494000000024,2268.1016000000027,1953.6509000000028
forecast_5882,2025-09-03 2:00,2442.1274000000026,2220.5800000000027,1958.5471000000027
forecast_5883,2025-09-03 3:00,2462.4979000000026,2225.1368000000025,1972.4225000000029
forecast_5884,2025-09-03 4:00,2556.5550000000026,2364.8916000000027,2111.9817500000026
forecast_5885,2025-09-03 5:00,2386.5822000000026,2263.8574000000026,1976.5900000000029
forecast_5886,2025-09-03 6:00,2445.8881000000024,2301.094000000003,1970.3784000000028
forecast_5887,2025-09-03 7:00,2335.7200000000025,2170.344000000003,1988.6196000000027
forecast_5888,2025-09-03 8:00,2248.225300000003,2164.9365000000025,1953.2026000000028
forecast_5889,2025-09-03 9:00,2186.6903000000025,2095.1719000000026,1895.5508000000027
forecast_5890,2025-09-03 10:00,2100.0619000000024,2062.3959000000027,1895.5508000000027
forecast_5891,2025-09-03 11:00,2141.4069000000027,2109.8317000000025,1971.9150400000026
forecast_5892,2025-09-03 12:00,2301.5781000000025,2297.333000000003,2056.476000000003
forecast_5893,2025-09-03 13:00,2348.0771000000027,2284.9965000000025,2068.8606000000027
forecast_5894,2025-09-03 14:00,2361.3131000000026,2366.9976000000024,2109.0809000000027
forecast_5895,2025-09-03 15:00,2290.6632000000027,2300.9868000000024,2066.3884000000025
forecast_5896,2025-09-03 16:00,2376.978000000003,2482.3779000000027,2124.8732000000027
forecast_5897,2025-09-03 17:00,2329.0446000000024,2272.5094000000026,2055.441200000003
forecast_5898,2025-09-03 18:00,2264.8365000000026,2163.6304000000027,1964.1945000000028
forecast_5899,2025-09-03 19:00,2254.1440000000025,2115.4941000000026,1906.542800000003
forecast_5900,2025-09-03 20:00,2282.5435000000025,2195.8977000000027,1930.1682000000028
forecast_5901,2025-09-03 21:00,2374.5421000000024,2299.9303000000027,1973.4509000000028
forecast_5902,2025-09-03 22:00,2512.2628000000027,2314.9469000000026,1979.0959500000026
forecast_5903,2025-09-03 23:00,2435.2906000000025,2286.4293000000025,1979.4919400000026
forecast_5904,2025-09-04 0:00,2706.7104000000027,2434.3544000000024,1986.4965000000027
forecast_5905,2025-09-04 1:00,2956.308500000003,2627.7214000000026,1979.4919400000026
forecast_5906,2025-09-04 2:00,2864.8185000000026,2596.5518000000025,1979.4919400000026
forecast_5907,2025-09-04 3:00,2726.0604000000026,2538.1656000000025,1964.1945000000028
forecast_5908,2025-09-04 4:00,2837.989700000003,2538.3634000000025,1979.4919400000026
forecast_5909,2025-09-04 5:00,3057.5270000000028,2604.5182000000027,2047.8753000000029
forecast_5910,2025-09-04 6:00,3466.0737000000026,3056.1013000000025,2061.978450000003
forecast_5911,2025-09-04 7:00,3560.858400000003,3080.3909000000026,2207.5533000000028
forecast_5912,2025-09-04 8:00,3527.8594000000026,3186.361600000003,2193.199000000003
forecast_5913,2025-09-04 9:00,3191.9750000000026,3048.3408000000027,2190.164200000003
forecast_5914,2025-09-04 10:00,2793.4087000000027,2724.4550000000027,2196.655200000003
forecast_5915,2025-09-04 11:00,2667.9060000000027,2635.3262000000027,2242.0616000000027
forecast_5916,2025-09-04 12:00,2724.7046000000028,2822.6884000000027,2310.5906000000027
forecast_5917,2025-09-04 13:00,2615.1298000000024,2844.5453000000025,2508.726700000003
forecast_5918,2025-09-04 14:00,2425.1170000000025,2578.1058000000025,2168.1747000000028
forecast_5919,2025-09-04 15:00,2669.5533000000028,2916.2349000000027,2309.9504000000024
forecast_5920,2025-09-04 16:00,3222.3333000000025,3515.8264000000026,2521.846300000003
forecast_5921,2025-09-04 17:00,3455.3777000000027,3787.477800000003,2561.244300000003
forecast_5922,2025-09-04 18:00,3260.9417000000026,3539.5198000000028,2390.446200000003
forecast_5923,2025-09-04 19:00,3261.8520000000026,3405.3118000000027,2287.361600000003
forecast_5924,2025-09-04 20:00,3600.0674000000026,3775.5051000000026,2467.983000000003
forecast_5925,2025-09-04 21:00,3797.9683000000027,3970.5125000000025,2460.6007000000027
forecast_5926,2025-09-04 22:00,3884.2632000000026,4099.286900000003,2525.4800000000027
forecast_5927,2025-09-04 23:00,3757.3696000000027,3908.159000000003,2497.817500000003
forecast_5928,2025-09-05 0:00,3614.8340000000026,3744.8594000000026,2436.0841000000028
forecast_5929,2025-09-05 1:00,3438.859100000003,3476.190000000003,2303.5908000000027
forecast_5930,2025-09-05 2:00,3849.5137000000027,3743.1594000000027,2540.791400000003
forecast_5931,2025-09-05 3:00,3989.9130000000027,3927.7430000000027,2469.883700000003
forecast_5932,2025-09-05 4:00,3928.936000000003,3863.4312000000027,2530.322100000003
forecast_5933,2025-09-05 5:00,4080.583000000003,3999.9390000000026,2563.2643000000025
forecast_5934,2025-09-05 6:00,3843.707800000003,3888.7927000000027,2470.153800000003
forecast_5935,2025-09-05 7:00,3659.7324000000026,3628.510000000003,2260.487500000003
forecast_5936,2025-09-05 8:00,3391.358200000003,3451.2988000000028,2355.907200000003
forecast_5937,2025-09-05 9:00,2860.6707000000024,2861.1018000000026,2234.5942000000027
forecast_5938,2025-09-05 10:00,2283.0363000000025,2341.460700000003,2056.8720000000026
forecast_5939,2025-09-05 11:00,2218.1134000000025,2202.3568000000027,2037.7959000000028
forecast_5940,2025-09-05 12:00,2070.0986000000025,2123.9594000000025,1964.9396000000029
forecast_5941,2025-09-05 13:00,2068.3834000000024,1986.0172000000025,1882.7508500000026
forecast_5942,2025-09-05 14:00,2067.4486000000024,2066.2003000000027,1906.542800000003
forecast_5943,2025-09-05 15:00,2026.4890000000028,2029.3773000000028,1895.5508000000027
forecast_5944,2025-09-05 16:00,2021.9474000000027,2016.0470000000028,1893.7428600000026
forecast_5945,2025-09-05 17:00,2122.203500000003,2209.7322000000026,1974.4894000000027
forecast_5946,2025-09-05 18:00,2459.9814000000024,2448.0474000000027,2076.5224000000026
forecast_5947,2025-09-05 19:00,2508.3496000000027,2455.4824000000026,2076.5224000000026
forecast_5948,2025-09-05 20:00,2698.7994000000026,2506.2700000000027,2059.1333000000027
forecast_5949,2025-09-05 21:00,3030.9995000000026,3142.128700000003,2264.6742000000027
forecast_5950,2025-09-05 22:00,4052.3462000000027,3266.9348,2631.6343000000024
forecast_5951,2025-09-05 23:00,4198.352,4870.471,3515.936000000003
forecast_5952,2025-09-06 0:00,5357.892,6113.5737,4049.7960000000026
forecast_5953,2025-09-06 1:00,8301.97,9743.132,6145.1484
forecast_5954,2025-09-06 2:00,9965.654,12010.843,8609.658
forecast_5955,2025-09-06 3:00,12514.179,14392.06,10482.16
forecast_5956,2025-09-06 4:00,13760.041,15039.82,11517.322
forecast_5957,2025-09-06 5:00,13801.17,15045.167,11612.447
forecast_5958,2025-09-06 6:00,15182.638,15710.383,12863.655
forecast_5959,2025-09-06 7:00,15476.451,16313.286,14003.501
forecast_5960,2025-09-06 8:00,12788.549,14338.261,11863.49
forecast_5961,2025-09-06 9:00,12403.092,14010.915,11146.397
forecast_5962,2025-09-06 10:00,11853.475,13263.6,10958.246
forecast_5963,2025-09-06 11:00,11733.957,13221.684,11376.26
forecast_5964,2025-09-06 12:00,12238.046,13617.643,12026.502
forecast_5965,2025-09-06 13:00,11814.774,13411.795,11571.2705
forecast_5966,2025-09-06 14:00,11602.793,13383.228,11367.455
forecast_5967,2025-09-06 15:00,12411.136,14686.609,12895.576
forecast_5968,2025-09-06 16:00,14648.374,15978.253,14111.4795
forecast_5969,2025-09-06 17:00,13440.34,15217.416,13756.084
forecast_5970,2025-09-06 18:00,13166.88,15413.899,14899.684
forecast_5971,2025-09-06 19:00,13804.773,16227.846,15775.875
forecast_5972,2025-09-06 20:00,13554.574,16198.355,15769.255
forecast_5973,2025-09-06 21:00,15610.34,17610.734,16195.075
forecast_5974,2025-09-06 22:00,15704.883,18139.932,16418.768
forecast_5975,2025-09-06 23:00,15653.542,17867.258,16502.285
forecast_5976,2025-09-07 0:00,16158.685,18620.705,16585.254
forecast_5977,2025-09-07 1:00,16543.14,19122.908,16818.084
forecast_5978,2025-09-07 2:00,16191.303,18612.232,16788.041
forecast_5979,2025-09-07 3:00,15393.834,17771.078,16247.201
forecast_5980,2025-09-07 4:00,14329.135,16232.836,14105.053
forecast_5981,2025-09-07 5:00,13794.222,15185.792,13134.692
forecast_5982,2025-09-07 6:00,13078.423,14512.241,11873.486
forecast_5983,2025-09-07 7:00,12379.432,13892.286,11205.353
forecast_5984,2025-09-07 8:00,12576.415,13862.97,10944.787
forecast_5985,2025-09-07 9:00,11313.51,12341.582,9504.089
forecast_5986,2025-09-07 10:00,9761.838,10866.856,8256.461
forecast_5987,2025-09-07 11:00,8129.943,8778.926,6528.549
forecast_5988,2025-09-07 12:00,5643.237,6479.089,4027.6863
forecast_5989,2025-09-07 13:00,3719.1077,3720.931,3370.671400000003
forecast_5990,2025-09-07 14:00,4124.562,4406.6787,3835.8977000000027
forecast_5991,2025-09-07 15:00,5032.1626,5595.299,3198.2424
forecast_5992,2025-09-07 16:00,6708.965,6449.1523,4552.421
forecast_5993,2025-09-07 17:00,7529.083,7809.4155,4930.3896
forecast_5994,2025-09-07 18:00,8630.732,9021.828,6151.164
forecast_5995,2025-09-07 19:00,9550.549,10469.887,7441.929
forecast_5996,2025-09-07 20:00,11896.071,12429.438,9205.404
forecast_5997,2025-09-07 21:00,12378.836,13252.929,9812.433
forecast_5998,2025-09-07 22:00,12173.465,13087.373,10030.2295
forecast_5999,2025-09-07 23:00,11610.388,12104.752,9437.352
forecast_6000,2025-09-08 0:00,12381.175,13342.841,9967.686
forecast_6001,2025-09-08 1:00,9188.51,9496.085,6731.017
forecast_6002,2025-09-08 2:00,8563.16,9016.823,6374.729
forecast_6003,2025-09-08 3:00,7326.2095,6636.87,4595.617
forecast_6004,2025-09-08 4:00,6700.1396,5090.4517,3509.5186
forecast_6005,2025-09-08 5:00,5068.7036,3697.1526,3604.9932000000026
forecast_6006,2025-09-08 6:00,4099.897700000002,3227.3718000000026,2603.0126000000027
forecast_6007,2025-09-08 7:00,3065.3062000000027,2648.3997000000027,2214.139000000003
forecast_6008,2025-09-08 8:00,2566.9088000000024,2336.6218000000026,2061.3298000000027
forecast_6009,2025-09-08 9:00,2274.2045000000026,2238.6613000000025,1895.5508000000027
forecast_6010,2025-09-08 10:00,2020.8673000000026,2017.0851000000025,1895.5508000000027
forecast_6011,2025-09-08 11:00,2036.6715000000027,2007.8204000000028,1913.4210000000028
forecast_6012,2025-09-08 12:00,2028.2672000000025,1965.3992000000026,2022.4479000000028
forecast_6013,2025-09-08 13:00,2003.2811000000024,1974.5161000000026,1980.0334500000026
forecast_6014,2025-09-08 14:00,2078.4658000000027,1996.4054000000028,2015.8125600000026
forecast_6015,2025-09-08 15:00,2023.9825000000028,2000.4463000000028,1998.9022000000027
forecast_6016,2025-09-08 16:00,2806.8618000000024,2680.9163000000026,2308.385400000003
forecast_6017,2025-09-08 17:00,3846.313200000003,3666.8718000000026,2684.303100000003
forecast_6018,2025-09-08 18:00,3730.194,3524.3142,2865.5057000000024
forecast_6019,2025-09-08 19:00,3842.625,3908.141,3074.469100000003
forecast_6020,2025-09-08 20:00,3852.8662,3907.5608,3082.9360000000024
forecast_6021,2025-09-08 21:00,3547.9043,3404.9246,2681.1631000000025
forecast_6022,2025-09-08 22:00,3922.765100000003,3521.957800000003,2344.5687000000025
forecast_6023,2025-09-08 23:00,3136.961400000003,3142.7544000000025,2223.885900000003
forecast_6024,2025-09-09 0:00,2837.6685000000025,2793.4939000000027,2169.9089000000026
forecast_6025,2025-09-09 1:00,3544.035,3659.531,2874.4058000000027
forecast_6026,2025-09-09 2:00,4124.5570000000025,3273.0037,2709.7589000000025
forecast_6027,2025-09-09 3:00,3328.9330000000027,3476.361800000003,2477.0164000000027
forecast_6028,2025-09-09 4:00,3126.766000000003,3220.606000000003,2358.1160000000027
forecast_6029,2025-09-09 5:00,3185.2834000000025,3540.969000000003,2500.870200000003
forecast_6030,2025-09-09 6:00,3479.0490000000027,3404.4631000000027,2325.6752000000024
forecast_6031,2025-09-09 7:00,3203.369900000003,2995.8523000000027,2293.1171000000027
forecast_6032,2025-09-09 8:00,3495.168000000003,3226.0710000000026,2315.858000000003
forecast_6033,2025-09-09 9:00,3283.2095000000027,3282.5195000000026,2270.1289000000024
forecast_6034,2025-09-09 10:00,3362.9510000000028,3483.4075000000025,2551.7511000000027
forecast_6035,2025-09-09 11:00,3508.434000000003,3586.944300000003,2593.9792000000025
forecast_6036,2025-09-09 12:00,3674.535400000003,3764.9917000000028,2525.6526000000026
forecast_6037,2025-09-09 13:00,3251.7502000000027,2996.0593000000026,2215.660600000003
forecast_6038,2025-09-09 14:00,2872.648200000003,2654.7306000000026,2230.7864000000027
forecast_6039,2025-09-09 15:00,2960.8370000000027,2782.3599000000027,2296.0726000000027
forecast_6040,2025-09-09 16:00,2695.0741000000025,2498.4240000000027,2047.6088000000027
forecast_6041,2025-09-09 17:00,2905.6405000000027,2700.6558000000027,2122.5456000000027
forecast_6042,2025-09-09 18:00,3056.935800000003,2882.0818000000027,2140.2984600000027
forecast_6043,2025-09-09 19:00,3243.4150000000027,3076.3372000000027,2158.418300000003
forecast_6044,2025-09-09 20:00,3363.474400000003,3338.9280000000026,2235.0327000000025
forecast_6045,2025-09-09 21:00,3485.124800000003,3486.8572000000026,2259.5165000000025
forecast_6046,2025-09-09 22:00,3560.321800000003,3617.4968000000026,2407.070200000003
forecast_6047,2025-09-09 23:00,3558.6096000000025,3493.2832000000026,2371.807600000003
forecast_6048,2025-09-10 0:00,3204.841800000003,3113.423600000003,2312.1920000000027
forecast_6049,2025-09-10 1:00,3867.682600000003,3970.0537000000027,2406.751600000003
forecast_6050,2025-09-10 2:00,3802.7744000000025,3941.3694000000028,2424.152100000003
forecast_6051,2025-09-10 3:00,3819.151600000003,3969.4730000000027,2524.769000000003
forecast_6052,2025-09-10 4:00,3859.8360000000025,3969.4854000000028,2514.883200000003
forecast_6053,2025-09-10 5:00,4191.831800000003,4037.8936000000026,2451.495100000003
forecast_6054,2025-09-10 6:00,3317.678,3564.7373,2544.8840000000027
forecast_6055,2025-09-10 7:00,3462.419,3644.5002,2652.125100000003
forecast_6056,2025-09-10 8:00,4150.637700000003,3508.0706,2684.976300000003
forecast_6057,2025-09-10 9:00,3630.1490000000026,4044.3770000000027,2682.566200000003
forecast_6058,2025-09-10 10:00,3262.5420000000026,3574.8318000000027,2655.335700000003
forecast_6059,2025-09-10 11:00,3190.944300000003,3618.8667000000028,2747.7104000000027
forecast_6060,2025-09-10 12:00,3112.983000000003,3552.578100000003,2788.125500000003
forecast_6061,2025-09-10 13:00,2837.2393000000025,3288.4294000000027,2737.565900000003
forecast_6062,2025-09-10 14:00,2781.0936000000024,3222.405000000003,2667.452000000003
forecast_6063,2025-09-10 15:00,2511.3700000000026,2799.2517000000025,2442.767700000003
forecast_6064,2025-09-10 16:00,2526.0960000000027,2747.5347000000024,2442.8986000000027
forecast_6065,2025-09-10 17:00,2530.4656000000027,2663.7935000000025,2369.2719000000025
forecast_6066,2025-09-10 18:00,2669.8854000000024,2668.8235000000027,2188.830300000003
forecast_6067,2025-09-10 19:00,2978.4872000000028,3303.1448000000028,2210.1226000000024
forecast_6068,2025-09-10 20:00,3496.603000000003,4027.5933000000027,2485.3798000000024
forecast_6069,2025-09-10 21:00,3739.7463000000025,3377.0002,2569.3835000000026
forecast_6070,2025-09-10 22:00,3327.4211,4171.704,2908.2665000000025
forecast_6071,2025-09-10 23:00,3506.6536,4205.0117,2953.734400000003
forecast_6072,2025-09-11 0:00,3805.016,4469.666,2897.3903000000028
forecast_6073,2025-09-11 1:00,4117.999300000002,4086.994000000003,2625.253700000003
forecast_6074,2025-09-11 2:00,4197.685000000002,3601.9084,2765.351000000003
forecast_6075,2025-09-11 3:00,3558.5908,3781.9897,2775.200200000003
forecast_6076,2025-09-11 4:00,3633.7314,3778.7556,2805.4630000000025
forecast_6077,2025-09-11 5:00,4070.2227,4370.117,3001.6523000000025
forecast_6078,2025-09-11 6:00,4280.701,4603.926,3163.170500000003
forecast_6079,2025-09-11 7:00,4847.9526,5234.372,3447.199700000003
forecast_6080,2025-09-11 8:00,4528.7227,5238.944,3652.4534000000026
forecast_6081,2025-09-11 9:00,3918.4792,4800.4375,3511.2434000000026
forecast_6082,2025-09-11 10:00,3784.991500000003,3435.449,3044.6475000000028
forecast_6083,2025-09-11 11:00,3999.514200000003,3705.2146,3365.9446000000025
forecast_6084,2025-09-11 12:00,4052.304000000003,4111.571,3445.3997000000027
forecast_6085,2025-09-11 13:00,4010.7960000000026,3876.8809,3487.0303000000026
forecast_6086,2025-09-11 14:00,3858.088000000003,3725.4937,3453.8457000000026
forecast_6087,2025-09-11 15:00,3877.926800000003,3523.6833,3411.697500000003
forecast_6088,2025-09-11 16:00,3997.9907000000026,3676.233,3301.2922000000026
forecast_6089,2025-09-11 17:00,3685.2566,4726.731,3852.188500000003
forecast_6090,2025-09-11 18:00,3879.151,4536.5215,3362.565700000003
forecast_6091,2025-09-11 19:00,4722.364,5602.9253,3525.7556000000027
forecast_6092,2025-09-11 20:00,5103.5366,6240.3867,3996.2915000000025
forecast_6093,2025-09-11 21:00,5731.606,6922.3247,4049.3704000000025
forecast_6094,2025-09-11 22:00,6649.4185,8103.463,3633.4963
forecast_6095,2025-09-11 23:00,6951.5317,8563.434,4140.9404
forecast_6096,2025-09-12 0:00,6314.5073,7855.073,3278.5974
forecast_6097,2025-09-12 1:00,6196.688,7823.1826,3364.3474
forecast_6098,2025-09-12 2:00,5512.6177,5930.283,3608.241500000003
forecast_6099,2025-09-12 3:00,4264.5215,4925.004,3228.8098000000027
forecast_6100,2025-09-12 4:00,4235.198,5010.1963,3400.7354000000028
forecast_6101,2025-09-12 5:00,3914.026,4643.4805,3203.1357000000025
forecast_6102,2025-09-12 6:00,3670.2554,4147.4165,3017.4854000000028
forecast_6103,2025-09-12 7:00,4082.8262,4547.244,3145.704300000003
forecast_6104,2025-09-12 8:00,3988.8965,4592.4014,3166.010900000003
forecast_6105,2025-09-12 9:00,3919.277,4654.7583,3366.739300000003
forecast_6106,2025-09-12 10:00,4167.3335000000025,3667.275,3076.581000000003
forecast_6107,2025-09-12 11:00,3971.5620000000026,3486.8513,3172.519900000003
forecast_6108,2025-09-12 12:00,3989.3704000000025,3623.8262,3283.008800000003
forecast_6109,2025-09-12 13:00,3628.861600000003,3924.3342000000025,2960.7921000000024
forecast_6110,2025-09-12 14:00,3524.878000000003,3624.7405000000026,2692.6478000000025
forecast_6111,2025-09-12 15:00,3933.125500000003,3772.802700000003,2682.6288000000027
forecast_6112,2025-09-12 16:00,3549.4924,3286.1855,2724.443600000003
forecast_6113,2025-09-12 17:00,3702.9514,3722.8362,2959.7504000000026
forecast_6114,2025-09-12 18:00,3868.773,4030.0212,3190.7549000000026
forecast_6115,2025-09-12 19:00,3634.7305,3840.4277,3077.6070000000027
forecast_6116,2025-09-12 20:00,4096.5537,4460.5073,3160.434000000003
forecast_6117,2025-09-12 21:00,4704.032,5141.1943,3612.123000000003
forecast_6118,2025-09-12 22:00,5037.159,5469.404,3750.679000000003
forecast_6119,2025-09-12 23:00,5870.2485,6676.5923,4137.713100000003
forecast_6120,2025-09-13 0:00,6406.3584,6285.0127,3960.6294000000025
forecast_6121,2025-09-13 1:00,4929.9185,5390.257,3844.988800000003
forecast_6122,2025-09-13 2:00,5641.162,5794.4453,4172.043200000003
forecast_6123,2025-09-13 3:00,6459.552,6622.3525,3765.9373
forecast_6124,2025-09-13 4:00,7343.0054,8525.2705,4543.772
forecast_6125,2025-09-13 5:00,8354.526,10383.83,6561.5503
forecast_6126,2025-09-13 6:00,10304.377,11619.187,8709.314
forecast_6127,2025-09-13 7:00,12926.548,14910.386,11680.625
forecast_6128,2025-09-13 8:00,13996.818,16676.23,14047.189
forecast_6129,2025-09-13 9:00,14320.043,16901.014,15644.848
forecast_6130,2025-09-13 10:00,13914.087,16579.75,15726.236
forecast_6131,2025-09-13 11:00,9556.938,10884.864,8576.895
forecast_6132,2025-09-13 12:00,6933.5283,7450.5923,5266.0527
forecast_6133,2025-09-13 13:00,4144.236,4375.7974,3006.5543000000025
forecast_6134,2025-09-13 14:00,3835.6150000000025,3648.2734000000028,2281.9761000000026
forecast_6135,2025-09-13 15:00,3716.718800000003,3175.4163000000026,2394.281500000003
forecast_6136,2025-09-13 16:00,3650.3914000000027,3672.828100000003,2447.111100000003
forecast_6137,2025-09-13 17:00,4082.0833000000025,3320.904,2830.353900000003
forecast_6138,2025-09-13 18:00,3438.8328,3419.297,2830.616600000003
forecast_6139,2025-09-13 19:00,3598.554700000003,3596.248500000003,2447.367000000003
forecast_6140,2025-09-13 20:00,2837.6091000000024,2745.4332000000027,2056.8720000000026
forecast_6141,2025-09-13 21:00,2623.2655000000027,2635.7177000000024,2222.2925000000027
forecast_6142,2025-09-13 22:00,2806.4564000000028,2679.0637000000024,2139.0176400000028
forecast_6143,2025-09-13 23:00,2883.5072000000027,2783.6354000000024,2262.4595000000027
forecast_6144,2025-09-14 0:00,2954.109300000003,2979.989500000003,2216.9512000000027
forecast_6145,2025-09-14 1:00,3403.9265000000028,3682.0760000000028,2382.015000000003
forecast_6146,2025-09-14 2:00,3422.8372000000027,3704.318600000003,2378.794200000003
forecast_6147,2025-09-14 3:00,3303.2160000000026,3500.7563000000027,2311.670000000003
forecast_6148,2025-09-14 4:00,3168.0146000000027,3450.363800000003,2282.3408000000027
forecast_6149,2025-09-14 5:00,3177.3203000000026,3432.110000000003,2318.3170000000027
forecast_6150,2025-09-14 6:00,3327.384300000003,3393.353300000003,2398.067100000003
forecast_6151,2025-09-14 7:00,3433.0806000000025,3557.5388000000025,2535.7210000000027
forecast_6152,2025-09-14 8:00,3823.0525000000025,3956.4692000000027,2786.025000000003
forecast_6153,2025-09-14 9:00,3399.9004000000027,3526.271000000003,2454.7992000000027
forecast_6154,2025-09-14 10:00,3016.1902000000027,3070.238800000003,2536.9741000000026
forecast_6155,2025-09-14 11:00,2860.6730000000025,2775.1381000000024,2464.646200000003
forecast_6156,2025-09-14 12:00,3177.114500000003,3198.142600000003,2565.0066000000024
forecast_6157,2025-09-14 13:00,3060.393300000003,2865.8756000000026,2575.2556000000027
forecast_6158,2025-09-14 14:00,3264.077400000003,3054.4336000000026,2679.3201000000026
forecast_6159,2025-09-14 15:00,3670.1430000000028,3606.6738000000028,2987.3335000000025
forecast_6160,2025-09-14 16:00,4012.853500000003,3974.3088000000025,3055.590000000003
forecast_6161,2025-09-14 17:00,3565.401,3674.21,3368.9233000000027
forecast_6162,2025-09-14 18:00,5591.8657,5264.732,3411.8381
forecast_6163,2025-09-14 19:00,8747.719,8883.665,6457.5957
forecast_6164,2025-09-14 20:00,10780.206,10521.403,7631.701
forecast_6165,2025-09-14 21:00,12741.303,13308.443,10364.91
forecast_6166,2025-09-14 22:00,15093.962,15248.9795,12488.854
forecast_6167,2025-09-14 23:00,16299.418,16270.24,14241.524
forecast_6168,2025-09-15 0:00,16502.84,16585.639,14424.132
forecast_6169,2025-09-15 1:00,15789.771,15515.281,12325.319
forecast_6170,2025-09-15 2:00,14329.343,14321.628,10919.445
forecast_6171,2025-09-15 3:00,14177.729,13935.065,10818.031
forecast_6172,2025-09-15 4:00,13840.563,13525.595,10120.187
forecast_6173,2025-09-15 5:00,11756.938,10815.465,8272.538
forecast_6174,2025-09-15 6:00,9121.735,8161.396,6116.7407
forecast_6175,2025-09-15 7:00,6361.767,5707.075,3823.274
forecast_6176,2025-09-15 8:00,3673.0986,3898.168200000003,2992.3287000000028
forecast_6177,2025-09-15 9:00,2874.8243000000025,2490.1136000000024,2273.7733000000026
forecast_6178,2025-09-15 10:00,2224.9822000000026,2063.8522000000025,2057.2575700000025
forecast_6179,2025-09-15 11:00,2223.8373000000024,2075.433500000003,2076.113800000003
forecast_6180,2025-09-15 12:00,2141.3259000000025,2061.4564000000028,2028.511100000003
forecast_6181,2025-09-15 13:00,2056.4486000000024,1994.8771000000024,2006.7154000000028
forecast_6182,2025-09-15 14:00,2066.0039000000024,2009.2164000000025,2015.5809300000028
forecast_6183,2025-09-15 15:00,2202.8307000000027,2274.9680000000026,2171.5514500000027
forecast_6184,2025-09-15 16:00,2652.872100000003,2716.307600000003,2532.510500000003
forecast_6185,2025-09-15 17:00,3543.185500000003,3460.228000000003,3175.0597000000025
forecast_6186,2025-09-15 18:00,4916.131,4490.7295,4241.770300000003
forecast_6187,2025-09-15 19:00,6231.7183,5876.6245,4875.812
forecast_6188,2025-09-15 20:00,6843.349,6039.4116,5023.3745
forecast_6189,2025-09-15 21:00,6537.8257,5758.5967,4344.303
forecast_6190,2025-09-15 22:00,5235.799,4843.56,3177.2178
forecast_6191,2025-09-15 23:00,4928.1445,4274.209,3951.501000000003
forecast_6192,2025-09-16 0:00,5267.2183,4657.0684,3340.4214
forecast_6193,2025-09-16 1:00,8473.829,9026.348,6110.991
forecast_6194,2025-09-16 2:00,9843.847,10131.706,7233.0386
forecast_6195,2025-09-16 3:00,10063.945,10437.579,7228.8506
forecast_6196,2025-09-16 4:00,10970.2,11145.88,7955.435
forecast_6197,2025-09-16 5:00,11542.131,12250.089,8789.294
forecast_6198,2025-09-16 6:00,12613.73,12531.888,9057.061
forecast_6199,2025-09-16 7:00,12417.308,12735.506,9017.954
forecast_6200,2025-09-16 8:00,9459.0205,9611.922,5930.113
forecast_6201,2025-09-16 9:00,7621.5176,8385.163,4964.836
forecast_6202,2025-09-16 10:00,5605.59,6057.6694,3688.4973
forecast_6203,2025-09-16 11:00,6578.3325,7318.4097,5582.388
forecast_6204,2025-09-16 12:00,7039.2705,7503.921,5851.0273
forecast_6205,2025-09-16 13:00,7089.9478,6790.628,5762.06
forecast_6206,2025-09-16 14:00,6454.6943,6758.3022,6136.1973
forecast_6207,2025-09-16 15:00,7816.343,8726.68,7375.4697
forecast_6208,2025-09-16 16:00,8439.972,8834.039,8010.26
forecast_6209,2025-09-16 17:00,7544.67,8038.243,6708.617
forecast_6210,2025-09-16 18:00,7989.983,9504.461,7415.8657
forecast_6211,2025-09-16 19:00,9455.701,11891.542,10071.651
forecast_6212,2025-09-16 20:00,9556.18,12111.636,10636.223
forecast_6213,2025-09-16 21:00,10241.425,12661.612,10910.021
forecast_6214,2025-09-16 22:00,10244.772,12798.3955,10564.737
forecast_6215,2025-09-16 23:00,11106.583,13510.277,11013.19
forecast_6216,2025-09-17 0:00,11839.226,14207.401,11870.115
forecast_6217,2025-09-17 1:00,15752.814,17430.535,16048.31
forecast_6218,2025-09-17 2:00,15889.364,18109.572,16394.762
forecast_6219,2025-09-17 3:00,16700.26,18467.885,16639.328
forecast_6220,2025-09-17 4:00,17659.113,18771.271,16702.137
forecast_6221,2025-09-17 5:00,16745.312,18298.8,16554.299
forecast_6222,2025-09-17 6:00,15815.069,17846.527,15948.647
forecast_6223,2025-09-17 7:00,13151.428,14999.07,12689.828
forecast_6224,2025-09-17 8:00,9964.353,11356.365,8298.248
forecast_6225,2025-09-17 9:00,7123.2363,8336.075,4661.1826
forecast_6226,2025-09-17 10:00,4782.51,5241.06,3943.429700000003
forecast_6227,2025-09-17 11:00,3986.473,4411.721,2943.0825000000027
forecast_6228,2025-09-17 12:00,3744.0757000000026,4080.432600000003,2622.1910000000025
forecast_6229,2025-09-17 13:00,3305.0518,3380.9517,2505.0425000000027
forecast_6230,2025-09-17 14:00,5245.555,6099.2827,3725.9033
forecast_6231,2025-09-17 15:00,6316.332,7672.6636,5094.7373
forecast_6232,2025-09-17 16:00,4254.3315,4337.95,3097.114300000003
forecast_6233,2025-09-17 17:00,3988.739500000003,4049.9040000000027,2646.325800000003
forecast_6234,2025-09-17 18:00,3503.7852000000025,3183.7273000000027,2328.5354000000025
forecast_6235,2025-09-17 19:00,2928.3224000000027,2762.3893000000025,2062.3309000000027
forecast_6236,2025-09-17 20:00,2812.6024000000025,2935.372800000003,2289.4777000000026
forecast_6237,2025-09-17 21:00,3039.6953000000026,3284.7880000000027,2512.697000000003
forecast_6238,2025-09-17 22:00,2866.8107000000027,3021.729200000003,2437.0310000000027
forecast_6239,2025-09-17 23:00,2758.6339000000025,2819.0374000000024,2328.9865000000027
forecast_6240,2025-09-18 0:00,2621.7592000000027,2601.514200000003,2201.5862000000025
forecast_6241,2025-09-18 1:00,2658.7500000000027,2650.6215000000025,2102.648250000003
forecast_6242,2025-09-18 2:00,2491.1317000000026,2519.3835000000026,2129.300200000003
forecast_6243,2025-09-18 3:00,2499.7590000000027,2557.0316000000025,2137.990400000003
forecast_6244,2025-09-18 4:00,2668.1672000000026,2769.4701000000027,2249.0112000000026
forecast_6245,2025-09-18 5:00,3492.9465000000027,3892.140600000003,2689.600300000003
forecast_6246,2025-09-18 6:00,3472.5337,4200.618,3166.9509000000025
forecast_6247,2025-09-18 7:00,3685.6873,5082.887,3711.500700000003
forecast_6248,2025-09-18 8:00,3913.598,5085.5127,3729.813500000003
forecast_6249,2025-09-18 9:00,3961.4927,5226.576,3768.983200000003
forecast_6250,2025-09-18 10:00,4013.6096,4980.3613,3560.457800000003
forecast_6251,2025-09-18 11:00,3646.714,4825.1255,3402.305400000003
forecast_6252,2025-09-18 12:00,3426.6675,4448.911,3379.2734000000028
forecast_6253,2025-09-18 13:00,4143.813000000003,4018.0886,3102.1931000000027
forecast_6254,2025-09-18 14:00,3968.703100000003,3642.1658,3132.7228000000027
forecast_6255,2025-09-18 15:00,3726.7236000000025,3333.519,3092.7643000000025
forecast_6256,2025-09-18 16:00,3421.6638000000025,3821.847400000003,2830.371100000003
forecast_6257,2025-09-18 17:00,3846.7470000000026,3685.1282,3117.168300000003
forecast_6258,2025-09-18 18:00,3999.969700000003,3840.2,3134.204300000003
forecast_6259,2025-09-18 19:00,3973.2942000000025,3758.7173,3074.586000000003
forecast_6260,2025-09-18 20:00,3859.219000000003,3692.2393,2878.7109000000028
forecast_6261,2025-09-18 21:00,4107.107200000002,3555.0667,2656.0476000000026
forecast_6262,2025-09-18 22:00,3463.5596,3899.573,3012.6877000000027
forecast_6263,2025-09-18 23:00,3241.0063,3746.6084,2941.1421000000028
forecast_6264,2025-09-19 0:00,4143.107700000002,3585.4934,2872.882300000003
forecast_6265,2025-09-19 1:00,4168.259300000002,3703.666,2855.528900000003
forecast_6266,2025-09-19 2:00,4200.473900000003,3385.8557,2823.0709000000024
forecast_6267,2025-09-19 3:00,3242.0293,3386.9204,2783.228500000003
forecast_6268,2025-09-19 4:00,4040.2046000000028,3254.4365,2620.2657000000027
forecast_6269,2025-09-19 5:00,3974.5757000000026,3987.3682000000026,2530.6895000000027
forecast_6270,2025-09-19 6:00,3616.0980000000027,3778.666000000003,2263.795500000003
forecast_6271,2025-09-19 7:00,3905.8570000000027,3782.5588000000025,2361.6096000000025
forecast_6272,2025-09-19 8:00,3395.1387000000027,3284.677700000003,2242.8572000000026
forecast_6273,2025-09-19 9:00,3113.0312000000026,3020.216800000003,2249.920000000003
forecast_6274,2025-09-19 10:00,2722.7391000000025,2392.6047000000026,2056.8720000000026
forecast_6275,2025-09-19 11:00,2557.0638000000026,2338.0851000000025,2056.8720000000026
forecast_6276,2025-09-19 12:00,2461.0939000000026,2189.5562000000027,1953.2026000000028
forecast_6277,2025-09-19 13:00,2330.1412000000028,2130.8780000000024,1953.2026000000028
forecast_6278,2025-09-19 14:00,2248.8124000000025,2099.4366000000027,1953.2026000000028
forecast_6279,2025-09-19 15:00,2281.4974000000025,2156.007000000003,1980.3940400000029
forecast_6280,2025-09-19 16:00,2431.2438000000025,2226.7888000000025,2046.0645000000027
forecast_6281,2025-09-19 17:00,2738.9928000000027,2444.5276000000026,2022.0158700000027
forecast_6282,2025-09-19 18:00,3048.3570000000027,2715.9104000000025,2195.7886000000026
forecast_6283,2025-09-19 19:00,3950.1870000000026,4006.744900000003,2659.9450000000024
forecast_6284,2025-09-19 20:00,3929.5337000000027,3696.5474000000027,2515.7512000000024
forecast_6285,2025-09-19 21:00,3930.131800000003,3728.246000000003,2512.7214000000026
forecast_6286,2025-09-19 22:00,4217.321,4611.2715,3034.7394000000027
forecast_6287,2025-09-19 23:00,4624.2104,5012.848,3398.720200000003
forecast_6288,2025-09-20 0:00,5460.2847,6098.991,4109.548300000002
forecast_6289,2025-09-20 1:00,7107.746,7159.576,3939.5159000000026
forecast_6290,2025-09-20 2:00,7199.818,8187.454,3649.677
forecast_6291,2025-09-20 3:00,5665.1846,6045.165,3949.165500000003
forecast_6292,2025-09-20 4:00,5412.3413,6686.6885,3343.0237
forecast_6293,2025-09-20 5:00,6730.766,7047.4595,3496.917
forecast_6294,2025-09-20 6:00,7188.5903,7598.6143,3473.7185
forecast_6295,2025-09-20 7:00,5960.2188,6211.305,3171.6965
forecast_6296,2025-09-20 8:00,4229.1836,4648.2627,3458.5728000000026
forecast_6297,2025-09-20 9:00,3406.517800000003,3554.420700000003,2391.8988000000027
forecast_6298,2025-09-20 10:00,2875.9545000000026,2754.0479000000028,2347.2396000000026
forecast_6299,2025-09-20 11:00,3290.123000000003,3399.7942000000025,2675.7318000000027
forecast_6300,2025-09-20 12:00,3466.744900000003,3270.5488000000028,2801.8071000000027
forecast_6301,2025-09-20 13:00,3838.950200000003,3806.3010000000027,2711.8830000000025
forecast_6302,2025-09-20 14:00,4022.0386000000026,3873.2468000000026,2582.7382000000025
forecast_6303,2025-09-20 15:00,3658.0815000000025,3604.801300000003,2432.073400000003
forecast_6304,2025-09-20 16:00,3197.7090000000026,3147.0398000000027,2264.7743000000028
forecast_6305,2025-09-20 17:00,3051.2092000000025,3158.512200000003,2273.858900000003
forecast_6306,2025-09-20 18:00,3024.5452000000028,2871.6522000000027,2329.882900000003
forecast_6307,2025-09-20 19:00,2849.2991000000025,2751.0013000000026,2283.2286000000026
forecast_6308,2025-09-20 20:00,3775.9995000000026,3729.123300000003,2527.1442000000025
forecast_6309,2025-09-20 21:00,3479.7925,3651.7297,2955.9977000000026
forecast_6310,2025-09-20 22:00,3773.6172,4246.26,3146.546800000003
forecast_6311,2025-09-20 23:00,3483.8757,3610.044,2980.566700000003
forecast_6312,2025-09-21 0:00,3612.1753,4006.6694,3071.1838000000025
forecast_6313,2025-09-21 1:00,5004.6455,6148.757,3466.8003
forecast_6314,2025-09-21 2:00,4756.1475,5585.951,3931.665500000003
forecast_6315,2025-09-21 3:00,4495.432,5321.065,3855.685300000003
forecast_6316,2025-09-21 4:00,3889.5427,4529.3726,3267.5225000000028
forecast_6317,2025-09-21 5:00,3828.5957,4369.5254,3201.5309000000025
forecast_6318,2025-09-21 6:00,4383.0938,4951.0854,3619.257300000003
forecast_6319,2025-09-21 7:00,5079.119,5976.0244,3760.5820000000026
forecast_6320,2025-09-21 8:00,4268.322,5205.1523,3615.412400000003
forecast_6321,2025-09-21 9:00,3398.0427,4026.6833,3100.8174000000026
forecast_6322,2025-09-21 10:00,3545.305400000003,4012.5903000000026,2835.9645000000028
forecast_6323,2025-09-21 11:00,2977.2231000000024,3307.190700000003,2588.041400000003
forecast_6324,2025-09-21 12:00,2667.8053000000027,3012.015600000003,2545.824800000003
forecast_6325,2025-09-21 13:00,2630.5854000000027,2989.6616000000026,2665.748300000003
forecast_6326,2025-09-21 14:00,2476.2649000000024,2775.2320000000027,2520.593100000003
forecast_6327,2025-09-21 15:00,2795.2068000000027,3190.1204000000025,2683.6555000000026
forecast_6328,2025-09-21 16:00,2856.3065000000024,3252.034000000003,2671.031600000003
forecast_6329,2025-09-21 17:00,3268.776600000003,3703.619900000003,2600.8772000000026
forecast_6330,2025-09-21 18:00,3609.001000000003,3259.5947,2718.0403000000024
forecast_6331,2025-09-21 19:00,3600.4749,4247.8677,3209.4420000000027
forecast_6332,2025-09-21 20:00,3860.5867,4513.151,3094.7296000000024
forecast_6333,2025-09-21 21:00,4253.9077,5001.9355,3241.5928000000026
forecast_6334,2025-09-21 22:00,5086.94,5791.701,3506.2205000000026
forecast_6335,2025-09-21 23:00,5974.523,7007.1377,3908.2288000000026
forecast_6336,2025-09-22 0:00,6274.3926,7360.6133,3857.458700000003
forecast_6337,2025-09-22 1:00,5460.9927,5914.9697,3366.0130000000026
forecast_6338,2025-09-22 2:00,5791.1104,6554.705,3514.8867000000027
forecast_6339,2025-09-22 3:00,6395.7373,7648.8467,3750.4473000000025
forecast_6340,2025-09-22 4:00,6089.419,7480.1445,3726.165500000003
forecast_6341,2025-09-22 5:00,6047.0723,7426.8306,3758.494000000003
forecast_6342,2025-09-22 6:00,4584.8564,5161.0454,3218.154500000003
forecast_6343,2025-09-22 7:00,4873.759,5810.957,3585.4438000000027
forecast_6344,2025-09-22 8:00,5634.647,6697.8184,3853.6677000000027
forecast_6345,2025-09-22 9:00,4788.241,5787.637,3965.3936000000026
forecast_6346,2025-09-22 10:00,5762.562,7364.357,3726.18
forecast_6347,2025-09-22 11:00,4027.6658,5409.0884,3695.8523000000027
forecast_6348,2025-09-22 12:00,3734.6035,4828.836,3949.0024000000026
forecast_6349,2025-09-22 13:00,4182.620000000003,4702.5,3715.722200000003
forecast_6350,2025-09-22 14:00,3365.1716,4579.064,3630.8003000000026
forecast_6351,2025-09-22 15:00,3373.4558,4735.0493,3875.305400000003
forecast_6352,2025-09-22 16:00,3255.4075,4090.2598,3696.1047000000026
forecast_6353,2025-09-22 17:00,4136.573000000002,3861.675,3331.9573000000028
forecast_6354,2025-09-22 18:00,3914.9404000000027,3532.1077,2934.4413000000027
forecast_6355,2025-09-22 19:00,3533.1697,4211.071,2981.6144000000027
forecast_6356,2025-09-22 20:00,3787.042,4458.9785,3012.4006000000027
forecast_6357,2025-09-22 21:00,4128.3003,4889.427,3112.256000000003
forecast_6358,2025-09-22 22:00,4052.4421,4643.5947,2995.7300000000027
forecast_6359,2025-09-22 23:00,4139.7876,4675.078,3019.5557000000026
forecast_6360,2025-09-23 0:00,3848.5857,4123.808,2812.7250000000026
forecast_6361,2025-09-23 1:00,3219.921600000003,3271.5660000000025,2247.034300000003
forecast_6362,2025-09-23 2:00,3296.122600000003,3303.2050000000027,2324.046800000003
forecast_6363,2025-09-23 3:00,3373.166700000003,3507.336400000003,2327.7145000000028
forecast_6364,2025-09-23 4:00,3512.9539000000027,3619.1477000000027,2359.3583000000026
forecast_6365,2025-09-23 5:00,3481.414600000003,3607.5454000000027,2387.1576000000027
forecast_6366,2025-09-23 6:00,3924.8345000000027,3821.849000000003,2395.804100000003
forecast_6367,2025-09-23 7:00,3447.6345,3357.6633,2507.456500000003
forecast_6368,2025-09-23 8:00,3581.1692,3552.002,2531.4396000000024
forecast_6369,2025-09-23 9:00,4074.386500000003,3312.767,2638.1199000000024
forecast_6370,2025-09-23 10:00,3156.2124000000026,3468.079000000003,2434.329300000003
forecast_6371,2025-09-23 11:00,3010.5563000000025,3264.7266000000027,2582.161700000003
forecast_6372,2025-09-23 12:00,2962.3854000000024,3139.9058000000027,2544.912800000003
forecast_6373,2025-09-23 13:00,2736.2452000000026,3005.2317000000025,2604.5786000000026
forecast_6374,2025-09-23 14:00,2670.4084000000025,2939.3376000000026,2469.5769000000028
forecast_6375,2025-09-23 15:00,2761.6104000000028,2990.852800000003,2448.7971000000025
forecast_6376,2025-09-23 16:00,2849.9060000000027,2935.753000000003,2566.591800000003
forecast_6377,2025-09-23 17:00,3143.670700000003,3175.0317000000027,2504.1018000000026
forecast_6378,2025-09-23 18:00,3694.9300000000026,3984.5483000000027,2665.4131000000025
forecast_6379,2025-09-23 19:00,3976.8860000000027,3906.5923000000025,2456.889000000003
forecast_6380,2025-09-23 20:00,3286.992,3982.632000000003,2317.1833000000024
forecast_6381,2025-09-23 21:00,3245.2925,3925.6897000000026,2314.0543000000025
forecast_6382,2025-09-23 22:00,3270.1277,4013.9573000000028,2386.017700000003
forecast_6383,2025-09-23 23:00,3563.161,4032.0479000000028,2568.8772000000026
forecast_6384,2025-09-24 0:00,3911.2258,3277.6182,2500.3650000000025
forecast_6385,2025-09-24 1:00,3542.23,4035.0168000000026,2607.4976000000024
forecast_6386,2025-09-24 2:00,3890.9683,3646.7112,2796.733400000003
forecast_6387,2025-09-24 3:00,4245.1606,4194.3877,3041.1555000000026
forecast_6388,2025-09-24 4:00,5290.6714,5459.6655,3922.278800000003
forecast_6389,2025-09-24 5:00,6842.1123,6912.5176,3600.2727
forecast_6390,2025-09-24 6:00,6195.43,6550.62,3459.427
forecast_6391,2025-09-24 7:00,5721.1846,5849.051,3328.304
forecast_6392,2025-09-24 8:00,5231.1294,6035.182,3153.5923
forecast_6393,2025-09-24 9:00,5057.434,6057.0405,3506.4116
forecast_6394,2025-09-24 10:00,5355.657,6529.967,3894.865
forecast_6395,2025-09-24 11:00,6497.977,8931.982,6208.029
forecast_6396,2025-09-24 12:00,8906.717,11479.822,8277.266
forecast_6397,2025-09-24 13:00,9206.144,12398.568,9225.696
forecast_6398,2025-09-24 14:00,10914.748,13786.044,11092.972
forecast_6399,2025-09-24 15:00,9913.488,12818.326,10220.527
forecast_6400,2025-09-24 16:00,9482.999,11504.367,9586.972
forecast_6401,2025-09-24 17:00,7927.8237,9948.804,7420.726
forecast_6402,2025-09-24 18:00,7956.78,10173.9375,6375.542
forecast_6403,2025-09-24 19:00,8414.034,10502.487,7515.829
forecast_6404,2025-09-24 20:00,10610.239,13146.879,10448.44
forecast_6405,2025-09-24 21:00,12627.205,14976.397,13147.159
forecast_6406,2025-09-24 22:00,14043.815,15995.654,13939.762
forecast_6407,2025-09-24 23:00,14940.198,16593.453,15058.493
forecast_6408,2025-09-25 0:00,14948.372,16818.668,15099.245
forecast_6409,2025-09-25 1:00,15126.298,16760.877,15811.057
forecast_6410,2025-09-25 2:00,15761.925,17229.605,15856.955
forecast_6411,2025-09-25 3:00,14725.89,15794.568,14508.487
forecast_6412,2025-09-25 4:00,14901.493,15717.899,14029.7705
forecast_6413,2025-09-25 5:00,13969.208,15646.513,12746.571
forecast_6414,2025-09-25 6:00,14281.289,15758.996,13493.071
forecast_6415,2025-09-25 7:00,14190.799,16060.138,14213.904
forecast_6416,2025-09-25 8:00,12569.075,14208.061,11709.803
forecast_6417,2025-09-25 9:00,13321.143,15779.556,12734.191
forecast_6418,2025-09-25 10:00,12885.755,14531.533,11382.837
forecast_6419,2025-09-25 11:00,13067.952,14565.446,11678.812
forecast_6420,2025-09-25 12:00,13653.97,15423.8125,12534.761
forecast_6421,2025-09-25 13:00,13537.469,15281.404,12497.63
forecast_6422,2025-09-25 14:00,12730.765,14283.13,11569.891
forecast_6423,2025-09-25 15:00,12660.501,14284.743,11863.411
forecast_6424,2025-09-25 16:00,13311.613,14102.257,11232.797
forecast_6425,2025-09-25 17:00,12951.1,14085.02,11808.513
forecast_6426,2025-09-25 18:00,15213.67,15754.031,13260.251
forecast_6427,2025-09-25 19:00,15975.876,16305.475,13856.033
forecast_6428,2025-09-25 20:00,15971.611,16538.088,13797.162
forecast_6429,2025-09-25 21:00,16667.107,17341.04,14000.505
forecast_6430,2025-09-25 22:00,15819.288,16394.375,12227.799
forecast_6431,2025-09-25 23:00,15462.343,15848.509,11560.256
forecast_6432,2025-09-26 0:00,15199.293,15476.867,11386.476
forecast_6433,2025-09-26 1:00,12682.81,11594.002,8531.871
forecast_6434,2025-09-26 2:00,12081.826,10761.395,7584.839
forecast_6435,2025-09-26 3:00,10797.898,9103.067,6335.3745
forecast_6436,2025-09-26 4:00,7672.376,6406.5044,4110.5527
forecast_6437,2025-09-26 5:00,4499.4453,3453.6606,3147.957900000003
forecast_6438,2025-09-26 6:00,3842.1294000000025,3079.517800000003,2541.6191000000026
forecast_6439,2025-09-26 7:00,3054.6562000000026,2601.2706000000026,2269.662000000003
forecast_6440,2025-09-26 8:00,2534.9667000000027,2409.9202000000028,2063.3012000000026
forecast_6441,2025-09-26 9:00,2343.8374000000026,2420.475100000003,2005.8226000000027
forecast_6442,2025-09-26 10:00,2119.7032000000027,2046.0665000000026,1882.7508500000026
forecast_6443,2025-09-26 11:00,2068.7562000000025,2013.4814000000024,1896.4980500000029
forecast_6444,2025-09-26 12:00,2048.639200000003,1970.5262000000025,1881.4775400000026
forecast_6445,2025-09-26 13:00,2025.5365000000024,1964.5485000000026,1882.7508500000026
forecast_6446,2025-09-26 14:00,2023.4660000000026,1977.9535000000028,1901.7148400000028
forecast_6447,2025-09-26 15:00,2051.9067000000027,1963.3495000000025,1895.5508000000027
forecast_6448,2025-09-26 16:00,2076.7900000000027,1947.5115000000028,1893.7428600000026
forecast_6449,2025-09-26 17:00,2093.507700000003,1990.8937000000028,1895.5508000000027
forecast_6450,2025-09-26 18:00,2153.0944000000027,2002.7063000000026,1895.5508000000027
forecast_6451,2025-09-26 19:00,2305.2767000000026,2125.2324000000026,1906.542800000003
forecast_6452,2025-09-26 20:00,2355.7533000000026,2199.503400000003,1953.2026000000028
forecast_6453,2025-09-26 21:00,2356.7699000000025,2199.8442000000027,1953.2026000000028
forecast_6454,2025-09-26 22:00,2643.1594000000027,2406.0950000000025,2025.4051500000028
forecast_6455,2025-09-26 23:00,2748.3054000000025,2565.5923000000025,2061.7433500000025
forecast_6456,2025-09-27 0:00,2720.370100000003,2545.4470000000024,2044.3915000000027
forecast_6457,2025-09-27 1:00,2711.7727000000027,2596.6752000000024,2113.134770000003
forecast_6458,2025-09-27 2:00,2701.2137000000025,2517.0289000000025,2076.065370000003
forecast_6459,2025-09-27 3:00,2840.7688000000026,2759.8763000000026,2178.3893400000024
forecast_6460,2025-09-27 4:00,3028.1182000000026,2974.495600000003,2217.8605000000025
forecast_6461,2025-09-27 5:00,3093.390100000003,3024.300000000003,2225.6052000000027
forecast_6462,2025-09-27 6:00,3360.5613000000026,3135.6643000000026,2256.347700000003
forecast_6463,2025-09-27 7:00,3824.583500000003,3431.4846000000025,2322.394400000003
forecast_6464,2025-09-27 8:00,3479.975300000003,3133.717000000003,2232.4603000000025
forecast_6465,2025-09-27 9:00,2980.1123000000025,2691.2630000000026,2113.9311000000025
forecast_6466,2025-09-27 10:00,2502.1023000000027,2208.8036000000025,2018.8980000000029
forecast_6467,2025-09-27 11:00,2222.371200000003,2072.3795000000027,2046.5456500000028
forecast_6468,2025-09-27 12:00,2146.2957000000024,2012.0048000000024,2023.3440600000026
forecast_6469,2025-09-27 13:00,2143.3690000000024,1996.6196000000027,2017.6586000000027
forecast_6470,2025-09-27 14:00,2128.9900000000025,1971.2861000000025,1934.7250400000028
forecast_6471,2025-09-27 15:00,2152.4124000000024,2012.1128000000026,2067.2315000000026
forecast_6472,2025-09-27 16:00,2286.2477000000026,2131.2118000000028,2138.3995400000026
forecast_6473,2025-09-27 17:00,2301.054000000003,2182.5092000000027,2106.8603500000027
forecast_6474,2025-09-27 18:00,2542.1409000000026,2391.2365000000027,2059.548340000003
forecast_6475,2025-09-27 19:00,3049.789000000003,2851.448100000003,2181.267200000003
forecast_6476,2025-09-27 20:00,2801.7767000000026,2739.5193000000027,2178.4946000000027
forecast_6477,2025-09-27 21:00,2993.3848000000025,2849.5521000000026,2203.688000000003
forecast_6478,2025-09-27 22:00,3522.4282,3659.4734,3052.9514000000026
forecast_6479,2025-09-27 23:00,3546.739,3635.5088,3164.111200000003
forecast_6480,2025-09-28 0:00,4095.969500000003,3474.2551,3014.374600000003
forecast_6481,2025-09-28 1:00,5292.0903,5747.707,4082.4860000000026
forecast_6482,2025-09-28 2:00,6596.1123,6873.4897,3356.8809
forecast_6483,2025-09-28 3:00,7064.868,8032.481,4131.3423
forecast_6484,2025-09-28 4:00,6290.9087,7961.0815,4022.8066
forecast_6485,2025-09-28 5:00,6500.836,8068.698,3718.2786
forecast_6486,2025-09-28 6:00,4842.0605,5335.0684,3565.0137000000027
forecast_6487,2025-09-28 7:00,4858.656,5598.065,3717.7630000000026
forecast_6488,2025-09-28 8:00,4612.7607,5893.3813,3935.327400000003
forecast_6489,2025-09-28 9:00,3947.1802,4468.833,3347.2097000000026
forecast_6490,2025-09-28 10:00,5889.4097,6149.7847,3542.3923
forecast_6491,2025-09-28 11:00,3968.77,3854.028,3281.0334000000025
forecast_6492,2025-09-28 12:00,3973.816400000003,3985.6614000000027,2789.0237000000025
forecast_6493,2025-09-28 13:00,3760.3460000000027,3392.275,2554.0844000000025
forecast_6494,2025-09-28 14:00,3932.694,4416.7104,3618.896000000003
forecast_6495,2025-09-28 15:00,4597.8994,4979.757,3761.7110000000025
forecast_6496,2025-09-28 16:00,4874.6323,5098.641,3737.2913000000026
forecast_6497,2025-09-28 17:00,4939.9,5220.331,3778.1448000000028
forecast_6498,2025-09-28 18:00,4323.6245,4395.6567,3524.3313000000026
forecast_6499,2025-09-28 19:00,4277.8164,4333.5137,3447.7603000000026
forecast_6500,2025-09-28 20:00,4572.1406,4708.027,3713.166700000003
forecast_6501,2025-09-28 21:00,5181.8555,5374.9326,4191.143000000003
forecast_6502,2025-09-28 22:00,4638.198,4582.251,3774.302200000003
forecast_6503,2025-09-28 23:00,4281.138,4015.6348,3384.0168000000026
forecast_6504,2025-09-29 0:00,3875.3352,3490.351,3057.1384000000025
forecast_6505,2025-09-29 1:00,3383.5596,3417.4233,2823.0952000000025
forecast_6506,2025-09-29 2:00,4172.090800000003,4027.7324000000026,2706.3676000000028
forecast_6507,2025-09-29 3:00,4035.714800000003,3772.0515000000028,2553.0925000000025
forecast_6508,2025-09-29 4:00,3461.677,3474.3972,2881.9855000000025
forecast_6509,2025-09-29 5:00,3722.0562000000027,3394.4312000000027,2435.179100000003
forecast_6510,2025-09-29 6:00,3393.2830000000026,2920.8298000000027,2204.281600000003
forecast_6511,2025-09-29 7:00,2907.6173000000026,2473.9279000000024,2112.0474000000027
forecast_6512,2025-09-29 8:00,2606.9211000000028,2324.123700000003,2056.8720000000026
forecast_6513,2025-09-29 9:00,2502.0615000000025,2220.7635000000028,2019.2760000000026
forecast_6514,2025-09-29 10:00,2168.7540000000026,1986.8412000000026,1914.7707000000028
forecast_6515,2025-09-29 11:00,2178.6389000000026,2032.3705000000027,1901.2930000000028
forecast_6516,2025-09-29 12:00,2160.9885000000027,2006.9656000000027,1906.542800000003
forecast_6517,2025-09-29 13:00,2153.1821000000027,1990.7493000000027,1988.2680000000028
forecast_6518,2025-09-29 14:00,2260.4005000000025,2274.4926000000028,2059.1333000000027
forecast_6519,2025-09-29 15:00,2249.4037000000026,2254.6361000000024,2059.1333000000027
forecast_6520,2025-09-29 16:00,2324.3219000000026,2414.2915000000025,2059.1333000000027
forecast_6521,2025-09-29 17:00,2336.2920000000026,2362.5986000000025,2049.8025500000026
forecast_6522,2025-09-29 18:00,2284.8916000000027,2298.3137000000024,1972.4225000000029
forecast_6523,2025-09-29 19:00,2335.8785000000025,2319.934600000003,1964.1945000000028
forecast_6524,2025-09-29 20:00,2342.9788000000026,2260.4746000000027,1972.4225000000029
forecast_6525,2025-09-29 21:00,2483.5721000000026,2419.5317000000027,1985.5441000000028
forecast_6526,2025-09-29 22:00,3235.708500000003,3329.7734000000028,2444.2770000000028
forecast_6527,2025-09-29 23:00,3579.7100000000028,3505.833700000003,2667.219000000003
forecast_6528,2025-09-30 0:00,3096.066200000003,3033.000700000003,2369.0305000000026
forecast_6529,2025-09-30 1:00,3973.4258000000027,3718.226000000003,3081.2966000000024
forecast_6530,2025-09-30 2:00,3500.1648,4018.0251000000026,3082.787400000003
forecast_6531,2025-09-30 3:00,3609.236800000003,3274.0173000000027,2411.7890000000025
forecast_6532,2025-09-30 4:00,3923.209,3564.994,3313.527300000003
forecast_6533,2025-09-30 5:00,3942.5056000000027,3425.4343000000026,2788.876600000003
forecast_6534,2025-09-30 6:00,3492.8015000000028,3142.762200000003,2588.7314000000024
forecast_6535,2025-09-30 7:00,3027.380000000003,2677.4961000000026,2328.6950000000024
forecast_6536,2025-09-30 8:00,2708.9755000000027,2501.8484000000026,2231.228000000003
forecast_6537,2025-09-30 9:00,2387.9397000000026,2245.7584000000024,2103.1656500000026
forecast_6538,2025-09-30 10:00,2170.4722000000024,2098.0946000000026,2126.074770000003
forecast_6539,2025-09-30 11:00,2114.3263000000024,2061.5844000000025,2069.105500000003
forecast_6540,2025-09-30 12:00,2652.2749000000026,2647.0696000000025,2500.676800000003
forecast_6541,2025-09-30 13:00,2282.4048000000025,2250.9642000000026,2147.9289000000026
forecast_6542,2025-09-30 14:00,2366.3481000000024,2348.8334000000027,2174.644400000003
forecast_6543,2025-09-30 15:00,2736.3273000000027,2641.3425000000025,2425.015000000003
forecast_6544,2025-09-30 16:00,2819.9539000000027,2744.187300000003,2420.053600000003
forecast_6545,2025-09-30 17:00,2813.7029000000025,2513.7393000000025,2368.085600000003
forecast_6546,2025-09-30 18:00,3639.7976000000026,3423.9890000000028,2666.008800000003
forecast_6547,2025-09-30 19:00,3547.752,3954.4602000000027,3000.079300000003
forecast_6548,2025-09-30 20:00,4618.739,4634.565,3756.5860000000025
forecast_6549,2025-09-30 21:00,5952.3594,5559.9673,3353.186
forecast_6550,2025-09-30 22:00,6393.741,6153.1753,3929.7861
forecast_6551,2025-09-30 23:00,6334.7554,6473.329,4090.2212
forecast_6552,2025-10-01 0:00,7882.0474,7786.589,5063.9756
forecast_6553,2025-10-01 1:00,9397.031,8769.92,5854.425
forecast_6554,2025-10-01 2:00,10015.06,10157.672,6675.4775
forecast_6555,2025-10-01 3:00,9946.801,10202.644,6308.573
forecast_6556,2025-10-01 4:00,9762.929,10194.812,6209.6743
forecast_6557,2025-10-01 5:00,9625.976,10010.135,5986.339
forecast_6558,2025-10-01 6:00,9528.208,9337.328,5635.449
forecast_6559,2025-10-01 7:00,8570.735,8469.623,5223.253
forecast_6560,2025-10-01 8:00,4576.039,4504.3584,3077.579200000003
forecast_6561,2025-10-01 9:00,3261.8308,3871.8010000000027,2641.488900000003
forecast_6562,2025-10-01 10:00,2902.1765000000028,2530.2380000000026,2166.604400000003
forecast_6563,2025-10-01 11:00,2653.0177000000026,2414.362000000003,2196.293300000003
forecast_6564,2025-10-01 12:00,2935.9747000000025,2614.9938000000025,2202.965000000003
forecast_6565,2025-10-01 13:00,3545.328100000003,3136.854200000003,2448.1636000000026
forecast_6566,2025-10-01 14:00,3706.037800000003,3304.1448000000028,2524.890400000003
forecast_6567,2025-10-01 15:00,3645.685300000003,3250.3830000000025,2495.2072000000026
forecast_6568,2025-10-01 16:00,3552.1448000000028,2965.1738000000028,2461.064000000003
forecast_6569,2025-10-01 17:00,3661.725800000003,3260.5613000000026,2560.9004000000027
forecast_6570,2025-10-01 18:00,3882.8994,3502.3022,3011.0103000000026
forecast_6571,2025-10-01 19:00,6819.054,6102.8755,3491.7478
forecast_6572,2025-10-01 20:00,8838.604,8519.636,5156.71
forecast_6573,2025-10-01 21:00,7432.1514,7102.321,3748.4968
forecast_6574,2025-10-01 22:00,7006.526,6193.533,3625.9382
forecast_6575,2025-10-01 23:00,6524.126,5761.315,4161.792700000003
forecast_6576,2025-10-02 0:00,6416.43,5868.9688,3461.3625
forecast_6577,2025-10-02 1:00,8063.627,8689.856,5057.568
forecast_6578,2025-10-02 2:00,7310.596,7863.8193,4401.7866
forecast_6579,2025-10-02 3:00,7104.2793,7290.6445,3833.0876
forecast_6580,2025-10-02 4:00,5216.7153,4452.645,3537.2942000000025
forecast_6581,2025-10-02 5:00,4089.388,4093.9536000000026,3050.880900000003
forecast_6582,2025-10-02 6:00,3241.2466,3401.8774000000026,2597.960100000003
forecast_6583,2025-10-02 7:00,3640.449500000003,3045.3860000000027,2329.015400000003
forecast_6584,2025-10-02 8:00,2731.7313000000026,2405.848500000003,2108.761500000003
forecast_6585,2025-10-02 9:00,2168.8427000000024,2073.2501000000025,1964.1945000000028
forecast_6586,2025-10-02 10:00,2071.6254000000026,1977.8010000000027,1895.5508000000027
forecast_6587,2025-10-02 11:00,2027.9661000000028,1938.6965000000027,1906.542800000003
forecast_6588,2025-10-02 12:00,2044.5377000000026,1955.6335000000026,1906.542800000003
forecast_6589,2025-10-02 13:00,2027.7295000000026,1955.4653000000026,1906.542800000003
forecast_6590,2025-10-02 14:00,2026.4106000000024,2040.6902000000027,1959.9533000000029
forecast_6591,2025-10-02 15:00,2030.8967000000025,2047.9086000000025,1979.8929400000027
forecast_6592,2025-10-02 16:00,2034.7086000000027,2054.3269000000028,1927.036500000003
forecast_6593,2025-10-02 17:00,2094.0215000000026,2042.0582000000027,1953.2026000000028
forecast_6594,2025-10-02 18:00,2168.467200000003,2011.4011000000028,1957.9371000000028
forecast_6595,2025-10-02 19:00,2278.383800000003,2097.8457000000026,2007.8031600000027
forecast_6596,2025-10-02 20:00,2342.7003000000027,2111.5714000000025,1986.9930000000027
forecast_6597,2025-10-02 21:00,2415.0918000000024,2201.3520000000026,1953.2026000000028
forecast_6598,2025-10-02 22:00,2509.2963000000027,2212.5698000000025,1953.2026000000028
forecast_6599,2025-10-02 23:00,2493.9203000000025,2289.6245000000026,1991.1025400000026
forecast_6600,2025-10-03 0:00,2729.841100000003,2409.2303000000024,1977.9286500000026
forecast_6601,2025-10-03 1:00,3929.1467000000025,4001.9055000000026,2413.775300000003
forecast_6602,2025-10-03 2:00,3953.8882000000026,3900.3410000000026,2400.4004000000027
forecast_6603,2025-10-03 3:00,4039.0874000000026,3906.3464000000026,2282.1726000000026
forecast_6604,2025-10-03 4:00,4026.9114000000027,3874.767600000003,2286.6499000000026
forecast_6605,2025-10-03 5:00,4203.478500000003,3797.534700000003,2311.678600000003
forecast_6606,2025-10-03 6:00,3437.337,3390.6921,2621.7291000000027
forecast_6607,2025-10-03 7:00,3579.6626,3472.1057,2661.3912000000028
forecast_6608,2025-10-03 8:00,3764.084,3868.357,2995.3834000000024
forecast_6609,2025-10-03 9:00,3601.1025,4069.5786,2998.5139000000026
forecast_6610,2025-10-03 10:00,3727.6086,4220.883,3333.8970000000027
forecast_6611,2025-10-03 11:00,3982.4824,4607.185,3558.3347000000026
forecast_6612,2025-10-03 12:00,4697.5503,5796.3853,3317.87
forecast_6613,2025-10-03 13:00,3863.538,4319.691,3433.154300000003
forecast_6614,2025-10-03 14:00,3483.3372,3403.2085,3007.1307000000024
forecast_6615,2025-10-03 15:00,3250.1074,3915.065700000003,2666.497100000003
forecast_6616,2025-10-03 16:00,3954.8896,3713.086,3005.8318000000027
forecast_6617,2025-10-03 17:00,4383.288,4291.942,3215.7603000000026
forecast_6618,2025-10-03 18:00,4989.45,4554.4717,3273.400000000003
forecast_6619,2025-10-03 19:00,6726.827,7188.4746,4070.0972
forecast_6620,2025-10-03 20:00,6027.5054,5299.9673,3590.7668000000026
forecast_6621,2025-10-03 21:00,6482.563,5311.4395,3390.966300000003
forecast_6622,2025-10-03 22:00,5697.383,4994.136,3231.142600000003
forecast_6623,2025-10-03 23:00,5065.7676,4108.108,2839.2638000000024
forecast_6624,2025-10-04 0:00,4200.8975,3935.3252,2727.848500000003
forecast_6625,2025-10-04 1:00,4365.3306,4048.8313,2795.9215000000027
forecast_6626,2025-10-04 2:00,3657.9775,3418.522,2660.9967000000024
forecast_6627,2025-10-04 3:00,3884.5925,3844.2588,2881.3165000000026
forecast_6628,2025-10-04 4:00,3414.4675,3278.8994,2728.2367000000027
forecast_6629,2025-10-04 5:00,3524.557,3413.6384,2640.947500000003
forecast_6630,2025-10-04 6:00,3460.6663,4084.003700000003,2604.783800000003
forecast_6631,2025-10-04 7:00,4132.135000000003,4086.891000000003,2580.7511000000027
forecast_6632,2025-10-04 8:00,4046.963900000003,4061.4482000000025,2618.877300000003
forecast_6633,2025-10-04 9:00,3804.0308000000027,3922.7039000000027,2508.940700000003
forecast_6634,2025-10-04 10:00,3208.5870000000027,3115.767600000003,2213.300900000003
forecast_6635,2025-10-04 11:00,3018.5962000000027,2893.4021000000025,2164.032200000003
forecast_6636,2025-10-04 12:00,3056.5910000000026,2884.5860000000025,2254.8173000000024
forecast_6637,2025-10-04 13:00,2716.4340000000025,2719.324000000003,2148.9485000000027
forecast_6638,2025-10-04 14:00,2617.7137000000025,2637.6996000000026,2152.219700000003
forecast_6639,2025-10-04 15:00,2580.9650000000024,2658.6173000000026,2217.9624000000026
forecast_6640,2025-10-04 16:00,2635.5377000000026,2622.2491000000027,2103.3459500000026
forecast_6641,2025-10-04 17:00,2829.1588000000024,2821.3478000000027,2183.786700000003
forecast_6642,2025-10-04 18:00,2998.5537000000027,2990.5312000000026,2244.0701000000026
forecast_6643,2025-10-04 19:00,2987.8597000000027,2889.8260000000028,2262.625600000003
forecast_6644,2025-10-04 20:00,3125.986600000003,3039.8286000000026,2390.6688000000026
forecast_6645,2025-10-04 21:00,3428.3257000000026,3223.2698000000028,2387.3969000000025
forecast_6646,2025-10-04 22:00,2953.5934000000025,2932.2122000000027,2314.344500000003
forecast_6647,2025-10-04 23:00,2707.825800000003,2722.7429000000025,2314.228900000003
forecast_6648,2025-10-05 0:00,2530.7557000000024,2638.8805000000025,2257.278900000003
forecast_6649,2025-10-05 1:00,2592.1439000000028,2562.9920000000025,2147.260250000003
forecast_6650,2025-10-05 2:00,2582.8806000000027,2489.9023000000025,2151.7372400000027
forecast_6651,2025-10-05 3:00,2587.940700000003,2471.1658000000025,2156.818240000003
forecast_6652,2025-10-05 4:00,2432.1758000000027,2334.187100000003,1964.1945000000028
forecast_6653,2025-10-05 5:00,2445.7883000000024,2313.6523000000025,1988.6063000000026
forecast_6654,2025-10-05 6:00,2434.7069000000024,2246.5793000000026,1980.0032000000028
forecast_6655,2025-10-05 7:00,2379.4451000000026,2244.7866000000026,1973.4509000000028
forecast_6656,2025-10-05 8:00,2349.0112000000026,2154.8179000000027,1973.0461000000028
forecast_6657,2025-10-05 9:00,2353.316800000003,2120.6838000000025,1973.4509000000028
forecast_6658,2025-10-05 10:00,2351.4255000000026,2124.8026000000027,1964.1945000000028
forecast_6659,2025-10-05 11:00,2406.5690000000027,2229.5660000000025,1982.6423000000027
forecast_6660,2025-10-05 12:00,2269.6508000000026,2068.7802000000024,1964.1945000000028
forecast_6661,2025-10-05 13:00,2242.1746000000026,2039.2688000000026,1953.2026000000028
forecast_6662,2025-10-05 14:00,2264.0067000000026,2006.7070000000026,1964.1945000000028
forecast_6663,2025-10-05 15:00,2322.9838000000027,2155.3796000000025,1972.4225000000029
forecast_6664,2025-10-05 16:00,2446.3234000000025,2323.775900000003,1964.1945000000028
forecast_6665,2025-10-05 17:00,2240.9404000000027,2195.4642000000026,1953.2026000000028
forecast_6666,2025-10-05 18:00,2346.2015000000024,2389.2902000000026,1980.4360000000029
forecast_6667,2025-10-05 19:00,2821.756800000003,2987.693600000003,2113.5514500000027
forecast_6668,2025-10-05 20:00,3053.6992000000027,3159.2454000000025,2112.115400000003
forecast_6669,2025-10-05 21:00,3163.3360000000025,3368.3230000000026,2244.018600000003
forecast_6670,2025-10-05 22:00,3314.311000000003,3360.3513000000025,2242.696200000003
forecast_6671,2025-10-05 23:00,3494.927200000003,3470.277300000003,2240.061200000003
forecast_6672,2025-10-06 0:00,3176.4631000000027,3136.1785000000027,2059.1333000000027
forecast_6673,2025-10-06 1:00,3257.043200000003,3173.599400000003,2281.4874000000027
forecast_6674,2025-10-06 2:00,3882.787600000003,3707.373300000003,2390.2014000000026
forecast_6675,2025-10-06 3:00,3836.3315,4059.6174,2944.2502000000027
forecast_6676,2025-10-06 4:00,3848.6885,4593.2354,3169.2238000000025
forecast_6677,2025-10-06 5:00,4349.8555,5151.727,3544.3774000000026
forecast_6678,2025-10-06 6:00,5930.6577,7416.818,4295.3354
forecast_6679,2025-10-06 7:00,7736.2324,9675.734,6770.197
forecast_6680,2025-10-06 8:00,10269.971,12605.139,9889.223
forecast_6681,2025-10-06 9:00,10134.478,12270.707,9497.044
forecast_6682,2025-10-06 10:00,9394.711,11770.296,8678.669
forecast_6683,2025-10-06 11:00,8119.355,10159.484,6606.782
forecast_6684,2025-10-06 12:00,7371.194,8616.8,5523.675
forecast_6685,2025-10-06 13:00,5970.882,7105.6655,3926.9487
forecast_6686,2025-10-06 14:00,4650.2856,5479.0156,4121.005900000003
forecast_6687,2025-10-06 15:00,3923.647,4431.7246,3414.489300000003
forecast_6688,2025-10-06 16:00,4583.8584,4734.094,3794.5227000000027
forecast_6689,2025-10-06 17:00,6384.4873,7196.518,4251.2153
forecast_6690,2025-10-06 18:00,7881.531,8757.859,6242.051
forecast_6691,2025-10-06 19:00,8170.2056,8598.961,6225.9434
forecast_6692,2025-10-06 20:00,8721.63,9921.301,7213.978
forecast_6693,2025-10-06 21:00,9683.89,11041.561,8266.287
forecast_6694,2025-10-06 22:00,11524.375,13543.212,9806.924
forecast_6695,2025-10-06 23:00,12408.379,14727.357,10269.189
forecast_6696,2025-10-07 0:00,13604.232,15805.005,11537.384
forecast_6697,2025-10-07 1:00,10709.836,13497.185,9527.623
forecast_6698,2025-10-07 2:00,9571.611,11867.621,7782.4746
forecast_6699,2025-10-07 3:00,9640.972,11649.059,7921.082
forecast_6700,2025-10-07 4:00,8804.058,11235.5,6967.6875
forecast_6701,2025-10-07 5:00,8259.866,10958.179,6784.8457
forecast_6702,2025-10-07 6:00,9128.972,11519.3955,7336.891
forecast_6703,2025-10-07 7:00,8527.119,10514.16,6507.0684
forecast_6704,2025-10-07 8:00,7786.234,9913.879,6055.2026
forecast_6705,2025-10-07 9:00,7454.871,8788.984,5120.4917
forecast_6706,2025-10-07 10:00,6169.89,7246.795,3645.6526
forecast_6707,2025-10-07 11:00,4819.94,5446.8403,3676.9478000000026
forecast_6708,2025-10-07 12:00,4141.628,3901.0122,2942.9900000000025
forecast_6709,2025-10-07 13:00,3901.1458,3759.6587,2860.778900000003
forecast_6710,2025-10-07 14:00,3617.1265,3269.0457,2743.5852000000027
forecast_6711,2025-10-07 15:00,3264.0828,3618.5762000000027,2692.118800000003
forecast_6712,2025-10-07 16:00,3880.2417000000028,3517.716600000003,2469.1250000000027
forecast_6713,2025-10-07 17:00,3599.527300000003,3315.6472000000026,2331.8745000000026
forecast_6714,2025-10-07 18:00,3458.3376000000026,3150.7205000000026,2272.4297000000024
forecast_6715,2025-10-07 19:00,3154.228500000003,2930.5461000000028,2126.183530000003
forecast_6716,2025-10-07 20:00,2875.0487000000026,2538.7305000000024,1991.9408000000026
forecast_6717,2025-10-07 21:00,2506.0293000000024,2241.0145000000025,2127.4150400000026
forecast_6718,2025-10-07 22:00,2566.9880000000026,2302.5963000000024,2007.1449600000028
forecast_6719,2025-10-07 23:00,2624.0944000000027,2257.8295000000026,2075.951500000003
forecast_6720,2025-10-08 0:00,2640.5856000000026,2372.0051000000026,2026.1700000000028
forecast_6721,2025-10-08 1:00,2415.2269000000024,2245.6372000000024,2032.2191000000028
forecast_6722,2025-10-08 2:00,2398.2826000000027,2239.7362000000026,1996.5408000000027
forecast_6723,2025-10-08 3:00,2446.6759000000025,2249.723500000003,1992.1324500000028
forecast_6724,2025-10-08 4:00,2534.3762000000024,2360.4347000000025,1983.0766600000027
forecast_6725,2025-10-08 5:00,2618.378200000003,2395.8243000000025,2049.8025500000026
forecast_6726,2025-10-08 6:00,2536.1926000000026,2389.1702000000028,2055.928800000003
forecast_6727,2025-10-08 7:00,2627.3513000000025,2481.1750000000025,2059.1333000000027
forecast_6728,2025-10-08 8:00,2547.5344000000027,2424.3981000000026,1979.4919400000026
forecast_6729,2025-10-08 9:00,2498.0180000000028,2537.4857000000025,2098.2772000000027
forecast_6730,2025-10-08 10:00,2469.3115000000025,2560.7310000000025,2115.7484000000027
forecast_6731,2025-10-08 11:00,2360.2604000000024,2489.9497000000024,2004.0203000000029
forecast_6732,2025-10-08 12:00,2270.3412000000026,2322.1150000000025,1993.5517000000027
forecast_6733,2025-10-08 13:00,2274.5066000000024,2285.2263000000025,1988.4375000000027
forecast_6734,2025-10-08 14:00,2259.8271000000027,2337.1841000000027,2065.6715000000027
forecast_6735,2025-10-08 15:00,2272.1794000000027,2454.4061000000024,2121.5769000000028
forecast_6736,2025-10-08 16:00,2518.0344000000027,2691.1593000000025,2166.699770000003
forecast_6737,2025-10-08 17:00,2821.4525000000026,2942.515600000003,2322.9008000000026
forecast_6738,2025-10-08 18:00,3118.653600000003,3262.8604000000028,2369.5339000000026
forecast_6739,2025-10-08 19:00,3960.2354000000028,4093.546600000003,2680.6014000000027
forecast_6740,2025-10-08 20:00,3263.1367,4141.934,3063.950200000003
forecast_6741,2025-10-08 21:00,3499.7644,4114.9756,3148.2529000000027
forecast_6742,2025-10-08 22:00,4358.493,5525.618,3913.757000000003
forecast_6743,2025-10-08 23:00,5059.653,6511.697,4237.739500000003
forecast_6744,2025-10-09 0:00,5461.678,7214.0796,3906.652
forecast_6745,2025-10-09 1:00,5584.2925,7371.5913,4333.2954
forecast_6746,2025-10-09 2:00,6947.0117,8944.635,5720.6387
forecast_6747,2025-10-09 3:00,6031.854,8110.079,4004.5105
forecast_6748,2025-10-09 4:00,5197.4062,6610.2407,3615.7764
forecast_6749,2025-10-09 5:00,5585.774,7664.9507,3793.76
forecast_6750,2025-10-09 6:00,6881.7134,8530.836,4759.489
forecast_6751,2025-10-09 7:00,5705.923,8170.471,4362.0127
forecast_6752,2025-10-09 8:00,5091.6235,6917.6543,3719.0579
forecast_6753,2025-10-09 9:00,5067.232,6763.1396,3752.8342
forecast_6754,2025-10-09 10:00,4264.7544,5429.4966,3874.4280000000026
forecast_6755,2025-10-09 11:00,3474.954,4509.413,3508.3884000000025
forecast_6756,2025-10-09 12:00,3271.591,3867.6897,3158.6469000000025
forecast_6757,2025-10-09 13:00,3697.9907000000026,4027.2952000000028,2805.889900000003
forecast_6758,2025-10-09 14:00,3669.785400000003,3917.075400000003,2766.738000000003
forecast_6759,2025-10-09 15:00,3547.0780000000027,3800.554000000003,2655.042800000003
forecast_6760,2025-10-09 16:00,3574.2205000000026,3812.836400000003,2675.463700000003
forecast_6761,2025-10-09 17:00,3447.6636000000026,3700.9750000000026,2604.330200000003
forecast_6762,2025-10-09 18:00,3497.7598000000025,3705.369900000003,2524.808100000003
forecast_6763,2025-10-09 19:00,3498.2410000000027,3696.7210000000027,2490.4238000000028
forecast_6764,2025-10-09 20:00,3447.173600000003,3479.0060000000026,2469.9982000000027
forecast_6765,2025-10-09 21:00,3426.501200000003,3205.7210000000027,2368.6041000000027
forecast_6766,2025-10-09 22:00,3305.1616000000026,3022.0532000000026,2312.748000000003
forecast_6767,2025-10-09 23:00,3282.1423000000027,2986.1096000000025,2242.084200000003
forecast_6768,2025-10-10 0:00,3304.4966000000027,3002.2960000000026,2166.517330000003
forecast_6769,2025-10-10 1:00,3499.884500000003,3272.946300000003,2405.0171000000028
forecast_6770,2025-10-10 2:00,3692.0496000000026,3421.9790000000025,2372.2769000000026
forecast_6771,2025-10-10 3:00,3921.5330000000026,3685.020500000003,2452.351300000003
forecast_6772,2025-10-10 4:00,3979.3315000000025,3744.1526000000026,2468.965200000003
forecast_6773,2025-10-10 5:00,3857.2178000000026,3583.932600000003,2423.0583000000024
forecast_6774,2025-10-10 6:00,3833.6494000000025,3603.2650000000026,2459.514900000003
forecast_6775,2025-10-10 7:00,3843.378400000003,3800.5571000000027,2549.6254000000026
forecast_6776,2025-10-10 8:00,4182.008500000003,3489.0522,2788.3717000000024
forecast_6777,2025-10-10 9:00,3896.264200000003,3994.1335000000026,2669.1177000000025
forecast_6778,2025-10-10 10:00,3746.5737000000026,3739.3894000000028,2535.091400000003
forecast_6779,2025-10-10 11:00,3595.0735000000027,3567.382000000003,2494.985200000003
forecast_6780,2025-10-10 12:00,3366.0256000000027,3558.347400000003,2578.6578000000027
forecast_6781,2025-10-10 13:00,3467.867000000003,3772.0366000000026,2722.875700000003
forecast_6782,2025-10-10 14:00,3523.610000000003,3789.8687000000027,2783.0066000000024
forecast_6783,2025-10-10 15:00,3644.4820000000027,4016.248300000003,2904.412400000003
forecast_6784,2025-10-10 16:00,3627.0923000000025,3544.5056000000027,2683.5278000000026
forecast_6785,2025-10-10 17:00,3355.3079000000025,3337.066200000003,2355.3788000000027
forecast_6786,2025-10-10 18:00,3323.578100000003,3222.549300000003,2299.8988000000027
forecast_6787,2025-10-10 19:00,3651.2580000000025,3606.8835000000026,2490.1088000000027
forecast_6788,2025-10-10 20:00,4006.9770000000026,3752.7270000000026,2493.322100000003
forecast_6789,2025-10-10 21:00,3318.0935,3477.4177,2921.0144000000028
forecast_6790,2025-10-10 22:00,3748.8022,4217.16,3124.605800000003
forecast_6791,2025-10-10 23:00,3667.6052,4442.15,3310.4429000000027
forecast_6792,2025-10-11 0:00,4776.3765,5259.272,3687.703100000003
forecast_6793,2025-10-11 1:00,5389.604,6241.3975,4186.913800000002
forecast_6794,2025-10-11 2:00,5608.246,6753.1235,3273.8374
forecast_6795,2025-10-11 3:00,6758.64,8032.821,3889.8806
forecast_6796,2025-10-11 4:00,7877.1533,9804.296,5164.4473
forecast_6797,2025-10-11 5:00,10039.997,12518.404,8388.385
forecast_6798,2025-10-11 6:00,9738.96,12245.553,8107.0312
forecast_6799,2025-10-11 7:00,9663.687,12525.495,8130.692
forecast_6800,2025-10-11 8:00,10319.2,12444.541,8395.67
forecast_6801,2025-10-11 9:00,10106.281,12315.276,7953.2334
forecast_6802,2025-10-11 10:00,8993.282,10871.569,7553.4307
forecast_6803,2025-10-11 11:00,8447.103,10409.7295,7498.286
forecast_6804,2025-10-11 12:00,8843.829,10900.727,8250.09
forecast_6805,2025-10-11 13:00,9871.743,10720.204,9144.675
forecast_6806,2025-10-11 14:00,9966.953,11202.006,8481.349
forecast_6807,2025-10-11 15:00,11598.542,12326.166,9913.162
forecast_6808,2025-10-11 16:00,12125.913,12907.424,10198.908
forecast_6809,2025-10-11 17:00,11341.344,12248.66,9658.087
forecast_6810,2025-10-11 18:00,11368.625,12479.725,9937.709
forecast_6811,2025-10-11 19:00,12540.564,13367.514,11113.765
forecast_6812,2025-10-11 20:00,13194.426,14059.637,11758.255
forecast_6813,2025-10-11 21:00,12983.623,14163.841,11180.389
forecast_6814,2025-10-11 22:00,12234.206,13986.416,10940.289
forecast_6815,2025-10-11 23:00,11989.311,13650.902,10074.65
forecast_6816,2025-10-12 0:00,10548.502,11342.551,8304.424
forecast_6817,2025-10-12 1:00,11720.912,12870.246,9747.913
forecast_6818,2025-10-12 2:00,9539.242,10126.228,7729.9883
forecast_6819,2025-10-12 3:00,7550.464,8078.946,4639.902
forecast_6820,2025-10-12 4:00,7152.786,7846.695,4540.1606
forecast_6821,2025-10-12 5:00,4866.303,5190.6987,4292.710700000003
forecast_6822,2025-10-12 6:00,4184.504200000002,3261.1313,2852.868800000003
forecast_6823,2025-10-12 7:00,3366.9410000000025,3423.7837000000027,2678.0017000000025
forecast_6824,2025-10-12 8:00,3569.817100000003,3655.4514000000026,2868.234400000003
forecast_6825,2025-10-12 9:00,3591.0771,3887.823,3382.699000000003
forecast_6826,2025-10-12 10:00,4637.8755,5351.114,3407.4575
forecast_6827,2025-10-12 11:00,5579.305,7147.437,4885.7812
forecast_6828,2025-10-12 12:00,5401.3384,7213.421,4437.579
forecast_6829,2025-10-12 13:00,5116.013,6942.0825,4131.6675
forecast_6830,2025-10-12 14:00,5829.354,7860.3247,4878.8584
forecast_6831,2025-10-12 15:00,5444.5757,8401.023,5400.584
forecast_6832,2025-10-12 16:00,4981.5024,6551.0317,4054.4019
forecast_6833,2025-10-12 17:00,5297.4175,7430.908,4842.731
forecast_6834,2025-10-12 18:00,6192.515,8345.172,4986.9946
forecast_6835,2025-10-12 19:00,6857.8696,8941.758,5853.5024
forecast_6836,2025-10-12 20:00,7272.4585,9545.316,5664.189
forecast_6837,2025-10-12 21:00,6758.8677,8118.689,4521.0034
forecast_6838,2025-10-12 22:00,5584.7827,6907.2954,3203.1445
forecast_6839,2025-10-12 23:00,4677.769,5878.0303,3944.5742000000027
forecast_6840,2025-10-13 0:00,4484.1216,5532.614,3644.5935000000027
forecast_6841,2025-10-13 1:00,3794.501,3845.6152,2916.5543000000025
forecast_6842,2025-10-13 2:00,3776.386500000003,3847.119000000003,2639.831200000003
forecast_6843,2025-10-13 3:00,3528.433300000003,3509.4954000000025,2429.632000000003
forecast_6844,2025-10-13 4:00,3162.1128000000026,3162.088000000003,2415.5466000000024
forecast_6845,2025-10-13 5:00,3994.7920000000026,3371.3672,2835.351300000003
forecast_6846,2025-10-13 6:00,3937.665,4535.545,3536.9856000000027
forecast_6847,2025-10-13 7:00,4864.761,6292.0015,3300.5847
forecast_6848,2025-10-13 8:00,4640.2114,5896.841,4236.422400000003
forecast_6849,2025-10-13 9:00,4518.8555,6518.5195,3252.855
forecast_6850,2025-10-13 10:00,4688.1196,5835.4614,4028.398200000003
forecast_6851,2025-10-13 11:00,4362.2964,5873.1025,4269.344200000003
forecast_6852,2025-10-13 12:00,4450.9175,5653.833,4056.528600000003
forecast_6853,2025-10-13 13:00,4316.6177,5321.3765,3803.0317000000027
forecast_6854,2025-10-13 14:00,4213.441,4947.4272,3800.0935000000027
forecast_6855,2025-10-13 15:00,4518.148,5799.7646,4288.488000000003
forecast_6856,2025-10-13 16:00,4674.732,5450.4727,3886.242400000003
forecast_6857,2025-10-13 17:00,5770.4175,6202.3047,3429.5146
forecast_6858,2025-10-13 18:00,5036.8364,5556.2583,3691.1890000000026
forecast_6859,2025-10-13 19:00,5377.0884,6335.3667,4027.371000000003
forecast_6860,2025-10-13 20:00,5266.345,5531.0107,3665.465000000003
forecast_6861,2025-10-13 21:00,6423.8286,6743.1934,3764.8203
forecast_6862,2025-10-13 22:00,5901.313,6455.255,4153.532700000003
forecast_6863,2025-10-13 23:00,5456.7515,6162.8013,3768.725600000003
forecast_6864,2025-10-14 0:00,6335.1567,7310.4893,3156.8416
forecast_6865,2025-10-14 1:00,7641.174,8971.648,4394.3345
forecast_6866,2025-10-14 2:00,7873.466,9807.424,5988.4243
forecast_6867,2025-10-14 3:00,7119.706,8115.6416,3819.0037
forecast_6868,2025-10-14 4:00,6661.1235,6832.9033,3373.1523
forecast_6869,2025-10-14 5:00,6559.986,7678.875,3590.7312
forecast_6870,2025-10-14 6:00,6324.3965,7256.4,3268.6355
forecast_6871,2025-10-14 7:00,6517.651,7889.3906,3945.501
forecast_6872,2025-10-14 8:00,6354.091,7897.0586,3937.5696
forecast_6873,2025-10-14 9:00,6691.1875,8428.599,4880.8867
forecast_6874,2025-10-14 10:00,6378.5693,8238.75,5145.6455
forecast_6875,2025-10-14 11:00,5557.5464,6813.4434,3869.452
forecast_6876,2025-10-14 12:00,5292.671,6625.87,3794.8376
forecast_6877,2025-10-14 13:00,4989.24,6374.4053,3299.2178
forecast_6878,2025-10-14 14:00,4966.392,6709.1953,3732.2456
forecast_6879,2025-10-14 15:00,4544.9033,6169.237,3203.9888
forecast_6880,2025-10-14 16:00,3558.992,4358.655,3223.477800000003
forecast_6881,2025-10-14 17:00,4067.1702,5274.9434,3782.790300000003
forecast_6882,2025-10-14 18:00,3975.966,4705.3003,3552.7227000000025
forecast_6883,2025-10-14 19:00,3988.2458,4540.8003,3215.8945000000026
forecast_6884,2025-10-14 20:00,4508.5054,5142.7715,3575.4087000000027
forecast_6885,2025-10-14 21:00,4354.787,5018.222,3479.0317000000027
forecast_6886,2025-10-14 22:00,4473.846,5104.829,3369.786900000003
forecast_6887,2025-10-14 23:00,5093.8525,5906.5605,3436.5964000000026
forecast_6888,2025-10-15 0:00,4228.6743,4717.9272,3142.054900000003
forecast_6889,2025-10-15 1:00,3748.2961,4425.1694,3046.8412000000026
forecast_6890,2025-10-15 2:00,4002.904,4657.9775,3035.7911000000026
forecast_6891,2025-10-15 3:00,3852.744,4529.001,2954.423700000003
forecast_6892,2025-10-15 4:00,3680.7742,4360.3286,2902.4492000000027
forecast_6893,2025-10-15 5:00,3454.049,3879.8093,2757.7886000000026
forecast_6894,2025-10-15 6:00,3621.621,4215.2,2940.106200000003
forecast_6895,2025-10-15 7:00,3468.5137,3899.869,2844.450800000003
forecast_6896,2025-10-15 8:00,3429.1167,3703.0786,2933.9895000000024
forecast_6897,2025-10-15 9:00,4036.3994000000025,4024.6726000000026,2791.437600000003
forecast_6898,2025-10-15 10:00,3637.313000000003,3447.1155000000026,2591.2457000000027
forecast_6899,2025-10-15 11:00,3411.4683000000027,3253.0690000000027,2450.824000000003
forecast_6900,2025-10-15 12:00,3330.9883000000027,3231.744900000003,2525.0516000000025
forecast_6901,2025-10-15 13:00,2862.1058000000025,2701.1342000000027,2267.4109000000026
forecast_6902,2025-10-15 14:00,2743.320200000003,2598.2704000000026,2071.6119400000025
forecast_6903,2025-10-15 15:00,2814.9597000000026,2616.5415000000025,2145.3233600000026
forecast_6904,2025-10-15 16:00,2963.1671000000024,2889.374600000003,2217.281500000003
forecast_6905,2025-10-15 17:00,3261.327000000003,3123.4020000000028,2194.820700000003
forecast_6906,2025-10-15 18:00,3226.8390000000027,2970.9950000000026,2059.1333000000027
forecast_6907,2025-10-15 19:00,3677.1575000000025,3377.5242000000026,2175.068900000003
forecast_6908,2025-10-15 20:00,3610.032,3320.6912,2744.176400000003
forecast_6909,2025-10-15 21:00,3716.5786,3510.686,2630.5647000000026
forecast_6910,2025-10-15 22:00,4555.3247,4539.255,3081.639500000003
forecast_6911,2025-10-15 23:00,4931.7637,5239.118,3405.5244000000025
forecast_6912,2025-10-16 0:00,5060.2246,5918.192,3980.8203000000026
forecast_6913,2025-10-16 1:00,3461.4946,3866.488,2871.622100000003
forecast_6914,2025-10-16 2:00,3625.5732,4251.522,3147.9678000000026
forecast_6915,2025-10-16 3:00,3996.7540000000026,4149.297,3312.140600000003
forecast_6916,2025-10-16 4:00,3333.1077,3780.9773,3135.185500000003
forecast_6917,2025-10-16 5:00,3345.9832,3477.8157,2875.8502000000026
forecast_6918,2025-10-16 6:00,4454.869,4933.45,3883.322000000003
forecast_6919,2025-10-16 7:00,5299.959,5788.8086,3524.3408
forecast_6920,2025-10-16 8:00,4880.6255,6466.1187,3284.183
forecast_6921,2025-10-16 9:00,4728.692,6126.5747,3435.4114
forecast_6922,2025-10-16 10:00,4863.5127,6292.217,3259.0747
forecast_6923,2025-10-16 11:00,5597.6377,7275.559,4121.283
forecast_6924,2025-10-16 12:00,6074.869,6914.4204,4134.7847
forecast_6925,2025-10-16 13:00,5195.7646,6704.369,3680.552
forecast_6926,2025-10-16 14:00,5145.881,6367.8975,3442.0598
forecast_6927,2025-10-16 15:00,4001.8496,4670.6094,3576.825200000003
forecast_6928,2025-10-16 16:00,4194.355200000003,4066.806,3104.3921000000028
forecast_6929,2025-10-16 17:00,4148.478800000003,3729.0042,3070.3651000000027
forecast_6930,2025-10-16 18:00,3530.8984,4035.6328,3206.896200000003
forecast_6931,2025-10-16 19:00,3446.5347,4300.275,3124.7565000000027
forecast_6932,2025-10-16 20:00,4041.4722,5569.652,3546.753700000003
forecast_6933,2025-10-16 21:00,3870.579,4954.6714,3295.0144000000028
forecast_6934,2025-10-16 22:00,4175.1694,4963.3853,3436.414000000003
forecast_6935,2025-10-16 23:00,4080.8535,4749.0303,3405.4863000000028
forecast_6936,2025-10-17 0:00,3569.6084,4089.6423,2817.029500000003
forecast_6937,2025-10-17 1:00,3969.481,4677.2324,3360.265400000003
forecast_6938,2025-10-17 2:00,3807.6973,4389.7363,3077.571200000003
forecast_6939,2025-10-17 3:00,3708.0828,4061.3154,2942.1270000000027
forecast_6940,2025-10-17 4:00,3637.8582,4012.1348,2841.7219000000027
forecast_6941,2025-10-17 5:00,3373.2065,3303.6196,2658.4778000000024
forecast_6942,2025-10-17 6:00,3830.3826000000026,3686.977800000003,2476.9905000000026
forecast_6943,2025-10-17 7:00,3864.2090000000026,3588.635000000003,2359.469000000003
forecast_6944,2025-10-17 8:00,3709.219500000003,3240.912600000003,2329.9896000000026
forecast_6945,2025-10-17 9:00,3873.1497000000027,3412.7870000000025,2374.941200000003
forecast_6946,2025-10-17 10:00,3196.1530000000025,2654.5691000000024,2056.8720000000026
forecast_6947,2025-10-17 11:00,2912.1250000000027,2576.0122000000024,2110.6443000000027
forecast_6948,2025-10-17 12:00,2650.021400000003,2366.9194000000025,1973.4509000000028
forecast_6949,2025-10-17 13:00,2385.1205000000027,2216.1427000000026,2043.6480000000029
forecast_6950,2025-10-17 14:00,2346.2394000000027,2284.6461000000027,2016.5461400000027
forecast_6951,2025-10-17 15:00,2484.7617000000027,2413.375500000003,2141.418300000003
forecast_6952,2025-10-17 16:00,2667.563200000003,2561.686200000003,2043.8368000000028
forecast_6953,2025-10-17 17:00,2950.8931000000025,2729.2599000000027,2056.8720000000026
forecast_6954,2025-10-17 18:00,3529.9460000000026,3163.204000000003,2234.5243000000028
forecast_6955,2025-10-17 19:00,3332.4124,3902.222000000003,2534.5184000000027
forecast_6956,2025-10-17 20:00,4518.518,4385.545,3188.755000000003
forecast_6957,2025-10-17 21:00,5579.5605,5852.3643,4054.015100000003
forecast_6958,2025-10-17 22:00,5976.6514,6887.3057,3320.9624
forecast_6959,2025-10-17 23:00,5356.0527,6340.0674,3193.0144
forecast_6960,2025-10-18 0:00,4858.314,5308.9316,3825.944300000003
forecast_6961,2025-10-18 1:00,4249.8174,4562.3623,3516.988800000003
forecast_6962,2025-10-18 2:00,4618.85,5314.844,4249.151900000003
forecast_6963,2025-10-18 3:00,4468.2446,4746.228,3999.4238000000028
forecast_6964,2025-10-18 4:00,4073.7698,4644.413,4099.713000000003
forecast_6965,2025-10-18 5:00,4094.060500000003,3671.101000000003,2570.3830000000025
forecast_6966,2025-10-18 6:00,3999.5200000000027,3274.4597000000026,2402.021200000003
forecast_6967,2025-10-18 7:00,3881.0334000000025,3491.8005000000026,2413.1753000000026
forecast_6968,2025-10-18 8:00,3284.478500000003,2892.6984000000025,2204.223600000003
forecast_6969,2025-10-18 9:00,3086.7664000000027,2893.1060000000025,2301.1014000000027
forecast_6970,2025-10-18 10:00,3089.7327000000028,2924.3975000000028,2206.048700000003
forecast_6971,2025-10-18 11:00,3586.4006000000027,3357.6140000000028,2441.3470000000025
forecast_6972,2025-10-18 12:00,3471.2693000000027,3168.0860000000025,2445.2751000000026
forecast_6973,2025-10-18 13:00,3392.955800000003,3405.446800000003,2565.9243000000024
forecast_6974,2025-10-18 14:00,3576.2036000000026,3721.5442000000025,2848.9841000000024
forecast_6975,2025-10-18 15:00,4124.491700000002,3705.0266,3157.592300000003
forecast_6976,2025-10-18 16:00,3329.1921,4022.1548,3279.494900000003
forecast_6977,2025-10-18 17:00,3611.606400000003,3927.970200000003,2871.1680000000024
forecast_6978,2025-10-18 18:00,3179.037600000003,3350.9111000000025,2761.524400000003
forecast_6979,2025-10-18 19:00,3217.537400000003,3413.4802000000027,2680.4689000000026
forecast_6980,2025-10-18 20:00,3317.1620000000025,3451.2578000000026,2576.7183000000027
forecast_6981,2025-10-18 21:00,3463.892800000003,3497.4802000000027,2501.690700000003
forecast_6982,2025-10-18 22:00,3194.1643000000026,3144.7686000000026,2436.2877000000026
forecast_6983,2025-10-18 23:00,2998.6077000000028,2894.5446000000024,2341.191800000003
forecast_6984,2025-10-19 0:00,2814.0436000000027,2844.7227000000025,2201.2238000000025
forecast_6985,2025-10-19 1:00,2580.9983000000025,2483.7168000000024,2089.244200000003
forecast_6986,2025-10-19 2:00,2501.5074000000027,2394.6105000000025,2002.8562600000027
forecast_6987,2025-10-19 3:00,2548.496000000003,2384.5511000000024,2085.4051000000027
forecast_6988,2025-10-19 4:00,2685.3671000000027,2412.6860000000024,2097.9840000000027
forecast_6989,2025-10-19 5:00,2491.2975000000024,2257.4402000000027,2003.4582000000028
forecast_6990,2025-10-19 6:00,2399.8434000000025,2156.6786000000025,1989.4580000000028
forecast_6991,2025-10-19 7:00,2530.8319000000024,2253.036900000003,1953.2026000000028
forecast_6992,2025-10-19 8:00,2696.726000000003,2375.2510000000025,1994.2948600000027
forecast_6993,2025-10-19 9:00,2926.3732000000027,2653.4729000000025,2198.9512000000027
forecast_6994,2025-10-19 10:00,3043.446800000003,3180.0134000000025,2381.9968000000026
forecast_6995,2025-10-19 11:00,2943.8191000000024,3107.9229000000028,2362.4602000000027
forecast_6996,2025-10-19 12:00,2738.6553000000026,2879.3210000000026,2501.221300000003
forecast_6997,2025-10-19 13:00,3339.0137000000027,3666.177000000003,2838.9170000000026
forecast_6998,2025-10-19 14:00,3748.244,4130.9175,3430.765100000003
forecast_6999,2025-10-19 15:00,4363.8745,4816.7056,3999.9248000000025
forecast_7000,2025-10-19 16:00,5558.2065,6425.757,3906.51
forecast_7001,2025-10-19 17:00,6059.991,6198.778,3690.1553
forecast_7002,2025-10-19 18:00,5266.942,5520.544,4257.625000000003
forecast_7003,2025-10-19 19:00,6186.8022,6072.7383,4194.521
forecast_7004,2025-10-19 20:00,6675.8496,6683.7036,4215.102
forecast_7005,2025-10-19 21:00,5116.2773,5297.31,4038.2776000000026
forecast_7006,2025-10-19 22:00,4207.4976,4118.116,3579.0525000000025
forecast_7007,2025-10-19 23:00,3547.8176,3497.4348,3148.9287000000027
forecast_7008,2025-10-20 0:00,3747.8984000000028,3808.081000000003,2749.6216000000027
forecast_7009,2025-10-20 1:00,2824.1321000000025,2530.9250000000025,2041.5746500000027
forecast_7010,2025-10-20 2:00,2545.7749000000026,2421.9460000000026,2056.476000000003
forecast_7011,2025-10-20 3:00,2468.9015000000027,2523.2189000000026,2058.7373000000025
forecast_7012,2025-10-20 4:00,2748.323100000003,3076.8206000000027,2317.3613000000028
forecast_7013,2025-10-20 5:00,3113.8752000000027,3394.648200000003,2646.3181000000027
forecast_7014,2025-10-20 6:00,3306.412800000003,3753.4390000000026,2626.3269000000028
forecast_7015,2025-10-20 7:00,3206.9082000000026,3609.261500000003,2455.389000000003
forecast_7016,2025-10-20 8:00,3401.8884000000025,3591.6492000000026,2661.962500000003
forecast_7017,2025-10-20 9:00,3959.756800000003,3470.0205,3005.2205000000026
forecast_7018,2025-10-20 10:00,3655.9111000000025,3352.0508,2944.437600000003
forecast_7019,2025-10-20 11:00,3625.4067000000027,3323.56,2925.7169000000026
forecast_7020,2025-10-20 12:00,3823.789000000003,3409.5947,2989.567700000003
forecast_7021,2025-10-20 13:00,3403.254600000003,3904.9534000000026,2794.0247000000027
forecast_7022,2025-10-20 14:00,3138.711400000003,3353.480500000003,2535.565700000003
forecast_7023,2025-10-20 15:00,3018.8109000000027,3086.4028000000026,2313.813500000003
forecast_7024,2025-10-20 16:00,2926.0173000000027,2847.8726000000024,2213.6438000000026
forecast_7025,2025-10-20 17:00,2825.2781000000027,2625.6840000000025,2138.355300000003
forecast_7026,2025-10-20 18:00,2762.574000000003,2567.7618000000025,2080.4602000000027
forecast_7027,2025-10-20 19:00,2632.3546000000024,2468.247800000003,1984.5537000000027
forecast_7028,2025-10-20 20:00,2302.1809000000026,2156.507900000003,1953.2026000000028
forecast_7029,2025-10-20 21:00,2384.1167000000028,2193.910800000003,1953.2026000000028
forecast_7030,2025-10-20 22:00,2409.045000000003,2191.6058000000025,1953.2026000000028
forecast_7031,2025-10-20 23:00,2399.662600000003,2201.5790000000025,1953.2026000000028
forecast_7032,2025-10-21 0:00,2405.8190000000027,2213.7526000000025,1953.2026000000028
forecast_7033,2025-10-21 1:00,3055.1738000000028,2943.3120000000026,2127.766360000003
forecast_7034,2025-10-21 2:00,3064.941400000003,2905.7477000000026,2103.753360000003
forecast_7035,2025-10-21 3:00,2970.3505000000027,2745.2051000000024,2080.195560000003
forecast_7036,2025-10-21 4:00,2982.275900000003,2797.325800000003,2064.4224000000027
forecast_7037,2025-10-21 5:00,3182.3765000000026,2752.1660000000024,2144.758400000003
forecast_7038,2025-10-21 6:00,2818.1974000000027,2507.0961000000025,2056.8720000000026
forecast_7039,2025-10-21 7:00,2635.944500000003,2350.3215000000027,2056.8720000000026
forecast_7040,2025-10-21 8:00,2689.040500000003,2404.5981000000024,2043.8368000000028
forecast_7041,2025-10-21 9:00,2479.1912000000025,2256.5203000000024,1972.4225000000029
forecast_7042,2025-10-21 10:00,2177.1355000000026,1978.3488000000025,1895.5508000000027
forecast_7043,2025-10-21 11:00,2082.5435000000025,1911.0017000000025,1868.6734600000027
forecast_7044,2025-10-21 12:00,2108.7320000000027,1906.2429000000025,1868.6734600000027
forecast_7045,2025-10-21 13:00,2116.6295000000027,1895.7009000000025,1868.6734600000027
forecast_7046,2025-10-21 14:00,2258.1555000000026,2122.5170000000026,1999.9256600000026
forecast_7047,2025-10-21 15:00,2153.3063000000025,2052.1035000000024,1996.2328500000026
forecast_7048,2025-10-21 16:00,2206.0006000000026,2232.4087000000027,2079.333900000003
forecast_7049,2025-10-21 17:00,2120.0402000000026,2059.3597000000027,1982.8122600000029
forecast_7050,2025-10-21 18:00,2194.6675000000027,2067.592900000003,1972.4225000000029
forecast_7051,2025-10-21 19:00,2203.821300000003,2112.8716000000027,1964.1945000000028
forecast_7052,2025-10-21 20:00,2314.904500000003,2279.9725000000026,1953.2026000000028
forecast_7053,2025-10-21 21:00,2873.2838000000024,2592.5337000000027,2056.8720000000026
forecast_7054,2025-10-21 22:00,2588.1489000000024,2422.0309000000025,2056.8720000000026
forecast_7055,2025-10-21 23:00,2632.411900000003,2400.5212000000024,2056.8720000000026
forecast_7056,2025-10-22 0:00,2972.1984000000025,2676.110200000003,2064.2398700000026
forecast_7057,2025-10-22 1:00,2460.5305000000026,2250.4857000000025,1964.1945000000028
forecast_7058,2025-10-22 2:00,2387.2925000000027,2301.2640000000024,1979.4919400000026
forecast_7059,2025-10-22 3:00,2433.568600000003,2377.7091000000028,1979.4919400000026
forecast_7060,2025-10-22 4:00,2472.3693000000026,2449.2463000000025,2054.6744000000026
forecast_7061,2025-10-22 5:00,2644.7240000000024,2534.4730000000027,2064.2398700000026
forecast_7062,2025-10-22 6:00,2783.5715000000027,2801.2380000000026,2112.115400000003
forecast_7063,2025-10-22 7:00,2953.5841000000028,3100.8920000000026,2129.504460000003
forecast_7064,2025-10-22 8:00,3796.875700000003,3737.987500000003,2322.662800000003
forecast_7065,2025-10-22 9:00,3885.9480000000026,3378.5964,2763.5732000000025
forecast_7066,2025-10-22 10:00,3241.4300000000026,3326.518300000003,2485.2980000000025
forecast_7067,2025-10-22 11:00,3560.484100000003,3608.5244000000025,2635.881000000003
forecast_7068,2025-10-22 12:00,3506.8062000000027,3587.454000000003,2705.191700000003
forecast_7069,2025-10-22 13:00,3320.9736000000025,3207.9543000000026,2441.5107000000025
forecast_7070,2025-10-22 14:00,3041.1310000000026,2725.2443000000026,2259.8834000000024
forecast_7071,2025-10-22 15:00,3134.810300000003,2822.5691000000024,2277.129600000003
forecast_7072,2025-10-22 16:00,3325.0105000000026,3016.5024000000026,2296.765000000003
forecast_7073,2025-10-22 17:00,3080.7761000000028,2761.963400000003,2070.156860000003
forecast_7074,2025-10-22 18:00,3060.1018000000026,2662.665500000003,2064.2398700000026
forecast_7075,2025-10-22 19:00,3152.861600000003,2731.8876000000027,2106.819500000003
forecast_7076,2025-10-22 20:00,3362.7590000000027,2804.3469000000027,2061.978450000003
forecast_7077,2025-10-22 21:00,3493.4930000000027,2804.1630000000027,2129.504460000003
forecast_7078,2025-10-22 22:00,3779.1180000000027,3044.0786000000026,2187.903000000003
forecast_7079,2025-10-22 23:00,3728.541700000003,2920.5715000000027,2193.199000000003
forecast_7080,2025-10-23 0:00,3225.563200000003,2738.4781000000025,2056.8720000000026
forecast_7081,2025-10-23 1:00,2652.6825000000026,2343.1567000000027,1972.4225000000029
forecast_7082,2025-10-23 2:00,2621.1965000000027,2258.3300000000027,1972.4225000000029
forecast_7083,2025-10-23 3:00,2438.257000000003,2188.2096000000024,1953.2026000000028
forecast_7084,2025-10-23 4:00,2400.1227000000026,2127.4060000000027,1953.2026000000028
forecast_7085,2025-10-23 5:00,2380.4142000000024,2102.890100000003,1953.2026000000028
forecast_7086,2025-10-23 6:00,2360.2567000000026,2089.8162000000025,1953.2026000000028
forecast_7087,2025-10-23 7:00,2360.0864000000024,2163.2257000000027,1953.2026000000028
forecast_7088,2025-10-23 8:00,2323.0457000000024,2120.2783000000027,1953.2026000000028
forecast_7089,2025-10-23 9:00,2305.9635000000026,2070.7491000000027,1953.2026000000028
forecast_7090,2025-10-23 10:00,2239.2029000000025,1969.4015000000027,1895.5508000000027
forecast_7091,2025-10-23 11:00,2161.492400000003,1917.4592000000025,1895.5508000000027
forecast_7092,2025-10-23 12:00,2174.4770000000026,1933.7935000000025,1882.7508500000026
forecast_7093,2025-10-23 13:00,2181.3817000000026,1954.8135000000025,1893.8903000000028
forecast_7094,2025-10-23 14:00,2198.5671000000025,1953.3501000000028,1902.9993000000027
forecast_7095,2025-10-23 15:00,2183.6272000000026,1944.5593000000026,1882.7508500000026
forecast_7096,2025-10-23 16:00,2219.1472000000026,2026.2533000000026,1973.4509000000028
forecast_7097,2025-10-23 17:00,2245.5004000000026,2092.8567000000025,1953.2026000000028
forecast_7098,2025-10-23 18:00,2187.1699000000026,2103.1887000000024,1958.4214000000027
forecast_7099,2025-10-23 19:00,2288.2002000000025,2116.1595000000025,1972.4225000000029
forecast_7100,2025-10-23 20:00,2392.098500000003,2147.5347000000024,1973.4509000000028
forecast_7101,2025-10-23 21:00,2356.0469000000026,2180.440700000003,1979.4919400000026
forecast_7102,2025-10-23 22:00,2457.6074000000026,2253.3999000000026,2048.0096000000026
forecast_7103,2025-10-23 23:00,2313.0543000000025,2150.5867000000026,2046.5386000000026
forecast_7104,2025-10-24 0:00,2388.5454000000027,2289.5260000000026,2043.8368000000028
forecast_7105,2025-10-24 1:00,2579.065000000003,2403.9823000000024,2056.8720000000026
forecast_7106,2025-10-24 2:00,2916.0499000000027,2644.3619000000026,2112.115400000003
forecast_7107,2025-10-24 3:00,3270.961400000003,3319.623000000003,2486.925400000003
forecast_7108,2025-10-24 4:00,3687.478500000003,3901.1182000000026,2630.637200000003
forecast_7109,2025-10-24 5:00,4143.812500000003,3391.8677,2765.783400000003
forecast_7110,2025-10-24 6:00,3373.276,3671.1787,2783.480700000003
forecast_7111,2025-10-24 7:00,3243.49,3411.6248,2840.7850000000026
forecast_7112,2025-10-24 8:00,3471.137,3336.3757,3083.882000000003
forecast_7113,2025-10-24 9:00,3321.586,3357.128,3075.0440000000026
forecast_7114,2025-10-24 10:00,4145.54,4431.5522,3745.5996000000027
forecast_7115,2025-10-24 11:00,3932.324,4383.3096,3603.452400000003
forecast_7116,2025-10-24 12:00,3878.5330000000026,4059.480700000003,3154.3699000000024
forecast_7117,2025-10-24 13:00,3622.730500000003,3855.4932000000026,2991.149400000003
forecast_7118,2025-10-24 14:00,3160.7073000000028,3205.753200000003,2757.0960000000027
forecast_7119,2025-10-24 15:00,3194.266000000003,3074.2466000000027,2514.8100000000027
forecast_7120,2025-10-24 16:00,3664.9197000000026,3536.005900000003,2520.269900000003
forecast_7121,2025-10-24 17:00,3832.4420000000027,3524.9030000000025,2438.601200000003
forecast_7122,2025-10-24 18:00,3399.0837,3769.481200000003,2480.475100000003
forecast_7123,2025-10-24 19:00,3677.8975,3955.876000000003,2517.5272000000027
forecast_7124,2025-10-24 20:00,3734.271,3992.9004000000027,2523.484400000003
forecast_7125,2025-10-24 21:00,4170.9175,3400.7234,2629.100800000003
forecast_7126,2025-10-24 22:00,4361.588,3965.4927,2812.943400000003
forecast_7127,2025-10-24 23:00,3874.8184,3500.9688,2595.9296000000027
forecast_7128,2025-10-25 0:00,3484.0935,4098.732200000002,2416.7291000000027
forecast_7129,2025-10-25 1:00,4330.6997,3950.8735,2902.209700000003
forecast_7130,2025-10-25 2:00,3956.6753,3871.1636,3004.225300000003
forecast_7131,2025-10-25 3:00,3552.6829,3595.5708,3023.205300000003
forecast_7132,2025-10-25 4:00,3734.7993,3679.573,3162.3470000000025
forecast_7133,2025-10-25 5:00,4196.156700000002,3513.1875,2899.753700000003
forecast_7134,2025-10-25 6:00,4029.1213000000025,3604.1816,2951.1110000000026
forecast_7135,2025-10-25 7:00,3359.1118,3840.112,3057.8923000000027
forecast_7136,2025-10-25 8:00,3829.1196000000027,3966.8743000000027,2622.608400000003
forecast_7137,2025-10-25 9:00,3650.1810000000028,3797.8833000000027,2604.9186000000027
forecast_7138,2025-10-25 10:00,2709.2310000000025,2663.6113000000028,2214.0654000000027
forecast_7139,2025-10-25 11:00,2677.5795000000026,2660.4929000000025,2257.3759000000027
forecast_7140,2025-10-25 12:00,2722.6305000000025,2658.6540000000027,2247.380000000003
forecast_7141,2025-10-25 13:00,2639.8479000000025,2555.5665000000026,2154.864140000003
forecast_7142,2025-10-25 14:00,2665.4421000000025,2523.7990000000027,2251.197000000003
forecast_7143,2025-10-25 15:00,2499.1038000000026,2263.4854000000028,2080.8095000000026
forecast_7144,2025-10-25 16:00,2769.6105000000025,2503.8491000000026,2089.3650000000025
forecast_7145,2025-10-25 17:00,2736.5273000000025,2566.992400000003,2056.8720000000026
forecast_7146,2025-10-25 18:00,3161.2551000000026,3016.9067000000027,2202.1603000000027
forecast_7147,2025-10-25 19:00,3103.662800000003,3022.802000000003,2108.6305500000026
forecast_7148,2025-10-25 20:00,3256.5505000000026,3093.541000000003,2207.266800000003
forecast_7149,2025-10-25 21:00,3051.4993000000027,2772.0145000000025,2121.0769000000028
forecast_7150,2025-10-25 22:00,3176.4602000000027,2922.829000000003,2312.4437000000025
forecast_7151,2025-10-25 23:00,3577.925000000003,3238.1094000000026,2459.7417000000028
forecast_7152,2025-10-26 0:00,4079.7000000000025,3592.738800000003,2768.3740000000025
forecast_7153,2025-10-26 1:00,2754.5302000000024,2500.7467000000024,2119.9675000000025
forecast_7154,2025-10-26 2:00,3024.126000000003,2619.1304000000027,2162.3443000000025
forecast_7155,2025-10-26 3:00,3412.0833000000025,2968.125700000003,2378.4615000000026
forecast_7156,2025-10-26 4:00,3480.915500000003,2966.010000000003,2390.0330000000026
forecast_7157,2025-10-26 5:00,4056.316200000003,3558.8740000000025,2584.241600000003
forecast_7158,2025-10-26 6:00,4002.7870000000025,3522.9602000000027,2553.6016000000027
forecast_7159,2025-10-26 7:00,4349.2983,3690.0342,2885.9860000000026
forecast_7160,2025-10-26 8:00,4347.827,3798.1013,3016.1938000000027
forecast_7161,2025-10-26 9:00,4194.643,3797.807,3096.001600000003
forecast_7162,2025-10-26 10:00,3931.034700000003,3559.168700000003,2575.210600000003
forecast_7163,2025-10-26 11:00,3466.9966000000027,3124.790800000003,2576.922700000003
forecast_7164,2025-10-26 12:00,3530.2124,3278.4424,2964.0912000000026
forecast_7165,2025-10-26 13:00,4150.1826,3431.0461,3037.0889000000025
forecast_7166,2025-10-26 14:00,5335.6323,4702.6,3613.1562000000026
forecast_7167,2025-10-26 15:00,5413.788,4987.8765,3716.572000000003
forecast_7168,2025-10-26 16:00,5841.995,5132.121,3734.4307000000026
forecast_7169,2025-10-26 17:00,7021.804,5798.6763,3385.8389
forecast_7170,2025-10-26 18:00,7434.2007,6833.3223,4121.0566
forecast_7171,2025-10-26 19:00,8104.1626,7715.856,5385.605
forecast_7172,2025-10-26 20:00,8997.588,9603.124,6844.142
forecast_7173,2025-10-26 21:00,11590.704,12588.872,9486.471
forecast_7174,2025-10-26 22:00,13404.067,14439.971,10709.867
forecast_7175,2025-10-26 23:00,13676.568,14630.991,11140.3955
forecast_7176,2025-10-27 0:00,15284.371,15301.24,12246.178
forecast_7177,2025-10-27 1:00,16320.756,16765.1,14173.97
forecast_7178,2025-10-27 2:00,17761.238,18043.375,14628.53
forecast_7179,2025-10-27 3:00,17655.97,18172.604,15466.539
forecast_7180,2025-10-27 4:00,17510.328,17869.883,14688.34
forecast_7181,2025-10-27 5:00,16805.445,17145.59,13422.643
forecast_7182,2025-10-27 6:00,15203.277,15334.466,11433.855
forecast_7183,2025-10-27 7:00,14404.496,14843.834,10796.448
forecast_7184,2025-10-27 8:00,13618.782,14426.282,10410.368
forecast_7185,2025-10-27 9:00,12839.107,13475.877,10176.576
forecast_7186,2025-10-27 10:00,11899.911,12270.992,9282.982
forecast_7187,2025-10-27 11:00,11727.798,12236.139,9144.877
forecast_7188,2025-10-27 12:00,12312.039,12267.279,9192.702
forecast_7189,2025-10-27 13:00,12589.185,12280.066,9564.839
forecast_7190,2025-10-27 14:00,13576.005,13178.574,10153.936
forecast_7191,2025-10-27 15:00,14219.157,13785.549,10555.999
forecast_7192,2025-10-27 16:00,14817.276,14275.406,10815.802
forecast_7193,2025-10-27 17:00,15523.358,15486.236,12684.723
forecast_7194,2025-10-27 18:00,14995.643,14624.409,11219.312
forecast_7195,2025-10-27 19:00,14675.136,14071.215,10885.904
forecast_7196,2025-10-27 20:00,14519.417,13615.236,10429.26
forecast_7197,2025-10-27 21:00,13641.69,13177.979,10082.22
forecast_7198,2025-10-27 22:00,12981.104,12670.232,9936.481
forecast_7199,2025-10-27 23:00,12428.067,11835.167,9168.77
forecast_7200,2025-10-28 0:00,11748.235,11926.656,8930.104
forecast_7201,2025-10-28 1:00,13707.989,14093.372,10917.198
forecast_7202,2025-10-28 2:00,14297.5205,14753.045,10818.493
forecast_7203,2025-10-28 3:00,13888.408,14517.585,10229.981
forecast_7204,2025-10-28 4:00,13430.508,14023.156,9840.1
forecast_7205,2025-10-28 5:00,12400.384,13387.9375,9404.084
forecast_7206,2025-10-28 6:00,11968.093,12437.396,8368.434
forecast_7207,2025-10-28 7:00,11890.306,12235.525,7977.7637
forecast_7208,2025-10-28 8:00,11140.539,11320.769,7216.252
forecast_7209,2025-10-28 9:00,8074.004,7726.346,5137.9893
forecast_7210,2025-10-28 10:00,5180.77,5170.0454,4194.559800000003
forecast_7211,2025-10-28 11:00,3989.9104,3344.332,3022.074300000003
forecast_7212,2025-10-28 12:00,4341.9604,3605.332,3202.411100000003
forecast_7213,2025-10-28 13:00,4792.9624,3992.764,3314.309600000003
forecast_7214,2025-10-28 14:00,5081.974,3909.632,3386.5083000000027
forecast_7215,2025-10-28 15:00,4849.695,3657.2913,3475.3599000000027
forecast_7216,2025-10-28 16:00,4951.0356,3986.689,3443.958500000003
forecast_7217,2025-10-28 17:00,4768.1997,4360.8604,3555.8345000000027
forecast_7218,2025-10-28 18:00,6037.4707,5842.4785,3636.878
forecast_7219,2025-10-28 19:00,7438.2197,7514.9614,5611.564
forecast_7220,2025-10-28 20:00,8818.118,9133.92,6192.271
forecast_7221,2025-10-28 21:00,9177.025,9899.671,6690.029
forecast_7222,2025-10-28 22:00,9053.465,10037.751,6451.4272
forecast_7223,2025-10-28 23:00,8783.947,9681.406,5667.344
forecast_7224,2025-10-29 0:00,8611.939,9304.552,5205.6035
forecast_7225,2025-10-29 1:00,7131.3164,6122.47,3336.8972
forecast_7226,2025-10-29 2:00,6815.2324,5907.866,4195.744400000003
forecast_7227,2025-10-29 3:00,7340.846,6159.5317,3896.9602000000027
forecast_7228,2025-10-29 4:00,6135.8735,5135.9062,3662.4860000000026
forecast_7229,2025-10-29 5:00,5578.882,4584.216,3378.0476000000026
forecast_7230,2025-10-29 6:00,4485.4805,4114.6885,3156.6151000000027
forecast_7231,2025-10-29 7:00,3816.1042,3687.426,2954.087500000003
forecast_7232,2025-10-29 8:00,3946.5110000000027,3765.1870000000026,2641.682700000003
forecast_7233,2025-10-29 9:00,2884.2272000000025,2695.7871000000027,2243.9175000000027
forecast_7234,2025-10-29 10:00,2198.4342000000024,2079.4040000000027,1918.9985000000029
forecast_7235,2025-10-29 11:00,2054.9237000000026,1908.0222000000026,1896.0354000000027
forecast_7236,2025-10-29 12:00,2057.8613000000028,1923.4861000000028,1897.4637000000027
forecast_7237,2025-10-29 13:00,1999.9412000000025,1941.4933000000028,1897.3180500000026
forecast_7238,2025-10-29 14:00,2037.6428000000028,1969.3248000000026,1915.1414000000027
forecast_7239,2025-10-29 15:00,1987.2061000000026,1925.7456000000025,1882.7508500000026
forecast_7240,2025-10-29 16:00,2039.2678000000028,1925.4723000000026,1901.942930000003
forecast_7241,2025-10-29 17:00,2103.4581000000026,1952.0911000000028,1882.7508500000026
forecast_7242,2025-10-29 18:00,2391.9357000000027,2309.4176000000025,2060.3122000000026
forecast_7243,2025-10-29 19:00,3052.4067000000027,3056.307400000003,2517.545900000003
forecast_7244,2025-10-29 20:00,4055.8635000000027,3799.3223000000025,2974.336400000003
forecast_7245,2025-10-29 21:00,4408.6323,4368.6465,3990.730700000003
forecast_7246,2025-10-29 22:00,5983.0913,5774.1084,3715.8667
forecast_7247,2025-10-29 23:00,5189.378,5035.5005,4292.485400000003
forecast_7248,2025-10-30 0:00,6889.192,6137.374,4257.2803
forecast_7249,2025-10-30 1:00,6869.116,6552.857,4182.7324
forecast_7250,2025-10-30 2:00,8818.661,8944.816,6186.1846
forecast_7251,2025-10-30 3:00,12550.8,12713.113,9310.143
forecast_7252,2025-10-30 4:00,13259.572,13127.767,8963.04
forecast_7253,2025-10-30 5:00,13157.611,13373.705,9008.386
forecast_7254,2025-10-30 6:00,13839.548,13700.64,9998.163
forecast_7255,2025-10-30 7:00,11552.357,11020.986,7284.8364
forecast_7256,2025-10-30 8:00,10311.176,9343.0,5469.676
forecast_7257,2025-10-30 9:00,8448.186,7705.3765,4107.133
forecast_7258,2025-10-30 10:00,5430.12,5016.395,3668.850300000003
forecast_7259,2025-10-30 11:00,3579.269,3905.2864000000027,2898.9922000000024
forecast_7260,2025-10-30 12:00,3512.9705000000026,3165.600600000003,2620.6860000000024
forecast_7261,2025-10-30 13:00,3097.506800000003,2810.8754000000026,2414.329300000003
forecast_7262,2025-10-30 14:00,3184.6724000000027,2779.4521000000027,2319.515000000003
forecast_7263,2025-10-30 15:00,2601.623900000003,2392.5867000000026,2071.380200000003
forecast_7264,2025-10-30 16:00,2753.6649000000025,2493.3882000000026,2210.8644000000027
forecast_7265,2025-10-30 17:00,4138.516600000003,3610.4011000000028,2713.2400000000025
forecast_7266,2025-10-30 18:00,3621.779,3840.2250000000026,2705.1290000000026
forecast_7267,2025-10-30 19:00,3765.396,3882.2913000000026,2816.215000000003
forecast_7268,2025-10-30 20:00,3758.3113,3744.2920000000026,2864.826700000003
forecast_7269,2025-10-30 21:00,3700.8228,3812.889200000003,2886.7482000000027
forecast_7270,2025-10-30 22:00,3667.3260000000028,3312.440000000003,2616.9229000000028
forecast_7271,2025-10-30 23:00,3847.132300000003,3308.737500000003,2678.4674000000027
forecast_7272,2025-10-31 0:00,3713.3280000000027,3270.177700000003,2590.6020000000026
forecast_7273,2025-10-31 1:00,2539.2850000000026,2433.8226000000027,2093.152160000003
forecast_7274,2025-10-31 2:00,2567.1996000000026,2357.7601000000027,2009.2237500000028
forecast_7275,2025-10-31 3:00,2626.162600000003,2402.6774000000028,2002.9979000000026
forecast_7276,2025-10-31 4:00,2551.158100000003,2400.0057000000024,2010.1440000000027
forecast_7277,2025-10-31 5:00,2492.3142000000025,2384.6135000000027,1965.5617000000027
forecast_7278,2025-10-31 6:00,2479.0072000000027,2340.8107000000027,1953.2026000000028
forecast_7279,2025-10-31 7:00,2520.3676000000028,2277.640100000003,1971.1806600000027
forecast_7280,2025-10-31 8:00,2371.6743000000024,2248.6919000000025,1966.7533600000029
forecast_7281,2025-10-31 9:00,2340.246200000003,2290.6671000000024,1979.4919400000026
forecast_7282,2025-10-31 10:00,2294.4095000000025,2241.6106000000027,1895.5508000000027
forecast_7283,2025-10-31 11:00,2315.372800000003,2190.4194000000025,1908.0227700000028
forecast_7284,2025-10-31 12:00,2235.6029000000026,2039.3567000000025,1895.5508000000027
forecast_7285,2025-10-31 13:00,2187.8486000000025,1984.5565000000024,1882.7508500000026
forecast_7286,2025-10-31 14:00,2114.1521000000025,2052.2530000000024,1895.5508000000027
forecast_7287,2025-10-31 15:00,2117.8351000000025,2007.2865000000024,1882.7508500000026
forecast_7288,2025-10-31 16:00,2169.1060000000025,2066.5487000000026,1882.7508500000026
forecast_7289,2025-10-31 17:00,2144.5586000000026,2021.9160000000024,1895.5508000000027
forecast_7290,2025-10-31 18:00,2648.359300000003,2680.2782000000025,2148.8017000000027
forecast_7291,2025-10-31 19:00,3289.5452000000028,3292.3160000000025,2473.848300000003
forecast_7292,2025-10-31 20:00,3925.6814,3755.5383,3087.1758000000027
forecast_7293,2025-10-31 21:00,7692.0493,7722.389,3972.7864
forecast_7294,2025-10-31 22:00,8921.189,8918.406,4836.2373
forecast_7295,2025-10-31 23:00,9412.711,10162.01,5778.0425
forecast_7296,2025-11-01 0:00,10325.421,10885.255,7076.8916
forecast_7297,2025-11-01 1:00,10985.871,12403.533,9311.602
forecast_7298,2025-11-01 2:00,9195.198,11417.169,8491.607
forecast_7299,2025-11-01 3:00,8938.715,10321.914,8322.923
forecast_7300,2025-11-01 4:00,10774.206,11984.188,9561.75
forecast_7301,2025-11-01 5:00,12656.339,13932.798,10722.429
forecast_7302,2025-11-01 6:00,13043.858,13888.964,10814.571
forecast_7303,2025-11-01 7:00,12922.072,14034.402,10885.575
forecast_7304,2025-11-01 8:00,13661.429,14295.468,11052.289
forecast_7305,2025-11-01 9:00,14004.502,14695.026,11044.028
forecast_7306,2025-11-01 10:00,14554.06,14744.607,11280.4
forecast_7307,2025-11-01 11:00,14313.789,14567.652,11104.369
forecast_7308,2025-11-01 12:00,13740.903,13891.067,10584.691
forecast_7309,2025-11-01 13:00,13757.649,13759.354,10547.791
forecast_7310,2025-11-01 14:00,14114.808,13891.811,10612.824
forecast_7311,2025-11-01 15:00,14019.911,13810.309,10611.756
forecast_7312,2025-11-01 16:00,13904.363,13689.593,10663.157
forecast_7313,2025-11-01 17:00,14297.947,14645.803,11427.326
forecast_7314,2025-11-01 18:00,15138.725,15043.696,12685.271
forecast_7315,2025-11-01 19:00,15740.667,15767.485,12719.1
forecast_7316,2025-11-01 20:00,15837.431,16180.806,13658.141
forecast_7317,2025-11-01 21:00,15516.786,15450.145,13230.144
forecast_7318,2025-11-01 22:00,15519.79,15766.958,13095.663
forecast_7319,2025-11-01 23:00,17266.615,17785.629,14907.05
forecast_7320,2025-11-02 0:00,17410.303,18071.88,15580.565
forecast_7321,2025-11-02 1:00,16757.658,17326.816,14600.638
forecast_7322,2025-11-02 2:00,16786.549,17519.127,14666.664
forecast_7323,2025-11-02 3:00,16360.199,16216.715,13805.201
forecast_7324,2025-11-02 4:00,15967.238,16230.864,13772.2705
forecast_7325,2025-11-02 5:00,15840.783,16387.705,13945.036
forecast_7326,2025-11-02 6:00,16103.094,16801.066,14882.932
forecast_7327,2025-11-02 7:00,17004.729,17984.139,15563.361
forecast_7328,2025-11-02 8:00,17632.457,18629.568,15554.203
forecast_7329,2025-11-02 9:00,17435.576,18609.229,15360.006
forecast_7330,2025-11-02 10:00,17544.447,18644.041,14449.311
forecast_7331,2025-11-02 11:00,16838.02,17602.799,13880.588
forecast_7332,2025-11-02 12:00,15452.611,16350.914,12904.739
forecast_7333,2025-11-02 13:00,14896.439,15425.956,12418.241
forecast_7334,2025-11-02 14:00,14684.15,14701.89,11834.603
forecast_7335,2025-11-02 15:00,14964.656,15116.832,11644.673
forecast_7336,2025-11-02 16:00,14689.364,14466.777,11222.653
forecast_7337,2025-11-02 17:00,13925.442,13683.386,10504.89
forecast_7338,2025-11-02 18:00,13424.162,13322.949,10004.875
forecast_7339,2025-11-02 19:00,14299.923,13470.614,10200.779
forecast_7340,2025-11-02 20:00,12535.012,12296.72,9410.828
forecast_7341,2025-11-02 21:00,8910.521,7309.666,5177.6655
forecast_7342,2025-11-02 22:00,9697.682,9791.084,6427.683
forecast_7343,2025-11-02 23:00,9998.991,9881.594,6095.864
forecast_7344,2025-11-03 0:00,7814.858,8585.435,4335.563
forecast_7345,2025-11-03 1:00,8349.79,9177.164,6004.546
forecast_7346,2025-11-03 2:00,7646.026,7916.402,4353.3203
forecast_7347,2025-11-03 3:00,6705.306,7403.1377,3704.013
forecast_7348,2025-11-03 4:00,6417.645,7007.271,3904.8093
forecast_7349,2025-11-03 5:00,4979.8413,5338.506,4079.707800000003
forecast_7350,2025-11-03 6:00,3937.2168,4249.937,3262.367000000003
forecast_7351,2025-11-03 7:00,3715.878,3808.7966,3058.3925000000027
forecast_7352,2025-11-03 8:00,3464.72,3590.2412,2902.8461000000025
forecast_7353,2025-11-03 9:00,3496.1096,4161.734,3276.8545000000026
forecast_7354,2025-11-03 10:00,2876.2079000000026,3236.473100000003,2482.641000000003
forecast_7355,2025-11-03 11:00,2280.224400000003,2378.061400000003,2189.2899000000025
forecast_7356,2025-11-03 12:00,2202.8654000000024,2243.8463000000024,2103.880430000003
forecast_7357,2025-11-03 13:00,2032.5803000000028,2056.6929000000027,1938.2322000000026
forecast_7358,2025-11-03 14:00,2054.016000000003,2039.2502000000027,1929.4614000000029
forecast_7359,2025-11-03 15:00,2048.1213000000025,1967.3553000000024,1933.1644000000028
forecast_7360,2025-11-03 16:00,2017.6575000000025,2005.1017000000024,1883.2033700000027
forecast_7361,2025-11-03 17:00,2167.3088000000025,2275.592200000003,1953.2026000000028
forecast_7362,2025-11-03 18:00,2539.6063000000026,2460.8851000000027,2035.9856000000027
forecast_7363,2025-11-03 19:00,2999.6194000000028,3001.568600000003,2241.7511000000027
forecast_7364,2025-11-03 20:00,3899.2275000000027,3954.3208000000027,2800.0049000000026
forecast_7365,2025-11-03 21:00,4258.4673,4200.424,3324.7417000000028
forecast_7366,2025-11-03 22:00,5393.6387,6074.4746,4233.850300000003
forecast_7367,2025-11-03 23:00,7904.6504,8548.977,4531.074
forecast_7368,2025-11-04 0:00,9352.616,11011.592,7215.3574
forecast_7369,2025-11-04 1:00,8587.329,9949.223,5912.006
forecast_7370,2025-11-04 2:00,9235.697,11032.242,7766.7256
forecast_7371,2025-11-04 3:00,9779.052,11150.15,6999.5327
forecast_7372,2025-11-04 4:00,10755.1875,11915.454,8392.041
forecast_7373,2025-11-04 5:00,12053.308,13630.797,9425.077
forecast_7374,2025-11-04 6:00,12540.892,14111.186,10131.622
forecast_7375,2025-11-04 7:00,13646.851,14724.629,10568.146
forecast_7376,2025-11-04 8:00,13951.6,14970.307,10969.704
forecast_7377,2025-11-04 9:00,13543.702,14786.534,11068.812
forecast_7378,2025-11-04 10:00,13649.916,14846.765,12103.466
forecast_7379,2025-11-04 11:00,12824.69,14374.873,11625.734
forecast_7380,2025-11-04 12:00,11256.904,12621.792,10464.891
forecast_7381,2025-11-04 13:00,9529.661,10031.013,9130.138
forecast_7382,2025-11-04 14:00,9870.445,10035.956,8921.848
forecast_7383,2025-11-04 15:00,10373.634,10375.878,9402.782
forecast_7384,2025-11-04 16:00,10568.04,10585.561,8708.65
forecast_7385,2025-11-04 17:00,10973.072,11802.763,8828.278
forecast_7386,2025-11-04 18:00,11984.903,12898.545,8468.486
forecast_7387,2025-11-04 19:00,11587.611,12422.307,7935.76
forecast_7388,2025-11-04 20:00,11224.293,11827.228,8148.3037
forecast_7389,2025-11-04 21:00,11103.895,11645.346,8056.7974
forecast_7390,2025-11-04 22:00,10047.862,9711.599,5839.629
forecast_7391,2025-11-04 23:00,8416.506,7578.2124,4552.6616
forecast_7392,2025-11-05 0:00,7769.585,6617.8955,3716.7563
forecast_7393,2025-11-05 1:00,9723.268,8780.885,5289.3
forecast_7394,2025-11-05 2:00,6830.9126,5290.3364,4009.8176000000026
forecast_7395,2025-11-05 3:00,4295.592,3476.7642,3091.593600000003
forecast_7396,2025-11-05 4:00,3808.1294000000025,3372.8855000000026,2594.2422000000024
forecast_7397,2025-11-05 5:00,2877.0074000000027,2720.1390000000024,2230.1950000000024
forecast_7398,2025-11-05 6:00,2644.4186000000027,2618.164600000003,2187.280600000003
forecast_7399,2025-11-05 7:00,2509.0085000000026,2517.4889000000026,2093.9836000000028
forecast_7400,2025-11-05 8:00,2454.003200000003,2363.4104000000025,2015.0737000000026
forecast_7401,2025-11-05 9:00,2260.8081000000025,2188.4320000000025,1982.4977000000026
forecast_7402,2025-11-05 10:00,2149.381800000003,2050.9354000000026,1935.4611000000027
forecast_7403,2025-11-05 11:00,2134.1263000000026,2035.7181000000028,1962.6995000000027
forecast_7404,2025-11-05 12:00,2115.0930000000026,2042.2454000000025,1942.3410600000027
forecast_7405,2025-11-05 13:00,2094.4447000000027,2036.3499000000024,1927.0661000000027
forecast_7406,2025-11-05 14:00,2133.692700000003,2032.5901000000026,1929.9519000000028
forecast_7407,2025-11-05 15:00,2123.9722000000024,2074.7429000000025,1901.4208400000027
forecast_7408,2025-11-05 16:00,2085.432600000003,2070.4333000000024,1895.5508000000027
forecast_7409,2025-11-05 17:00,2242.3822000000027,2197.1707000000024,1953.2026000000028
forecast_7410,2025-11-05 18:00,2327.9891000000025,2174.0155000000027,1953.2026000000028
forecast_7411,2025-11-05 19:00,2460.1053000000024,2264.041400000003,1970.3644000000027
forecast_7412,2025-11-05 20:00,2443.0797000000025,2299.6735000000026,1984.7419000000027
forecast_7413,2025-11-05 21:00,2500.5116000000025,2310.5868000000028,2068.1634500000027
forecast_7414,2025-11-05 22:00,2611.0936000000024,2264.4141000000027,2054.807200000003
forecast_7415,2025-11-05 23:00,2744.8362000000025,2405.5337000000027,2141.701970000003
forecast_7416,2025-11-06 0:00,2909.7533000000026,2596.2578000000026,2194.2490000000025
forecast_7417,2025-11-06 1:00,3751.1616000000026,3406.611600000003,2628.3552000000027
forecast_7418,2025-11-06 2:00,3928.2224,4095.8477000000025,3086.3251000000027
forecast_7419,2025-11-06 3:00,5872.728,4775.9487,3892.9302000000025
forecast_7420,2025-11-06 4:00,7090.6167,5482.0215,3323.845
forecast_7421,2025-11-06 5:00,8855.764,6997.3364,4339.843
forecast_7422,2025-11-06 6:00,9324.444,7962.648,4539.6426
forecast_7423,2025-11-06 7:00,7640.8604,5812.9033,3719.4238
forecast_7424,2025-11-06 8:00,4543.6904,3542.2788,2935.6713000000027
forecast_7425,2025-11-06 9:00,3851.7036000000026,3165.7146000000025,2280.786000000003
forecast_7426,2025-11-06 10:00,2893.629300000003,2546.233400000003,1986.4182000000028
forecast_7427,2025-11-06 11:00,2551.1615000000024,2326.0093000000024,1979.0959500000026
forecast_7428,2025-11-06 12:00,2239.3951000000025,2135.6692000000025,1906.542800000003
forecast_7429,2025-11-06 13:00,2172.976000000003,2091.0271000000025,1882.7508500000026
forecast_7430,2025-11-06 14:00,2114.6530000000025,1981.4453000000026,1882.7508500000026
forecast_7431,2025-11-06 15:00,2055.632700000003,1966.1683000000025,1882.7508500000026
forecast_7432,2025-11-06 16:00,2056.5687000000025,2006.0449000000026,1895.5508000000027
forecast_7433,2025-11-06 17:00,2264.6573000000026,2163.8198000000025,1953.2026000000028
forecast_7434,2025-11-06 18:00,2538.5264000000025,2527.9159000000027,1953.2026000000028
forecast_7435,2025-11-06 19:00,2637.3009000000025,2613.7673000000027,2042.7104000000027
forecast_7436,2025-11-06 20:00,2637.9404000000027,2567.7761000000028,1953.2026000000028
forecast_7437,2025-11-06 21:00,2662.6764000000026,2599.6920000000027,1964.1945000000028
forecast_7438,2025-11-06 22:00,2629.328500000003,2516.5520000000024,1964.1945000000028
forecast_7439,2025-11-06 23:00,2612.2368000000024,2473.8993000000028,1972.4225000000029
forecast_7440,2025-11-07 0:00,2530.7186000000024,2290.0334000000025,1964.1945000000028
forecast_7441,2025-11-07 1:00,2615.0258000000026,2247.3884000000025,2054.0534700000026
forecast_7442,2025-11-07 2:00,3178.1665000000025,2834.2664000000027,2430.1018000000026
forecast_7443,2025-11-07 3:00,3421.8586000000028,3052.9937000000027,2488.8263000000024
forecast_7444,2025-11-07 4:00,3391.1614,3606.128700000003,2713.3705000000027
forecast_7445,2025-11-07 5:00,4817.6035,3997.0999,3345.3547000000026
forecast_7446,2025-11-07 6:00,4577.4927,3638.813,3230.7527000000027
forecast_7447,2025-11-07 7:00,3403.0261,3722.655000000003,2735.097400000003
forecast_7448,2025-11-07 8:00,3040.3030000000026,2553.5319000000027,2080.862500000003
forecast_7449,2025-11-07 9:00,2326.6663000000026,2190.1078000000025,1953.2026000000028
forecast_7450,2025-11-07 10:00,2072.7537000000025,2016.2461000000026,1895.5508000000027
forecast_7451,2025-11-07 11:00,2095.0541000000026,2011.5703000000026,1868.6734600000027
forecast_7452,2025-11-07 12:00,2110.3032000000026,2044.4490000000028,1868.6734600000027
forecast_7453,2025-11-07 13:00,2074.4175000000027,2100.6938000000027,1954.1435000000029
forecast_7454,2025-11-07 14:00,2215.9131000000025,2247.140100000003,2064.3637000000026
forecast_7455,2025-11-07 15:00,2583.5961000000025,2494.3171000000025,2112.115400000003
forecast_7456,2025-11-07 16:00,2697.404700000003,2696.5275000000024,2187.903000000003
forecast_7457,2025-11-07 17:00,3123.9219000000026,3167.1738000000028,2473.310800000003
forecast_7458,2025-11-07 18:00,3256.546600000003,3527.287600000003,2506.4149000000025
forecast_7459,2025-11-07 19:00,3569.935800000003,3757.355500000003,2526.741600000003
forecast_7460,2025-11-07 20:00,4037.9190000000026,3808.200200000003,2527.7372000000028
forecast_7461,2025-11-07 21:00,3506.9602,3767.4258,2731.8654000000024
forecast_7462,2025-11-07 22:00,3457.555,3330.5261,2617.8109000000027
forecast_7463,2025-11-07 23:00,3512.1758,4086.7288000000026,2684.385500000003
forecast_7464,2025-11-08 0:00,3901.9175000000027,3733.795000000003,2490.8591000000024
forecast_7465,2025-11-08 1:00,3713.8523000000027,3423.6277000000027,2255.142600000003
forecast_7466,2025-11-08 2:00,3351.7302000000027,2846.9210000000026,2059.1333000000027
forecast_7467,2025-11-08 3:00,3445.191400000003,3321.2183000000027,2314.9926000000028
forecast_7468,2025-11-08 4:00,3811.742200000003,3695.1865000000025,2496.127400000003
forecast_7469,2025-11-08 5:00,3975.1448000000028,3721.481200000003,2609.035200000003
forecast_7470,2025-11-08 6:00,4113.170700000002,3864.4438000000027,2693.169200000003
forecast_7471,2025-11-08 7:00,3431.4602,3987.1865000000025,2693.4918000000025
forecast_7472,2025-11-08 8:00,4091.957800000003,3808.3115000000025,2709.247900000003
forecast_7473,2025-11-08 9:00,3774.8623000000025,3665.185300000003,2611.340000000003
forecast_7474,2025-11-08 10:00,3510.588400000003,3499.7798000000025,2455.025900000003
forecast_7475,2025-11-08 11:00,3079.5076000000026,3350.1738000000028,2413.0951000000027
forecast_7476,2025-11-08 12:00,2840.5363000000025,2760.8490000000024,2285.069800000003
forecast_7477,2025-11-08 13:00,2943.125700000003,2989.1104000000028,2347.2880000000027
forecast_7478,2025-11-08 14:00,3232.716600000003,3476.799300000003,2567.121500000003
forecast_7479,2025-11-08 15:00,3267.9592000000025,3682.2990000000027,2622.230700000003
forecast_7480,2025-11-08 16:00,3561.043200000003,4045.958500000003,2868.5287000000026
forecast_7481,2025-11-08 17:00,3861.4714000000026,3530.8296,3046.189000000003
forecast_7482,2025-11-08 18:00,3821.0803,4408.3115,3558.0789000000027
forecast_7483,2025-11-08 19:00,3775.349,4618.884,3693.1987000000026
forecast_7484,2025-11-08 20:00,4472.87,5281.494,3992.1328000000026
forecast_7485,2025-11-08 21:00,5334.71,6019.2104,3297.8464
forecast_7486,2025-11-08 22:00,5877.5215,6398.3003,3395.992
forecast_7487,2025-11-08 23:00,9235.011,10921.114,7382.006
forecast_7488,2025-11-09 0:00,8936.912,10484.432,6970.405
forecast_7489,2025-11-09 1:00,7639.3433,8282.676,5085.2207
forecast_7490,2025-11-09 2:00,8336.646,9004.6455,6240.2417
forecast_7491,2025-11-09 3:00,9375.108,9660.758,6215.011
forecast_7492,2025-11-09 4:00,10302.514,10638.871,7718.8677
forecast_7493,2025-11-09 5:00,12386.784,13501.317,9852.007
forecast_7494,2025-11-09 6:00,13014.631,14116.023,10383.16
forecast_7495,2025-11-09 7:00,13131.156,14665.968,11166.217
forecast_7496,2025-11-09 8:00,13860.412,14532.904,10713.095
forecast_7497,2025-11-09 9:00,13417.922,14161.213,10752.944
forecast_7498,2025-11-09 10:00,14279.929,14646.482,11266.369
forecast_7499,2025-11-09 11:00,12131.696,13096.25,10148.609
forecast_7500,2025-11-09 12:00,11458.76,11751.209,9002.181
forecast_7501,2025-11-09 13:00,11869.993,11875.251,9101.248
forecast_7502,2025-11-09 14:00,12149.665,12351.789,9698.535
forecast_7503,2025-11-09 15:00,12979.017,12631.651,10131.271
forecast_7504,2025-11-09 16:00,14162.731,13893.967,10771.034
forecast_7505,2025-11-09 17:00,14264.088,14270.461,10963.064
forecast_7506,2025-11-09 18:00,14643.949,14679.668,12301.544
forecast_7507,2025-11-09 19:00,15496.173,15485.646,13369.558
forecast_7508,2025-11-09 20:00,17127.775,17055.877,15153.811
forecast_7509,2025-11-09 21:00,17143.79,16937.018,14764.213
forecast_7510,2025-11-09 22:00,16391.328,16355.864,13686.884
forecast_7511,2025-11-09 23:00,15411.034,15484.317,12827.165
forecast_7512,2025-11-10 0:00,15087.816,14748.403,11811.684
forecast_7513,2025-11-10 1:00,15204.709,14814.822,11942.062
forecast_7514,2025-11-10 2:00,14427.191,13901.748,10832.023
forecast_7515,2025-11-10 3:00,14444.057,13618.021,10550.924
forecast_7516,2025-11-10 4:00,13477.204,13113.569,9900.69
forecast_7517,2025-11-10 5:00,14185.226,13838.666,10605.316
forecast_7518,2025-11-10 6:00,15202.895,15705.461,11744.539
forecast_7519,2025-11-10 7:00,16474.352,16323.723,12866.835
forecast_7520,2025-11-10 8:00,15683.8545,15905.221,12659.401
forecast_7521,2025-11-10 9:00,14539.126,14715.218,11469.675
forecast_7522,2025-11-10 10:00,13347.309,13805.493,10166.137
forecast_7523,2025-11-10 11:00,11881.489,12274.399,9419.557
forecast_7524,2025-11-10 12:00,10616.694,10529.285,7717.2905
forecast_7525,2025-11-10 13:00,7831.2583,7331.6772,4103.477
forecast_7526,2025-11-10 14:00,7391.3105,6389.0728,3575.6377
forecast_7527,2025-11-10 15:00,6099.262,5148.271,4304.855700000003
forecast_7528,2025-11-10 16:00,6513.281,5571.908,3833.439
forecast_7529,2025-11-10 17:00,8080.5596,7192.6025,5739.7686
forecast_7530,2025-11-10 18:00,12580.604,12621.964,9495.124
forecast_7531,2025-11-10 19:00,15285.381,14460.53,11504.11
forecast_7532,2025-11-10 20:00,17179.996,16624.016,12870.218
forecast_7533,2025-11-10 21:00,17715.95,16958.223,13355.867
forecast_7534,2025-11-10 22:00,17977.63,17328.332,13401.303
forecast_7535,2025-11-10 23:00,17821.08,17063.207,12555.954
forecast_7536,2025-11-11 0:00,18049.152,17499.246,13334.101
forecast_7537,2025-11-11 1:00,19859.637,19200.234,15538.825
forecast_7538,2025-11-11 2:00,18921.639,18211.367,14006.954
forecast_7539,2025-11-11 3:00,17793.38,17374.025,12478.994
forecast_7540,2025-11-11 4:00,16260.617,16116.447,11007.893
forecast_7541,2025-11-11 5:00,13367.377,13672.215,8575.653
forecast_7542,2025-11-11 6:00,8819.254,8234.724,4578.607
forecast_7543,2025-11-11 7:00,7321.3687,5568.535,3257.4585
forecast_7544,2025-11-11 8:00,5146.0522,3724.5117,3175.9536000000026
forecast_7545,2025-11-11 9:00,4952.755,3525.3745,2794.182600000003
forecast_7546,2025-11-11 10:00,3884.2092,3870.029300000003,2587.1304000000027
forecast_7547,2025-11-11 11:00,3855.762200000003,3266.9062000000026,2356.5466000000024
forecast_7548,2025-11-11 12:00,3449.201700000003,3001.1506000000027,2295.5153000000028
forecast_7549,2025-11-11 13:00,3294.7021000000027,2789.6377000000025,2190.060800000003
forecast_7550,2025-11-11 14:00,3157.997800000003,2683.4174000000025,2145.3233600000026
forecast_7551,2025-11-11 15:00,2957.2408000000028,2559.0006000000026,2059.1333000000027
forecast_7552,2025-11-11 16:00,2687.3545000000026,2420.1621000000027,2056.8720000000026
forecast_7553,2025-11-11 17:00,2749.6973000000025,2611.5336000000025,2056.8720000000026
forecast_7554,2025-11-11 18:00,2804.0574000000024,2580.656500000003,1975.7122000000027
forecast_7555,2025-11-11 19:00,2479.1725000000024,2411.4474000000027,1998.8836000000028
forecast_7556,2025-11-11 20:00,2365.2573000000025,2422.9141000000027,2016.9530600000028
forecast_7557,2025-11-11 21:00,2508.6335000000026,2526.282200000003,2118.6782000000026
forecast_7558,2025-11-11 22:00,2692.3655000000026,2540.1598000000026,2140.272600000003
forecast_7559,2025-11-11 23:00,2875.4225000000024,2642.338400000003,2145.805600000003
forecast_7560,2025-11-12 0:00,2822.5475000000024,2659.7621000000026,2133.689600000003
forecast_7561,2025-11-12 1:00,2723.2872000000025,2564.568600000003,2197.3546000000024
forecast_7562,2025-11-12 2:00,2959.0476000000026,2691.9656000000027,2191.461900000003
forecast_7563,2025-11-12 3:00,2952.5939000000026,2658.1490000000026,2181.199800000003
forecast_7564,2025-11-12 4:00,3194.9260000000027,2806.9421000000025,2269.9423000000024
forecast_7565,2025-11-12 5:00,3471.838000000003,2937.938500000003,2456.850100000003
forecast_7566,2025-11-12 6:00,3668.6365,3505.6091,3398.104200000003
forecast_7567,2025-11-12 7:00,5232.204,4762.707,3982.8160000000025
forecast_7568,2025-11-12 8:00,5747.417,5464.377,4206.931000000002
forecast_7569,2025-11-12 9:00,5774.8066,5538.842,3196.487
forecast_7570,2025-11-12 10:00,4551.3345,4432.309,3814.3516000000027
forecast_7571,2025-11-12 11:00,4173.501,3976.619,3787.410400000003
forecast_7572,2025-11-12 12:00,5065.282,5431.2603,3487.3252
forecast_7573,2025-11-12 13:00,5511.3125,5685.8315,3919.0134
forecast_7574,2025-11-12 14:00,5221.3623,5133.919,3551.3118
forecast_7575,2025-11-12 15:00,5539.128,5591.5547,3630.873
forecast_7576,2025-11-12 16:00,6589.2095,7173.8423,4626.317
forecast_7577,2025-11-12 17:00,11418.137,11637.401,8749.955
forecast_7578,2025-11-12 18:00,13624.41,14478.127,10684.229
forecast_7579,2025-11-12 19:00,15652.109,16543.074,12664.718
forecast_7580,2025-11-12 20:00,16305.069,17125.334,13150.183
forecast_7581,2025-11-12 21:00,17804.389,18555.865,14001.995
forecast_7582,2025-11-12 22:00,18436.959,18603.586,14388.465
forecast_7583,2025-11-12 23:00,19431.365,19386.807,15515.061
forecast_7584,2025-11-13 0:00,20186.887,20210.688,16414.146
forecast_7585,2025-11-13 1:00,20616.105,20221.355,16233.609
forecast_7586,2025-11-13 2:00,19838.082,19836.367,16074.267
forecast_7587,2025-11-13 3:00,19996.283,19638.139,16247.78
forecast_7588,2025-11-13 4:00,19604.28,19572.404,15653.179
forecast_7589,2025-11-13 5:00,18904.045,19351.47,15302.334
forecast_7590,2025-11-13 6:00,18304.904,18445.82,13878.987
forecast_7591,2025-11-13 7:00,17025.088,17626.72,12729.684
forecast_7592,2025-11-13 8:00,15151.5205,16146.159,11023.551
forecast_7593,2025-11-13 9:00,14113.729,15343.896,10522.677
forecast_7594,2025-11-13 10:00,12818.751,13964.773,10122.866
forecast_7595,2025-11-13 11:00,12094.499,13157.283,9832.928
forecast_7596,2025-11-13 12:00,7533.2334,7933.669,4796.869
forecast_7597,2025-11-13 13:00,5041.647,4738.3486,3906.440000000003
forecast_7598,2025-11-13 14:00,4407.653,4079.319,3296.2250000000026
forecast_7599,2025-11-13 15:00,3981.6147,3532.6965,3157.805900000003
forecast_7600,2025-11-13 16:00,4902.4062,4372.787,3515.538300000003
forecast_7601,2025-11-13 17:00,4458.808,4433.553,3621.5640000000026
forecast_7602,2025-11-13 18:00,5564.621,5509.446,4150.5264000000025
forecast_7603,2025-11-13 19:00,6560.669,7606.0615,4175.214
forecast_7604,2025-11-13 20:00,7516.4927,6810.708,3911.6934
forecast_7605,2025-11-13 21:00,8738.659,8445.516,5106.5054
forecast_7606,2025-11-13 22:00,8823.089,7951.712,5025.173
forecast_7607,2025-11-13 23:00,9427.995,8848.527,5690.628
forecast_7608,2025-11-14 0:00,8719.931,7559.05,5194.102
forecast_7609,2025-11-14 1:00,3397.0042,3743.3520000000026,2956.3606000000027
forecast_7610,2025-11-14 2:00,3639.8176,3259.4143,3136.724200000003
forecast_7611,2025-11-14 3:00,3500.5776,3925.0750000000025,3072.9674000000027
forecast_7612,2025-11-14 4:00,3764.4087,3261.2822,3104.5565000000024
forecast_7613,2025-11-14 5:00,3899.3738,3348.5684,3227.7727000000027
forecast_7614,2025-11-14 6:00,3953.5913,3401.3164,3389.5820000000026
forecast_7615,2025-11-14 7:00,4185.1157,3580.8145,3478.054700000003
forecast_7616,2025-11-14 8:00,4871.091,4388.467,3776.683300000003
forecast_7617,2025-11-14 9:00,4988.1567,4044.8503,3574.7825000000025
forecast_7618,2025-11-14 10:00,4644.5015,3857.1238,3371.6470000000027
forecast_7619,2025-11-14 11:00,4115.326,3642.8535,3148.6735000000026
forecast_7620,2025-11-14 12:00,3997.955,3544.4832,3043.307600000003
forecast_7621,2025-11-14 13:00,4170.935,3305.4692,3176.7214000000026
forecast_7622,2025-11-14 14:00,4362.8657,3583.277,3362.1810000000028
forecast_7623,2025-11-14 15:00,4780.5337,4012.1335,3545.9631000000027
forecast_7624,2025-11-14 16:00,5446.9146,4703.697,3838.345200000003
forecast_7625,2025-11-14 17:00,5899.2524,5533.021,4006.248500000003
forecast_7626,2025-11-14 18:00,7004.714,6433.076,3962.7874
forecast_7627,2025-11-14 19:00,8376.06,8452.851,5632.0693
forecast_7628,2025-11-14 20:00,10074.687,10044.993,6932.5186
forecast_7629,2025-11-14 21:00,10091.518,9418.24,6117.153
forecast_7630,2025-11-14 22:00,10082.724,9301.095,6004.809
forecast_7631,2025-11-14 23:00,9775.594,9043.585,5987.8765
forecast_7632,2025-11-15 0:00,8951.488,8212.898,4704.299
forecast_7633,2025-11-15 1:00,6442.364,5134.3486,3983.9563000000026
forecast_7634,2025-11-15 2:00,6193.006,4872.8784,3750.572500000003
forecast_7635,2025-11-15 3:00,5648.266,4651.6284,3528.355700000003
forecast_7636,2025-11-15 4:00,6427.032,5173.837,3844.2969000000026
forecast_7637,2025-11-15 5:00,5578.9097,4512.7427,3474.7468000000026
forecast_7638,2025-11-15 6:00,4798.2285,4014.6917,3185.468100000003
forecast_7639,2025-11-15 7:00,4887.5127,4062.8506,3140.077400000003
forecast_7640,2025-11-15 8:00,4091.471,4082.6384000000025,2671.6740000000027
forecast_7641,2025-11-15 9:00,3298.0142,3440.253700000003,2321.1438000000026
forecast_7642,2025-11-15 10:00,3097.0352000000025,2710.6519000000026,2121.0769000000028
forecast_7643,2025-11-15 11:00,2564.5936000000024,2440.8053000000027,2071.510000000003
forecast_7644,2025-11-15 12:00,2746.0037000000025,2474.0099000000027,2123.1705300000026
forecast_7645,2025-11-15 13:00,2356.9471000000026,2194.7659000000026,2000.2720300000028
forecast_7646,2025-11-15 14:00,2240.375700000003,2157.2108000000026,1975.0790000000027
forecast_7647,2025-11-15 15:00,2564.130200000003,2390.6316000000024,2071.650300000003
forecast_7648,2025-11-15 16:00,3244.8237000000026,3006.7996000000026,2273.4509000000025
forecast_7649,2025-11-15 17:00,3577.695,3511.1313,2990.6495000000027
forecast_7650,2025-11-15 18:00,5806.371,5361.489,3158.6418
forecast_7651,2025-11-15 19:00,7882.4634,7472.521,5050.5386
forecast_7652,2025-11-15 20:00,9157.946,9296.117,6122.0225
forecast_7653,2025-11-15 21:00,10537.73,10508.138,7279.1665
forecast_7654,2025-11-15 22:00,9923.077,9773.079,6136.6416
forecast_7655,2025-11-15 23:00,9319.877,9178.346,5387.11
forecast_7656,2025-11-16 0:00,9803.697,9178.003,5650.073
forecast_7657,2025-11-16 1:00,8517.225,7768.2715,5749.6353
forecast_7658,2025-11-16 2:00,8088.016,7617.8413,4430.4663
forecast_7659,2025-11-16 3:00,8383.226,8272.729,5065.0737
forecast_7660,2025-11-16 4:00,8253.463,8053.5547,4824.106
forecast_7661,2025-11-16 5:00,9945.379,9410.764,6351.7886
forecast_7662,2025-11-16 6:00,10622.167,11235.189,8097.7793
forecast_7663,2025-11-16 7:00,11353.085,12646.825,9499.645
forecast_7664,2025-11-16 8:00,11888.303,13035.291,9541.831
forecast_7665,2025-11-16 9:00,12259.738,14177.141,9961.326
forecast_7666,2025-11-16 10:00,11223.566,13321.592,9804.578
forecast_7667,2025-11-16 11:00,10256.955,13003.393,9770.027
forecast_7668,2025-11-16 12:00,11777.289,14088.717,11101.796
forecast_7669,2025-11-16 13:00,11963.518,13970.615,11652.351
forecast_7670,2025-11-16 14:00,12088.437,13573.375,10963.911
forecast_7671,2025-11-16 15:00,13582.888,14868.604,12759.861
forecast_7672,2025-11-16 16:00,15562.19,16362.961,14512.834
forecast_7673,2025-11-16 17:00,17646.738,18513.514,16249.75
forecast_7674,2025-11-16 18:00,19008.434,19704.738,17340.33
forecast_7675,2025-11-16 19:00,19825.072,20321.598,17892.357
forecast_7676,2025-11-16 20:00,20257.053,20549.0,18216.713
forecast_7677,2025-11-16 21:00,19997.238,20430.672,18739.863
forecast_7678,2025-11-16 22:00,20050.549,20593.15,18692.9
forecast_7679,2025-11-16 23:00,19553.236,20287.395,18561.648
forecast_7680,2025-11-17 0:00,19226.127,20249.291,17977.219
forecast_7681,2025-11-17 1:00,19357.97,20094.527,18135.945
forecast_7682,2025-11-17 2:00,20060.285,20538.168,18086.809
forecast_7683,2025-11-17 3:00,19466.184,20179.748,16854.285
forecast_7684,2025-11-17 4:00,19440.768,20109.715,16834.89
forecast_7685,2025-11-17 5:00,19521.4,20047.986,16817.088
forecast_7686,2025-11-17 6:00,19704.965,20119.232,16562.967
forecast_7687,2025-11-17 7:00,19864.09,20093.924,16558.773
forecast_7688,2025-11-17 8:00,18932.15,19471.135,15897.06
forecast_7689,2025-11-17 9:00,17872.295,17787.54,14523.08
forecast_7690,2025-11-17 10:00,15410.856,15907.481,13343.451
forecast_7691,2025-11-17 11:00,14528.078,15163.712,12429.402
forecast_7692,2025-11-17 12:00,14109.85,14613.806,11542.243
forecast_7693,2025-11-17 13:00,14023.058,14358.6,10996.539
forecast_7694,2025-11-17 14:00,13548.793,14072.496,10754.032
forecast_7695,2025-11-17 15:00,13609.23,13521.061,10636.278
forecast_7696,2025-11-17 16:00,13733.787,13972.357,10773.045
forecast_7697,2025-11-17 17:00,14459.098,14466.597,11562.713
forecast_7698,2025-11-17 18:00,14084.574,14199.025,11460.917
forecast_7699,2025-11-17 19:00,13608.946,14152.994,11687.748
forecast_7700,2025-11-17 20:00,14786.459,15431.792,13089.49
forecast_7701,2025-11-17 21:00,15627.188,16108.616,13671.831
forecast_7702,2025-11-17 22:00,16119.585,17176.848,14301.144
forecast_7703,2025-11-17 23:00,16819.78,18255.13,15261.959
forecast_7704,2025-11-18 0:00,16478.07,17882.352,14504.627
forecast_7705,2025-11-18 1:00,16286.969,17698.973,14237.34
forecast_7706,2025-11-18 2:00,16061.129,17485.604,13848.858
forecast_7707,2025-11-18 3:00,16023.795,17460.146,13806.69
forecast_7708,2025-11-18 4:00,16983.44,18114.254,14292.575
forecast_7709,2025-11-18 5:00,16968.709,17971.098,14726.036
forecast_7710,2025-11-18 6:00,17351.545,18371.287,15454.131
forecast_7711,2025-11-18 7:00,17930.408,18768.15,15777.807
forecast_7712,2025-11-18 8:00,17012.758,17475.38,14498.819
forecast_7713,2025-11-18 9:00,15002.633,15965.187,12880.777
forecast_7714,2025-11-18 10:00,13533.601,14016.302,11003.041
forecast_7715,2025-11-18 11:00,13547.938,13317.185,10573.83
forecast_7716,2025-11-18 12:00,13027.847,13142.795,10253.666
forecast_7717,2025-11-18 13:00,12788.036,12557.559,9775.195
forecast_7718,2025-11-18 14:00,12778.522,12151.345,9534.32
forecast_7719,2025-11-18 15:00,12278.74,11003.316,8713.543
forecast_7720,2025-11-18 16:00,10920.164,9251.759,7505.1494
forecast_7721,2025-11-18 17:00,9173.935,7999.2266,5421.7954
forecast_7722,2025-11-18 18:00,7570.136,6386.0854,4283.758
forecast_7723,2025-11-18 19:00,7187.4956,6651.141,4465.0654
forecast_7724,2025-11-18 20:00,7075.963,6995.8564,4768.722
forecast_7725,2025-11-18 21:00,8378.24,8501.669,5742.8574
forecast_7726,2025-11-18 22:00,9545.931,9422.891,6582.8545
forecast_7727,2025-11-18 23:00,10135.059,9910.76,6844.893
forecast_7728,2025-11-19 0:00,9645.817,9554.009,6785.54
forecast_7729,2025-11-19 1:00,12009.285,13237.501,9524.082
forecast_7730,2025-11-19 2:00,12008.216,13218.861,9551.272
forecast_7731,2025-11-19 3:00,10727.11,11251.023,7626.4575
forecast_7732,2025-11-19 4:00,9315.643,8807.999,5736.5747
forecast_7733,2025-11-19 5:00,7419.9346,6015.3877,4325.7163
forecast_7734,2025-11-19 6:00,5163.9033,4619.6846,4097.180000000002
forecast_7735,2025-11-19 7:00,4348.5894,3539.9307,3321.509300000003
forecast_7736,2025-11-19 8:00,3812.7566,3324.3945,2986.989700000003
forecast_7737,2025-11-19 9:00,3793.2070000000026,3469.508800000003,2640.5654000000027
forecast_7738,2025-11-19 10:00,2893.398200000003,2883.0814000000028,2195.777500000003
forecast_7739,2025-11-19 11:00,2429.2990000000027,2443.9049000000027,1985.0530400000027
forecast_7740,2025-11-19 12:00,2243.6193000000026,2253.4122000000025,1974.8913600000028
forecast_7741,2025-11-19 13:00,2391.0509000000025,2338.0488000000028,2087.4206500000028
forecast_7742,2025-11-19 14:00,2737.6494000000025,2646.7728000000025,2273.246000000003
forecast_7743,2025-11-19 15:00,3746.671400000003,3456.6838000000025,2824.8071000000027
forecast_7744,2025-11-19 16:00,3661.537,3254.4956,3130.8259000000025
forecast_7745,2025-11-19 17:00,7810.445,6686.387,5300.2764
forecast_7746,2025-11-19 18:00,11344.348,9386.87,7659.4023
forecast_7747,2025-11-19 19:00,13315.727,12248.327,10019.78
forecast_7748,2025-11-19 20:00,14835.528,13920.119,11046.103
forecast_7749,2025-11-19 21:00,16988.385,15941.483,12264.044
forecast_7750,2025-11-19 22:00,19734.568,18022.057,15271.67
forecast_7751,2025-11-19 23:00,20726.44,19469.932,16265.379
forecast_7752,2025-11-20 0:00,21197.63,20100.656,16556.623
forecast_7753,2025-11-20 1:00,21269.404,20508.393,16810.795
forecast_7754,2025-11-20 2:00,21424.863,20919.521,16871.998
forecast_7755,2025-11-20 3:00,21514.408,21247.207,17502.64
forecast_7756,2025-11-20 4:00,21388.2,21097.72,16740.072
forecast_7757,2025-11-20 5:00,21061.752,20862.316,16569.451
forecast_7758,2025-11-20 6:00,20944.8,20744.266,16482.703
forecast_7759,2025-11-20 7:00,20956.637,20781.752,16598.672
forecast_7760,2025-11-20 8:00,19879.717,20112.0,16468.578
forecast_7761,2025-11-20 9:00,18814.535,19913.422,16405.883
forecast_7762,2025-11-20 10:00,17929.9,19363.852,16404.03
forecast_7763,2025-11-20 11:00,18218.469,19541.83,16382.715
forecast_7764,2025-11-20 12:00,18117.273,19459.014,16275.182
forecast_7765,2025-11-20 13:00,18234.238,19289.623,16356.345
forecast_7766,2025-11-20 14:00,19031.5,19666.152,16583.986
forecast_7767,2025-11-20 15:00,18840.555,19532.338,16660.354
forecast_7768,2025-11-20 16:00,19289.365,19674.58,16739.732
forecast_7769,2025-11-20 17:00,19691.492,20035.129,16878.44
forecast_7770,2025-11-20 18:00,19984.578,20073.914,16979.957
forecast_7771,2025-11-20 19:00,19664.385,19714.771,16952.637
forecast_7772,2025-11-20 20:00,18854.777,19263.646,16636.496
forecast_7773,2025-11-20 21:00,18669.178,19295.07,16537.531
forecast_7774,2025-11-20 22:00,18355.445,19138.74,16460.096
forecast_7775,2025-11-20 23:00,18019.912,18997.668,16318.993
forecast_7776,2025-11-21 0:00,18016.893,19095.879,15987.0
forecast_7777,2025-11-21 1:00,17683.715,18800.92,15617.606
forecast_7778,2025-11-21 2:00,17643.355,18557.053,14680.76
forecast_7779,2025-11-21 3:00,17540.172,18237.658,14362.521
forecast_7780,2025-11-21 4:00,18120.424,18666.273,14080.773
forecast_7781,2025-11-21 5:00,19030.809,19158.533,15322.305
forecast_7782,2025-11-21 6:00,19019.64,19376.666,15615.875
forecast_7783,2025-11-21 7:00,19044.074,19436.945,15568.159
forecast_7784,2025-11-21 8:00,18840.123,19127.822,15389.451
forecast_7785,2025-11-21 9:00,17189.021,18260.834,14143.256
forecast_7786,2025-11-21 10:00,16070.266,17010.352,13603.135
forecast_7787,2025-11-21 11:00,15727.338,16919.62,13537.067
forecast_7788,2025-11-21 12:00,15902.332,16698.508,13493.263
forecast_7789,2025-11-21 13:00,15630.059,16349.3,12864.467
forecast_7790,2025-11-21 14:00,15615.443,16309.889,12831.853
forecast_7791,2025-11-21 15:00,15929.052,16769.71,14082.822
forecast_7792,2025-11-21 16:00,16839.393,17977.578,14620.106
forecast_7793,2025-11-21 17:00,17464.518,18508.043,15629.616
forecast_7794,2025-11-21 18:00,17561.572,18916.709,16204.516
forecast_7795,2025-11-21 19:00,16867.537,17983.846,15523.171
forecast_7796,2025-11-21 20:00,16976.707,18339.775,15572.326
forecast_7797,2025-11-21 21:00,17580.904,18907.043,16220.138
forecast_7798,2025-11-21 22:00,18155.018,19533.635,16366.115
forecast_7799,2025-11-21 23:00,18003.32,19479.64,16192.098
forecast_7800,2025-11-22 0:00,18243.09,19534.047,16062.941
forecast_7801,2025-11-22 1:00,18888.96,20081.783,16268.515
forecast_7802,2025-11-22 2:00,18684.96,19771.672,15946.172
forecast_7803,2025-11-22 3:00,18339.387,19505.861,15026.276
forecast_7804,2025-11-22 4:00,18557.482,19717.373,14968.596
forecast_7805,2025-11-22 5:00,19035.572,19847.518,15412.199
forecast_7806,2025-11-22 6:00,20150.146,20029.744,15819.94
forecast_7807,2025-11-22 7:00,19786.318,19920.523,15670.587
forecast_7808,2025-11-22 8:00,18990.984,19166.875,14296.228
forecast_7809,2025-11-22 9:00,18156.111,18404.848,13111.987
forecast_7810,2025-11-22 10:00,15181.281,16057.161,12122.405
forecast_7811,2025-11-22 11:00,13038.315,14571.726,10905.026
forecast_7812,2025-11-22 12:00,12724.139,14199.048,10460.23
forecast_7813,2025-11-22 13:00,13054.665,13172.739,10545.765
forecast_7814,2025-11-22 14:00,12977.378,13482.364,10325.622
forecast_7815,2025-11-22 15:00,13524.166,13660.863,11033.849
forecast_7816,2025-11-22 16:00,14269.675,14860.051,11481.149
forecast_7817,2025-11-22 17:00,16296.538,17297.723,13638.459
forecast_7818,2025-11-22 18:00,17458.629,17996.676,15191.657
forecast_7819,2025-11-22 19:00,18606.582,18829.39,16032.066
forecast_7820,2025-11-22 20:00,19261.334,19056.543,15951.721
forecast_7821,2025-11-22 21:00,19970.004,19802.953,16165.8545
forecast_7822,2025-11-22 22:00,20157.838,19293.785,16066.124
forecast_7823,2025-11-22 23:00,20442.246,19536.988,16238.403
forecast_7824,2025-11-23 0:00,20646.508,20035.676,16462.266
forecast_7825,2025-11-23 1:00,20856.338,20461.443,16675.77
forecast_7826,2025-11-23 2:00,20498.504,20203.316,16600.36
forecast_7827,2025-11-23 3:00,20309.627,20044.555,16508.46
forecast_7828,2025-11-23 4:00,20483.871,20171.1,16432.406
forecast_7829,2025-11-23 5:00,20332.451,20028.871,16249.129
forecast_7830,2025-11-23 6:00,20443.824,20013.664,16342.522
forecast_7831,2025-11-23 7:00,20652.164,20156.271,16715.238
forecast_7832,2025-11-23 8:00,20023.256,19647.852,16426.889
forecast_7833,2025-11-23 9:00,18575.418,19015.303,15817.8545
forecast_7834,2025-11-23 10:00,18865.205,18931.664,15552.217
forecast_7835,2025-11-23 11:00,17409.414,17957.844,14095.509
forecast_7836,2025-11-23 12:00,17240.207,17819.46,13739.296
forecast_7837,2025-11-23 13:00,14254.295,14828.009,11500.699
forecast_7838,2025-11-23 14:00,13285.787,14378.108,11574.272
forecast_7839,2025-11-23 15:00,13330.992,14375.624,11329.491
forecast_7840,2025-11-23 16:00,13478.636,14151.481,10815.075
forecast_7841,2025-11-23 17:00,14768.035,15067.989,11880.317
forecast_7842,2025-11-23 18:00,16221.55,16052.03,13258.561
forecast_7843,2025-11-23 19:00,17445.412,17647.457,14272.089
forecast_7844,2025-11-23 20:00,17155.166,17461.414,14538.245
forecast_7845,2025-11-23 21:00,17182.299,17675.867,14835.0
forecast_7846,2025-11-23 22:00,16701.697,17080.79,14837.354
forecast_7847,2025-11-23 23:00,16389.318,16791.438,14280.79
forecast_7848,2025-11-24 0:00,15752.869,16227.809,13092.861
forecast_7849,2025-11-24 1:00,15016.362,16228.507,12172.314
forecast_7850,2025-11-24 2:00,14755.643,16118.734,11498.685
forecast_7851,2025-11-24 3:00,13727.382,15199.452,11228.28
forecast_7852,2025-11-24 4:00,12869.925,14676.021,10569.832
forecast_7853,2025-11-24 5:00,12154.119,13817.626,10111.64
forecast_7854,2025-11-24 6:00,12844.48,14351.505,10325.604
forecast_7855,2025-11-24 7:00,13542.186,14903.787,10849.864
forecast_7856,2025-11-24 8:00,14037.006,15278.635,11248.938
forecast_7857,2025-11-24 9:00,12267.027,13712.639,10419.589
forecast_7858,2025-11-24 10:00,11276.88,12487.761,9716.993
forecast_7859,2025-11-24 11:00,11983.302,13236.913,10028.109
forecast_7860,2025-11-24 12:00,12145.431,13299.456,10456.656
forecast_7861,2025-11-24 13:00,12915.313,13713.712,11466.797
forecast_7862,2025-11-24 14:00,13649.617,14273.009,11989.512
forecast_7863,2025-11-24 15:00,13817.8955,14863.051,12506.324
forecast_7864,2025-11-24 16:00,13567.225,14213.909,11970.03
forecast_7865,2025-11-24 17:00,13708.949,14180.191,11696.313
forecast_7866,2025-11-24 18:00,13015.211,13642.612,10624.624
forecast_7867,2025-11-24 19:00,12757.576,12892.641,10232.024
forecast_7868,2025-11-24 20:00,13616.869,14374.488,11684.658
forecast_7869,2025-11-24 21:00,13323.422,14468.796,11778.557
forecast_7870,2025-11-24 22:00,13051.259,14881.085,11483.706
forecast_7871,2025-11-24 23:00,13625.44,15006.46,11555.455
forecast_7872,2025-11-25 0:00,13366.546,14666.256,10747.304
forecast_7873,2025-11-25 1:00,13088.392,14393.902,10741.428
forecast_7874,2025-11-25 2:00,13775.419,14923.088,11787.823
forecast_7875,2025-11-25 3:00,13701.562,14787.45,11743.034
forecast_7876,2025-11-25 4:00,12511.986,14389.023,10688.276
forecast_7877,2025-11-25 5:00,13013.253,14778.87,11075.611
forecast_7878,2025-11-25 6:00,12543.033,14560.281,10980.279
forecast_7879,2025-11-25 7:00,12791.249,14838.614,11233.512
forecast_7880,2025-11-25 8:00,13008.528,14552.075,10612.965
forecast_7881,2025-11-25 9:00,10242.583,11942.22,8990.118
forecast_7882,2025-11-25 10:00,10469.488,11728.139,9405.067
forecast_7883,2025-11-25 11:00,9129.36,10742.106,8253.383
forecast_7884,2025-11-25 12:00,7812.498,8609.265,6451.8096
forecast_7885,2025-11-25 13:00,9425.121,9854.168,7595.4907
forecast_7886,2025-11-25 14:00,11027.237,11161.026,9436.895
forecast_7887,2025-11-25 15:00,11493.82,12465.316,10049.369
forecast_7888,2025-11-25 16:00,12209.557,12934.075,10039.516
forecast_7889,2025-11-25 17:00,12751.75,13393.325,10497.225
forecast_7890,2025-11-25 18:00,12974.482,13367.79,10558.383
forecast_7891,2025-11-25 19:00,12760.734,12849.403,10299.459
forecast_7892,2025-11-25 20:00,11961.726,11575.488,8064.141
forecast_7893,2025-11-25 21:00,8987.036,8769.224,5038.2183
forecast_7894,2025-11-25 22:00,6931.087,7087.0254,3430.1057
forecast_7895,2025-11-25 23:00,6387.2954,6379.304,3169.7744
forecast_7896,2025-11-26 0:00,5151.234,5278.4263,3680.1052000000027
forecast_7897,2025-11-26 1:00,4410.353,4101.4043,3289.8235000000027
forecast_7898,2025-11-26 2:00,4053.2092000000025,3872.7830000000026,2755.5071000000025
forecast_7899,2025-11-26 3:00,3332.8723000000027,3216.9314000000027,2557.8164000000024
forecast_7900,2025-11-26 4:00,2990.4710000000027,2952.750700000003,2458.766700000003
forecast_7901,2025-11-26 5:00,3142.8718000000026,3203.9392000000025,2719.6285000000025
forecast_7902,2025-11-26 6:00,3455.6492000000026,3383.4746000000027,2877.167800000003
forecast_7903,2025-11-26 7:00,3934.816200000003,3812.725300000003,3078.123300000003
forecast_7904,2025-11-26 8:00,3246.5742,3973.4573000000028,3112.7036000000026
forecast_7905,2025-11-26 9:00,3782.9233,3838.1555,3291.052000000003
forecast_7906,2025-11-26 10:00,4210.8574,3911.2644,3272.2090000000026
forecast_7907,2025-11-26 11:00,3726.0647,3466.236,3024.0255000000025
forecast_7908,2025-11-26 12:00,3248.3135,3891.0757000000026,2873.9806000000026
forecast_7909,2025-11-26 13:00,4130.765400000003,3966.193000000003,3148.6298000000024
forecast_7910,2025-11-26 14:00,4359.003,3837.9824,3756.8550000000027
forecast_7911,2025-11-26 15:00,5684.7847,5041.4907,3548.775
forecast_7912,2025-11-26 16:00,7104.4873,6288.072,4344.892
forecast_7913,2025-11-26 17:00,8951.264,8986.921,6979.6196
forecast_7914,2025-11-26 18:00,12251.419,12096.567,9316.469
forecast_7915,2025-11-26 19:00,13826.672,14260.758,11269.116
forecast_7916,2025-11-26 20:00,13876.327,14547.234,10617.224
forecast_7917,2025-11-26 21:00,13597.422,14445.055,10300.372
forecast_7918,2025-11-26 22:00,14018.603,14520.969,10688.081
forecast_7919,2025-11-26 23:00,14401.682,15090.287,10961.664
forecast_7920,2025-11-27 0:00,15703.872,16565.293,12809.907
forecast_7921,2025-11-27 1:00,15229.415,16622.586,12700.042
forecast_7922,2025-11-27 2:00,15317.092,16760.275,13641.96
forecast_7923,2025-11-27 3:00,17229.848,18158.64,14966.399
forecast_7924,2025-11-27 4:00,15925.994,17182.455,14204.158
forecast_7925,2025-11-27 5:00,15366.203,16475.387,13607.396
forecast_7926,2025-11-27 6:00,15568.531,16762.506,13827.018
forecast_7927,2025-11-27 7:00,13212.665,15514.316,11447.035
forecast_7928,2025-11-27 8:00,15921.37,17288.635,14203.018
forecast_7929,2025-11-27 9:00,14680.305,16236.712,13869.214
forecast_7930,2025-11-27 10:00,13731.668,16195.86,13581.25
forecast_7931,2025-11-27 11:00,15688.537,17333.912,15554.792
forecast_7932,2025-11-27 12:00,16014.756,17200.898,15676.146
forecast_7933,2025-11-27 13:00,15645.687,17984.36,16425.244
forecast_7934,2025-11-27 14:00,16387.52,19458.125,17559.785
forecast_7935,2025-11-27 15:00,17491.078,18627.746,16897.943
forecast_7936,2025-11-27 16:00,18070.234,19223.938,16445.42
forecast_7937,2025-11-27 17:00,17991.959,18568.975,15924.941
forecast_7938,2025-11-27 18:00,18138.9,18753.4,16003.519
forecast_7939,2025-11-27 19:00,18525.404,19239.416,15690.056
forecast_7940,2025-11-27 20:00,18532.58,19110.332,15562.717
forecast_7941,2025-11-27 21:00,17908.576,18595.938,15472.157
forecast_7942,2025-11-27 22:00,17687.988,18176.295,15087.105
forecast_7943,2025-11-27 23:00,17864.184,18552.482,15283.544
forecast_7944,2025-11-28 0:00,17846.422,18770.012,15389.775
forecast_7945,2025-11-28 1:00,17571.508,18723.205,16132.589
forecast_7946,2025-11-28 2:00,16648.52,17600.406,15913.888
forecast_7947,2025-11-28 3:00,16986.771,18068.498,15650.251
forecast_7948,2025-11-28 4:00,18217.895,19133.826,16156.914
forecast_7949,2025-11-28 5:00,18108.463,19074.176,15805.973
forecast_7950,2025-11-28 6:00,18174.283,18491.842,14640.512
forecast_7951,2025-11-28 7:00,17310.611,17419.117,12946.666
forecast_7952,2025-11-28 8:00,15840.289,15799.497,10857.633
forecast_7953,2025-11-28 9:00,13190.606,13637.664,9760.584
forecast_7954,2025-11-28 10:00,10330.498,10723.864,7403.3276
forecast_7955,2025-11-28 11:00,9432.44,10615.361,6675.971
forecast_7956,2025-11-28 12:00,8897.595,9613.073,6491.452
forecast_7957,2025-11-28 13:00,8950.567,9322.86,6673.7417
forecast_7958,2025-11-28 14:00,8341.281,8581.542,5932.0596
forecast_7959,2025-11-28 15:00,6700.367,6377.0913,3664.647
forecast_7960,2025-11-28 16:00,6842.273,6353.7183,3779.852
forecast_7961,2025-11-28 17:00,7813.798,7615.0537,4307.403
forecast_7962,2025-11-28 18:00,8435.26,8212.261,5253.172
forecast_7963,2025-11-28 19:00,7580.057,6656.305,4088.6304
forecast_7964,2025-11-28 20:00,7112.5728,5919.3555,3805.2703
forecast_7965,2025-11-28 21:00,6568.7915,5197.299,3691.5828
forecast_7966,2025-11-28 22:00,6553.118,5470.5327,3720.4075
forecast_7967,2025-11-28 23:00,6396.0083,5500.4434,3645.5242
forecast_7968,2025-11-29 0:00,6630.4062,5891.126,3932.039
forecast_7969,2025-11-29 1:00,5786.0127,5055.4,3485.6843
forecast_7970,2025-11-29 2:00,6404.489,5825.647,3906.367
forecast_7971,2025-11-29 3:00,7864.257,7324.779,5231.51
forecast_7972,2025-11-29 4:00,10534.17,10535.47,8189.6353
forecast_7973,2025-11-29 5:00,13243.648,13669.229,10034.663
forecast_7974,2025-11-29 6:00,14302.197,15340.346,11139.224
forecast_7975,2025-11-29 7:00,13705.06,15174.42,10792.885
forecast_7976,2025-11-29 8:00,12915.571,14344.112,10365.636
forecast_7977,2025-11-29 9:00,11735.704,13696.639,9705.091
forecast_7978,2025-11-29 10:00,8810.527,11056.073,7780.3896
forecast_7979,2025-11-29 11:00,9225.743,11339.893,9037.431
forecast_7980,2025-11-29 12:00,12209.965,14067.913,11152.487
forecast_7981,2025-11-29 13:00,14916.948,16094.39,12801.929
forecast_7982,2025-11-29 14:00,15814.47,16663.76,13680.14
forecast_7983,2025-11-29 15:00,16828.396,17076.818,14252.744
forecast_7984,2025-11-29 16:00,17750.945,18140.775,15756.472
forecast_7985,2025-11-29 17:00,19343.656,19604.674,16543.02
forecast_7986,2025-11-29 18:00,20080.709,20226.426,17526.24
forecast_7987,2025-11-29 19:00,20681.982,20561.158,18317.496
forecast_7988,2025-11-29 20:00,20805.086,20851.24,18930.836
forecast_7989,2025-11-29 21:00,20910.826,20937.125,18939.65
forecast_7990,2025-11-29 22:00,20957.777,20982.12,18929.738
forecast_7991,2025-11-29 23:00,21035.922,20920.377,18934.111
forecast_7992,2025-11-30 0:00,20755.873,20849.146,18728.645
forecast_7993,2025-11-30 1:00,20670.473,20578.87,18670.844
forecast_7994,2025-11-30 2:00,20488.918,20527.57,17877.611
forecast_7995,2025-11-30 3:00,19933.516,20257.451,16853.717
forecast_7996,2025-11-30 4:00,19479.295,20031.605,16805.225
forecast_7997,2025-11-30 5:00,18354.81,19156.506,16258.381
forecast_7998,2025-11-30 6:00,16416.346,17677.104,14577.952
forecast_7999,2025-11-30 7:00,15829.072,16689.742,13068.98
forecast_8000,2025-11-30 8:00,15435.602,16277.182,13209.451
forecast_8001,2025-11-30 9:00,15407.151,15838.835,12604.46
forecast_8002,2025-11-30 10:00,14539.068,15161.32,12084.942
forecast_8003,2025-11-30 11:00,14284.057,15003.273,11930.256
forecast_8004,2025-11-30 12:00,13569.266,14187.915,11071.545
forecast_8005,2025-11-30 13:00,12621.346,13200.768,10439.139
forecast_8006,2025-11-30 14:00,12186.175,13028.397,10229.164
forecast_8007,2025-11-30 15:00,12273.949,13311.59,10106.671
forecast_8008,2025-11-30 16:00,12000.335,13263.313,10801.5
forecast_8009,2025-11-30 17:00,12873.909,14559.993,11790.321
forecast_8010,2025-11-30 18:00,16858.7,18329.57,15914.241
forecast_8011,2025-11-30 19:00,18848.373,19731.695,18030.783
forecast_8012,2025-11-30 20:00,19354.768,19945.525,18569.723
forecast_8013,2025-11-30 21:00,19479.648,20195.014,18600.344
forecast_8014,2025-11-30 22:00,19671.447,20336.943,18513.43
forecast_8015,2025-11-30 23:00,19365.963,20302.26,18469.088
forecast_8016,2025-12-01 0:00,19471.94,20383.158,18273.936
forecast_8017,2025-12-01 1:00,19063.525,20209.05,16723.389
forecast_8018,2025-12-01 2:00,18532.816,19925.666,16573.969
forecast_8019,2025-12-01 3:00,18236.3,19467.36,16035.88
forecast_8020,2025-12-01 4:00,18316.775,19402.22,15424.917
forecast_8021,2025-12-01 5:00,18559.625,19710.355,16092.5205
forecast_8022,2025-12-01 6:00,19375.068,20279.611,16939.492
forecast_8023,2025-12-01 7:00,19728.025,20142.182,16832.959
forecast_8024,2025-12-01 8:00,19495.99,19856.64,16475.135
forecast_8025,2025-12-01 9:00,17442.664,18234.768,14404.136
forecast_8026,2025-12-01 10:00,14882.973,15815.215,11905.309
forecast_8027,2025-12-01 11:00,10315.848,11031.5625,8152.129
forecast_8028,2025-12-01 12:00,7388.2485,7964.423,4436.538
forecast_8029,2025-12-01 13:00,7225.9346,6825.6523,3683.323
forecast_8030,2025-12-01 14:00,6545.9277,6230.1426,3605.164
forecast_8031,2025-12-01 15:00,5563.01,4630.8696,3766.8455000000026
forecast_8032,2025-12-01 16:00,4721.519,4246.671,3489.3540000000025
forecast_8033,2025-12-01 17:00,4894.8125,4520.3594,3728.4365000000025
forecast_8034,2025-12-01 18:00,5433.215,4882.0083,3159.0261
forecast_8035,2025-12-01 19:00,7505.5073,6943.222,5004.4644
forecast_8036,2025-12-01 20:00,9062.036,9292.085,6240.452
forecast_8037,2025-12-01 21:00,10032.921,10139.873,6981.9385
forecast_8038,2025-12-01 22:00,11452.413,12124.092,7639.816
forecast_8039,2025-12-01 23:00,12071.945,13696.324,9485.233
forecast_8040,2025-12-02 0:00,13631.144,15529.215,10622.834
forecast_8041,2025-12-02 1:00,14884.682,16077.288,11952.099
forecast_8042,2025-12-02 2:00,16013.537,17093.365,12737.803
forecast_8043,2025-12-02 3:00,17137.785,17519.416,13478.462
forecast_8044,2025-12-02 4:00,16303.649,17333.434,12934.108
forecast_8045,2025-12-02 5:00,16422.785,17579.438,13046.655
forecast_8046,2025-12-02 6:00,15899.301,17086.578,12068.7295
forecast_8047,2025-12-02 7:00,13781.792,14866.189,10420.741
forecast_8048,2025-12-02 8:00,12187.869,13874.782,9473.999
forecast_8049,2025-12-02 9:00,9817.585,11911.804,7880.8926
forecast_8050,2025-12-02 10:00,7351.844,8734.114,4948.7627
forecast_8051,2025-12-02 11:00,7945.3564,8267.09,5289.058
forecast_8052,2025-12-02 12:00,9738.434,10474.571,6903.186
forecast_8053,2025-12-02 13:00,10303.11,10028.9,6830.9785
forecast_8054,2025-12-02 14:00,11447.799,12099.368,8568.864
forecast_8055,2025-12-02 15:00,12673.809,13419.14,9704.719
forecast_8056,2025-12-02 16:00,13923.749,14573.65,11043.486
forecast_8057,2025-12-02 17:00,15237.477,15857.788,12600.956
forecast_8058,2025-12-02 18:00,16131.821,16888.016,14230.91
forecast_8059,2025-12-02 19:00,16241.84,16884.86,14219.01
forecast_8060,2025-12-02 20:00,16663.004,17544.262,14682.471
forecast_8061,2025-12-02 21:00,16624.963,17482.754,15529.677
forecast_8062,2025-12-02 22:00,16493.953,17605.467,15289.214
forecast_8063,2025-12-02 23:00,16271.666,17361.988,14943.02
forecast_8064,2025-12-03 0:00,16467.814,17466.176,14433.376
forecast_8065,2025-12-03 1:00,16961.127,17823.266,15943.855
forecast_8066,2025-12-03 2:00,17124.342,18283.627,16099.479
forecast_8067,2025-12-03 3:00,16559.084,17662.984,15639.699
forecast_8068,2025-12-03 4:00,16260.077,17092.904,15593.985
forecast_8069,2025-12-03 5:00,15784.959,16739.713,14646.066
forecast_8070,2025-12-03 6:00,15723.305,17361.076,14095.337
forecast_8071,2025-12-03 7:00,16227.681,18012.318,13983.951
forecast_8072,2025-12-03 8:00,15894.343,17756.217,13517.337
forecast_8073,2025-12-03 9:00,16221.097,17989.756,14252.828
forecast_8074,2025-12-03 10:00,16636.768,18299.574,14565.007
forecast_8075,2025-12-03 11:00,16484.15,18311.443,13982.685
forecast_8076,2025-12-03 12:00,16621.854,18774.125,14304.476
forecast_8077,2025-12-03 13:00,16369.042,18902.95,14954.493
forecast_8078,2025-12-03 14:00,16733.09,18985.791,15470.398
forecast_8079,2025-12-03 15:00,16518.488,18549.945,15354.174
forecast_8080,2025-12-03 16:00,16272.484,18695.16,15390.823
forecast_8081,2025-12-03 17:00,16357.953,18579.682,15345.694
forecast_8082,2025-12-03 18:00,16109.919,17558.227,14436.275
forecast_8083,2025-12-03 19:00,15886.795,17020.428,14375.959
forecast_8084,2025-12-03 20:00,15399.401,16919.746,14119.027
forecast_8085,2025-12-03 21:00,15670.333,17151.734,14126.277
forecast_8086,2025-12-03 22:00,16065.53,17653.469,13803.776
forecast_8087,2025-12-03 23:00,17132.791,18745.16,14313.555
forecast_8088,2025-12-04 0:00,17039.082,18544.146,13948.43
forecast_8089,2025-12-04 1:00,16841.006,18780.912,14214.514
forecast_8090,2025-12-04 2:00,18105.732,19624.547,14632.069
forecast_8091,2025-12-04 3:00,18826.41,19877.604,15161.403
forecast_8092,2025-12-04 4:00,19201.713,19975.438,15767.065
forecast_8093,2025-12-04 5:00,19476.557,20155.02,16242.319
forecast_8094,2025-12-04 6:00,19968.85,20452.299,16423.186
forecast_8095,2025-12-04 7:00,20414.336,20574.766,16570.523
forecast_8096,2025-12-04 8:00,20196.453,20466.188,16540.54
forecast_8097,2025-12-04 9:00,18788.527,20059.203,16261.839
forecast_8098,2025-12-04 10:00,16122.721,18399.352,15169.472
forecast_8099,2025-12-04 11:00,14508.48,16663.947,13105.813
forecast_8100,2025-12-04 12:00,13300.161,14607.854,11717.079
forecast_8101,2025-12-04 13:00,13312.712,14077.199,11388.021
forecast_8102,2025-12-04 14:00,12620.627,13732.903,10433.49
forecast_8103,2025-12-04 15:00,12210.8,13438.108,10261.872
forecast_8104,2025-12-04 16:00,12890.88,14004.516,11597.373
forecast_8105,2025-12-04 17:00,13600.02,14985.64,12494.246
forecast_8106,2025-12-04 18:00,14871.408,16599.959,15471.3
forecast_8107,2025-12-04 19:00,15385.424,16898.805,15597.038
forecast_8108,2025-12-04 20:00,15858.034,17491.715,15728.896
forecast_8109,2025-12-04 21:00,16136.855,17312.54,15489.912
forecast_8110,2025-12-04 22:00,15568.364,17182.152,14954.09
forecast_8111,2025-12-04 23:00,15416.712,16514.291,15323.984
forecast_8112,2025-12-05 0:00,15834.774,16896.084,15569.494
forecast_8113,2025-12-05 1:00,15741.377,16998.178,15245.786
forecast_8114,2025-12-05 2:00,16127.213,17633.654,15545.162
forecast_8115,2025-12-05 3:00,15677.349,17126.28,15337.169
forecast_8116,2025-12-05 4:00,15757.504,17351.111,14406.313
forecast_8117,2025-12-05 5:00,16209.603,17720.043,14190.237
forecast_8118,2025-12-05 6:00,16618.215,18459.934,14375.956
forecast_8119,2025-12-05 7:00,17864.803,19129.365,14791.523
forecast_8120,2025-12-05 8:00,18933.047,19655.441,14706.601
forecast_8121,2025-12-05 9:00,18498.834,19489.867,15396.494
forecast_8122,2025-12-05 10:00,16822.402,17519.84,13850.871
forecast_8123,2025-12-05 11:00,15590.166,16707.941,13124.281
forecast_8124,2025-12-05 12:00,13569.97,15270.58,11451.407
forecast_8125,2025-12-05 13:00,12786.74,14261.401,10746.989
forecast_8126,2025-12-05 14:00,14591.99,16020.611,12367.596
forecast_8127,2025-12-05 15:00,15975.17,17071.717,13426.608
forecast_8128,2025-12-05 16:00,17086.578,18416.166,14663.156
forecast_8129,2025-12-05 17:00,18451.328,18816.266,15422.338
forecast_8130,2025-12-05 18:00,19060.383,18784.36,14962.84
forecast_8131,2025-12-05 19:00,18515.809,17803.594,14032.251
forecast_8132,2025-12-05 20:00,19724.9,18787.504,14428.647
forecast_8133,2025-12-05 21:00,20256.99,19428.375,15340.591
forecast_8134,2025-12-05 22:00,20419.033,19744.24,15666.526
forecast_8135,2025-12-05 23:00,20741.727,20099.531,16141.488
forecast_8136,2025-12-06 0:00,21082.162,20367.906,16322.085
forecast_8137,2025-12-06 1:00,21037.414,20329.92,16066.439
forecast_8138,2025-12-06 2:00,21177.145,20644.383,17032.672
forecast_8139,2025-12-06 3:00,21154.885,20642.676,16760.453
forecast_8140,2025-12-06 4:00,20998.867,20423.236,16450.623
forecast_8141,2025-12-06 5:00,20767.09,20326.06,16553.969
forecast_8142,2025-12-06 6:00,20640.104,20261.064,16231.481
forecast_8143,2025-12-06 7:00,20628.033,20283.318,15923.313
forecast_8144,2025-12-06 8:00,20479.375,20136.346,15572.779
forecast_8145,2025-12-06 9:00,19615.424,20168.008,15665.364
forecast_8146,2025-12-06 10:00,18483.922,19579.52,15913.792
forecast_8147,2025-12-06 11:00,17725.02,18765.646,15317.797
forecast_8148,2025-12-06 12:00,17221.79,18146.303,14740.297
forecast_8149,2025-12-06 13:00,17287.297,17988.959,15478.455
forecast_8150,2025-12-06 14:00,18052.164,19013.438,16077.986
forecast_8151,2025-12-06 15:00,18577.432,19535.104,16560.49
forecast_8152,2025-12-06 16:00,17957.688,19054.457,16415.99
forecast_8153,2025-12-06 17:00,17466.322,18506.354,16356.667
forecast_8154,2025-12-06 18:00,16648.873,18095.963,16096.706
forecast_8155,2025-12-06 19:00,17943.545,19098.72,16367.681
forecast_8156,2025-12-06 20:00,18870.766,19557.244,16481.094
forecast_8157,2025-12-06 21:00,19349.865,19851.145,16612.004
forecast_8158,2025-12-06 22:00,19528.701,19979.232,16913.37
forecast_8159,2025-12-06 23:00,19504.842,20042.43,16918.504
forecast_8160,2025-12-07 0:00,19623.096,20119.773,17154.031
forecast_8161,2025-12-07 1:00,18377.16,19435.188,16446.426
forecast_8162,2025-12-07 2:00,18227.715,19405.129,16486.543
forecast_8163,2025-12-07 3:00,18483.645,19624.621,16448.633
forecast_8164,2025-12-07 4:00,18677.395,19564.807,16542.047
forecast_8165,2025-12-07 5:00,18682.059,19659.092,16467.354
forecast_8166,2025-12-07 6:00,18829.56,19677.916,16606.555
forecast_8167,2025-12-07 7:00,19073.055,19942.084,16539.764
forecast_8168,2025-12-07 8:00,19175.236,20145.3,16377.448
forecast_8169,2025-12-07 9:00,18713.148,19557.496,16478.172
forecast_8170,2025-12-07 10:00,18301.174,19208.898,16227.032
forecast_8171,2025-12-07 11:00,18152.664,18802.293,16052.213
forecast_8172,2025-12-07 12:00,17826.283,18592.662,16063.979
forecast_8173,2025-12-07 13:00,17972.605,18657.742,16096.2
forecast_8174,2025-12-07 14:00,18207.129,18946.89,16285.289
forecast_8175,2025-12-07 15:00,18673.406,19382.143,16627.338
forecast_8176,2025-12-07 16:00,19099.9,20027.252,16761.19
forecast_8177,2025-12-07 17:00,18800.188,20047.037,16884.818
forecast_8178,2025-12-07 18:00,18707.098,19747.863,17515.816
forecast_8179,2025-12-07 19:00,18525.18,19655.14,17402.629
forecast_8180,2025-12-07 20:00,18295.41,19414.33,16858.469
forecast_8181,2025-12-07 21:00,18305.025,19336.21,16640.766
forecast_8182,2025-12-07 22:00,18314.586,19186.234,16059.908
forecast_8183,2025-12-07 23:00,18147.023,19407.572,15801.732
forecast_8184,2025-12-08 0:00,17992.361,19131.227,15592.363
forecast_8185,2025-12-08 1:00,17852.793,18807.863,15703.504
forecast_8186,2025-12-08 2:00,17648.799,18660.46,15591.769
forecast_8187,2025-12-08 3:00,17529.281,18494.994,15238.414
forecast_8188,2025-12-08 4:00,17047.424,17955.13,14490.947
forecast_8189,2025-12-08 5:00,15800.341,16422.127,12865.545
forecast_8190,2025-12-08 6:00,15212.942,15704.28,11668.048
forecast_8191,2025-12-08 7:00,13887.003,14507.741,10678.576
forecast_8192,2025-12-08 8:00,12061.448,13409.486,9421.424
forecast_8193,2025-12-08 9:00,11159.6875,11850.694,8116.2935
forecast_8194,2025-12-08 10:00,10206.273,11047.842,7709.6313
forecast_8195,2025-12-08 11:00,6848.0757,6953.457,3873.7888
forecast_8196,2025-12-08 12:00,5354.2476,5029.908,4102.578100000002
forecast_8197,2025-12-08 13:00,4925.603,4032.7432,3447.951700000003
forecast_8198,2025-12-08 14:00,4850.763,4281.1514,3410.629600000003
forecast_8199,2025-12-08 15:00,5625.077,5014.426,4022.3035000000027
forecast_8200,2025-12-08 16:00,6309.193,5387.3633,3216.537
forecast_8201,2025-12-08 17:00,7655.999,7129.014,4974.504
forecast_8202,2025-12-08 18:00,11274.486,11774.943,8694.684
forecast_8203,2025-12-08 19:00,12563.463,14006.976,10425.63
forecast_8204,2025-12-08 20:00,14353.306,15896.17,11943.248
forecast_8205,2025-12-08 21:00,15698.604,16986.316,12796.472
forecast_8206,2025-12-08 22:00,15891.836,16756.83,12199.554
forecast_8207,2025-12-08 23:00,15162.304,16404.236,12029.254
forecast_8208,2025-12-09 0:00,15296.164,16544.87,12047.846
forecast_8209,2025-12-09 1:00,14309.638,15783.22,10449.087
forecast_8210,2025-12-09 2:00,15659.6,17184.135,12196.859
forecast_8211,2025-12-09 3:00,16292.017,17968.422,12672.422
forecast_8212,2025-12-09 4:00,16281.528,17969.129,12309.523
forecast_8213,2025-12-09 5:00,15955.804,17800.346,11971.312
forecast_8214,2025-12-09 6:00,16323.666,18012.412,12886.434
forecast_8215,2025-12-09 7:00,17034.129,18621.54,13473.981
forecast_8216,2025-12-09 8:00,18095.15,19215.963,14410.947
forecast_8217,2025-12-09 9:00,17769.992,19131.912,14710.362
forecast_8218,2025-12-09 10:00,16238.279,18219.412,14040.936
forecast_8219,2025-12-09 11:00,15928.494,17959.266,13957.252
forecast_8220,2025-12-09 12:00,13938.169,16163.539,12524.522
forecast_8221,2025-12-09 13:00,13118.915,14805.372,11695.946
forecast_8222,2025-12-09 14:00,13082.155,14421.433,11416.381
forecast_8223,2025-12-09 15:00,13042.385,13912.719,10413.12
forecast_8224,2025-12-09 16:00,12682.022,13866.931,10154.182
forecast_8225,2025-12-09 17:00,13468.87,14460.058,11070.615
forecast_8226,2025-12-09 18:00,14982.659,16325.672,12509.343
forecast_8227,2025-12-09 19:00,15709.879,17437.084,13179.121
forecast_8228,2025-12-09 20:00,15398.877,16406.262,12314.951
forecast_8229,2025-12-09 21:00,14171.311,15826.578,11181.588
forecast_8230,2025-12-09 22:00,14305.933,15446.733,10778.706
forecast_8231,2025-12-09 23:00,14118.617,14788.097,10609.87
forecast_8232,2025-12-10 0:00,13975.495,14889.701,10339.591
forecast_8233,2025-12-10 1:00,13097.852,14106.67,10148.569
forecast_8234,2025-12-10 2:00,14131.674,15524.36,11300.522
forecast_8235,2025-12-10 3:00,15884.924,17829.857,12954.831
forecast_8236,2025-12-10 4:00,15814.796,17151.033,12950.858
forecast_8237,2025-12-10 5:00,15006.917,16772.906,12002.168
forecast_8238,2025-12-10 6:00,14526.641,16280.953,11554.661
forecast_8239,2025-12-10 7:00,15078.151,16483.47,11240.708
forecast_8240,2025-12-10 8:00,14244.458,16106.718,11309.423
forecast_8241,2025-12-10 9:00,15198.957,16317.59,11256.862
forecast_8242,2025-12-10 10:00,12951.179,14505.831,10391.689
forecast_8243,2025-12-10 11:00,11746.149,13770.816,10257.852
forecast_8244,2025-12-10 12:00,11793.944,13555.91,10140.785
forecast_8245,2025-12-10 13:00,11888.998,13558.099,10050.827
forecast_8246,2025-12-10 14:00,11603.482,13435.3125,9921.213
forecast_8247,2025-12-10 15:00,8879.809,10273.627,6704.8506
forecast_8248,2025-12-10 16:00,7837.5767,9004.474,5941.47
forecast_8249,2025-12-10 17:00,7903.1704,9214.644,5763.8643
forecast_8250,2025-12-10 18:00,7451.2056,9631.689,5662.679
forecast_8251,2025-12-10 19:00,9790.783,11931.63,7565.012
forecast_8252,2025-12-10 20:00,10254.357,11856.808,8036.525
forecast_8253,2025-12-10 21:00,12487.423,14459.954,10012.3955
forecast_8254,2025-12-10 22:00,14260.2,16225.15,12048.2
forecast_8255,2025-12-10 23:00,15680.926,17590.082,13626.673
forecast_8256,2025-12-11 0:00,15363.288,17126.748,13256.655
forecast_8257,2025-12-11 1:00,17605.383,18972.354,15818.002
forecast_8258,2025-12-11 2:00,17578.28,19115.266,15621.353
forecast_8259,2025-12-11 3:00,19023.96,19843.783,16661.357
forecast_8260,2025-12-11 4:00,19674.947,20226.352,16743.738
forecast_8261,2025-12-11 5:00,19959.486,20659.676,17379.336
forecast_8262,2025-12-11 6:00,19722.852,20487.838,17719.59
forecast_8263,2025-12-11 7:00,19410.318,20651.164,17386.629
forecast_8264,2025-12-11 8:00,18053.475,19412.988,16619.408
forecast_8265,2025-12-11 9:00,16189.271,18383.275,16377.84
forecast_8266,2025-12-11 10:00,16656.713,18881.04,16712.516
forecast_8267,2025-12-11 11:00,16479.701,17749.615,14329.479
forecast_8268,2025-12-11 12:00,15716.89,16830.541,13339.811
forecast_8269,2025-12-11 13:00,13610.769,14739.565,10875.712
forecast_8270,2025-12-11 14:00,12805.271,13575.004,9987.382
forecast_8271,2025-12-11 15:00,12516.54,12898.573,9455.636
forecast_8272,2025-12-11 16:00,12970.433,13453.887,10019.604
forecast_8273,2025-12-11 17:00,13456.594,14015.359,10486.674
forecast_8274,2025-12-11 18:00,13892.417,14593.392,11014.231
forecast_8275,2025-12-11 19:00,12739.177,13337.802,9470.538
forecast_8276,2025-12-11 20:00,10191.929,11023.239,6742.4175
forecast_8277,2025-12-11 21:00,5011.965,4481.989,3273.1326000000026
forecast_8278,2025-12-11 22:00,3704.9382,3616.9229,2973.023900000003
forecast_8279,2025-12-11 23:00,3492.001,3710.4888,2952.453500000003
forecast_8280,2025-12-12 0:00,3811.9011000000028,3910.782200000003,2749.9595000000027
forecast_8281,2025-12-12 1:00,2915.6176000000028,2890.1753000000026,2717.9773000000027
forecast_8282,2025-12-12 2:00,2797.0680000000025,3053.742200000003,2867.7949000000026
forecast_8283,2025-12-12 3:00,2643.3050000000026,2885.4471000000026,2748.701700000003
forecast_8284,2025-12-12 4:00,2640.5299000000027,2764.5800000000027,2393.2799000000027
forecast_8285,2025-12-12 5:00,2688.1388000000024,2851.2474000000025,2350.622400000003
forecast_8286,2025-12-12 6:00,2928.8081000000025,3053.235000000003,2469.5457000000024
forecast_8287,2025-12-12 7:00,2896.0375000000026,2890.9811000000027,2290.019500000003
forecast_8288,2025-12-12 8:00,2640.7639000000026,2675.0955000000026,2237.6875000000027
forecast_8289,2025-12-12 9:00,2416.3572000000026,2400.5225000000028,2114.2264000000027
forecast_8290,2025-12-12 10:00,2468.0568000000026,2398.4073000000026,2068.6924000000026
forecast_8291,2025-12-12 11:00,2485.0311000000024,2348.147300000003,2080.2715500000027
forecast_8292,2025-12-12 12:00,2218.0394000000024,2119.5120000000024,2043.8368000000028
forecast_8293,2025-12-12 13:00,2153.5365000000024,1961.2292000000025,1953.2026000000028
forecast_8294,2025-12-12 14:00,2074.6716000000024,1990.3116000000027,1895.5508000000027
forecast_8295,2025-12-12 15:00,2143.3618000000024,1990.1080000000024,1882.7508500000026
forecast_8296,2025-12-12 16:00,2209.3318000000027,2073.5586000000026,1899.9455600000028
forecast_8297,2025-12-12 17:00,2455.9698000000026,2050.2024000000024,1868.6734600000027
forecast_8298,2025-12-12 18:00,2846.1708000000026,2384.4071000000026,1895.5508000000027
forecast_8299,2025-12-12 19:00,2985.4285000000027,2447.4249000000027,1916.1402000000028
forecast_8300,2025-12-12 20:00,3244.887700000003,2762.6819000000028,1979.4919400000026
forecast_8301,2025-12-12 21:00,3663.497600000003,3269.009300000003,2238.5103000000026
forecast_8302,2025-12-12 22:00,3938.6794000000027,3376.096700000003,2376.3740000000025
forecast_8303,2025-12-12 23:00,3846.5564000000027,3661.9420000000027,2661.397600000003
forecast_8304,2025-12-13 0:00,3575.61,3479.1746,2832.8070000000025
forecast_8305,2025-12-13 1:00,3701.799,3567.6702,2934.3110000000024
forecast_8306,2025-12-13 2:00,3659.1392,3947.7266,3054.036000000003
forecast_8307,2025-12-13 3:00,3733.7761,3415.8254,2902.6671000000024
forecast_8308,2025-12-13 4:00,5137.591,5363.204,3549.341800000003
forecast_8309,2025-12-13 5:00,4558.69,5133.697,3585.286900000003
forecast_8310,2025-12-13 6:00,5017.4014,5236.818,3489.6477000000027
forecast_8311,2025-12-13 7:00,5340.5493,5892.4805,4035.4727000000025
forecast_8312,2025-12-13 8:00,5547.2056,6352.884,4252.291300000003
forecast_8313,2025-12-13 9:00,4175.343,4088.2266,3410.881600000003
forecast_8314,2025-12-13 10:00,3256.4844,3355.4248,2837.6653000000024
forecast_8315,2025-12-13 11:00,3398.4950000000026,3239.291000000003,2446.827500000003
forecast_8316,2025-12-13 12:00,3390.071300000003,3418.356200000003,2424.948900000003
forecast_8317,2025-12-13 13:00,2619.0789000000027,2572.9894000000027,2131.9145000000026
forecast_8318,2025-12-13 14:00,2598.2140000000027,2506.6461000000027,2058.7373000000025
forecast_8319,2025-12-13 15:00,2579.0182000000027,2380.2274000000025,2041.7030600000028
forecast_8320,2025-12-13 16:00,2985.1139000000026,2816.0280000000025,2222.050000000003
forecast_8321,2025-12-13 17:00,3271.5208000000025,3242.2185000000027,2399.969100000003
forecast_8322,2025-12-13 18:00,3390.795,3641.4202,2828.453400000003
forecast_8323,2025-12-13 19:00,3611.1072,3801.3325,2869.213400000003
forecast_8324,2025-12-13 20:00,4214.0996,4503.292,3370.8477000000025
forecast_8325,2025-12-13 21:00,3879.4187,4042.2554,3370.8950000000027
forecast_8326,2025-12-13 22:00,5912.8403,6841.7207,4706.515
forecast_8327,2025-12-13 23:00,7259.8975,8809.612,6025.9497
forecast_8328,2025-12-14 0:00,10951.725,12322.534,8746.434
forecast_8329,2025-12-14 1:00,14205.448,15406.893,12208.576
forecast_8330,2025-12-14 2:00,15193.502,16555.32,12564.155
forecast_8331,2025-12-14 3:00,15629.485,16953.367,12851.783
forecast_8332,2025-12-14 4:00,15132.15,16701.582,13291.838
forecast_8333,2025-12-14 5:00,15535.752,17003.65,13760.002
forecast_8334,2025-12-14 6:00,15946.742,17459.078,14187.645
forecast_8335,2025-12-14 7:00,16641.512,18402.316,15187.006
forecast_8336,2025-12-14 8:00,16566.885,18203.588,15132.8
forecast_8337,2025-12-14 9:00,15980.808,17392.28,13947.585
forecast_8338,2025-12-14 10:00,15133.213,16564.072,13186.325
forecast_8339,2025-12-14 11:00,14572.545,15892.044,12676.252
forecast_8340,2025-12-14 12:00,13663.365,15181.294,12783.891
forecast_8341,2025-12-14 13:00,13018.785,14336.232,11550.219
forecast_8342,2025-12-14 14:00,11895.281,12852.802,9750.115
forecast_8343,2025-12-14 15:00,11593.362,12241.65,9637.6455
forecast_8344,2025-12-14 16:00,12307.163,12920.676,10379.181
forecast_8345,2025-12-14 17:00,12974.65,14174.603,10745.73
forecast_8346,2025-12-14 18:00,14278.18,16029.923,12799.17
forecast_8347,2025-12-14 19:00,15329.926,17354.543,13942.635
forecast_8348,2025-12-14 20:00,15824.523,17985.25,14383.028
forecast_8349,2025-12-14 21:00,16213.327,18284.271,15095.726
forecast_8350,2025-12-14 22:00,16425.473,18313.555,15306.647
forecast_8351,2025-12-14 23:00,16399.604,18420.842,15105.583
forecast_8352,2025-12-15 0:00,17562.79,18981.127,15420.687
forecast_8353,2025-12-15 1:00,17547.203,19070.328,15599.481
forecast_8354,2025-12-15 2:00,17946.812,19591.5,15792.508
forecast_8355,2025-12-15 3:00,18163.924,19605.611,15681.81
forecast_8356,2025-12-15 4:00,18277.982,19579.441,15786.649
forecast_8357,2025-12-15 5:00,18461.41,19487.795,15150.713
forecast_8358,2025-12-15 6:00,18252.348,19119.54,14628.396
forecast_8359,2025-12-15 7:00,18326.11,19259.578,14877.571
forecast_8360,2025-12-15 8:00,17969.705,18846.229,14014.498
forecast_8361,2025-12-15 9:00,17687.08,18481.229,13156.723
forecast_8362,2025-12-15 10:00,16178.418,17477.654,12157.66
forecast_8363,2025-12-15 11:00,13726.29,15825.118,11526.078
forecast_8364,2025-12-15 12:00,11730.674,13530.172,9855.79
forecast_8365,2025-12-15 13:00,11461.491,12317.901,9299.827
forecast_8366,2025-12-15 14:00,14256.312,15188.407,11248.263
forecast_8367,2025-12-15 15:00,14547.788,15536.228,12162.062
forecast_8368,2025-12-15 16:00,16213.316,17180.723,13429.463
forecast_8369,2025-12-15 17:00,18063.99,18974.105,15429.104
forecast_8370,2025-12-15 18:00,19007.9,19865.287,16374.755
forecast_8371,2025-12-15 19:00,19120.38,19855.547,16280.676
forecast_8372,2025-12-15 20:00,19298.014,19750.895,16050.229
forecast_8373,2025-12-15 21:00,18665.734,19468.51,15983.277
forecast_8374,2025-12-15 22:00,18174.691,19144.01,15262.841
forecast_8375,2025-12-15 23:00,17164.822,18512.152,13531.762
forecast_8376,2025-12-16 0:00,16415.027,17797.951,12422.549
forecast_8377,2025-12-16 1:00,16582.266,18031.508,12618.195
forecast_8378,2025-12-16 2:00,15789.44,17091.14,11656.05
forecast_8379,2025-12-16 3:00,14650.445,16827.34,11242.827
forecast_8380,2025-12-16 4:00,13730.765,15438.233,10599.028
forecast_8381,2025-12-16 5:00,12464.708,14426.42,10590.521
forecast_8382,2025-12-16 6:00,12203.116,13976.097,10269.797
forecast_8383,2025-12-16 7:00,12161.968,13913.15,10098.137
forecast_8384,2025-12-16 8:00,11593.859,13516.192,10052.6
forecast_8385,2025-12-16 9:00,11194.505,12696.228,10006.43
forecast_8386,2025-12-16 10:00,11214.903,12398.06,9139.236
forecast_8387,2025-12-16 11:00,11009.622,12633.493,9347.283
forecast_8388,2025-12-16 12:00,10756.859,12636.929,9187.765
forecast_8389,2025-12-16 13:00,11472.739,12998.118,9805.123
forecast_8390,2025-12-16 14:00,11365.257,12882.376,9237.212
forecast_8391,2025-12-16 15:00,10574.745,12160.438,8303.274
forecast_8392,2025-12-16 16:00,11309.002,12886.095,9444.987
forecast_8393,2025-12-16 17:00,10409.406,11379.787,8896.254
forecast_8394,2025-12-16 18:00,8879.317,9714.159,7284.447
forecast_8395,2025-12-16 19:00,7321.3955,7822.181,6715.8965
forecast_8396,2025-12-16 20:00,7406.475,8215.457,6401.0103
forecast_8397,2025-12-16 21:00,7784.262,9119.676,6360.3135
forecast_8398,2025-12-16 22:00,6167.742,7334.7397,5296.549
forecast_8399,2025-12-16 23:00,5831.368,6438.2534,4118.227
forecast_8400,2025-12-17 0:00,6648.422,6796.922,4292.5977
forecast_8401,2025-12-17 1:00,9513.759,11108.652,9149.756
forecast_8402,2025-12-17 2:00,9678.676,11077.449,8443.66
forecast_8403,2025-12-17 3:00,9433.393,10654.534,8270.798
forecast_8404,2025-12-17 4:00,8490.164,9128.161,6594.691
forecast_8405,2025-12-17 5:00,8317.194,9221.509,6251.4766
forecast_8406,2025-12-17 6:00,7747.117,8371.691,5705.6396
forecast_8407,2025-12-17 7:00,7001.8057,7370.849,5252.6504
forecast_8408,2025-12-17 8:00,6706.833,7072.2656,4290.1523
forecast_8409,2025-12-17 9:00,5956.707,6413.7607,3835.533
forecast_8410,2025-12-17 10:00,5491.3193,6049.4272,3324.627
forecast_8411,2025-12-17 11:00,5615.849,5916.733,3380.321
forecast_8412,2025-12-17 12:00,5858.129,6130.381,3203.6304
forecast_8413,2025-12-17 13:00,5480.338,5161.341,3992.915500000003
forecast_8414,2025-12-17 14:00,4805.3203,4378.0786,3546.6294000000025
forecast_8415,2025-12-17 15:00,4137.437,3680.4705,3062.7158000000027
forecast_8416,2025-12-17 16:00,3431.3364,3845.1252000000027,2836.788500000003
forecast_8417,2025-12-17 17:00,4041.446,3490.9937,3063.939800000003
forecast_8418,2025-12-17 18:00,4711.1396,4252.757,3444.1980000000026
forecast_8419,2025-12-17 19:00,4887.4272,4250.017,3330.550000000003
forecast_8420,2025-12-17 20:00,6262.4907,5570.481,3191.8577
forecast_8421,2025-12-17 21:00,7286.092,6846.205,3904.5012
forecast_8422,2025-12-17 22:00,8346.144,8243.848,5375.3306
forecast_8423,2025-12-17 23:00,9150.236,9093.091,5971.5576
forecast_8424,2025-12-18 0:00,9549.425,9613.646,6632.3945
forecast_8425,2025-12-18 1:00,13357.047,14446.747,10235.018
forecast_8426,2025-12-18 2:00,14433.391,15197.788,10636.248
forecast_8427,2025-12-18 3:00,14850.842,16172.937,11060.212
forecast_8428,2025-12-18 4:00,14346.357,15747.589,10533.007
forecast_8429,2025-12-18 5:00,14485.642,15113.154,10324.061
forecast_8430,2025-12-18 6:00,14214.365,14598.925,10024.0625
forecast_8431,2025-12-18 7:00,13670.505,13663.04,9422.713
forecast_8432,2025-12-18 8:00,12662.834,12838.776,9012.204
forecast_8433,2025-12-18 9:00,11126.687,10642.169,6948.347
forecast_8434,2025-12-18 10:00,8751.166,8677.837,6031.102
forecast_8435,2025-12-18 11:00,7134.245,6620.4556,4633.3975
forecast_8436,2025-12-18 12:00,5554.606,5677.0747,3450.9338
forecast_8437,2025-12-18 13:00,4796.1104,4809.785,3788.5996000000027
forecast_8438,2025-12-18 14:00,4691.198,4635.8413,3596.137000000003
forecast_8439,2025-12-18 15:00,4631.4473,4477.3027,3688.4854000000028
forecast_8440,2025-12-18 16:00,5602.8657,5555.5977,3904.065000000003
forecast_8441,2025-12-18 17:00,7072.161,6279.3604,3973.7878
forecast_8442,2025-12-18 18:00,7083.3306,6939.063,4317.4766
forecast_8443,2025-12-18 19:00,6892.6836,7031.8955,4277.088
forecast_8444,2025-12-18 20:00,7080.3633,7160.1245,4418.946
forecast_8445,2025-12-18 21:00,9012.373,9525.1,6466.0913
forecast_8446,2025-12-18 22:00,11876.841,12022.108,8921.227
forecast_8447,2025-12-18 23:00,13131.529,14073.05,10210.172
forecast_8448,2025-12-19 0:00,14039.666,15274.243,10829.327
forecast_8449,2025-12-19 1:00,16171.435,17378.55,13711.723
forecast_8450,2025-12-19 2:00,16012.839,17763.207,13879.331
forecast_8451,2025-12-19 3:00,16149.477,17832.768,13480.665
forecast_8452,2025-12-19 4:00,16067.548,17720.633,13131.579
forecast_8453,2025-12-19 5:00,16677.887,17342.604,13445.75
forecast_8454,2025-12-19 6:00,16662.467,18092.05,14258.989
forecast_8455,2025-12-19 7:00,17176.967,18318.629,15044.626
forecast_8456,2025-12-19 8:00,17244.203,18213.223,14873.714
forecast_8457,2025-12-19 9:00,17496.277,18302.953,15330.417
forecast_8458,2025-12-19 10:00,17435.18,18737.727,15996.915
forecast_8459,2025-12-19 11:00,17128.256,19167.564,16170.583
forecast_8460,2025-12-19 12:00,17169.19,19153.898,16336.864
forecast_8461,2025-12-19 13:00,16800.55,18722.387,16160.499
forecast_8462,2025-12-19 14:00,17379.158,18783.023,16371.244
forecast_8463,2025-12-19 15:00,17902.342,19258.834,16370.377
forecast_8464,2025-12-19 16:00,18089.768,19169.271,16366.409
forecast_8465,2025-12-19 17:00,17327.29,19135.23,15992.002
forecast_8466,2025-12-19 18:00,18313.559,19462.506,16237.66
forecast_8467,2025-12-19 19:00,18118.107,19548.457,16203.531
forecast_8468,2025-12-19 20:00,18382.965,19619.441,16372.2705
forecast_8469,2025-12-19 21:00,17765.385,19312.732,16085.742
forecast_8470,2025-12-19 22:00,17798.656,19302.092,16134.852
forecast_8471,2025-12-19 23:00,16939.223,19012.791,15930.011
forecast_8472,2025-12-20 0:00,16290.439,18538.676,14397.253
forecast_8473,2025-12-20 1:00,16171.622,18350.31,13901.334
forecast_8474,2025-12-20 2:00,14978.307,17686.783,13175.198
forecast_8475,2025-12-20 3:00,15033.393,17798.875,12654.996
forecast_8476,2025-12-20 4:00,14821.418,17722.48,12852.309
forecast_8477,2025-12-20 5:00,15203.181,17488.55,13109.1875
forecast_8478,2025-12-20 6:00,15176.722,17151.203,12841.8125
forecast_8479,2025-12-20 7:00,14563.662,16619.443,12737.563
forecast_8480,2025-12-20 8:00,14025.092,16322.492,12470.665
forecast_8481,2025-12-20 9:00,14047.419,16387.926,12598.959
forecast_8482,2025-12-20 10:00,13771.094,15939.436,12658.216
forecast_8483,2025-12-20 11:00,13578.934,15855.262,12546.025
forecast_8484,2025-12-20 12:00,14202.015,16691.203,13473.775
forecast_8485,2025-12-20 13:00,15320.154,17556.207,14259.647
forecast_8486,2025-12-20 14:00,14091.541,16402.46,13565.337
forecast_8487,2025-12-20 15:00,13118.009,15265.233,12118.063
forecast_8488,2025-12-20 16:00,12275.836,15048.586,11487.209
forecast_8489,2025-12-20 17:00,13199.999,15365.42,11939.031
forecast_8490,2025-12-20 18:00,13216.537,15027.435,11536.697
forecast_8491,2025-12-20 19:00,12931.449,15000.282,10884.962
forecast_8492,2025-12-20 20:00,11667.806,13507.495,9437.706
forecast_8493,2025-12-20 21:00,10341.792,12104.1,8937.9375
forecast_8494,2025-12-20 22:00,10838.527,13108.868,9579.208
forecast_8495,2025-12-20 23:00,12415.852,14284.917,10580.1875
forecast_8496,2025-12-21 0:00,15780.223,16561.8,12988.867
forecast_8497,2025-12-21 1:00,19285.799,19115.234,15688.968
forecast_8498,2025-12-21 2:00,19141.736,19199.879,15682.013
forecast_8499,2025-12-21 3:00,18746.633,19476.65,15817.367
forecast_8500,2025-12-21 4:00,19498.91,19958.652,15297.136
forecast_8501,2025-12-21 5:00,19716.3,20300.52,15119.796
forecast_8502,2025-12-21 6:00,18779.912,19887.768,14100.392
forecast_8503,2025-12-21 7:00,18245.436,19107.518,13688.6045
forecast_8504,2025-12-21 8:00,18107.219,18812.281,13704.758
forecast_8505,2025-12-21 9:00,16144.632,17167.912,12479.582
forecast_8506,2025-12-21 10:00,15168.766,16054.817,11552.034
forecast_8507,2025-12-21 11:00,13738.072,15220.17,10735.548
forecast_8508,2025-12-21 12:00,13013.703,14410.257,10164.678
forecast_8509,2025-12-21 13:00,11730.05,13095.735,8905.049
forecast_8510,2025-12-21 14:00,9242.411,9669.711,5296.7656
forecast_8511,2025-12-21 15:00,7234.785,6204.14,3274.8616
forecast_8512,2025-12-21 16:00,5018.9854,4503.8955,3529.2160000000026
forecast_8513,2025-12-21 17:00,4766.5454,3935.4956,3179.5565000000024
forecast_8514,2025-12-21 18:00,4823.882,3804.5876,3167.1550000000025
forecast_8515,2025-12-21 19:00,4665.4736,3663.4158,3279.605500000003
forecast_8516,2025-12-21 20:00,4099.065,3358.117,2956.1268000000027
forecast_8517,2025-12-21 21:00,3552.3708,3645.4116000000026,2669.300400000003
forecast_8518,2025-12-21 22:00,3898.4565000000025,3362.739700000003,2555.817100000003
forecast_8519,2025-12-21 23:00,3227.699700000003,3157.3044000000027,2393.1376000000027
forecast_8520,2025-12-22 0:00,2797.8181000000027,2788.7126000000026,2190.1326000000026
forecast_8521,2025-12-22 1:00,3272.9487000000026,2835.436200000003,2392.0575000000026
forecast_8522,2025-12-22 2:00,3164.4604000000027,2875.9761000000026,2377.556800000003
forecast_8523,2025-12-22 3:00,2851.5245000000027,2638.7681000000025,2243.3007000000025
forecast_8524,2025-12-22 4:00,2692.874600000003,2597.1394000000028,2104.4184600000026
forecast_8525,2025-12-22 5:00,2765.0626000000025,2565.3369000000025,2096.886660000003
forecast_8526,2025-12-22 6:00,2711.2006000000024,2605.8120000000026,2096.8147000000026
forecast_8527,2025-12-22 7:00,2713.5409000000027,2606.3533000000025,2084.3626000000027
forecast_8528,2025-12-22 8:00,2697.7036000000026,2543.6272000000026,2090.3233000000027
forecast_8529,2025-12-22 9:00,2528.6443000000027,2427.1523000000025,2079.172800000003
forecast_8530,2025-12-22 10:00,2223.2979000000028,2185.7445000000025,1952.2593400000028
forecast_8531,2025-12-22 11:00,2130.435300000003,2155.849200000003,1941.6082000000029
forecast_8532,2025-12-22 12:00,2059.6777000000025,2133.1161000000025,1895.5508000000027
forecast_8533,2025-12-22 13:00,2018.7640000000024,2009.8446000000026,1868.6734600000027
forecast_8534,2025-12-22 14:00,2023.4587000000024,2024.6981000000028,1882.7508500000026
forecast_8535,2025-12-22 15:00,2009.2052000000026,1971.8588000000027,1878.9396000000029
forecast_8536,2025-12-22 16:00,2047.8174000000026,2071.3358000000026,1888.8056600000027
forecast_8537,2025-12-22 17:00,2405.8616000000025,2175.3704000000025,1963.2398000000026
forecast_8538,2025-12-22 18:00,2744.3190000000027,2443.6298000000024,2024.1710000000028
forecast_8539,2025-12-22 19:00,2776.0763000000024,2502.8158000000026,2072.743300000003
forecast_8540,2025-12-22 20:00,2967.058700000003,2685.4722000000024,2104.4570000000026
forecast_8541,2025-12-22 21:00,3405.7540000000026,3080.063000000003,2335.4105000000027
forecast_8542,2025-12-22 22:00,3745.042,3544.8843,2990.671900000003
forecast_8543,2025-12-22 23:00,4028.277300000003,3806.996000000003,3001.604000000003
forecast_8544,2025-12-23 0:00,3438.2585,3314.337,3020.4188000000026
forecast_8545,2025-12-23 1:00,5182.7163,5141.997,3811.1690000000026
forecast_8546,2025-12-23 2:00,5546.2153,6106.3906,4254.043700000003
forecast_8547,2025-12-23 3:00,6423.6333,6669.124,3863.0947
forecast_8548,2025-12-23 4:00,5263.398,5299.294,4166.397500000003
forecast_8549,2025-12-23 5:00,5727.9434,5802.287,3771.5625
forecast_8550,2025-12-23 6:00,6004.063,6799.4233,3626.203
forecast_8551,2025-12-23 7:00,5774.423,6388.498,3802.52
forecast_8552,2025-12-23 8:00,5281.763,6047.428,4147.139600000002
forecast_8553,2025-12-23 9:00,5731.097,7080.2505,3310.7434
forecast_8554,2025-12-23 10:00,5874.889,6830.5156,3707.2932
forecast_8555,2025-12-23 11:00,7135.028,8137.731,5089.0186
forecast_8556,2025-12-23 12:00,7739.771,10148.761,5748.3867
forecast_8557,2025-12-23 13:00,7259.6714,9529.799,5034.784
forecast_8558,2025-12-23 14:00,6156.154,7815.3916,3680.2546
forecast_8559,2025-12-23 15:00,6017.438,7174.8623,3530.43
forecast_8560,2025-12-23 16:00,5422.322,6360.4395,4233.652300000003
forecast_8561,2025-12-23 17:00,6339.934,7912.0264,4194.38
forecast_8562,2025-12-23 18:00,8414.79,10184.641,5924.2734
forecast_8563,2025-12-23 19:00,9906.724,11826.627,8241.419
forecast_8564,2025-12-23 20:00,10711.982,13585.621,8929.614
forecast_8565,2025-12-23 21:00,10691.304,13569.491,8267.633
forecast_8566,2025-12-23 22:00,11275.549,14501.189,9045.15
forecast_8567,2025-12-23 23:00,10414.032,12947.256,8404.523
forecast_8568,2025-12-24 0:00,10140.106,12959.906,8179.5347
forecast_8569,2025-12-24 1:00,8099.79,9657.488,5946.0933
forecast_8570,2025-12-24 2:00,7500.5244,8737.819,4602.189
forecast_8571,2025-12-24 3:00,5814.817,6237.6543,4155.619900000003
forecast_8572,2025-12-24 4:00,5378.933,5594.5996,4042.4030000000025
forecast_8573,2025-12-24 5:00,4546.1025,4579.777,3555.825400000003
forecast_8574,2025-12-24 6:00,3603.8787,4074.9530000000027,2936.1722000000027
forecast_8575,2025-12-24 7:00,4048.029300000003,3547.249800000003,2777.6931000000027
forecast_8576,2025-12-24 8:00,3020.600300000003,2782.5627000000027,2315.738900000003
forecast_8577,2025-12-24 9:00,2519.9976000000024,2356.756100000003,2256.502300000003
forecast_8578,2025-12-24 10:00,2212.7085000000025,2048.5892000000026,2081.513100000003
forecast_8579,2025-12-24 11:00,2192.5085000000026,2044.0433000000025,2052.9667000000027
forecast_8580,2025-12-24 12:00,2238.7661000000026,2080.6442000000025,1999.5714000000028
forecast_8581,2025-12-24 13:00,2220.7627000000025,2122.032200000003,2041.0268600000027
forecast_8582,2025-12-24 14:00,2269.284000000003,2185.003200000003,2053.1824300000026
forecast_8583,2025-12-24 15:00,2376.9242000000027,2271.0317000000027,2190.6893000000027
forecast_8584,2025-12-24 16:00,2406.9596000000024,2356.6168000000025,2185.6504000000027
forecast_8585,2025-12-24 17:00,2318.7301000000025,2269.6802000000025,2066.2859000000026
forecast_8586,2025-12-24 18:00,2366.3310000000024,2187.6157000000026,2016.0340000000028
forecast_8587,2025-12-24 19:00,2420.6061000000027,2197.7220000000025,2009.5342000000028
forecast_8588,2025-12-24 20:00,2540.0889000000025,2376.1189000000027,2134.0844000000025
forecast_8589,2025-12-24 21:00,2603.263300000003,2506.6289000000024,2084.0863000000027
forecast_8590,2025-12-24 22:00,2690.7269000000024,2539.6317000000026,2192.068500000003
forecast_8591,2025-12-24 23:00,2786.574000000003,2583.1760000000027,2282.594000000003
forecast_8592,2025-12-25 0:00,3519.445000000003,3452.3997000000027,2739.2310000000025
forecast_8593,2025-12-25 1:00,4025.543200000003,3350.123500000003,2812.781500000003
forecast_8594,2025-12-25 2:00,4105.9556,3537.5583,3350.7434000000026
forecast_8595,2025-12-25 3:00,5044.7944,4520.9907,4179.058600000002
forecast_8596,2025-12-25 4:00,7325.8086,7338.4526,4501.7812
forecast_8597,2025-12-25 5:00,8755.502,8806.6455,6118.7285
forecast_8598,2025-12-25 6:00,9243.428,10888.914,6722.4243
forecast_8599,2025-12-25 7:00,12265.36,13783.416,9463.126
forecast_8600,2025-12-25 8:00,13292.251,14829.303,10855.199
forecast_8601,2025-12-25 9:00,13739.952,15483.261,11793.152
forecast_8602,2025-12-25 10:00,14038.109,15344.976,12301.863
forecast_8603,2025-12-25 11:00,14544.036,15571.297,11885.833
forecast_8604,2025-12-25 12:00,14532.22,14769.467,11512.5205
forecast_8605,2025-12-25 13:00,14553.028,14970.388,11488.248
forecast_8606,2025-12-25 14:00,14897.872,15249.686,11597.629
forecast_8607,2025-12-25 15:00,15244.104,15858.671,12187.781
forecast_8608,2025-12-25 16:00,15682.22,16017.151,12817.081
forecast_8609,2025-12-25 17:00,15967.944,17060.74,13439.523
forecast_8610,2025-12-25 18:00,15810.668,17044.535,13975.846
forecast_8611,2025-12-25 19:00,15878.722,17308.287,14076.397
forecast_8612,2025-12-25 20:00,16308.536,18160.65,14442.159
forecast_8613,2025-12-25 21:00,16823.953,18598.506,14331.509
forecast_8614,2025-12-25 22:00,16611.094,18246.295,13694.647
forecast_8615,2025-12-25 23:00,17341.553,18900.625,14205.965
forecast_8616,2025-12-26 0:00,17932.902,19388.416,14438.014
forecast_8617,2025-12-26 1:00,16912.309,18665.455,14186.812
forecast_8618,2025-12-26 2:00,16350.042,17651.68,13470.907
forecast_8619,2025-12-26 3:00,16058.657,18079.936,12525.823
forecast_8620,2025-12-26 4:00,15981.119,17943.877,12043.298
forecast_8621,2025-12-26 5:00,16217.716,17754.936,11615.755
forecast_8622,2025-12-26 6:00,16199.472,17772.135,11562.079
forecast_8623,2025-12-26 7:00,15980.566,17801.15,11028.753
forecast_8624,2025-12-26 8:00,15742.609,17139.543,11011.137
forecast_8625,2025-12-26 9:00,16069.135,17250.906,11864.205
forecast_8626,2025-12-26 10:00,14655.747,16224.756,11962.775
forecast_8627,2025-12-26 11:00,12804.139,14848.146,10642.532
forecast_8628,2025-12-26 12:00,11905.559,13413.626,9947.292
forecast_8629,2025-12-26 13:00,11530.409,12458.806,9061.022
forecast_8630,2025-12-26 14:00,11894.373,12546.828,9456.611
forecast_8631,2025-12-26 15:00,11635.396,12060.248,9112.189
forecast_8632,2025-12-26 16:00,11930.642,12775.106,9299.604
forecast_8633,2025-12-26 17:00,13494.931,14492.508,10651.378
forecast_8634,2025-12-26 18:00,13903.949,15124.125,10980.068
forecast_8635,2025-12-26 19:00,14561.6875,15905.562,11429.257
forecast_8636,2025-12-26 20:00,16051.177,17045.031,12014.675
forecast_8637,2025-12-26 21:00,17036.09,18163.447,13489.526
forecast_8638,2025-12-26 22:00,17929.383,19127.998,14058.64
forecast_8639,2025-12-26 23:00,17796.176,18853.453,13821.412
forecast_8640,2025-12-27 0:00,18189.959,18747.537,13877.5205
forecast_8641,2025-12-27 1:00,19338.13,19857.957,14520.643
forecast_8642,2025-12-27 2:00,19320.768,19794.078,14279.094
forecast_8643,2025-12-27 3:00,19149.322,19884.975,14301.879
forecast_8644,2025-12-27 4:00,19296.818,20021.146,14392.398
forecast_8645,2025-12-27 5:00,18617.107,19623.32,13893.288
forecast_8646,2025-12-27 6:00,18782.418,19755.162,13902.078
forecast_8647,2025-12-27 7:00,18817.064,19713.998,13860.701
forecast_8648,2025-12-27 8:00,18726.035,19826.793,14314.749
forecast_8649,2025-12-27 9:00,17933.781,18961.338,13723.977
forecast_8650,2025-12-27 10:00,15188.367,16632.045,12119.305
forecast_8651,2025-12-27 11:00,14658.725,16012.606,11890.383
forecast_8652,2025-12-27 12:00,15075.914,16454.193,12997.988
forecast_8653,2025-12-27 13:00,15941.458,17582.107,13662.116
forecast_8654,2025-12-27 14:00,15740.751,17218.014,13517.039
forecast_8655,2025-12-27 15:00,15944.327,17519.88,14001.29
forecast_8656,2025-12-27 16:00,15961.827,17132.145,14158.714
forecast_8657,2025-12-27 17:00,16704.63,18574.887,16015.013
forecast_8658,2025-12-27 18:00,17547.504,19269.605,16331.4375
forecast_8659,2025-12-27 19:00,18076.773,19613.248,16407.66
forecast_8660,2025-12-27 20:00,18229.64,19615.129,16192.428
forecast_8661,2025-12-27 21:00,18999.002,20098.566,16321.658
forecast_8662,2025-12-27 22:00,19127.748,20280.023,16498.93
forecast_8663,2025-12-27 23:00,19043.494,20344.63,16520.752
forecast_8664,2025-12-28 0:00,18898.32,20313.797,16146.022
forecast_8665,2025-12-28 1:00,20349.32,21140.738,16814.734
forecast_8666,2025-12-28 2:00,20373.162,21150.984,16947.348
forecast_8667,2025-12-28 3:00,20756.05,21173.646,17221.55
forecast_8668,2025-12-28 4:00,21033.053,21206.041,17004.299
forecast_8669,2025-12-28 5:00,20999.027,21094.54,16945.117
forecast_8670,2025-12-28 6:00,20947.277,21105.273,16718.21
forecast_8671,2025-12-28 7:00,20851.078,21042.758,16646.236
forecast_8672,2025-12-28 8:00,20450.408,20963.027,16596.793
forecast_8673,2025-12-28 9:00,19613.666,20416.754,16473.928
forecast_8674,2025-12-28 10:00,19258.21,20003.4,16299.682
forecast_8675,2025-12-28 11:00,18080.377,19310.443,15369.674
forecast_8676,2025-12-28 12:00,17651.625,18725.332,15255.78
forecast_8677,2025-12-28 13:00,16002.784,17647.105,13796.464
forecast_8678,2025-12-28 14:00,14579.749,16286.418,12602.131
forecast_8679,2025-12-28 15:00,14819.397,16180.341,12910.805
forecast_8680,2025-12-28 16:00,15682.113,16568.9,13731.57
forecast_8681,2025-12-28 17:00,16401.379,17045.79,14944.832
forecast_8682,2025-12-28 18:00,15755.335,16667.434,14028.463
forecast_8683,2025-12-28 19:00,15437.544,16125.109,13097.194
forecast_8684,2025-12-28 20:00,15038.109,16304.465,13451.066
forecast_8685,2025-12-28 21:00,15879.646,17035.275,14374.09
forecast_8686,2025-12-28 22:00,16472.795,17558.023,15266.014
forecast_8687,2025-12-28 23:00,16820.21,18059.186,15273.853
forecast_8688,2025-12-29 0:00,17692.762,18832.057,15470.826
forecast_8689,2025-12-29 1:00,17707.734,19143.146,15788.121
forecast_8690,2025-12-29 2:00,18310.62,19362.69,16003.223
forecast_8691,2025-12-29 3:00,18866.75,19590.055,16195.247
forecast_8692,2025-12-29 4:00,18781.375,19645.762,16266.779
forecast_8693,2025-12-29 5:00,18889.377,19573.104,16534.34
forecast_8694,2025-12-29 6:00,19085.717,19688.318,16262.138
forecast_8695,2025-12-29 7:00,19170.906,19724.871,16309.502
forecast_8696,2025-12-29 8:00,19356.89,19912.416,16566.201
forecast_8697,2025-12-29 9:00,19084.28,19691.225,16340.572
forecast_8698,2025-12-29 10:00,18634.557,19379.615,16150.219
forecast_8699,2025-12-29 11:00,18475.096,19327.693,15962.21
forecast_8700,2025-12-29 12:00,18511.758,19295.668,16110.304
forecast_8701,2025-12-29 13:00,17937.168,18793.809,15702.02
forecast_8702,2025-12-29 14:00,17837.191,18563.969,16042.038
forecast_8703,2025-12-29 15:00,16972.75,17911.262,15967.55
forecast_8704,2025-12-29 16:00,17496.602,18166.31,16078.672
forecast_8705,2025-12-29 17:00,17860.016,18681.637,16108.49
forecast_8706,2025-12-29 18:00,17635.492,18190.498,15688.205
forecast_8707,2025-12-29 19:00,16966.627,17962.521,14542.48
forecast_8708,2025-12-29 20:00,16220.434,17328.209,14342.577
forecast_8709,2025-12-29 21:00,15423.694,16816.764,14077.858
forecast_8710,2025-12-29 22:00,15298.242,16649.84,13908.616
forecast_8711,2025-12-29 23:00,14898.778,16250.187,12621.226
forecast_8712,2025-12-30 0:00,14803.518,16347.433,12642.623
forecast_8713,2025-12-30 1:00,12957.347,14249.615,10620.32
forecast_8714,2025-12-30 2:00,13010.182,14289.195,10641.598
forecast_8715,2025-12-30 3:00,13970.342,14808.03,11129.011
forecast_8716,2025-12-30 4:00,14601.51,15162.328,11848.314
forecast_8717,2025-12-30 5:00,14016.426,14377.818,10702.744
forecast_8718,2025-12-30 6:00,13478.512,14035.923,10463.42
forecast_8719,2025-12-30 7:00,13026.884,14040.578,10336.962
forecast_8720,2025-12-30 8:00,12042.03,12790.195,9256.25
forecast_8721,2025-12-30 9:00,10474.467,11924.275,7907.812
forecast_8722,2025-12-30 10:00,10009.487,10110.177,6575.7305
forecast_8723,2025-12-30 11:00,10200.8,10327.258,6959.6187
forecast_8724,2025-12-30 12:00,11464.22,11914.384,8201.616
forecast_8725,2025-12-30 13:00,11493.042,11199.514,7948.6885
forecast_8726,2025-12-30 14:00,12001.282,11890.508,8523.336
forecast_8727,2025-12-30 15:00,12725.953,12367.014,9127.418
forecast_8728,2025-12-30 16:00,13155.165,12950.89,9606.311
forecast_8729,2025-12-30 17:00,12916.88,12544.897,9304.787
forecast_8730,2025-12-30 18:00,12543.461,11882.791,9276.241
forecast_8731,2025-12-30 19:00,12879.461,12677.806,9796.043
forecast_8732,2025-12-30 20:00,13379.801,13739.984,10054.329
forecast_8733,2025-12-30 21:00,14316.363,14804.361,11673.342
forecast_8734,2025-12-30 22:00,14617.134,15424.106,12206.12
forecast_8735,2025-12-30 23:00,14766.388,15687.347,12514.5625
forecast_8736,2025-12-31 0:00,14669.416,15321.569,12785.392
forecast_8737,2025-12-31 1:00,16286.651,16933.52,14044.656
forecast_8738,2025-12-31 2:00,16498.37,17243.62,14397.662
forecast_8739,2025-12-31 3:00,16449.727,16971.695,14214.943
forecast_8740,2025-12-31 4:00,15861.791,16663.62,13867.257
forecast_8741,2025-12-31 5:00,15576.911,16544.176,13217.522
forecast_8742,2025-12-31 6:00,15454.484,16530.223,12896.492
forecast_8743,2025-12-31 7:00,15244.976,16231.951,12881.132
forecast_8744,2025-12-31 8:00,14908.899,15800.317,12212.774
forecast_8745,2025-12-31 9:00,14020.668,14738.535,11305.601
forecast_8746,2025-12-31 10:00,12988.073,13808.183,10906.798
forecast_8747,2025-12-31 11:00,11513.785,12964.87,9493.25
forecast_8748,2025-12-31 12:00,10995.084,12190.551,9296.328
forecast_8749,2025-12-31 13:00,10992.577,11264.715,8702.48
forecast_8750,2025-12-31 14:00,11177.656,10942.427,8470.449
forecast_8751,2025-12-31 15:00,11328.897,11380.17,8898.94
forecast_8752,2025-12-31 16:00,12006.002,11904.594,9581.088
forecast_8753,2025-12-31 17:00,11426.801,11626.13,9416.153
forecast_8754,2025-12-31 18:00,11556.408,12192.345,9606.0205
forecast_8755,2025-12-31 19:00,12388.8545,13402.1455,10048.055
forecast_8756,2025-12-31 20:00,13709.484,14571.185,10978.77
forecast_8757,2025-12-31 21:00,14487.874,15711.546,11947.175
forecast_8758,2025-12-31 22:00,14966.417,16448.242,12578.6045
forecast_8759,2025-12-31 23:00,15081.284,16746.467,12635.03
forecast_8760,2026-01-01 0:00,15022.042,17202.686,12495.341
