forecast_id,forecast_kst_dtm,kpx_group_1,kpx_group_2,kpx_group_3
forecast_0001,2025-01-01 01:00:00,18247.551078497316,19515.08646219177,15827.100440519716
forecast_0002,2025-01-01 02:00:00,18237.54607490845,19548.37428963623,15853.413072013856
forecast_0003,2025-01-01 03:00:00,18292.3010673584,19637.591101980594,15719.665522530366
forecast_0004,2025-01-01 04:00:00,18083.145188064576,19262.317657321168,15443.526062551118
forecast_0005,2025-01-01 05:00:00,17644.467784063723,19022.34118458252,14959.652852256775
forecast_0006,2025-01-01 06:00:00,17088.40519767456,18583.254685195923,14215.082539012146
forecast_0007,2025-01-01 07:00:00,16320.7592745636,17864.726624136354,13064.469114557649
forecast_0008,2025-01-01 08:00:00,15535.718357162476,17062.5978600647,12570.320154720306
forecast_0009,2025-01-01 09:00:00,14954.698931973267,15585.325080630493,11802.316749103547
forecast_0010,2025-01-01 10:00:00,15505.456014578247,15595.148333389283,12376.017781195833
forecast_0011,2025-01-01 11:00:00,15425.370312823487,16086.89025558777,12851.17341327286
forecast_0012,2025-01-01 12:00:00,15190.437209170534,15596.942868740845,12173.540779839326
forecast_0013,2025-01-01 13:00:00,15412.21305419922,15456.149165695191,11998.4775673172
forecast_0014,2025-01-01 14:00:00,15333.221851058961,15558.2957454834,11940.105221466829
forecast_0015,2025-01-01 15:00:00,14704.12056647339,15263.74019796753,11789.399505087282
forecast_0016,2025-01-01 16:00:00,14668.654546029664,14949.235261413574,11453.588360601807
forecast_0017,2025-01-01 17:00:00,14344.866964697267,14705.693569897463,11433.464512542725
forecast_0018,2025-01-01 18:00:00,14464.953387353517,15279.334807702638,11439.585341723634
forecast_0019,2025-01-01 19:00:00,14101.08664678345,15442.910575570679,11234.976276036072
forecast_0020,2025-01-01 20:00:00,15108.807325946045,16134.379144015504,12130.044615733337
forecast_0021,2025-01-01 21:00:00,15735.248239041139,16666.80512635193,12461.843806298828
forecast_0022,2025-01-01 22:00:00,15699.469696954346,16924.47370213623,12577.552720111085
forecast_0023,2025-01-01 23:00:00,16032.850402069093,17266.46192026978,12798.73669579773
forecast_0024,2025-01-02 00:00:00,15691.184714852905,16963.971551464845,12643.570983086396
forecast_0025,2025-01-02 01:00:00,14454.048675708009,15901.155292620851,10219.734792219924
forecast_0026,2025-01-02 02:00:00,13835.748949880981,15519.523165661622,10095.104682027817
forecast_0027,2025-01-02 03:00:00,12917.818427352906,14655.166375213623,9665.9687564888
forecast_0028,2025-01-02 04:00:00,12254.95780261841,13802.496541552735,9125.17216076355
forecast_0029,2025-01-02 05:00:00,11763.868766809082,12901.62049373932,7909.288690864181
forecast_0030,2025-01-02 06:00:00,10477.878437075806,11398.659393153383,7359.904331743546
forecast_0031,2025-01-02 07:00:00,10021.534322877502,10420.563017752076,6917.136033906174
forecast_0032,2025-01-02 08:00:00,8787.582292747498,9538.296164489746,5642.56653660698
forecast_0033,2025-01-02 09:00:00,7589.591973827668,8135.844544631959,4207.051346221924
forecast_0034,2025-01-02 10:00:00,5695.996029125061,6118.41259285965,3083.1708827682496
forecast_0035,2025-01-02 11:00:00,4868.041449143982,5415.549260577393,2813.223178770676
forecast_0036,2025-01-02 12:00:00,5575.57575289856,5967.752729388428,3757.006009389496
forecast_0037,2025-01-02 13:00:00,5852.380656359864,5964.915579045105,3706.8802264647675
forecast_0038,2025-01-02 14:00:00,7187.519027244569,6235.30839722992,3617.4664117790226
forecast_0039,2025-01-02 15:00:00,8277.426238935852,7350.827723527527,4624.081730072785
forecast_0040,2025-01-02 16:00:00,9699.802880455016,8715.562376425172,5305.855733127136
forecast_0041,2025-01-02 17:00:00,10379.460562532044,9441.465094566345,6244.624170440292
forecast_0042,2025-01-02 18:00:00,11492.279246504213,11299.951492636108,8337.599630944062
forecast_0043,2025-01-02 19:00:00,12116.31167704468,12085.161916558838,8841.26761143074
forecast_0044,2025-01-02 20:00:00,12205.522724203493,12629.355569854737,8954.905044189836
forecast_0045,2025-01-02 21:00:00,12588.745208868408,13122.571277703857,9802.059836130524
forecast_0046,2025-01-02 22:00:00,12727.742304013062,13747.146150729372,10079.789569696044
forecast_0047,2025-01-02 23:00:00,12943.303117642214,14179.594885791017,10720.574948204041
forecast_0048,2025-01-03 00:00:00,13600.103704550173,15028.697981893922,11638.433879875183
forecast_0049,2025-01-03 01:00:00,13175.778427807618,14577.097258151247,11067.712605388642
forecast_0050,2025-01-03 02:00:00,13852.567531835937,15176.969775677491,11505.24306282654
forecast_0051,2025-01-03 03:00:00,13678.754659558106,14573.003263497925,11289.216033658218
forecast_0052,2025-01-03 04:00:00,13811.099972207643,14676.7213205719,11364.893019337082
forecast_0053,2025-01-03 05:00:00,13844.621722677613,14454.704100317384,10960.893371006776
forecast_0054,2025-01-03 06:00:00,13773.527976446534,14121.510166909791,10739.749844244767
forecast_0055,2025-01-03 07:00:00,13222.080898654174,13786.836452191163,10274.891805451585
forecast_0056,2025-01-03 08:00:00,13242.831832832337,14059.049144812012,10165.51459298668
forecast_0057,2025-01-03 09:00:00,13008.398889025879,13258.194201797487,8925.086274145891
forecast_0058,2025-01-03 10:00:00,12561.441393844605,12886.811537329102,8651.125266654588
forecast_0059,2025-01-03 11:00:00,12611.053826882935,12051.556296252442,8197.726686701586
forecast_0060,2025-01-03 12:00:00,12392.572779093935,11084.050461198427,7897.683709020996
forecast_0061,2025-01-03 13:00:00,12758.69663209076,11372.994832766724,8632.027053688813
forecast_0062,2025-01-03 14:00:00,13242.46977350464,12770.116313339233,9253.462202221297
forecast_0063,2025-01-03 15:00:00,13640.66005563965,13390.250145101929,9979.427376594926
forecast_0064,2025-01-03 16:00:00,13978.27863510437,13951.725391503907,10605.744473891069
forecast_0065,2025-01-03 17:00:00,13545.103049246216,13562.09239614258,9995.948464097975
forecast_0066,2025-01-03 18:00:00,11823.50893603058,11899.080815734864,9294.702721006393
forecast_0067,2025-01-03 19:00:00,12589.215919259645,12872.76904025879,10082.200775271987
forecast_0068,2025-01-03 20:00:00,13858.50396343689,14212.694049441528,11322.399719550705
forecast_0069,2025-01-03 21:00:00,13961.926510916139,14213.454780288697,11872.079606676103
forecast_0070,2025-01-03 22:00:00,14120.153408578492,14709.636892584229,11994.883449698638
forecast_0071,2025-01-03 23:00:00,14218.866964126588,14801.407461520386,11788.270586634446
forecast_0072,2025-01-04 00:00:00,13504.437223388673,14464.99914570923,10771.371112900162
forecast_0073,2025-01-04 01:00:00,15409.63108355713,16199.72476412964,12653.69630611496
forecast_0074,2025-01-04 02:00:00,15549.936553930665,16620.260407470705,12603.049241841127
forecast_0075,2025-01-04 03:00:00,15356.497031109619,16136.41277557068,12143.916809198761
forecast_0076,2025-01-04 04:00:00,15672.88940104065,16609.738162521364,12730.195247284699
forecast_0077,2025-01-04 05:00:00,15974.779718692016,17256.236504867557,12787.101918912507
forecast_0078,2025-01-04 06:00:00,16473.83068572388,17598.22003528748,12714.518805464935
forecast_0079,2025-01-04 07:00:00,16050.901217352297,17093.32685027771,11832.564829741668
forecast_0080,2025-01-04 08:00:00,14912.21882996216,16005.37830909729,11408.49922355156
forecast_0081,2025-01-04 09:00:00,14363.482125112916,15066.594805905152,10789.126512996292
forecast_0082,2025-01-04 10:00:00,12439.926710839844,13432.756810464478,9079.75641462021
forecast_0083,2025-01-04 11:00:00,10542.564037623595,12179.777872467042,8145.4463346961975
forecast_0084,2025-01-04 12:00:00,11920.844443748474,13063.06327029419,9182.075284552764
forecast_0085,2025-01-04 13:00:00,13062.668518896484,13405.830387020875,9667.551950780487
forecast_0086,2025-01-04 14:00:00,13092.782675878907,13381.79832696228,9700.725949559403
forecast_0087,2025-01-04 15:00:00,12749.496763734438,12248.383009710695,9062.321113866044
forecast_0088,2025-01-04 16:00:00,12701.039798213196,12460.764838314819,8822.55114927597
forecast_0089,2025-01-04 17:00:00,12559.891763449097,12842.90807260437,9567.12101101227
forecast_0090,2025-01-04 18:00:00,14057.682038150026,14991.977779318238,11274.19230833664
forecast_0091,2025-01-04 19:00:00,14110.53112923279,15386.579026400757,11379.501442492676
forecast_0092,2025-01-04 20:00:00,14613.491297164917,16180.022521569825,11884.961043244171
forecast_0093,2025-01-04 21:00:00,15482.957254849243,16981.07837696228,12939.958212414553
forecast_0094,2025-01-04 22:00:00,17137.725286532594,18252.41654740906,14650.315195180512
forecast_0095,2025-01-04 23:00:00,17704.99912163086,18708.336660766603,15129.681003762054
forecast_0096,2025-01-05 00:00:00,17232.342892953493,18090.714977661133,14126.27677049103
forecast_0097,2025-01-05 01:00:00,16844.11102805786,17944.91993457947,12762.88491371918
forecast_0098,2025-01-05 02:00:00,16535.812261370847,17294.23630556946,12188.587930986025
forecast_0099,2025-01-05 03:00:00,15806.450266720582,16894.30459058533,11671.329479586411
forecast_0100,2025-01-05 04:00:00,15632.052207830811,16943.280702743534,11362.630713901903
forecast_0101,2025-01-05 05:00:00,14120.436022491456,15542.486753884887,10183.246777983857
forecast_0102,2025-01-05 06:00:00,12942.510335209656,14687.935505924988,9545.111918836976
forecast_0103,2025-01-05 07:00:00,12228.378243182373,13773.43367649231,9289.724002848434
forecast_0104,2025-01-05 08:00:00,13564.221721022033,15340.146649627684,10865.61519275093
forecast_0105,2025-01-05 09:00:00,14192.89261029663,15896.792802859498,11850.907946654894
forecast_0106,2025-01-05 10:00:00,14542.528848770142,16153.331197576903,13294.622083501436
forecast_0107,2025-01-05 11:00:00,17326.84998786926,18427.82246369934,15628.502984186554
forecast_0108,2025-01-05 12:00:00,17252.053237466433,18856.894876983642,15557.322880558015
forecast_0109,2025-01-05 13:00:00,16118.725110977173,17788.023752633664,15267.899902761079
forecast_0110,2025-01-05 14:00:00,13590.528471038819,15563.326289294433,12768.569123778536
forecast_0111,2025-01-05 15:00:00,12569.683732876589,14666.857466372681,11807.22629307251
forecast_0112,2025-01-05 16:00:00,11166.449404096986,13928.297857061769,10484.127011494827
forecast_0113,2025-01-05 17:00:00,10608.798264924622,13176.162423580934,9462.08714749527
forecast_0114,2025-01-05 18:00:00,10981.62298296051,13558.243170178224,10059.681985454941
forecast_0115,2025-01-05 19:00:00,12366.94173436432,13627.143807754517,10422.825569779588
forecast_0116,2025-01-05 20:00:00,13163.744341625978,14580.038570169068,11810.481884168243
forecast_0117,2025-01-05 21:00:00,13441.273175878907,14420.724355395509,11683.022021528626
forecast_0118,2025-01-05 22:00:00,13663.365198474123,14533.046651925659,11628.826498379516
forecast_0119,2025-01-05 23:00:00,12843.390836645509,13936.458886447144,10911.217008541107
forecast_0120,2025-01-06 00:00:00,12208.634301919556,13769.363707312012,10523.009644365693
forecast_0121,2025-01-06 01:00:00,11178.763446253968,12405.40226357727,9069.96359844246
forecast_0122,2025-01-06 02:00:00,11399.973812347413,12612.152478466798,9135.13535992775
forecast_0123,2025-01-06 03:00:00,11309.958555996705,12431.13401340027,8501.64969579277
forecast_0124,2025-01-06 04:00:00,9994.566275180056,11190.065969020081,7502.66539653534
forecast_0125,2025-01-06 05:00:00,7846.766687628174,7878.9608121902465,4156.589394678878
forecast_0126,2025-01-06 06:00:00,5730.853274495239,7001.537968180848,3246.0923906494904
forecast_0127,2025-01-06 07:00:00,3767.307002714157,4526.264861043701,1422.019469474335
forecast_0128,2025-01-06 08:00:00,4239.209412275695,4663.94358650177,2166.42165113472
forecast_0129,2025-01-06 09:00:00,3544.805486628952,3969.4009153895568,1788.5896373428154
forecast_0130,2025-01-06 10:00:00,4594.217609693909,4965.802184336548,2738.477540523682
forecast_0131,2025-01-06 11:00:00,5493.723582698822,6082.73326164856,3684.2212373130037
forecast_0132,2025-01-06 12:00:00,6038.692577185058,6724.7429984704595,4490.308650385285
forecast_0133,2025-01-06 13:00:00,7602.713019212647,8019.70995426178,5557.7440125213625
forecast_0134,2025-01-06 14:00:00,7324.951304604492,7163.7456908770755,5267.0920258010865
forecast_0135,2025-01-06 15:00:00,8525.866235310365,8307.7482623703,5931.2734379024505
forecast_0136,2025-01-06 16:00:00,10059.417073565673,9604.139805091858,7277.537611762238
forecast_0137,2025-01-06 17:00:00,11047.089731167604,10973.463178410339,8318.732061574936
forecast_0138,2025-01-06 18:00:00,12169.495017225649,12498.652012782288,9610.50679113884
forecast_0139,2025-01-06 19:00:00,13122.31721571045,13979.359872155763,11347.736223624801
forecast_0140,2025-01-06 20:00:00,13439.781461862183,14630.192828152467,11548.693286981583
forecast_0141,2025-01-06 21:00:00,13241.498264678956,14833.245385699463,11731.254689355852
forecast_0142,2025-01-06 22:00:00,13977.908298678589,15634.54141232605,12672.684774131012
forecast_0143,2025-01-06 23:00:00,14758.246865661622,16518.337394052127,13282.3148030365
forecast_0144,2025-01-07 00:00:00,15972.97413909912,17491.54727813721,14445.218008796692
forecast_0145,2025-01-07 01:00:00,17534.410225067142,18246.395310150147,15210.639765004731
forecast_0146,2025-01-07 02:00:00,17860.543836483765,18863.49068052673,15146.12564837799
forecast_0147,2025-01-07 03:00:00,17702.519599069215,18840.72997859192,15136.40280388794
forecast_0148,2025-01-07 04:00:00,17679.09338427124,18610.85956312561,14782.124091538239
forecast_0149,2025-01-07 05:00:00,17218.773151657108,17878.815706054687,14050.873443800354
forecast_0150,2025-01-07 06:00:00,16952.425562292483,17769.662428903197,13933.475045574189
forecast_0151,2025-01-07 07:00:00,17245.105877334594,18185.667722592163,13964.08145418396
forecast_0152,2025-01-07 08:00:00,17348.289448318483,19034.1290345459,14090.985957003784
forecast_0153,2025-01-07 09:00:00,17073.26483804016,19212.04751800537,14352.732116445923
forecast_0154,2025-01-07 10:00:00,17243.17657138977,19002.412734719852,13833.765709333802
forecast_0155,2025-01-07 11:00:00,17232.403966854858,19176.60467867737,14003.018695061493
forecast_0156,2025-01-07 12:00:00,16940.697921569823,18848.656638098146,13919.388775351716
forecast_0157,2025-01-07 13:00:00,16757.111994049075,17956.305814086914,13624.962619224549
forecast_0158,2025-01-07 14:00:00,16595.190606240845,17719.409130310058,13321.248749658967
forecast_0159,2025-01-07 15:00:00,16814.194190917966,17471.89596658325,13330.183220622253
forecast_0160,2025-01-07 16:00:00,16829.347296954344,17155.642028015136,13334.27616815491
forecast_0161,2025-01-07 17:00:00,16652.615523739623,18012.671111453245,13787.747827453613
forecast_0162,2025-01-07 18:00:00,17362.576123858642,18631.697762435913,14135.525432948305
forecast_0163,2025-01-07 19:00:00,17464.046850192262,18767.834885794065,15310.323541752625
forecast_0164,2025-01-07 20:00:00,17915.29727142334,19238.12457635803,15429.094882167818
forecast_0165,2025-01-07 21:00:00,17790.102916119387,19332.620487634274,15483.618263735962
forecast_0166,2025-01-07 22:00:00,17895.206606573487,19487.212461364747,15653.591430770111
forecast_0167,2025-01-07 23:00:00,17636.55542100525,19595.44252565918,15340.605868537903
forecast_0168,2025-01-08 00:00:00,16808.31102489624,19270.94229486389,15164.201733229827
forecast_0169,2025-01-08 01:00:00,16721.440978814695,18970.831801141358,15561.823332363128
forecast_0170,2025-01-08 02:00:00,16546.382628515625,18311.246132992557,15080.892346753693
forecast_0171,2025-01-08 03:00:00,16126.135919024659,17906.409953588867,14325.589939466096
forecast_0172,2025-01-08 04:00:00,16174.817722769167,17724.282201495364,13490.05051389923
forecast_0173,2025-01-08 05:00:00,15947.23853925171,17523.985965457156,13157.95684634247
forecast_0174,2025-01-08 06:00:00,15722.02604833069,17434.680645983888,13043.26818499756
forecast_0175,2025-01-08 07:00:00,15384.953072384644,16867.210384246828,13293.959899997712
forecast_0176,2025-01-08 08:00:00,15736.540008670045,17690.048883511354,13784.747283903504
forecast_0177,2025-01-08 09:00:00,16367.938847052004,18252.510265112305,13951.931669000245
forecast_0178,2025-01-08 10:00:00,16444.26353115845,18159.269728955078,13855.916041415407
forecast_0179,2025-01-08 11:00:00,16535.08786335144,18434.357735214235,14269.092350973511
forecast_0180,2025-01-08 12:00:00,17551.931183364868,19074.920813485718,15244.462024588776
forecast_0181,2025-01-08 13:00:00,17286.067085333256,18738.770774017335,15260.395175719452
forecast_0182,2025-01-08 14:00:00,17166.27975719299,18455.34004206543,15243.957668949128
forecast_0183,2025-01-08 15:00:00,17120.136203689577,18238.592176498416,14962.034159459687
forecast_0184,2025-01-08 16:00:00,16865.367926391602,17857.77472643128,14807.380201777649
forecast_0185,2025-01-08 17:00:00,16731.14452481384,17311.84849107666,14718.999248015594
forecast_0186,2025-01-08 18:00:00,16522.777580389404,17245.327420724487,14758.052218399049
forecast_0187,2025-01-08 19:00:00,16600.32366217346,17526.416180496213,15193.815535483553
forecast_0188,2025-01-08 20:00:00,16579.105809143068,17983.15032149658,15186.487719082643
forecast_0189,2025-01-08 21:00:00,16529.02784338684,17727.741545187382,14576.985817710876
forecast_0190,2025-01-08 22:00:00,15954.598872839357,17805.55697911072,15157.602497328187
forecast_0191,2025-01-08 23:00:00,15920.795077108765,17430.09901998291,14786.924466667939
forecast_0192,2025-01-09 00:00:00,16157.114543954467,17598.033964196777,14997.648228704835
forecast_0193,2025-01-09 01:00:00,15119.066882788087,17119.52094841614,14403.282289665985
forecast_0194,2025-01-09 02:00:00,15082.264555316164,16774.077505142213,13553.136399475861
forecast_0195,2025-01-09 03:00:00,14890.914547708131,16339.763419451905,13003.885741319275
forecast_0196,2025-01-09 04:00:00,15028.143134005739,16496.121675418093,12720.964110622408
forecast_0197,2025-01-09 05:00:00,14168.150422817993,17037.468840972902,12244.060190073395
forecast_0198,2025-01-09 06:00:00,14124.566502291871,17269.578237057496,12494.839693103791
forecast_0199,2025-01-09 07:00:00,14673.152615365601,16398.19902685852,12315.053449855042
forecast_0200,2025-01-09 08:00:00,14106.745198587036,15862.147454254151,12677.104012931824
forecast_0201,2025-01-09 09:00:00,14369.566866244508,16162.145803616333,12833.962997836305
forecast_0202,2025-01-09 10:00:00,15379.48660753174,16952.643069088743,13050.878890996551
forecast_0203,2025-01-09 11:00:00,15570.816484548952,17346.490532037355,12886.993478312683
forecast_0204,2025-01-09 12:00:00,15737.445134555055,17660.08511133728,12837.380182010653
forecast_0205,2025-01-09 13:00:00,15664.371578530885,17574.449398349,13088.646229345704
forecast_0206,2025-01-09 14:00:00,15958.732478561402,17226.335651806643,13047.19043161621
forecast_0207,2025-01-09 15:00:00,16235.814514068605,16566.77763953247,12339.0826096344
forecast_0208,2025-01-09 16:00:00,15972.463075125122,15951.335951861573,11983.513612677765
forecast_0209,2025-01-09 17:00:00,15916.301046658326,15665.732735836793,11345.526040155793
forecast_0210,2025-01-09 18:00:00,15761.880692553712,15953.515779483032,10351.523510928346
forecast_0211,2025-01-09 19:00:00,14440.126001461793,15053.724311035156,9195.593902752305
forecast_0212,2025-01-09 20:00:00,13550.748390402223,14431.876165083313,8392.106859038162
forecast_0213,2025-01-09 21:00:00,14246.482826397705,15907.351135900879,9277.365281376267
forecast_0214,2025-01-09 22:00:00,17527.60484288025,18189.471716464235,9718.295593338775
forecast_0215,2025-01-09 23:00:00,18707.624787594606,19229.737357174687,10832.609899324038
forecast_0216,2025-01-10 00:00:00,19364.538693783572,19906.60073361206,11654.05381709137
forecast_0217,2025-01-10 01:00:00,13633.412141989136,13493.548559069824,9957.837184230422
forecast_0218,2025-01-10 02:00:00,14879.807497988892,15134.722117614747,10523.580035047531
forecast_0219,2025-01-10 03:00:00,16671.251860073855,16797.279574191285,10652.229121809007
forecast_0220,2025-01-10 04:00:00,18609.505734359744,18166.463044589233,12011.869288013459
forecast_0221,2025-01-10 05:00:00,18855.48428400574,18541.434338064577,12082.375736033631
forecast_0222,2025-01-10 06:00:00,18137.36340369568,17727.562749591067,12119.456377129747
forecast_0223,2025-01-10 07:00:00,16254.024688150024,15456.134492663576,10816.828336725617
forecast_0224,2025-01-10 08:00:00,13786.103151100158,12120.887847335816,9599.183805965424
forecast_0225,2025-01-10 09:00:00,12052.198128778076,9670.010430383301,8282.400083960725
forecast_0226,2025-01-10 10:00:00,8222.404140263367,6151.324937094117,5464.336221366501
forecast_0227,2025-01-10 11:00:00,4845.326451615906,4006.670968662262,2503.979437742024
forecast_0228,2025-01-10 12:00:00,3786.9932785435485,3124.8910494096376,1454.1694215662956
forecast_0229,2025-01-10 13:00:00,3110.873983440399,2723.8824782804872,1316.6222598627662
forecast_0230,2025-01-10 14:00:00,3600.2335776602176,3395.1966856590275,1810.2847946129036
forecast_0231,2025-01-10 15:00:00,4633.060974810944,4411.117585558472,3035.8848520237734
forecast_0232,2025-01-10 16:00:00,4916.288020229187,4716.473101954651,3122.121744602051
forecast_0233,2025-01-10 17:00:00,6222.637724663544,5340.619640141296,3705.239664984436
forecast_0234,2025-01-10 18:00:00,7987.519531602478,6915.521819299316,6486.940835034562
forecast_0235,2025-01-10 19:00:00,8889.523409417725,8759.562342091369,7659.984028795624
forecast_0236,2025-01-10 20:00:00,9746.017091886903,8970.723085533144,7978.0848507698065
forecast_0237,2025-01-10 21:00:00,9305.85505990906,8706.393967266846,7862.973843844986
forecast_0238,2025-01-10 22:00:00,8999.867086880493,8315.224529768373,7691.780175447083
forecast_0239,2025-01-10 23:00:00,9032.419138276673,8302.597230609132,7709.51219151001
forecast_0240,2025-01-11 00:00:00,9617.657683306885,8698.089813201903,8037.260748044206
forecast_0241,2025-01-11 01:00:00,9524.585631913758,8633.16572348175,7652.304321323776
forecast_0242,2025-01-11 02:00:00,9025.178925190736,8355.091863694764,7448.568177653886
forecast_0243,2025-01-11 03:00:00,9086.30436214447,8211.439121206666,7395.105455305482
forecast_0244,2025-01-11 04:00:00,10540.12843507538,9519.565722358704,8248.208460138321
forecast_0245,2025-01-11 05:00:00,9814.199626714324,8782.424787075806,7815.789886879349
forecast_0246,2025-01-11 06:00:00,7414.762325849151,6705.378196764069,5719.645619825078
forecast_0247,2025-01-11 07:00:00,6242.028738639832,5711.424798945008,4532.159182007695
forecast_0248,2025-01-11 08:00:00,7034.201274950105,6022.531608112336,4886.437632092572
forecast_0249,2025-01-11 09:00:00,6905.159853936006,5988.753788483429,4770.917187492848
forecast_0250,2025-01-11 10:00:00,5548.590006470567,4737.641967771798,2240.89064
forecast_0251,2025-01-11 11:00:00,4285.263314435197,3726.9627850326924,1354.23672
forecast_0252,2025-01-11 12:00:00,3352.0455389967346,2750.517537210808,1061.39728
forecast_0253,2025-01-11 13:00:00,3083.6192802115634,2705.862895895653,1174.8164800000002
forecast_0254,2025-01-11 14:00:00,2955.6685132776643,2691.714099127083,1195.2004000000002
forecast_0255,2025-01-11 15:00:00,3049.603007049942,2923.319864064484,1199.46
forecast_0256,2025-01-11 16:00:00,3253.5788725708007,3050.0121017889405,1261.74088
forecast_0257,2025-01-11 17:00:00,4670.3683203559885,4195.505458765412,2142.8554988593105
forecast_0258,2025-01-11 18:00:00,7184.994529754944,6571.581563789521,5241.780432454777
forecast_0259,2025-01-11 19:00:00,9295.223943741608,8903.487507730104,7187.017382083894
forecast_0260,2025-01-11 20:00:00,10304.430223171998,9831.513989852907,8125.985591339875
forecast_0261,2025-01-11 21:00:00,10843.107020611573,9933.593292356874,8253.35898707161
forecast_0262,2025-01-11 22:00:00,11405.382231394959,10470.652804522706,8426.510150535585
forecast_0263,2025-01-11 23:00:00,12796.510901754762,12659.24962861786,9250.14719492531
forecast_0264,2025-01-12 00:00:00,13760.178688365173,13441.685347369385,9572.760049189377
forecast_0265,2025-01-12 01:00:00,9974.497522373962,9674.352930062867,7324.565529734574
forecast_0266,2025-01-12 02:00:00,10676.59650992279,10742.43747734375,7888.845920117188
forecast_0267,2025-01-12 03:00:00,12146.854227398682,12484.157566030884,8671.811692104722
forecast_0268,2025-01-12 04:00:00,13598.32367885437,13831.866455451966,9424.289945599747
forecast_0269,2025-01-12 05:00:00,14408.148874002076,14863.692329211426,9784.657369880677
forecast_0270,2025-01-12 06:00:00,15201.633586801148,15385.110359741213,9955.107203240967
forecast_0271,2025-01-12 07:00:00,15508.222433999634,15643.812654891968,10769.326302749634
forecast_0272,2025-01-12 08:00:00,15739.025011773681,16010.555678710938,11039.944558559799
forecast_0273,2025-01-12 09:00:00,16148.921339581299,16517.217540634156,10919.44686522255
forecast_0274,2025-01-12 10:00:00,15027.311676705933,15840.028788604737,10344.130546705246
forecast_0275,2025-01-12 11:00:00,13143.847462521364,14489.40761972046,9524.653494619371
forecast_0276,2025-01-12 12:00:00,11677.399386032104,12983.607319348144,8373.852111767044
forecast_0277,2025-01-12 13:00:00,11912.846674612427,12614.431319192505,7938.723208873673
forecast_0278,2025-01-12 14:00:00,13039.471365631105,13665.658410742188,9584.567212681199
forecast_0279,2025-01-12 15:00:00,12880.1542973938,13862.347452124024,9648.764663756943
forecast_0280,2025-01-12 16:00:00,13232.294256030274,14093.074514678956,9869.21839667282
forecast_0281,2025-01-12 17:00:00,13973.59060421753,14573.045001342774,10225.813082682038
forecast_0282,2025-01-12 18:00:00,14359.990794473268,14738.555456835938,10864.691018154526
forecast_0283,2025-01-12 19:00:00,14551.669746743775,15023.81021086731,10749.70802632332
forecast_0284,2025-01-12 20:00:00,15166.832184088134,16104.939384902957,11316.332764778519
forecast_0285,2025-01-12 21:00:00,15689.255195117188,16766.60464168396,11442.835122600938
forecast_0286,2025-01-12 22:00:00,15628.1565098938,16266.227976934817,11446.264262539291
forecast_0287,2025-01-12 23:00:00,15757.931192410279,15795.537492642212,11560.887750559616
forecast_0288,2025-01-13 00:00:00,17413.4179757843,17398.607022149656,12809.75386900444
forecast_0289,2025-01-13 01:00:00,17529.805795178225,17961.069219030764,13767.305648741914
forecast_0290,2025-01-13 02:00:00,18686.4623278656,19008.21243463135,15354.614799186707
forecast_0291,2025-01-13 03:00:00,19303.209704595945,19744.91653372803,15693.837023298645
forecast_0292,2025-01-13 04:00:00,19991.4108703949,20217.026458480836,16027.436799510193
forecast_0293,2025-01-13 05:00:00,20671.26849147034,20265.857770645143,16167.426719520568
forecast_0294,2025-01-13 06:00:00,20756.029002822877,20476.78837531128,16238.509178079223
forecast_0295,2025-01-13 07:00:00,20564.066342156984,20331.504447302246,16696.70094921341
forecast_0296,2025-01-13 08:00:00,19985.994023205567,19905.660234863284,15939.997599273682
forecast_0297,2025-01-13 09:00:00,19941.950248947145,20294.7920180542,16146.15441016617
forecast_0298,2025-01-13 10:00:00,19147.60083226624,20072.41940614319,15987.148529295351
forecast_0299,2025-01-13 11:00:00,18677.544395336914,19897.371942611695,15890.7328091362
forecast_0300,2025-01-13 12:00:00,16166.858705874634,18135.96724543762,13890.07813400345
forecast_0301,2025-01-13 13:00:00,14290.079579959107,15989.592436196901,12246.532516308593
forecast_0302,2025-01-13 14:00:00,13597.379416796875,14890.441315100099,11428.630557683182
forecast_0303,2025-01-13 15:00:00,13915.552729006959,15166.337228521728,11705.134366290284
forecast_0304,2025-01-13 16:00:00,14197.275743908693,15272.73282902832,12311.844631493379
forecast_0305,2025-01-13 17:00:00,14343.071303567505,14879.610078738404,11717.91105798645
forecast_0306,2025-01-13 18:00:00,13447.97047947388,13758.902270217897,10749.398546646882
forecast_0307,2025-01-13 19:00:00,14321.546767352294,14593.308682504274,11871.469438246155
forecast_0308,2025-01-13 20:00:00,15793.78688039856,16724.939179898072,13513.158624275971
forecast_0309,2025-01-13 21:00:00,15683.837192160034,16650.60846047363,13372.616721087647
forecast_0310,2025-01-13 22:00:00,17089.479429449464,18296.56008029785,15071.061272850036
forecast_0311,2025-01-13 23:00:00,17565.487502862547,18568.103163610842,15509.790645112611
forecast_0312,2025-01-14 00:00:00,18178.49001369324,19118.493943212892,15849.305029055788
forecast_0313,2025-01-14 01:00:00,17907.59895436096,18823.14329769287,15866.01373214798
forecast_0314,2025-01-14 02:00:00,17481.429081359864,19147.764009924318,15924.842565359497
forecast_0315,2025-01-14 03:00:00,17986.25732163086,19010.373922778323,15808.367963456727
forecast_0316,2025-01-14 04:00:00,18067.34313309021,19015.779335281375,15584.163838065338
forecast_0317,2025-01-14 05:00:00,18543.655963327026,19142.993565472414,15487.959091961671
forecast_0318,2025-01-14 06:00:00,18507.010180355835,19298.830326953124,15742.454044913484
forecast_0319,2025-01-14 07:00:00,18266.073803771975,19163.541381201172,15766.907699024965
forecast_0320,2025-01-14 08:00:00,18170.86868160095,18958.610328552248,15550.796870487213
forecast_0321,2025-01-14 09:00:00,18260.19677322083,18800.759182138063,15295.242311415865
forecast_0322,2025-01-14 10:00:00,17696.245054818726,18230.83588305969,15312.2086740448
forecast_0323,2025-01-14 11:00:00,16186.020138589476,17017.053870288088,14345.967114592742
forecast_0324,2025-01-14 12:00:00,16109.436694012453,16612.499278182986,13736.719060372925
forecast_0325,2025-01-14 13:00:00,15787.090323406983,15985.773131649781,13252.886751598358
forecast_0326,2025-01-14 14:00:00,15039.316437692261,15443.560476260376,12346.934376875306
forecast_0327,2025-01-14 15:00:00,14508.042635614014,14825.255658493043,11871.220522089387
forecast_0328,2025-01-14 16:00:00,13853.25593102417,13770.208147384645,10694.791292610551
forecast_0329,2025-01-14 17:00:00,13323.890728091432,13516.425511495972,10505.72090141449
forecast_0330,2025-01-14 18:00:00,12945.676778692628,13466.03410809021,10045.59508407402
forecast_0331,2025-01-14 19:00:00,12837.18954709778,13622.52402885132,10166.834653553009
forecast_0332,2025-01-14 20:00:00,13198.913418606568,13749.586753466798,10541.837855496597
forecast_0333,2025-01-14 21:00:00,13888.546250350953,14771.844539074707,11519.834067416763
forecast_0334,2025-01-14 22:00:00,14900.645102166749,15637.565694281007,12556.804244899751
forecast_0335,2025-01-14 23:00:00,15336.101695907593,15741.283051797487,12341.028149146272
forecast_0336,2025-01-15 00:00:00,15548.03053638611,16250.362104531861,12121.546103788758
forecast_0337,2025-01-15 01:00:00,15250.34125716858,15495.261144769289,12188.946861660004
forecast_0338,2025-01-15 02:00:00,14707.740133721925,14995.991892797852,11227.321182196809
forecast_0339,2025-01-15 03:00:00,13414.052571952821,12995.118059057619,9635.976723809432
forecast_0340,2025-01-15 04:00:00,12734.593421722413,12511.076141574098,9330.909317695237
forecast_0341,2025-01-15 05:00:00,13157.340227331544,13191.284268121339,9665.982333701708
forecast_0342,2025-01-15 06:00:00,13856.064104827881,14162.857683621216,10291.65361097641
forecast_0343,2025-01-15 07:00:00,14688.256199569703,16074.45865730591,11678.272983782195
forecast_0344,2025-01-15 08:00:00,14508.178300888063,15278.49441071167,10936.723343955993
forecast_0345,2025-01-15 09:00:00,14693.311230947877,15623.550519589233,11975.12625986557
forecast_0346,2025-01-15 10:00:00,14100.024433755494,14344.24128411255,10514.540723354341
forecast_0347,2025-01-15 11:00:00,13982.90472079773,14315.088680923463,10630.053611230469
forecast_0348,2025-01-15 12:00:00,13915.620880261231,14056.313970776368,10341.193932279968
forecast_0349,2025-01-15 13:00:00,13521.421360250855,13626.021510205079,9887.22201357956
forecast_0350,2025-01-15 14:00:00,13006.816936660767,12821.85412678833,9448.67223175087
forecast_0351,2025-01-15 15:00:00,12472.525413821411,12388.994265261841,9122.724795912553
forecast_0352,2025-01-15 16:00:00,12486.569962942505,12770.257552581788,9381.997859595871
forecast_0353,2025-01-15 17:00:00,13511.017451330568,14278.372800000001,10967.841167313385
forecast_0354,2025-01-15 18:00:00,14948.177305105592,15668.18621341858,12030.115108103942
forecast_0355,2025-01-15 19:00:00,15357.61078084717,16139.48387631531,12848.094197241211
forecast_0356,2025-01-15 20:00:00,16137.879297384643,16886.24369029236,13371.364331801606
forecast_0357,2025-01-15 21:00:00,17103.341364675904,18307.316340036014,14961.09101833725
forecast_0358,2025-01-15 22:00:00,17901.586715786747,19397.221984548953,15562.74124431076
forecast_0359,2025-01-15 23:00:00,18405.277328756714,19676.891512557984,15762.588020014191
forecast_0360,2025-01-16 00:00:00,18736.09287385559,19988.718785858153,15825.849135144044
forecast_0361,2025-01-16 01:00:00,18748.83500126648,19916.11489172058,15577.301435962678
forecast_0362,2025-01-16 02:00:00,19505.101151351926,20487.160485009765,16049.400210633088
forecast_0363,2025-01-16 03:00:00,20352.627401611328,20858.660985134888,16344.513644721223
forecast_0364,2025-01-16 04:00:00,20667.39590020752,20969.05611351624,16488.162709168246
forecast_0365,2025-01-16 05:00:00,20406.909267370607,20941.660159533694,16489.75816804428
forecast_0366,2025-01-16 06:00:00,20579.935447366333,20669.65224696045,16451.769254932406
forecast_0367,2025-01-16 07:00:00,20667.024926504517,20955.635073422243,16665.702798368075
forecast_0368,2025-01-16 08:00:00,20902.252056594847,20924.970734979248,17146.87355558548
forecast_0369,2025-01-16 09:00:00,20550.94406130066,20977.560818093873,17167.9039920517
forecast_0370,2025-01-16 10:00:00,19651.48900880127,20771.36627593689,17079.74507947693
forecast_0371,2025-01-16 11:00:00,19402.438921759036,20450.592461761476,16421.0721679657
forecast_0372,2025-01-16 12:00:00,18497.462033190917,19794.554728469848,15870.822049224855
forecast_0373,2025-01-16 13:00:00,17705.07173928833,18776.225954504396,15200.385842378237
forecast_0374,2025-01-16 14:00:00,17437.259857608035,17998.211740438845,14343.936724692536
forecast_0375,2025-01-16 15:00:00,17409.714961166384,17840.638671447756,14260.1518415802
forecast_0376,2025-01-16 16:00:00,17401.411314535522,18122.34508008423,14416.358905756379
forecast_0377,2025-01-16 17:00:00,17741.630361932373,18790.23682956848,15412.760088352203
forecast_0378,2025-01-16 18:00:00,18192.957641253663,19497.735595056154,15814.647004035949
forecast_0379,2025-01-16 19:00:00,16865.641515560914,17881.09465859375,14069.982118901062
forecast_0380,2025-01-16 20:00:00,14026.682657806397,14669.187812564087,10623.476140989686
forecast_0381,2025-01-16 21:00:00,11418.509332205202,12325.624506390383,8028.905369334489
forecast_0382,2025-01-16 22:00:00,10528.793693681335,11216.614697872925,7431.4703286970525
forecast_0383,2025-01-16 23:00:00,8128.641974794006,8378.385188716125,5104.711830573426
forecast_0384,2025-01-17 00:00:00,5059.051033690949,4695.216624528504,2218.1487028802494
forecast_0385,2025-01-17 01:00:00,2302.769348128433,2131.8440890449147,850.1104483926583
forecast_0386,2025-01-17 02:00:00,1752.6355100081637,1612.1871020986557,657.5653835700684
forecast_0387,2025-01-17 03:00:00,1709.2334092323686,1581.7698021675492,634.1219033157997
forecast_0388,2025-01-17 04:00:00,1853.8103896249008,1672.705694713173,765.8009661070823
forecast_0389,2025-01-17 05:00:00,1884.8897031715014,1720.5846640815353,737.0388181360016
forecast_0390,2025-01-17 06:00:00,1862.1941193000414,1696.6678913868334,701.8303630522347
forecast_0391,2025-01-17 07:00:00,2024.2563206662753,1698.3325583652877,740.3999580505753
forecast_0392,2025-01-17 08:00:00,2150.0945547315596,1799.4643609991836,875.2220520177651
forecast_0393,2025-01-17 09:00:00,1942.8519881819918,1784.3203369456864,890.9350285223885
forecast_0394,2025-01-17 10:00:00,1476.1730777339553,1331.129815491295,549.2262592063676
forecast_0395,2025-01-17 11:00:00,1412.1674823231506,1415.39216,667.250200451458
forecast_0396,2025-01-17 12:00:00,1406.1904241404343,1410.0327357092667,606.6264604713554
forecast_0397,2025-01-17 13:00:00,1656.2482782837678,1548.2743489299394,823.3243194988823
forecast_0398,2025-01-17 14:00:00,1969.1755298963167,1758.092862032509,1013.1583652298165
forecast_0399,2025-01-17 15:00:00,2362.333074652329,2196.7526238388064,1284.0345425543405
forecast_0400,2025-01-17 16:00:00,3996.5716613838194,3742.2412539038087,1809.0614802428245
forecast_0401,2025-01-17 17:00:00,6761.158409814453,6382.957836756897,3287.452695301514
forecast_0402,2025-01-17 18:00:00,9272.127554370116,9430.906642785645,6508.545533906938
forecast_0403,2025-01-17 19:00:00,11044.321372666933,11562.596699099731,8570.54024383812
forecast_0404,2025-01-17 20:00:00,12321.640951800538,12627.35300388794,9224.755723861312
forecast_0405,2025-01-17 21:00:00,14007.431945498658,13852.14977485962,9984.729298431015
forecast_0406,2025-01-17 22:00:00,14313.343738259888,14114.40203338318,10006.739043066407
forecast_0407,2025-01-17 23:00:00,14582.175291867066,14035.627716796875,9998.754286130525
forecast_0408,2025-01-18 00:00:00,15069.616950234986,14284.374671969606,10053.377973111345
forecast_0409,2025-01-18 01:00:00,13400.490114486696,11997.427301303102,8675.000784832382
forecast_0410,2025-01-18 02:00:00,13778.990814578246,12614.219632107544,8788.640804304505
forecast_0411,2025-01-18 03:00:00,15181.940981295777,13998.863446166994,9887.748579387284
forecast_0412,2025-01-18 04:00:00,17239.18763480835,16016.102338043214,11585.330996440505
forecast_0413,2025-01-18 05:00:00,17733.874462112428,16250.372784301759,11712.224943762207
forecast_0414,2025-01-18 06:00:00,16187.92751020813,14523.466565463257,10383.307938251113
forecast_0415,2025-01-18 07:00:00,14427.893657052613,12838.843257171633,8327.537211522675
forecast_0416,2025-01-18 08:00:00,11005.316140141296,9240.404612976075,5423.687188594437
forecast_0417,2025-01-18 09:00:00,7014.5858321235655,5187.745355623169,1900.4618748884202
forecast_0418,2025-01-18 10:00:00,5615.051015058899,4250.030558771516,1484.2445075514986
forecast_0419,2025-01-18 11:00:00,5075.731564198303,4726.471561357879,2079.5239390479474
forecast_0420,2025-01-18 12:00:00,5609.257619898987,5691.583860177612,3114.0057586787416
forecast_0421,2025-01-18 13:00:00,4820.966275737916,4761.21705662613,2259.7347489902495
forecast_0422,2025-01-18 14:00:00,4171.298865673218,3783.3742241050722,1899.5999716222382
forecast_0423,2025-01-18 15:00:00,4317.185654528808,4040.396996765442,1921.3310905408289
forecast_0424,2025-01-18 16:00:00,5326.735311457214,5559.074600274658,2880.378926117935
forecast_0425,2025-01-18 17:00:00,10253.685754092408,10259.79918345337,7751.8338721309665
forecast_0426,2025-01-18 18:00:00,13604.239120755006,14202.597447888184,10496.661666508484
forecast_0427,2025-01-18 19:00:00,16073.966960177611,16595.77883674927,12502.379829441072
forecast_0428,2025-01-18 20:00:00,17823.265805795287,18186.743437698366,13927.73681586609
forecast_0429,2025-01-18 21:00:00,18510.261965948484,19286.85810562439,14815.530528485107
forecast_0430,2025-01-18 22:00:00,18641.38186768799,19406.911283670044,14724.353280576324
forecast_0431,2025-01-18 23:00:00,18097.58024473877,18770.135828460698,13913.959008255006
forecast_0432,2025-01-19 00:00:00,18218.77560037842,18604.190820855714,13513.303114128876
forecast_0433,2025-01-19 01:00:00,16367.52426324463,16878.08788641663,12026.500326650237
forecast_0434,2025-01-19 02:00:00,17029.924650042725,17325.33207430115,12311.903324430084
forecast_0435,2025-01-19 03:00:00,18452.440911376954,18522.003485891724,13109.08345417862
forecast_0436,2025-01-19 04:00:00,19369.330344662478,19486.9856083313,14474.455388516237
forecast_0437,2025-01-19 05:00:00,19283.828144073486,19492.44665997925,14270.46116404648
forecast_0438,2025-01-19 06:00:00,19477.118904223636,19725.935983514406,14998.113610340883
forecast_0439,2025-01-19 07:00:00,19686.175597027588,19672.279679016116,15133.365190706636
forecast_0440,2025-01-19 08:00:00,19028.80572770691,18765.992186608888,14041.201246618653
forecast_0441,2025-01-19 09:00:00,17844.056913552857,18398.548724548342,13690.17136145325
forecast_0442,2025-01-19 10:00:00,16781.837709951782,16944.662974588013,12210.039451778413
forecast_0443,2025-01-19 11:00:00,14031.140645227051,15347.449189932253,11081.569444836427
forecast_0444,2025-01-19 12:00:00,11804.340674432373,13886.299805325318,9699.978468951798
forecast_0445,2025-01-19 13:00:00,11362.928306628417,12607.494625286867,8763.827204761124
forecast_0446,2025-01-19 14:00:00,10923.017798413086,12023.038162542725,8146.845787907791
forecast_0447,2025-01-19 15:00:00,9930.929419776916,9912.537679937745,6774.008945085374
forecast_0448,2025-01-19 16:00:00,8982.0202503891,9601.042336633302,5856.777303288574
forecast_0449,2025-01-19 17:00:00,10651.188006022645,11001.01411817932,7101.5317331363685
forecast_0450,2025-01-19 18:00:00,12428.685763250733,12808.475434344484,9360.537807339097
forecast_0451,2025-01-19 19:00:00,13185.007924874879,13564.29943982239,9975.694910713577
forecast_0452,2025-01-19 20:00:00,13227.68565598755,13948.13313586731,9621.730760144426
forecast_0453,2025-01-19 21:00:00,13376.067626951599,14314.961921398926,10479.07066421547
forecast_0454,2025-01-19 22:00:00,12836.470021780397,13964.032138056946,10172.632567962646
forecast_0455,2025-01-19 23:00:00,12747.964073716736,13810.180729698182,10247.729298818207
forecast_0456,2025-01-20 00:00:00,11593.947919659426,12517.435919308473,8924.1768195652
forecast_0457,2025-01-20 01:00:00,9552.612145863342,9496.434417581178,6394.285262373429
forecast_0458,2025-01-20 02:00:00,8461.03260008087,7976.389684832764,5624.999681312561
forecast_0459,2025-01-20 03:00:00,6771.400072972107,5814.843119612732,4147.295630860367
forecast_0460,2025-01-20 04:00:00,6019.885872572327,5241.474902493744,3226.2772819229126
forecast_0461,2025-01-20 05:00:00,5302.9509760849,4598.574750804139,2530.092916872559
forecast_0462,2025-01-20 06:00:00,4173.159500914764,3346.1603264854434,1744.2228655731203
forecast_0463,2025-01-20 07:00:00,2701.0312078417205,2398.8381656578067,1216.159945244999
forecast_0464,2025-01-20 08:00:00,2005.7496782840728,1889.6672483459474,876.7529511741562
forecast_0465,2025-01-20 09:00:00,1466.4046673799514,1601.01520773304,612.5688067588043
forecast_0466,2025-01-20 10:00:00,1121.2329013479996,1231.3959577705002,427.89880000000005
forecast_0467,2025-01-20 11:00:00,1102.7123256703567,1201.5676445222855,418.6424
forecast_0468,2025-01-20 12:00:00,1112.0311798319626,1169.231665681572,320.614576
forecast_0469,2025-01-20 13:00:00,1123.4813481105043,1178.463997736168,320.614576
forecast_0470,2025-01-20 14:00:00,1195.381944595337,1211.750091138954,349.049144
forecast_0471,2025-01-20 15:00:00,1189.8033492331697,1217.623012944298,320.614576
forecast_0472,2025-01-20 16:00:00,1328.4275576293946,1430.3502494675065,418.6424
forecast_0473,2025-01-20 17:00:00,1294.1642797023774,1417.615778615074,455.87414433279037
forecast_0474,2025-01-20 18:00:00,1278.339266123352,1172.5676,467.66228438331603
forecast_0475,2025-01-20 19:00:00,1268.3838003412247,1390.1589037122728,450.6961152612572
forecast_0476,2025-01-20 20:00:00,1354.915751657486,1372.158441749077,457.031888
forecast_0477,2025-01-20 21:00:00,1350.1210500730133,1434.4266941577532,490.9340282466049
forecast_0478,2025-01-20 22:00:00,1537.0570895425417,1598.184674971428,612.5196654262734
forecast_0479,2025-01-20 23:00:00,1732.6177109093858,1887.989618501396,726.2446507477952
forecast_0480,2025-01-21 00:00:00,1706.6624717458344,1835.6969220833207,868.0522276726151
forecast_0481,2025-01-21 01:00:00,2807.004584291229,2550.8311115509036,1268.7963699367715
forecast_0482,2025-01-21 02:00:00,3097.392869830704,2670.3499754768372,1336.0529048390772
forecast_0483,2025-01-21 03:00:00,3474.627106251068,2923.785755393219,1556.523000035
forecast_0484,2025-01-21 04:00:00,3874.2697644081113,3252.4457945219424,1927.7442015728761
forecast_0485,2025-01-21 05:00:00,4222.067593514252,3429.0902648347474,1990.1015317438507
forecast_0486,2025-01-21 06:00:00,3653.0099093420413,3035.1646374116517,1651.5236702197838
forecast_0487,2025-01-21 07:00:00,3302.7655112162784,2820.908364196472,1662.6192973217774
forecast_0488,2025-01-21 08:00:00,2941.319451073151,2544.4987360342407,1547.2494460492135
forecast_0489,2025-01-21 09:00:00,2267.8125071203613,2118.5168471837997,1154.9952757543756
forecast_0490,2025-01-21 10:00:00,2097.075813596497,1905.4356861308672,1047.0478049269295
forecast_0491,2025-01-21 11:00:00,2069.8387218559265,1823.6852658615494,945.927984445469
forecast_0492,2025-01-21 12:00:00,2537.341819697723,2272.536584047699,1140.3667959775735
forecast_0493,2025-01-21 13:00:00,2852.7770122001652,2803.231443744965,1371.0944044711114
forecast_0494,2025-01-21 14:00:00,3633.184321960297,3379.738468093567,1806.0592294982912
forecast_0495,2025-01-21 15:00:00,5138.681610684662,4503.2510549645995,2536.1936998368838
forecast_0496,2025-01-21 16:00:00,5481.312035565185,4910.4860797988895,2647.7142842359926
forecast_0497,2025-01-21 17:00:00,5681.38816126709,5223.6108513435365,2842.4286742523955
forecast_0498,2025-01-21 18:00:00,7129.32822598114,6825.60872159668,4829.382276952133
forecast_0499,2025-01-21 19:00:00,9686.910515136718,10549.425165745544,6843.4517091083535
forecast_0500,2025-01-21 20:00:00,11580.853851176453,13032.893781823732,8671.28964334488
forecast_0501,2025-01-21 21:00:00,12437.024423661805,13885.666618811036,9615.344114633943
forecast_0502,2025-01-21 22:00:00,12284.106542913818,14092.270048483277,9528.277819025803
forecast_0503,2025-01-21 23:00:00,12700.782845495605,14725.455071435548,10402.818026910782
forecast_0504,2025-01-22 00:00:00,12093.28052721405,13935.84114393921,9647.22830560341
forecast_0505,2025-01-22 01:00:00,10512.886112036133,11925.69017391205,8068.507680044938
forecast_0506,2025-01-22 02:00:00,11773.244741921997,13312.14874896393,8733.093035655595
forecast_0507,2025-01-22 03:00:00,12092.624057266235,13944.038144332888,9459.403016826249
forecast_0508,2025-01-22 04:00:00,13200.823004345704,14560.313950552369,10266.99415666237
forecast_0509,2025-01-22 05:00:00,13608.597919622804,14447.704114669801,10144.010452608873
forecast_0510,2025-01-22 06:00:00,14231.652419369508,14521.462238937378,9882.267953350449
forecast_0511,2025-01-22 07:00:00,13911.856052618408,14429.419079855346,10389.116255456926
forecast_0512,2025-01-22 08:00:00,13125.925869033814,13850.928528314209,10252.956519415666
forecast_0513,2025-01-22 09:00:00,11514.735368695068,12995.99845592041,9378.649105812456
forecast_0514,2025-01-22 10:00:00,10798.062211193848,12281.212824624636,8911.987112893295
forecast_0515,2025-01-22 11:00:00,10966.876643624879,10765.103611242675,8177.907132423402
forecast_0516,2025-01-22 12:00:00,9529.509783323669,9334.218739649965,6393.137027174912
forecast_0517,2025-01-22 13:00:00,8385.904541377258,7784.726503022766,5561.963340332031
forecast_0518,2025-01-22 14:00:00,6048.745515838624,5456.502599430848,3707.0892849887086
forecast_0519,2025-01-22 15:00:00,4841.320034514313,4359.305416838837,2295.591255447006
forecast_0520,2025-01-22 16:00:00,6414.561334927369,5723.856444133911,3865.354592145386
forecast_0521,2025-01-22 17:00:00,6689.813027623597,7032.6948091250615,4459.032239453125
forecast_0522,2025-01-22 18:00:00,8964.663198561097,9325.815135324097,5967.039249035416
forecast_0523,2025-01-22 19:00:00,9242.199994131472,10027.570595022584,6045.1349439398955
forecast_0524,2025-01-22 20:00:00,10035.712202212526,11292.578322085572,6514.943552058792
forecast_0525,2025-01-22 21:00:00,9966.088729817198,11338.281376058962,6085.0821797718045
forecast_0526,2025-01-22 22:00:00,10305.346288098144,10868.43443371582,6139.860175830841
forecast_0527,2025-01-22 23:00:00,10533.221229852295,11519.358305221558,6450.70017204445
forecast_0528,2025-01-23 00:00:00,11041.507114146423,12362.593501365664,6861.510084601822
forecast_0529,2025-01-23 01:00:00,12813.369110778809,14827.935780685424,9943.19964515953
forecast_0530,2025-01-23 02:00:00,13115.54022393799,15035.858264916993,10313.882405359269
forecast_0531,2025-01-23 03:00:00,13450.944407977295,15102.586758624268,10010.502890047837
forecast_0532,2025-01-23 04:00:00,13001.425958508302,14659.302940280153,9512.711021880723
forecast_0533,2025-01-23 05:00:00,12551.79930472107,14212.547997323609,9265.078196167375
forecast_0534,2025-01-23 06:00:00,11663.997105097962,13241.435736938478,8399.828870067215
forecast_0535,2025-01-23 07:00:00,11248.058804803468,12721.500068251038,7117.652234419708
forecast_0536,2025-01-23 08:00:00,10256.780583029175,11700.071576875307,6256.837549631119
forecast_0537,2025-01-23 09:00:00,7926.6478145385745,9095.873588093567,4025.669658185654
forecast_0538,2025-01-23 10:00:00,5360.320686434937,6092.630770870514,2933.7495102285006
forecast_0539,2025-01-23 11:00:00,4071.6300348878485,4575.62176899414,1900.3423521707728
forecast_0540,2025-01-23 12:00:00,3848.7924927986146,3679.039206821747,1642.9100830849648
forecast_0541,2025-01-23 13:00:00,3564.6598578639223,3072.9211854953005,1430.4099393367958
forecast_0542,2025-01-23 14:00:00,3426.122810590363,2912.6104377764896,1342.302229597187
forecast_0543,2025-01-23 15:00:00,2923.7350385946656,2517.003540626526,1060.8267325482368
forecast_0544,2025-01-23 16:00:00,2412.706478034439,2075.110728564453,810.4119456111985
forecast_0545,2025-01-23 17:00:00,2443.4864092487337,2156.615321509247,665.7060762327119
forecast_0546,2025-01-23 18:00:00,2940.7289753784944,2609.5737348225407,959.5909247449113
forecast_0547,2025-01-23 19:00:00,3507.3629612991335,2876.7434499220276,1235.2676249418068
forecast_0548,2025-01-23 20:00:00,3339.10878898201,2875.139721271057,1168.5253828584864
forecast_0549,2025-01-23 21:00:00,3117.9959275083165,2775.1267475613404,1192.1336069205286
forecast_0550,2025-01-23 22:00:00,3486.6323518922427,3035.3422250601197,1322.8206216497613
forecast_0551,2025-01-23 23:00:00,3798.0445211614992,3414.1856780082708,1393.9636928054238
forecast_0552,2025-01-24 00:00:00,3702.054523803559,3176.672388332062,1213.6665847952463
forecast_0553,2025-01-24 01:00:00,2131.050112091675,1698.6607688957597,650.412696
forecast_0554,2025-01-24 02:00:00,2328.0379575184634,1812.6352845882034,660.74336
forecast_0555,2025-01-24 03:00:00,2339.9269980158238,1853.9400872527694,648.29704
forecast_0556,2025-01-24 04:00:00,2245.1384614920044,1673.562454885292,508.86768000000006
forecast_0557,2025-01-24 05:00:00,1908.1451421279144,1534.0577956774523,455.286
forecast_0558,2025-01-24 06:00:00,1688.8394112732697,1544.3290543407822,454.77056000000005
forecast_0559,2025-01-24 07:00:00,1740.727722909546,1650.4688896897508,470.56859648565296
forecast_0560,2025-01-24 08:00:00,1766.098893056717,1653.0237758988571,557.5931891728592
forecast_0561,2025-01-24 09:00:00,1393.2693496578217,1373.9278061475754,489.14713402190785
forecast_0562,2025-01-24 10:00:00,1017.2248264732552,1091.1457732388687,407.6504
forecast_0563,2025-01-24 11:00:00,1046.1484371660995,1092.0812306645585,318.93142400000005
forecast_0564,2025-01-24 12:00:00,971.2013898879243,1032.1981395663072,331.60656
forecast_0565,2025-01-24 13:00:00,1044.6885105093384,1056.0110404787063,427.89880000000005
forecast_0566,2025-01-24 14:00:00,1078.8525876403237,1085.4896,427.70884
forecast_0567,2025-01-24 15:00:00,1083.635467778206,1083.511438277092,455.16645600000004
forecast_0568,2025-01-24 16:00:00,1017.8723253730012,1083.0542997271345,407.6504
forecast_0569,2025-01-24 17:00:00,1040.97509618309,1050.9451663082505,426.87032
forecast_0570,2025-01-24 18:00:00,1363.7869890657043,1305.16248,573.2160850326119
forecast_0571,2025-01-24 19:00:00,1704.5703510420608,1637.3186400000002,561.8498400000001
forecast_0572,2025-01-24 20:00:00,2326.8949425008773,2308.0912000000003,925.2193401486397
forecast_0573,2025-01-24 21:00:00,2576.9415610961914,2845.3863066851427,1016.49944
forecast_0574,2025-01-24 22:00:00,2438.524151510849,2819.8307221626665,894.37992
forecast_0575,2025-01-24 23:00:00,2521.651857786751,2791.2775776283647,1172.2866959659957
forecast_0576,2025-01-25 00:00:00,3178.5407825785064,3722.5533937998966,1585.4012803741455
forecast_0577,2025-01-25 01:00:00,2183.7824389253615,2317.22184,684.29808
forecast_0578,2025-01-25 02:00:00,2819.2504800956726,2923.91424,1151.2685544441033
forecast_0579,2025-01-25 03:00:00,2825.05357525177,3411.8468800000005,1349.38136
forecast_0580,2025-01-25 04:00:00,3209.928650151749,3756.200385475121,1797.9013023690225
forecast_0581,2025-01-25 05:00:00,3325.58415382927,3828.27256862793,1418.4951993431664
forecast_0582,2025-01-25 06:00:00,3197.3127754405978,3574.0508996606445,1531.40144516943
forecast_0583,2025-01-25 07:00:00,3014.6959432764434,3302.071642604256,1279.0767894286537
forecast_0584,2025-01-25 08:00:00,3334.416996865845,4148.069476936493,1613.7455833904078
forecast_0585,2025-01-25 09:00:00,3116.5821260649113,3873.0999445863345,1609.3846338824274
forecast_0586,2025-01-25 10:00:00,2299.9051022674944,2756.1615663367847,1110.4942239666557
forecast_0587,2025-01-25 11:00:00,2090.6950561130525,2280.999925995598,992.5559752891158
forecast_0588,2025-01-25 12:00:00,1713.180798989029,1937.3097250604633,766.06928
forecast_0589,2025-01-25 13:00:00,1683.2940369322205,1687.379698175087,815.9313528782845
forecast_0590,2025-01-25 14:00:00,1783.2959787750244,1652.8712896825027,1055.6565909630776
forecast_0591,2025-01-25 15:00:00,1693.7751623423387,1824.1903687316897,858.1380007893945
forecast_0592,2025-01-25 16:00:00,1876.1569209976578,1672.975439189415,920.9393792315865
forecast_0593,2025-01-25 17:00:00,2213.0253513572698,2740.699560287018,1089.017245173588
forecast_0594,2025-01-25 18:00:00,2722.536443883896,3062.1743031707383,1234.5083960481643
forecast_0595,2025-01-25 19:00:00,2921.8616414171984,3373.3004235735702,1367.3015373056603
forecast_0596,2025-01-25 20:00:00,3180.2072280118564,3638.6794055224614,1485.9577636011697
forecast_0597,2025-01-25 21:00:00,3893.1451925258643,4805.4483447212215,2295.341978986683
forecast_0598,2025-01-25 22:00:00,4219.564275856781,5183.002538480225,2434.8496864641
forecast_0599,2025-01-25 23:00:00,3774.502798628845,4554.9000029190065,1833.3447205165292
forecast_0600,2025-01-26 00:00:00,3243.809907697945,3736.857272688103,1509.0642400000002
forecast_0601,2025-01-26 01:00:00,4469.660805862122,5358.449610645447,2385.294385802784
forecast_0602,2025-01-26 02:00:00,4104.898179706497,4810.235632349396,2167.7785513401604
forecast_0603,2025-01-26 03:00:00,4091.470232757416,4666.369960207367,2216.931918917561
forecast_0604,2025-01-26 04:00:00,3262.543899744797,3890.175287546387,1394.8235954006766
forecast_0605,2025-01-26 05:00:00,3163.639087803955,3452.140987687531,1337.8286129061128
forecast_0606,2025-01-26 06:00:00,2683.25373853035,3077.0997255819702,1135.8597592139245
forecast_0607,2025-01-26 07:00:00,2179.750703591919,2861.7843681726076,927.3985941641046
forecast_0608,2025-01-26 08:00:00,2357.6489470684814,2427.797054140854,822.66952
forecast_0609,2025-01-26 09:00:00,1964.8359371093368,2127.8507909129335,690.1427794388962
forecast_0610,2025-01-26 10:00:00,1898.2232566253283,2195.1962748449705,768.0971283469582
forecast_0611,2025-01-26 11:00:00,1739.7252199767686,1941.2996313587953,833.5768284772302
forecast_0612,2025-01-26 12:00:00,1409.6191583587647,1666.1054704312135,570.566388063404
forecast_0613,2025-01-26 13:00:00,1256.051934820099,1374.6223586222839,368.48781372907257
forecast_0614,2025-01-26 14:00:00,1115.7989012205885,1214.3958458722307,331.60656
forecast_0615,2025-01-26 15:00:00,1228.6065241706085,1274.0882308988953,290.202272
forecast_0616,2025-01-26 16:00:00,1170.4733823010638,1117.2155508010483,304.27976
forecast_0617,2025-01-26 17:00:00,1189.3963789949798,1268.0674468362427,304.27976
forecast_0618,2025-01-26 18:00:00,1248.3080539231873,990.88552,304.27976
forecast_0619,2025-01-26 19:00:00,1418.2358345610046,1503.2407983742905,337.4417092979202
forecast_0620,2025-01-26 20:00:00,1402.9443098677827,1309.8217755363082,306.53712
forecast_0621,2025-01-26 21:00:00,1816.1609031447601,1732.8061886148453,520.5026893774567
forecast_0622,2025-01-26 22:00:00,1866.326904940033,1886.2836981046676,546.9587464528465
forecast_0623,2025-01-26 23:00:00,1895.1270537147902,1899.4524492049409,774.4135233673286
forecast_0624,2025-01-27 00:00:00,2414.8495171437835,2183.9415734869003,655.6367680000001
forecast_0625,2025-01-27 01:00:00,2263.2509700681303,2112.9729256646733,508.471728
forecast_0626,2025-01-27 02:00:00,2083.951417606735,1933.7887149468997,508.86768000000006
forecast_0627,2025-01-27 03:00:00,2716.4505272200013,2200.7846836658864,754.4429991720505
forecast_0628,2025-01-27 04:00:00,3036.449764211655,2853.702440280609,922.7870136211013
forecast_0629,2025-01-27 05:00:00,3305.525626266022,2910.023923735962,869.2520768263627
forecast_0630,2025-01-27 06:00:00,3425.677502017441,3334.3664130729676,953.19072
forecast_0631,2025-01-27 07:00:00,3368.309585746765,3242.525219504242,929.7925600000001
forecast_0632,2025-01-27 08:00:00,4032.2417361123657,3798.87002456543,1329.25016
forecast_0633,2025-01-27 09:00:00,3948.934084124298,3836.379599133301,1387.04864
forecast_0634,2025-01-27 10:00:00,3001.522166566086,2619.210905987129,879.4185600000001
forecast_0635,2025-01-27 11:00:00,3501.005924871216,3707.3004368827824,1676.6124800000002
forecast_0636,2025-01-27 12:00:00,7024.065952401734,7160.897175936891,5175.225769803619
forecast_0637,2025-01-27 13:00:00,9989.836839190673,11346.57698684082,8381.381564246065
forecast_0638,2025-01-27 14:00:00,15028.231324237062,16664.702889059452,12818.47052150116
forecast_0639,2025-01-27 15:00:00,16303.650877838134,17950.72133206787,13819.926896015168
forecast_0640,2025-01-27 16:00:00,16540.835206625365,18599.674877786256,14770.854931645967
forecast_0641,2025-01-27 17:00:00,16584.85639508667,18196.795115097048,14673.385966575624
forecast_0642,2025-01-27 18:00:00,16953.101701803593,18624.261924798586,14264.953755480958
forecast_0643,2025-01-27 19:00:00,16677.57168098755,17835.965906927493,13357.167626452638
forecast_0644,2025-01-27 20:00:00,16705.909524182127,18139.19859510193,13676.602313891603
forecast_0645,2025-01-27 21:00:00,16231.19201026001,17904.78187893982,14165.603878652953
forecast_0646,2025-01-27 22:00:00,16512.58740782776,18070.964116287232,13910.310842010498
forecast_0647,2025-01-27 23:00:00,16378.802645404052,17758.08779621277,14089.871959035492
forecast_0648,2025-01-28 00:00:00,16498.58365196533,18138.103483795167,14006.883768843843
forecast_0649,2025-01-28 01:00:00,17030.20114996643,18441.95528354492,14549.029323609924
forecast_0650,2025-01-28 02:00:00,16857.811182382204,18195.984680786132,13875.66332790451
forecast_0651,2025-01-28 03:00:00,16882.65186548767,17937.382209710693,13687.083045010377
forecast_0652,2025-01-28 04:00:00,16592.781510168457,17685.68515843506,12873.292819581606
forecast_0653,2025-01-28 05:00:00,15949.693542953491,17735.40972251282,13887.105671224213
forecast_0654,2025-01-28 06:00:00,16304.522747106936,17607.36745315857,13360.8173407074
forecast_0655,2025-01-28 07:00:00,16134.532025350953,17188.097050338743,13449.09159324875
forecast_0656,2025-01-28 08:00:00,16155.015249682618,17044.229126950075,13389.126738980865
forecast_0657,2025-01-28 09:00:00,16427.143060998533,16773.608093371586,13264.87313431778
forecast_0658,2025-01-28 10:00:00,16220.334618069459,16679.409308276365,13749.063184163666
forecast_0659,2025-01-28 11:00:00,15773.706427001955,16623.32427046814,13705.629811777497
forecast_0660,2025-01-28 12:00:00,15532.123319540406,16666.585081155397,13724.682446193696
forecast_0661,2025-01-28 13:00:00,15207.330759692384,16875.53808333435,13665.295805570222
forecast_0662,2025-01-28 14:00:00,14724.028363720703,16805.356041445924,13792.288902479553
forecast_0663,2025-01-28 15:00:00,15465.845004776002,16893.775387258913,13848.9219746521
forecast_0664,2025-01-28 16:00:00,15821.53581659851,17070.708198526,13807.145458036042
forecast_0665,2025-01-28 17:00:00,15555.215753958131,17028.087188934325,13765.1934066185
forecast_0666,2025-01-28 18:00:00,15744.627445132448,17054.66618159485,13731.580174689485
forecast_0667,2025-01-28 19:00:00,15822.069970040895,17210.466990756227,13680.190401929474
forecast_0668,2025-01-28 20:00:00,15870.188487265015,17066.19257901001,13818.382350256348
forecast_0669,2025-01-28 21:00:00,16305.520832244874,17377.31420785217,14053.229220167543
forecast_0670,2025-01-28 22:00:00,16479.665040982058,17899.94791733704,14686.629402668763
forecast_0671,2025-01-28 23:00:00,16628.158368048098,18155.954783248904,14708.058365429688
forecast_0672,2025-01-29 00:00:00,16641.85305154724,18281.11139219971,14679.210463349153
forecast_0673,2025-01-29 01:00:00,16442.784299987794,17888.290616027836,13931.86842390442
forecast_0674,2025-01-29 02:00:00,16813.840086883545,18460.14521311951,14066.878763645173
forecast_0675,2025-01-29 03:00:00,17013.17893277588,18667.418237460326,13973.595335916902
forecast_0676,2025-01-29 04:00:00,17458.940669024658,19135.853815322876,14103.53353616562
forecast_0677,2025-01-29 05:00:00,17945.283883789063,19408.157990420532,14807.755395790102
forecast_0678,2025-01-29 06:00:00,17900.322417163086,19549.53304321289,15557.583109331514
forecast_0679,2025-01-29 07:00:00,18256.00350952759,19685.142459582523,15688.87820934601
forecast_0680,2025-01-29 08:00:00,18178.35106414795,19572.887423413085,15646.240288946534
forecast_0681,2025-01-29 09:00:00,18276.561853561405,19435.490116427613,14570.290499139404
forecast_0682,2025-01-29 10:00:00,17520.63888237915,18607.186192376706,13984.040983797457
forecast_0683,2025-01-29 11:00:00,16291.457448477173,17198.177499261474,13429.745304683685
forecast_0684,2025-01-29 12:00:00,16795.028539215087,17291.0359118042,13473.641470836641
forecast_0685,2025-01-29 13:00:00,16841.872597708134,17936.6612573761,14401.901202532197
forecast_0686,2025-01-29 14:00:00,16574.83045987549,17332.52668297119,14251.392274925232
forecast_0687,2025-01-29 15:00:00,16219.81311654358,16803.014517001342,13365.409006333924
forecast_0688,2025-01-29 16:00:00,15663.131275457765,15882.20074274292,13380.976680192565
forecast_0689,2025-01-29 17:00:00,15439.319746667481,15782.52135779419,12697.135875434113
forecast_0690,2025-01-29 18:00:00,15738.262354205322,16702.473525720216,13163.238277985383
forecast_0691,2025-01-29 19:00:00,15859.355763565065,17315.57848673401,13297.20765347824
forecast_0692,2025-01-29 20:00:00,15987.97314796753,17432.734199371338,13310.490492491914
forecast_0693,2025-01-29 21:00:00,15956.727563702392,17235.187540142826,13483.185477880097
forecast_0694,2025-01-29 22:00:00,15935.847289901734,16960.225693203734,12801.799950478364
forecast_0695,2025-01-29 23:00:00,16150.208835668947,16732.96768386841,13003.696414411927
forecast_0696,2025-01-30 00:00:00,16464.104929904177,17304.73150762024,13001.789175902559
forecast_0697,2025-01-30 01:00:00,15794.118454504394,17819.64680288086,12747.550001074982
forecast_0698,2025-01-30 02:00:00,15957.812677069092,18486.19645327759,12941.794562631989
forecast_0699,2025-01-30 03:00:00,16139.269317736816,18766.555439520263,13265.126812103272
forecast_0700,2025-01-30 04:00:00,16026.59273957825,18784.574071203613,13141.469856871796
forecast_0701,2025-01-30 05:00:00,16060.103217382813,18398.230006048587,12580.135587675477
forecast_0702,2025-01-30 06:00:00,15913.228317486573,18290.86743911438,12354.853014196777
forecast_0703,2025-01-30 07:00:00,16311.213135140992,18427.693693441775,12235.627971067048
forecast_0704,2025-01-30 08:00:00,16597.13053425293,18735.427513757328,12289.275535673523
forecast_0705,2025-01-30 09:00:00,16318.712620846558,18258.861372369385,13315.89697328415
forecast_0706,2025-01-30 10:00:00,16072.658442492677,17332.44222602844,13089.274561101533
forecast_0707,2025-01-30 11:00:00,15865.847340524293,16577.107901989748,13048.671140290833
forecast_0708,2025-01-30 12:00:00,15515.909705163576,15841.286673327639,12166.917379743958
forecast_0709,2025-01-30 13:00:00,15274.701441537476,15244.083040634156,11923.853789933015
forecast_0710,2025-01-30 14:00:00,15140.792968316651,15215.636329638672,11865.960828531648
forecast_0711,2025-01-30 15:00:00,15468.71231175232,15771.226162112427,12727.456013035584
forecast_0712,2025-01-30 16:00:00,15107.57220287781,15788.055902905275,12718.610549853516
forecast_0713,2025-01-30 17:00:00,14603.683084042359,15345.172283459473,12120.684815174103
forecast_0714,2025-01-30 18:00:00,14481.07125885315,15103.916274810792,12115.668394578553
forecast_0715,2025-01-30 19:00:00,14825.265302621461,15310.104131524658,12796.126215483857
forecast_0716,2025-01-30 20:00:00,15979.62109501648,17289.303052630617,14878.740917826843
forecast_0717,2025-01-30 21:00:00,16514.253612380984,17872.345559350586,15309.389078509521
forecast_0718,2025-01-30 22:00:00,16771.403219229127,17644.092248513793,15062.575321117401
forecast_0719,2025-01-30 23:00:00,16541.709605422977,17424.959471743776,14354.912662652589
forecast_0720,2025-01-31 00:00:00,15963.717498895265,16830.33098518372,12854.041789144898
forecast_0721,2025-01-31 01:00:00,16035.420431887818,17298.8491706543,13070.308189858246
forecast_0722,2025-01-31 02:00:00,16029.320344769289,16993.61282166138,13047.116370494081
forecast_0723,2025-01-31 03:00:00,15354.558264346313,16592.64791325073,12126.483192157746
forecast_0724,2025-01-31 04:00:00,15100.423974194337,16482.322552639773,12015.692571715928
forecast_0725,2025-01-31 05:00:00,14607.903848846436,15608.354831503297,10929.7210262249
forecast_0726,2025-01-31 06:00:00,15264.2571755188,16725.63241348877,11897.075440910721
forecast_0727,2025-01-31 07:00:00,15168.593940850831,16010.692505993655,11546.161369047548
forecast_0728,2025-01-31 08:00:00,14825.991438122559,16232.771046032716,13064.214611322022
forecast_0729,2025-01-31 09:00:00,13928.123644406129,15418.503529083253,11248.910295301057
forecast_0730,2025-01-31 10:00:00,11921.139072033691,13656.064337527467,9774.699752151872
forecast_0731,2025-01-31 11:00:00,10520.154576293946,12450.211001220705,9195.422318689347
forecast_0732,2025-01-31 12:00:00,10110.985623545837,11427.226361703491,8245.372015145873
forecast_0733,2025-01-31 13:00:00,7897.101739555359,8457.635944459533,6007.4251177913675
forecast_0734,2025-01-31 14:00:00,6306.482649719544,6771.484818203736,4352.076648635864
forecast_0735,2025-01-31 15:00:00,5356.880427905579,5610.712728946533,2987.9151048898316
forecast_0736,2025-01-31 16:00:00,4329.484308431702,4169.690401067048,2625.553170717907
forecast_0737,2025-01-31 17:00:00,3748.3350376409912,3691.0162787913514,1883.597509987774
forecast_0738,2025-01-31 18:00:00,4156.212384055405,4754.393117527008,2159.8877211962317
forecast_0739,2025-01-31 19:00:00,4451.678069613496,5333.030678492737,2057.5012960526083
forecast_0740,2025-01-31 20:00:00,4408.586914874268,5300.967132975311,2525.392323253937
forecast_0741,2025-01-31 21:00:00,5171.978191447449,5987.754955661011,2937.3759019702916
forecast_0742,2025-01-31 22:00:00,3929.799763956299,4638.086519960023,1820.5032044058037
forecast_0743,2025-01-31 23:00:00,4402.917557716522,5390.999349316559,2224.446668799572
forecast_0744,2025-02-01 00:00:00,3757.58521236084,4114.663851090851,1703.8299720120049
forecast_0745,2025-02-01 01:00:00,5873.406440238953,6782.206370278931,2857.378729643021
forecast_0746,2025-02-01 02:00:00,5561.628640013123,5908.733641263581,2449.5344044206813
forecast_0747,2025-02-01 03:00:00,4517.920930900575,4394.879762445221,1809.4092812207605
forecast_0748,2025-02-01 04:00:00,3536.364840146637,3016.4240456965636,1100.3427819221688
forecast_0749,2025-02-01 05:00:00,2713.918887167206,2271.695925522804,795.9382362970543
forecast_0750,2025-02-01 06:00:00,1968.555345301056,1707.746691299019,502.1513326922951
forecast_0751,2025-02-01 07:00:00,1596.5927740589905,1509.2510640662767,366.15041155757143
forecast_0752,2025-02-01 08:00:00,1411.0125200958253,1378.6733371048356,326.970824
forecast_0753,2025-02-01 09:00:00,1238.674529241066,1203.0045298353195,340.862992
forecast_0754,2025-02-01 10:00:00,1126.3057723535157,1068.2106656352614,331.60656
forecast_0755,2025-02-01 11:00:00,1041.9166006973267,1039.9614202643966,320.614576
forecast_0756,2025-02-01 12:00:00,1058.1968081438065,1202.9368964203263,320.614576
forecast_0757,2025-02-01 13:00:00,1002.9477088370704,1187.7886781812667,306.53712
forecast_0758,2025-02-01 14:00:00,934.8475200000001,1003.51224,320.614576
forecast_0759,2025-02-01 15:00:00,1060.2953943828584,1116.5150305986404,320.614576
forecast_0760,2025-02-01 16:00:00,1176.174656668663,1219.5600626357652,464.7337846926689
forecast_0761,2025-02-01 17:00:00,1175.5861308703234,1211.4315258478166,466.9868079756737
forecast_0762,2025-02-01 18:00:00,1171.7895040851595,1142.8513581348038,382.84953329582595
forecast_0763,2025-02-01 19:00:00,1167.8166783303452,1174.8108378404618,382.8661808731117
forecast_0764,2025-02-01 20:00:00,1165.208356495285,1172.4851801710129,358.12744396615983
forecast_0765,2025-02-01 21:00:00,1198.8532095500946,1253.014014699135,418.35832263829803
forecast_0766,2025-02-01 22:00:00,1296.175809174347,1352.276294969368,432.2995733797798
forecast_0767,2025-02-01 23:00:00,1246.4710634977341,1306.8922735413742,551.0863639883041
forecast_0768,2025-02-02 00:00:00,1427.7160073334885,1470.0644405826188,680.8832080996514
forecast_0769,2025-02-02 01:00:00,1823.4024161823654,2180.5932692611696,753.2767449896737
forecast_0770,2025-02-02 02:00:00,1589.0436903094483,1828.7545531571582,643.640672
forecast_0771,2025-02-02 03:00:00,1454.5702842645646,1609.856809757347,617.1608095552558
forecast_0772,2025-02-02 04:00:00,1362.1832128869248,1596.648751238518,570.9137623856163
forecast_0773,2025-02-02 05:00:00,1451.9718474518586,1557.204179637337,524.736149505764
forecast_0774,2025-02-02 06:00:00,1494.4377025402832,1616.9398323115922,495.52982141175846
forecast_0775,2025-02-02 07:00:00,1507.4223803683471,1633.4310353482438,571.8702783534623
forecast_0776,2025-02-02 08:00:00,1450.7975595275118,1645.9842169262315,559.2612748490105
forecast_0777,2025-02-02 09:00:00,1293.7810853582764,1505.485857791481,520.0331075171089
forecast_0778,2025-02-02 10:00:00,1189.7244571856688,1317.2851589184952,407.6504
forecast_0779,2025-02-02 11:00:00,1045.145723696165,1180.15568,426.87032
forecast_0780,2025-02-02 12:00:00,1055.38688,1288.6385317301178,491.62768
forecast_0781,2025-02-02 13:00:00,1126.16344,1263.2255303590011,439.86908800000003
forecast_0782,2025-02-02 14:00:00,1243.7866400000003,1497.6158267769242,515.3927183079452
forecast_0783,2025-02-02 15:00:00,1190.3410583819675,1529.1759053612138,525.1920399666596
forecast_0784,2025-02-02 16:00:00,1493.3098534180072,1776.9465875956728,731.1980784746476
forecast_0785,2025-02-02 17:00:00,2100.9733063858794,2274.70973831665,919.6512370076562
forecast_0786,2025-02-02 18:00:00,4343.0763838657385,4009.8252454875183,1957.8170295668604
forecast_0787,2025-02-02 19:00:00,7164.829825088502,7591.778087239076,3984.214292221451
forecast_0788,2025-02-02 20:00:00,9422.831985717774,9902.501457035829,6322.425688933945
forecast_0789,2025-02-02 21:00:00,10926.88277611084,11567.555005947877,8168.662005586243
forecast_0790,2025-02-02 22:00:00,12289.871978860474,12954.058328173829,9097.964351481629
forecast_0791,2025-02-02 23:00:00,13692.834506674195,14255.917927511597,10376.409056494522
forecast_0792,2025-02-03 00:00:00,14118.28747095642,14806.474830929566,11083.958458167266
forecast_0793,2025-02-03 01:00:00,16528.8078946167,17167.69486642456,13118.643799730684
forecast_0794,2025-02-03 02:00:00,16190.879196621705,17049.748136038208,13004.643225572967
forecast_0795,2025-02-03 03:00:00,15807.061851516724,16524.640404040525,12132.267054471587
forecast_0796,2025-02-03 04:00:00,15728.32273961792,15896.065398785402,12461.180109600831
forecast_0797,2025-02-03 05:00:00,15737.449326141359,16267.869012655641,12401.198897502138
forecast_0798,2025-02-03 06:00:00,15470.130332937624,15955.06919890747,12324.5181703331
forecast_0799,2025-02-03 07:00:00,15999.827836608887,16535.110648904418,13023.328833729553
forecast_0800,2025-02-03 08:00:00,16149.745605163575,16744.676988009644,13499.663846176147
forecast_0801,2025-02-03 09:00:00,16177.707178652954,16778.46641551514,13030.71923208084
forecast_0802,2025-02-03 10:00:00,16034.73844262085,16716.440261343385,12654.875596717835
forecast_0803,2025-02-03 11:00:00,15792.254660186769,16051.512745632936,12492.696580950927
forecast_0804,2025-02-03 12:00:00,15541.985109674073,15839.375661489868,11759.071134495545
forecast_0805,2025-02-03 13:00:00,15473.262458428955,15735.95039571228,11793.639442181397
forecast_0806,2025-02-03 14:00:00,15538.844743817139,15946.045044522096,12195.29387948456
forecast_0807,2025-02-03 15:00:00,15319.630944192506,15834.117836203004,12672.102974644471
forecast_0808,2025-02-03 16:00:00,15256.121642834472,15560.069585864258,11959.549310508728
forecast_0809,2025-02-03 17:00:00,15696.970842166138,15757.515206536866,12749.340114926148
forecast_0810,2025-02-03 18:00:00,16063.722594772338,16171.164672750856,13209.65886975708
forecast_0811,2025-02-03 19:00:00,16209.39916607361,16781.12360683899,13418.695222971344
forecast_0812,2025-02-03 20:00:00,16300.161684075927,16976.22803085327,13771.019201058198
forecast_0813,2025-02-03 21:00:00,16073.666389593505,16852.09030180664,13569.87482112427
forecast_0814,2025-02-03 22:00:00,16327.040819787599,17094.542977484132,13737.926120965576
forecast_0815,2025-02-03 23:00:00,16036.809609481812,17089.303893151857,13825.81179590912
forecast_0816,2025-02-04 00:00:00,15647.09690079651,17051.67469544983,13813.104145303347
forecast_0817,2025-02-04 01:00:00,16401.68514671326,17284.649667050173,14469.804737210847
forecast_0818,2025-02-04 02:00:00,16269.916548809815,17324.829225894166,13971.614532027437
forecast_0819,2025-02-04 03:00:00,15826.779417895508,16932.245685006714,13358.731097052765
forecast_0820,2025-02-04 04:00:00,15943.364823919677,17123.516549417116,12595.71435121689
forecast_0821,2025-02-04 05:00:00,15718.33204399109,17334.446638031008,12355.834417842101
forecast_0822,2025-02-04 06:00:00,15953.629175735476,17217.730832162477,12416.092347418975
forecast_0823,2025-02-04 07:00:00,15674.303892398071,17481.08139237061,11752.404803746796
forecast_0824,2025-02-04 08:00:00,15316.112527941896,16775.04479878235,11675.116476595305
forecast_0825,2025-02-04 09:00:00,14532.69689107361,15981.766062841798,11639.296913684082
forecast_0826,2025-02-04 10:00:00,13774.626621063233,15724.154162942505,12048.581255309296
forecast_0827,2025-02-04 11:00:00,14759.792577334596,16192.586711004638,12770.134205039978
forecast_0828,2025-02-04 12:00:00,14824.000847625734,15941.629625408937,12727.041463899232
forecast_0829,2025-02-04 13:00:00,14333.97109772339,14633.429301852419,12575.09976648636
forecast_0830,2025-02-04 14:00:00,14093.946307077027,14277.497446658326,11669.292461782838
forecast_0831,2025-02-04 15:00:00,14660.41871217041,14412.09901258545,12125.827196543121
forecast_0832,2025-02-04 16:00:00,15293.418252944946,15645.624345742799,13195.415179665375
forecast_0833,2025-02-04 17:00:00,15620.999935226442,16270.397335775759,13274.8486120636
forecast_0834,2025-02-04 18:00:00,15582.882386694337,16420.40585775757,13170.877960609438
forecast_0835,2025-02-04 19:00:00,15451.61941864319,16595.485991934205,13330.025937087252
forecast_0836,2025-02-04 20:00:00,15859.28728600769,17159.981961065674,13489.425761235048
forecast_0837,2025-02-04 21:00:00,15969.191311163331,17238.09190420532,13727.549706808473
forecast_0838,2025-02-04 22:00:00,15878.251480178835,17353.347089147952,13345.829801963808
forecast_0839,2025-02-04 23:00:00,15532.777075042724,16373.823560144043,13051.953957086182
forecast_0840,2025-02-05 00:00:00,15641.760165530395,16588.623087249754,13552.063417383577
forecast_0841,2025-02-05 01:00:00,15665.099578070069,17170.413387734985,13741.62397802887
forecast_0842,2025-02-05 02:00:00,15775.926323483276,16853.68118622742,13649.571037722017
forecast_0843,2025-02-05 03:00:00,16056.055631549074,17231.46637539978,13715.072210295868
forecast_0844,2025-02-05 04:00:00,16138.285753997803,17791.29741887207,13358.063475937653
forecast_0845,2025-02-05 05:00:00,16081.398867968752,18131.68521869507,13056.917230924226
forecast_0846,2025-02-05 06:00:00,16086.861011016847,18027.273717007447,13340.998646208192
forecast_0847,2025-02-05 07:00:00,16021.76184793091,17657.44288208313,12706.477896109773
forecast_0848,2025-02-05 08:00:00,15704.390683569336,16632.19126228638,12447.91839949646
forecast_0849,2025-02-05 09:00:00,15745.919394189454,16917.069720642092,12454.075981739044
forecast_0850,2025-02-05 10:00:00,15885.21542614441,16939.695858621217,11900.463491672517
forecast_0851,2025-02-05 11:00:00,15733.932974560548,17246.209005075074,12173.555585975648
forecast_0852,2025-02-05 12:00:00,16334.55811994934,17515.98067902222,12653.413976690674
forecast_0853,2025-02-05 13:00:00,16142.849791937257,17621.62344845276,12982.037218880463
forecast_0854,2025-02-05 14:00:00,15678.224799139405,17079.352500418092,12640.696976148225
forecast_0855,2025-02-05 15:00:00,15693.427538201904,17051.322205215452,12837.556046624755
forecast_0856,2025-02-05 16:00:00,15603.764715347292,17035.58836392517,12972.334605352784
forecast_0857,2025-02-05 17:00:00,15361.990999502565,16707.750458035276,12930.167399017335
forecast_0858,2025-02-05 18:00:00,15445.743382400513,16008.095425982667,12844.93120582657
forecast_0859,2025-02-05 19:00:00,15501.562105575562,15818.747447387696,12789.107553123475
forecast_0860,2025-02-05 20:00:00,15260.854113015746,15967.715901745607,12942.02637334137
forecast_0861,2025-02-05 21:00:00,15640.669585278321,16558.197548190306,13043.602390319826
forecast_0862,2025-02-05 22:00:00,15923.36533551941,17240.271426623534,13127.792878407288
forecast_0863,2025-02-05 23:00:00,15577.724248007202,17403.234907162478,13167.232635746004
forecast_0864,2025-02-06 00:00:00,15459.321966574098,17172.553652420043,12993.270540404512
forecast_0865,2025-02-06 01:00:00,16682.095444842533,18313.69746098633,14050.280275643921
forecast_0866,2025-02-06 02:00:00,16555.625060421753,17927.44475472412,13835.51612756653
forecast_0867,2025-02-06 03:00:00,17022.735755395508,18490.688976248173,13121.7937357193
forecast_0868,2025-02-06 04:00:00,17239.730887243655,18672.573287786865,12748.196869969177
forecast_0869,2025-02-06 05:00:00,17664.13737352295,18853.06531465454,13575.319393894197
forecast_0870,2025-02-06 06:00:00,17449.02047196045,18890.4841789917,13392.048495838166
forecast_0871,2025-02-06 07:00:00,16375.69860630188,18315.15409211426,13176.091799092865
forecast_0872,2025-02-06 08:00:00,16510.380825082397,18061.453791830445,12776.721492992401
forecast_0873,2025-02-06 09:00:00,16138.844585076904,17583.06553528137,12958.477102730561
forecast_0874,2025-02-06 10:00:00,14741.354224777222,15506.947377087403,11779.205215934753
forecast_0875,2025-02-06 11:00:00,14527.336212387085,14359.787233840943,10594.621444282533
forecast_0876,2025-02-06 12:00:00,14661.730478952028,14543.25565503235,10827.611845529176
forecast_0877,2025-02-06 13:00:00,15000.128214535524,14821.200547225953,11944.826067949678
forecast_0878,2025-02-06 14:00:00,14264.268219619751,14471.218716033936,12488.409651449585
forecast_0879,2025-02-06 15:00:00,13606.487193307496,14230.662614752198,11741.427816992951
forecast_0880,2025-02-06 16:00:00,14209.73517821045,14803.534584005738,12701.650472798921
forecast_0881,2025-02-06 17:00:00,13573.853560064697,14974.01015715027,12538.596018715667
forecast_0882,2025-02-06 18:00:00,14361.313584317017,14589.207705041505,12304.135457208635
forecast_0883,2025-02-06 19:00:00,14740.353761999511,15063.630322036744,12116.592365631104
forecast_0884,2025-02-06 20:00:00,15201.810500680542,15498.897340750123,12900.332088462068
forecast_0885,2025-02-06 21:00:00,14740.188192846681,14928.349149664307,11979.420896865846
forecast_0886,2025-02-06 22:00:00,14391.476311291504,14500.733129821778,11607.238309986116
forecast_0887,2025-02-06 23:00:00,14131.239459953309,13993.98143558655,11310.26542657547
forecast_0888,2025-02-07 00:00:00,13230.29460178833,13286.300410305786,10553.109247410966
forecast_0889,2025-02-07 01:00:00,8989.577688566591,9540.345473136902,6586.9668127208715
forecast_0890,2025-02-07 02:00:00,6943.446594674378,8688.971724575807,5765.307575903473
forecast_0891,2025-02-07 03:00:00,6392.384179787903,7238.701102922058,4497.615257447129
forecast_0892,2025-02-07 04:00:00,7400.422886230164,8937.694765556336,5344.639232802278
forecast_0893,2025-02-07 05:00:00,8563.811628297424,10294.629739927674,6042.322808552552
forecast_0894,2025-02-07 06:00:00,6186.503318981171,8107.557182861328,3094.7839659222414
forecast_0895,2025-02-07 07:00:00,4998.510225711517,6260.138988209535,3143.5755351109315
forecast_0896,2025-02-07 08:00:00,4339.460417216339,5148.9791567260745,2290.7473204520415
forecast_0897,2025-02-07 09:00:00,5301.790873755798,6013.579463687134,3731.856436964417
forecast_0898,2025-02-07 10:00:00,9257.601949642945,9964.704963760378,6993.527593525925
forecast_0899,2025-02-07 11:00:00,12397.503209207154,11579.252942987061,9392.924002176285
forecast_0900,2025-02-07 12:00:00,13990.0028680542,13270.407060546875,11319.286400802232
forecast_0901,2025-02-07 13:00:00,14126.961845166015,14836.114451910402,11826.705112421418
forecast_0902,2025-02-07 14:00:00,14922.729438568116,15182.960310464478,11529.936777111436
forecast_0903,2025-02-07 15:00:00,14633.367489138795,15296.580731842041,11241.486104579544
forecast_0904,2025-02-07 16:00:00,14778.720570300293,14735.274594180299,11193.63827907486
forecast_0905,2025-02-07 17:00:00,14143.666639263916,14574.798371502686,10264.789784328079
forecast_0906,2025-02-07 18:00:00,13438.521273587037,13349.026533865357,10318.979944791032
forecast_0907,2025-02-07 19:00:00,13558.618492752075,13786.349750479127,10804.304664408493
forecast_0908,2025-02-07 20:00:00,13666.853422128297,14574.10467409668,10781.582031995775
forecast_0909,2025-02-07 21:00:00,14795.663507855226,15281.280349874878,11401.2486265831
forecast_0910,2025-02-07 22:00:00,15397.76726213379,16217.22695201416,11187.007043023681
forecast_0911,2025-02-07 23:00:00,15608.830352786255,17216.68913786316,11036.114668863678
forecast_0912,2025-02-08 00:00:00,14890.061872320557,17002.1541225708,10384.7765522995
forecast_0913,2025-02-08 01:00:00,13546.634888241577,16047.64219819336,10178.176385560608
forecast_0914,2025-02-08 02:00:00,14466.779067440795,16583.743448052977,10306.60069344864
forecast_0915,2025-02-08 03:00:00,14569.244708779908,16472.823982995607,10357.983271532441
forecast_0916,2025-02-08 04:00:00,14770.60864894104,16505.573932598876,10388.615927342988
forecast_0917,2025-02-08 05:00:00,14636.008538961793,16363.618645965576,10517.674941159057
forecast_0918,2025-02-08 06:00:00,15301.35321640625,16817.444972930905,10582.434107478333
forecast_0919,2025-02-08 07:00:00,14606.28636044922,16478.291048965453,10111.679874134064
forecast_0920,2025-02-08 08:00:00,14363.624976208497,16177.421968740846,10012.94724373169
forecast_0921,2025-02-08 09:00:00,13913.206391207887,15121.394667886352,10485.838875790023
forecast_0922,2025-02-08 10:00:00,12217.849067564392,12790.889318231202,9063.480441230011
forecast_0923,2025-02-08 11:00:00,9454.778078849793,9394.329312371827,7775.917002623367
forecast_0924,2025-02-08 12:00:00,7113.808881654053,7814.660761574402,6070.523756703186
forecast_0925,2025-02-08 13:00:00,5546.387761405639,5460.336182017518,4199.1307237052915
forecast_0926,2025-02-08 14:00:00,4547.492568221283,4720.774589286804,2560.5466794046592
forecast_0927,2025-02-08 15:00:00,4396.53621867218,4684.344014422608,2890.30674142828
forecast_0928,2025-02-08 16:00:00,5145.487803678741,5187.13236470337,3631.3375979117586
forecast_0929,2025-02-08 17:00:00,5321.305155860901,5737.744966050415,4537.876813353958
forecast_0930,2025-02-08 18:00:00,6916.822459665527,6806.928756514588,6364.84258394928
forecast_0931,2025-02-08 19:00:00,8936.548811569213,8060.23169680481,7738.439215905381
forecast_0932,2025-02-08 20:00:00,10458.872700914002,9829.95929241333,8889.434046392824
forecast_0933,2025-02-08 21:00:00,12011.249750447083,10726.477863839722,9506.508788389207
forecast_0934,2025-02-08 22:00:00,15240.46231194458,14365.62897340088,11014.64331857643
forecast_0935,2025-02-08 23:00:00,17585.398271179198,16471.75972673645,13869.055136790466
forecast_0936,2025-02-09 00:00:00,18159.471268301393,18039.371991415406,14852.17402156067
forecast_0937,2025-02-09 01:00:00,16507.558065203855,15667.776317193604,12351.283599837876
forecast_0938,2025-02-09 02:00:00,17870.13312480774,17221.170778668213,14211.229528661346
forecast_0939,2025-02-09 03:00:00,18137.983157421877,17601.033844204714,14382.09794467926
forecast_0940,2025-02-09 04:00:00,18760.976975350954,18157.17496939392,15083.024732345582
forecast_0941,2025-02-09 05:00:00,19840.8174282959,19049.637707739257,15476.846702836609
forecast_0942,2025-02-09 06:00:00,20047.248999575804,19357.786115280152,15680.869659392549
forecast_0943,2025-02-09 07:00:00,19643.357802090453,19308.989694744872,15565.357119535065
forecast_0944,2025-02-09 08:00:00,19404.77257849121,19234.44116434326,15109.003158509828
forecast_0945,2025-02-09 09:00:00,17954.0082072937,18582.950049420167,13616.019839735412
forecast_0946,2025-02-09 10:00:00,15833.263750350954,16254.843047509765,11490.127684299088
forecast_0947,2025-02-09 11:00:00,12789.594281994629,14208.284987152101,10214.035700616838
forecast_0948,2025-02-09 12:00:00,11344.341279058839,12959.555581011962,9241.424941812897
forecast_0949,2025-02-09 13:00:00,10810.03532759552,11729.532170910645,8864.11533772049
forecast_0950,2025-02-09 14:00:00,10945.790921792603,11494.828528353883,8406.900666489792
forecast_0951,2025-02-09 15:00:00,11191.795120036315,10653.444333982849,8063.505473435594
forecast_0952,2025-02-09 16:00:00,12579.537590164186,11565.34298520508,9143.258910605622
forecast_0953,2025-02-09 17:00:00,13728.538896548462,13876.719014346314,10175.705392394639
forecast_0954,2025-02-09 18:00:00,14846.517490270997,15258.905474639892,11079.312703622818
forecast_0955,2025-02-09 19:00:00,15404.901303027344,15290.228307702637,11622.964689289856
forecast_0956,2025-02-09 20:00:00,15232.617797732544,15300.801279583742,11556.694837528228
forecast_0957,2025-02-09 21:00:00,15217.726629321289,16233.626853894044,12755.102386328126
forecast_0958,2025-02-09 22:00:00,15829.933263342285,17062.76963380432,13336.043550659944
forecast_0959,2025-02-09 23:00:00,16626.57871629944,17652.59315352478,14216.26645158844
forecast_0960,2025-02-10 00:00:00,17469.057946020508,18581.471812097167,14588.07814317627
forecast_0961,2025-02-10 01:00:00,17406.277383560184,18683.86517848816,14442.486963822175
forecast_0962,2025-02-10 02:00:00,17418.096402249146,18491.294774627684,14542.199420070649
forecast_0963,2025-02-10 03:00:00,17722.520349658203,18997.798407192997,15070.31057250824
forecast_0964,2025-02-10 04:00:00,18157.567543139652,19252.488098599242,15432.710175743103
forecast_0965,2025-02-10 05:00:00,18922.856882974243,19877.996853698733,15853.919627664185
forecast_0966,2025-02-10 06:00:00,18699.014079742432,19789.292642675784,15829.502470577241
forecast_0967,2025-02-10 07:00:00,19057.276921789555,19900.10781352844,15855.759113076783
forecast_0968,2025-02-10 08:00:00,18802.332365267946,19591.016704742433,15794.081077653504
forecast_0969,2025-02-10 09:00:00,17756.78176460266,19125.685567193606,15494.442713839722
forecast_0970,2025-02-10 10:00:00,16318.55767857666,17860.547188644407,13394.719502526856
forecast_0971,2025-02-10 11:00:00,14738.016944454957,15553.369737045288,12211.699923072052
forecast_0972,2025-02-10 12:00:00,14007.86441357422,14798.838227581788,11674.25543432312
forecast_0973,2025-02-10 13:00:00,13455.375645578004,13762.82744360962,10594.469756742095
forecast_0974,2025-02-10 14:00:00,13642.826894781494,13517.58638815918,10556.791963426209
forecast_0975,2025-02-10 15:00:00,13067.073226766968,12765.911953277588,9788.564609386827
forecast_0976,2025-02-10 16:00:00,12981.233697183228,12727.913005917359,9760.395018249892
forecast_0977,2025-02-10 17:00:00,12808.451940005494,12401.955195800781,9430.369111366654
forecast_0978,2025-02-10 18:00:00,12884.78546347046,12980.553836965943,10086.675948357011
forecast_0979,2025-02-10 19:00:00,13880.875045550538,13854.894443463136,10417.54457048149
forecast_0980,2025-02-10 20:00:00,12782.783990802003,13216.858172900393,9788.92716237297
forecast_0981,2025-02-10 21:00:00,11704.31165437622,12599.188291058352,9032.753213181686
forecast_0982,2025-02-10 22:00:00,12264.800896466066,13408.683398550416,9683.666328092193
forecast_0983,2025-02-10 23:00:00,11659.68945150299,12097.441493032837,9196.999259870146
forecast_0984,2025-02-11 00:00:00,11016.983680661011,11858.311091766358,8736.104651218415
forecast_0985,2025-02-11 01:00:00,11183.368701745607,11641.513618511963,8741.403852675248
forecast_0986,2025-02-11 02:00:00,12298.955966604615,12298.213781973267,9478.718082707597
forecast_0987,2025-02-11 03:00:00,13072.788436364746,13289.3363249115,9858.450002931597
forecast_0988,2025-02-11 04:00:00,13114.867819555664,13419.405151455689,9787.303811143876
forecast_0989,2025-02-11 05:00:00,10238.265427644348,10583.904704080202,7591.1876365370945
forecast_0990,2025-02-11 06:00:00,9235.516789791869,9321.710864474488,5805.504412948227
forecast_0991,2025-02-11 07:00:00,8740.63656253357,8400.452885829163,5446.684965365601
forecast_0992,2025-02-11 08:00:00,7838.0336744171145,7179.059729785462,4678.492569944001
forecast_0993,2025-02-11 09:00:00,7845.734067690277,6783.925752510071,4102.834153285503
forecast_0994,2025-02-11 10:00:00,6143.057901208802,5183.252625576019,2845.5563726952173
forecast_0995,2025-02-11 11:00:00,4125.431829471971,3599.6563757112126,1871.9652716549874
forecast_0996,2025-02-11 12:00:00,3883.7726757798005,3432.2856650335693,1775.689738913479
forecast_0997,2025-02-11 13:00:00,2829.5605417694096,2796.377656661682,1338.5141796673777
forecast_0998,2025-02-11 14:00:00,2776.634041822815,2615.818978681183,1273.2189897613716
forecast_0999,2025-02-11 15:00:00,2092.562632140198,1850.8882458441547,834.5813868037416
forecast_1000,2025-02-11 16:00:00,1875.9440362531664,1750.8099907258988,868.143067865017
forecast_1001,2025-02-11 17:00:00,2319.396519995537,2263.4622940465165,902.5833577643394
forecast_1002,2025-02-11 18:00:00,5132.039938770142,4998.685206445618,2861.1231790712736
forecast_1003,2025-02-11 19:00:00,8313.041722117614,7600.742930890809,5456.767675552902
forecast_1004,2025-02-11 20:00:00,11237.652913082886,10911.214349673462,6772.0053368572235
forecast_1005,2025-02-11 21:00:00,12195.567163687134,12657.172958526613,7966.309422893296
forecast_1006,2025-02-11 22:00:00,12161.067602996827,12490.440326303102,7784.720306937027
forecast_1007,2025-02-11 23:00:00,16578.135798522948,16809.356226657103,13367.521960849763
forecast_1008,2025-02-12 00:00:00,17969.558447756957,18225.13273722229,13439.207364268494
forecast_1009,2025-02-12 01:00:00,15744.033258761598,15858.421555856323,11338.153449475862
forecast_1010,2025-02-12 02:00:00,16129.324576126099,16987.046386807255,12488.875910655976
forecast_1011,2025-02-12 03:00:00,15521.127449984742,16878.45849714966,12386.444028510285
forecast_1012,2025-02-12 04:00:00,15594.770788821412,16873.17290536499,12496.30092243042
forecast_1013,2025-02-12 05:00:00,15076.918964190674,16402.936116961668,12190.76841249237
forecast_1014,2025-02-12 06:00:00,13756.422841217041,14617.30953223877,10936.130786071397
forecast_1015,2025-02-12 07:00:00,9863.339585479736,12077.325127980042,7359.98450345192
forecast_1016,2025-02-12 08:00:00,7598.172177791443,9823.69639744568,5281.790664921188
forecast_1017,2025-02-12 09:00:00,6966.407504299622,8163.420129076233,4888.552455905381
forecast_1018,2025-02-12 10:00:00,7230.294367342224,9046.422922706604,6838.988301725007
forecast_1019,2025-02-12 11:00:00,9359.343635043335,12721.654079629518,9084.99256012306
forecast_1020,2025-02-12 12:00:00,11096.551593742372,13444.486531939698,10143.650664608384
forecast_1021,2025-02-12 13:00:00,11964.320726745605,13948.777129162598,11112.811238539505
forecast_1022,2025-02-12 14:00:00,12687.078822512818,14603.361162847901,11314.704668175125
forecast_1023,2025-02-12 15:00:00,14266.857004843141,15175.022475045778,12924.243332117463
forecast_1024,2025-02-12 16:00:00,14545.597480836488,16188.359150430299,13780.681070115663
forecast_1025,2025-02-12 17:00:00,16302.072358840944,17079.241698352052,14607.819871388245
forecast_1026,2025-02-12 18:00:00,17027.442058480832,17501.693193606567,14938.315329681398
forecast_1027,2025-02-12 19:00:00,17299.625273071288,17574.092971746828,14840.261187558746
forecast_1028,2025-02-12 20:00:00,16996.870442733765,16935.159157843016,13229.706806582642
forecast_1029,2025-02-12 21:00:00,16603.91178110046,16475.038934054566,13001.560587145997
forecast_1030,2025-02-12 22:00:00,16159.9189720459,16252.963387808228,12974.897468640138
forecast_1031,2025-02-12 23:00:00,15532.596868936156,15228.260499121096,11924.975863315201
forecast_1032,2025-02-13 00:00:00,15003.50954835205,14711.06283538208,11460.551885886001
forecast_1033,2025-02-13 01:00:00,14100.363756988525,13971.038944786073,9732.091543097687
forecast_1034,2025-02-13 02:00:00,14102.61208136902,14535.099550009156,10121.236631641388
forecast_1035,2025-02-13 03:00:00,14857.928161703492,15122.850161904908,11202.050791727066
forecast_1036,2025-02-13 04:00:00,13389.01485235901,13756.783151568605,9931.320730729294
forecast_1037,2025-02-13 05:00:00,13949.768041217041,14731.035786099244,10649.323524924088
forecast_1038,2025-02-13 06:00:00,15621.186491189575,16222.633324371338,12106.305512991334
forecast_1039,2025-02-13 07:00:00,16956.608803845214,17944.68167059326,12819.239333776857
forecast_1040,2025-02-13 08:00:00,17909.241015734864,18374.746580899046,13789.911727845765
forecast_1041,2025-02-13 09:00:00,17868.30544844055,18503.154642697147,13780.238329997253
forecast_1042,2025-02-13 10:00:00,16964.495166122437,17494.003662460327,13337.082581847382
forecast_1043,2025-02-13 11:00:00,15990.792904632568,16390.91555166626,12593.644131468202
forecast_1044,2025-02-13 12:00:00,15757.573939822389,16382.667706381228,12418.650809976198
forecast_1045,2025-02-13 13:00:00,15809.634095266723,16108.646361172487,12274.77168170166
forecast_1046,2025-02-13 14:00:00,16069.934050384523,16805.128460223386,13150.04450945511
forecast_1047,2025-02-13 15:00:00,15868.780011163331,16471.586723544315,13198.64678302536
forecast_1048,2025-02-13 16:00:00,16259.049287887574,16937.024477441406,13480.70034801178
forecast_1049,2025-02-13 17:00:00,17273.25185740967,17881.127183837893,15055.609561835481
forecast_1050,2025-02-13 18:00:00,18268.83551883545,19182.707903259277,16070.672725038148
forecast_1051,2025-02-13 19:00:00,18591.663964797975,19719.749661773683,16145.383590414429
forecast_1052,2025-02-13 20:00:00,18541.70403670044,19478.443700613403,16048.291688754274
forecast_1053,2025-02-13 21:00:00,18572.22753930054,19515.600374502566,16046.490974812317
forecast_1054,2025-02-13 22:00:00,18681.438147817993,19610.588894427492,16029.266118590545
forecast_1055,2025-02-13 23:00:00,18918.016540512086,19835.17692416687,16046.33973042679
forecast_1056,2025-02-14 00:00:00,18904.51999685669,19892.78545392456,16104.195622802734
forecast_1057,2025-02-14 01:00:00,19294.207315042113,20194.376001043704,16167.440690151216
forecast_1058,2025-02-14 02:00:00,19230.009721136477,20154.89729736939,15898.223245074463
forecast_1059,2025-02-14 03:00:00,18976.92233828125,19966.447859552005,16011.3726267128
forecast_1060,2025-02-14 04:00:00,18915.465413073733,19869.82766105957,16099.523569895173
forecast_1061,2025-02-14 05:00:00,19737.683811331175,20045.037410662844,16212.847045807648
forecast_1062,2025-02-14 06:00:00,19739.734598263552,20004.591667648318,16241.537956456757
forecast_1063,2025-02-14 07:00:00,20053.100425112916,20075.24654977722,16250.144560220338
forecast_1064,2025-02-14 08:00:00,19868.7828667511,19960.2985471344,16154.887182289887
forecast_1065,2025-02-14 09:00:00,17950.15630503845,19118.996440075687,14235.699855788422
forecast_1066,2025-02-14 10:00:00,14848.759654470827,15755.79256949463,11606.77001679306
forecast_1067,2025-02-14 11:00:00,12882.195205929565,13894.663375531007,9932.991957068254
forecast_1068,2025-02-14 12:00:00,11751.041368115235,13063.234078179932,9281.66121805153
forecast_1069,2025-02-14 13:00:00,11055.93643525696,12058.743371203615,8478.887280724335
forecast_1070,2025-02-14 14:00:00,10826.970276701355,11370.720606762696,8545.427407448577
forecast_1071,2025-02-14 15:00:00,11138.546852804566,11525.687682107544,8725.7493934803
forecast_1072,2025-02-14 16:00:00,11962.044642288209,12948.171761123658,10072.258193860627
forecast_1073,2025-02-14 17:00:00,13247.893906112673,14647.730967687989,11283.896906443788
forecast_1074,2025-02-14 18:00:00,15428.833003790285,16316.101621365357,13311.65090673523
forecast_1075,2025-02-14 19:00:00,16150.470389227296,16766.247185150147,12500.33098118515
forecast_1076,2025-02-14 20:00:00,16137.271278125001,16501.171718304446,11661.986501239777
forecast_1077,2025-02-14 21:00:00,16080.21763680115,16309.513744369508,11852.933286970521
forecast_1078,2025-02-14 22:00:00,15891.590202679443,15539.543491833496,10835.84997305603
forecast_1079,2025-02-14 23:00:00,15752.485946966553,15069.664995031739,10607.617104960633
forecast_1080,2025-02-15 00:00:00,17592.1176109375,16428.365933444213,12840.083016786957
forecast_1081,2025-02-15 01:00:00,17399.936717352295,16067.725217248535,12369.627918133927
forecast_1082,2025-02-15 02:00:00,17176.35935694275,16180.259854452517,11918.390861225129
forecast_1083,2025-02-15 03:00:00,16714.19645942688,15770.905607391358,11864.659131167602
forecast_1084,2025-02-15 04:00:00,16356.911868743897,15264.604325454711,11144.92804902115
forecast_1085,2025-02-15 05:00:00,16526.101312991334,15637.248231152344,11386.41640221939
forecast_1086,2025-02-15 06:00:00,16991.70891210022,15926.35792897644,10873.619437140656
forecast_1087,2025-02-15 07:00:00,15466.776322653199,14807.62849864502,10209.131613959886
forecast_1088,2025-02-15 08:00:00,14663.96978598938,14624.527114367676,9882.301459325028
forecast_1089,2025-02-15 09:00:00,13795.218546609498,14456.440959365846,9750.066573313521
forecast_1090,2025-02-15 10:00:00,11274.39368138733,12046.37026282959,8117.357063069916
forecast_1091,2025-02-15 11:00:00,10752.725656114197,11641.803916384888,7632.19473090477
forecast_1092,2025-02-15 12:00:00,11381.368824028015,12509.59586711731,8658.021595538712
forecast_1093,2025-02-15 13:00:00,11954.641666470337,12934.557140908815,9932.945860989763
forecast_1094,2025-02-15 14:00:00,13297.992207458497,14445.402570382692,11165.539049430849
forecast_1095,2025-02-15 15:00:00,14454.198626480103,15148.984880212403,11924.84775700989
forecast_1096,2025-02-15 16:00:00,14885.585855752564,15236.482444662477,12108.966501605988
forecast_1097,2025-02-15 17:00:00,15873.426473632813,16683.004500354004,12864.657164713288
forecast_1098,2025-02-15 18:00:00,16792.201110601807,17301.86554763794,13876.760866919709
forecast_1099,2025-02-15 19:00:00,18057.687704312135,18086.13894925842,14639.865160189058
forecast_1100,2025-02-15 20:00:00,18241.59821850586,18577.632485885624,15303.591309179688
forecast_1101,2025-02-15 21:00:00,18097.99642836609,18314.173778460696,14949.002922979736
forecast_1102,2025-02-15 22:00:00,18118.93705435181,18275.161817422486,14860.604274176025
forecast_1103,2025-02-15 23:00:00,17954.98263282166,18223.609077249144,14695.970639758301
forecast_1104,2025-02-16 00:00:00,18535.928355679323,18714.788988516237,15287.005012838745
forecast_1105,2025-02-16 01:00:00,19226.51425473328,19423.77416704712,15517.614481769562
forecast_1106,2025-02-16 02:00:00,18495.193101507568,18781.841481289674,14724.552419044496
forecast_1107,2025-02-16 03:00:00,18375.0017984375,18541.172931411744,14279.108372609711
forecast_1108,2025-02-16 04:00:00,17426.24757459412,17745.688864590455,13088.292126426699
forecast_1109,2025-02-16 05:00:00,16050.237173571779,16668.734874923706,12438.555858430482
forecast_1110,2025-02-16 06:00:00,15442.21464914856,15959.932250930786,11657.431881752778
forecast_1111,2025-02-16 07:00:00,15179.048591650391,15935.58787243042,11189.911004984284
forecast_1112,2025-02-16 08:00:00,14468.40071848755,15206.716990222169,10472.257174502563
forecast_1113,2025-02-16 09:00:00,14109.12276072998,15579.452593014526,10920.208709737397
forecast_1114,2025-02-16 10:00:00,11270.782220559693,13035.382692059327,9131.763809544755
forecast_1115,2025-02-16 11:00:00,10227.268125881958,12136.049304104614,9121.761315279771
forecast_1116,2025-02-16 12:00:00,9950.951813940432,10741.868813708496,8794.92223335991
forecast_1117,2025-02-16 13:00:00,11696.92860659027,12879.294889096069,10070.584587054062
forecast_1118,2025-02-16 14:00:00,13689.285403479005,14346.49426611023,11260.447562939453
forecast_1119,2025-02-16 15:00:00,15488.71329963379,16156.99665843506,12751.169289154815
forecast_1120,2025-02-16 16:00:00,16615.964688586428,17035.80714581299,14049.701089159395
forecast_1121,2025-02-16 17:00:00,17585.79546994629,18394.479520526125,15126.193407478333
forecast_1122,2025-02-16 18:00:00,16876.615981088256,18061.681908831786,15409.619978878785
forecast_1123,2025-02-16 19:00:00,17618.0463255188,18463.462636941527,15448.700924918367
forecast_1124,2025-02-16 20:00:00,17792.166437545777,18905.833391345215,15339.660390714263
forecast_1125,2025-02-16 21:00:00,17670.141045425415,18624.23615818176,15015.644036943819
forecast_1126,2025-02-16 22:00:00,17869.313178604127,18313.478403289795,15271.57843703537
forecast_1127,2025-02-16 23:00:00,17437.845127740482,17915.6533335083,14450.476649075317
forecast_1128,2025-02-17 00:00:00,16597.991222351076,16588.34927026062,13135.266978421021
forecast_1129,2025-02-17 01:00:00,15114.227050009156,14872.628550964357,10649.306746192933
forecast_1130,2025-02-17 02:00:00,15063.590201715087,15102.830612057496,11067.533975054932
forecast_1131,2025-02-17 03:00:00,15152.75905298462,15423.000408868409,11737.460057460785
forecast_1132,2025-02-17 04:00:00,14502.806718426515,14155.6652329834,10329.445809684372
forecast_1133,2025-02-17 05:00:00,13657.304994616701,13237.132440045167,9396.700773952485
forecast_1134,2025-02-17 06:00:00,13284.082442675783,13400.594635314941,9420.134480640412
forecast_1135,2025-02-17 07:00:00,13827.25562080078,13705.766076379396,9854.602289973831
forecast_1136,2025-02-17 08:00:00,14024.438602432252,14033.72758772583,9823.593311993027
forecast_1137,2025-02-17 09:00:00,14039.553699731447,13904.058188995361,9969.248713768387
forecast_1138,2025-02-17 10:00:00,14338.007351068116,13346.064225976563,10309.672187412263
forecast_1139,2025-02-17 11:00:00,14513.091259274293,13484.44895661316,10333.377252167513
forecast_1140,2025-02-17 12:00:00,14042.06748722229,13519.678673214723,10058.059881814195
forecast_1141,2025-02-17 13:00:00,13753.252760842895,13147.69624313965,9468.001449460222
forecast_1142,2025-02-17 14:00:00,13470.170520001222,12795.784207345583,9202.276445456697
forecast_1143,2025-02-17 15:00:00,13342.666697525026,12387.396144200135,8897.676359501267
forecast_1144,2025-02-17 16:00:00,12502.178664079285,11434.760238168335,7969.1750086269385
forecast_1145,2025-02-17 17:00:00,10565.130377453614,9236.60089545288,6084.957572744675
forecast_1146,2025-02-17 18:00:00,9477.684930296326,8644.913101005553,5674.545608686447
forecast_1147,2025-02-17 19:00:00,9434.317649649049,8620.998917990113,5659.424268794251
forecast_1148,2025-02-17 20:00:00,8636.664818556215,7800.455073606873,5029.183592399673
forecast_1149,2025-02-17 21:00:00,7044.164890594482,6685.0569361526495,3854.3966510959626
forecast_1150,2025-02-17 22:00:00,6136.508864006042,6402.972910540771,3492.8058877891544
forecast_1151,2025-02-17 23:00:00,6265.619791703797,6055.426893302918,3632.9471866386416
forecast_1152,2025-02-18 00:00:00,6591.900854632569,6662.1213867935185,4125.832858818665
forecast_1153,2025-02-18 01:00:00,7267.219989492188,7657.856024969483,5506.751961870194
forecast_1154,2025-02-18 02:00:00,10872.905446618654,10997.10761890564,8221.58486380745
forecast_1155,2025-02-18 03:00:00,12115.546189709472,12371.120580545045,9563.415392866134
forecast_1156,2025-02-18 04:00:00,13010.484316488648,13547.940524838257,10111.226265979003
forecast_1157,2025-02-18 05:00:00,12903.901693688966,12874.45864444275,9905.778910090638
forecast_1158,2025-02-18 06:00:00,13463.203845175172,13945.403685684205,10532.027526033022
forecast_1159,2025-02-18 07:00:00,13770.527971859741,14122.652990179444,10687.579285259248
forecast_1160,2025-02-18 08:00:00,12830.800507724,12872.069685873414,9630.330863554384
forecast_1161,2025-02-18 09:00:00,12897.976545269776,12742.129986563112,9526.037438406373
forecast_1162,2025-02-18 10:00:00,12789.48760237732,12874.807609796144,9615.947143181229
forecast_1163,2025-02-18 11:00:00,13077.808287026979,12824.576689443971,9855.766439315415
forecast_1164,2025-02-18 12:00:00,13240.424733889771,12622.964508724976,9667.868207385636
forecast_1165,2025-02-18 13:00:00,14007.18180215454,13039.185440026857,9744.882816312791
forecast_1166,2025-02-18 14:00:00,14654.931308499146,13585.388232772828,10220.296564170838
forecast_1167,2025-02-18 15:00:00,14598.190064257813,13736.552622509766,10194.678439944459
forecast_1168,2025-02-18 16:00:00,14101.146628805544,13101.560185421753,9730.213293902969
forecast_1169,2025-02-18 17:00:00,13598.550802603151,12606.244653381349,9684.165524208449
forecast_1170,2025-02-18 18:00:00,12754.840606271362,11776.379332730103,8787.881396063232
forecast_1171,2025-02-18 19:00:00,11960.940757675171,11448.143113888551,8624.50659869728
forecast_1172,2025-02-18 20:00:00,11584.54649934082,10494.321597280885,8537.31046341057
forecast_1173,2025-02-18 21:00:00,11731.703107785035,11469.259882354736,8825.099919971086
forecast_1174,2025-02-18 22:00:00,11439.51441561737,12156.003364181519,8878.16530146408
forecast_1175,2025-02-18 23:00:00,10660.268100697327,11608.876048805238,8034.261752726365
forecast_1176,2025-02-19 00:00:00,11212.70594065857,12508.717954763793,8413.48159289627
forecast_1177,2025-02-19 01:00:00,8675.107896607973,9050.223509506224,6406.972802035981
forecast_1178,2025-02-19 02:00:00,11744.327955400086,13225.158686253359,8842.03200145073
forecast_1179,2025-02-19 03:00:00,11308.770377877807,13129.33661461792,8782.893824365616
forecast_1180,2025-02-19 04:00:00,11785.290985095215,13438.266293182372,8836.26566783104
forecast_1181,2025-02-19 05:00:00,12308.495152435304,13853.732544097902,9434.667650949097
forecast_1182,2025-02-19 06:00:00,12700.578867585755,14004.598610424806,9746.01092384491
forecast_1183,2025-02-19 07:00:00,12505.197455241396,13911.866178173828,9760.400068694687
forecast_1184,2025-02-19 08:00:00,12159.010532984925,13609.68898129883,9176.467980952071
forecast_1185,2025-02-19 09:00:00,10886.59667771759,11982.696067437744,8502.686875689698
forecast_1186,2025-02-19 10:00:00,8765.984812669372,9598.443154112243,7065.786790261917
forecast_1187,2025-02-19 11:00:00,8287.717500018312,8594.662334524535,6635.719486972352
forecast_1188,2025-02-19 12:00:00,6653.5701195709225,6883.26599504242,5326.354681245041
forecast_1189,2025-02-19 13:00:00,5667.449590493775,5087.558317636109,3474.881150036316
forecast_1190,2025-02-19 14:00:00,6303.111007905579,5268.586486456299,3547.633483332291
forecast_1191,2025-02-19 15:00:00,7054.9076460861215,5930.978216605529,3846.6543357231144
forecast_1192,2025-02-19 16:00:00,6964.768570132447,5720.967512958374,3861.2989107165527
forecast_1193,2025-02-19 17:00:00,6864.498625405884,5711.956892287903,3834.00912457161
forecast_1194,2025-02-19 18:00:00,6949.150976249085,6050.228200082397,4577.4195870980075
forecast_1195,2025-02-19 19:00:00,7121.155789657593,6892.197220484009,5201.446182027969
forecast_1196,2025-02-19 20:00:00,7394.892751143494,7347.734042237855,5116.678206361008
forecast_1197,2025-02-19 21:00:00,8538.920293609619,8215.377751376038,5657.824421276093
forecast_1198,2025-02-19 22:00:00,8935.494913703918,8815.986022302248,6676.920602926026
forecast_1199,2025-02-19 23:00:00,9688.994622956849,10197.290257977296,7621.706121562042
forecast_1200,2025-02-20 00:00:00,9850.58014877472,10671.979269406129,7995.525523133469
forecast_1201,2025-02-20 01:00:00,8179.0488413314815,7610.453234353943,6269.95801997757
forecast_1202,2025-02-20 02:00:00,8563.156873365784,8779.397529385376,6292.438301854325
forecast_1203,2025-02-20 03:00:00,9433.571947685243,9675.551232380676,7589.735266181488
forecast_1204,2025-02-20 04:00:00,9487.615465408326,10066.085062913515,7676.877436336898
forecast_1205,2025-02-20 05:00:00,9560.56528808899,10699.962631628418,7758.62140918274
forecast_1206,2025-02-20 06:00:00,9832.130925949097,11370.260637190248,8403.444708024597
forecast_1207,2025-02-20 07:00:00,11976.711597598267,13216.56535572052,9298.058470169068
forecast_1208,2025-02-20 08:00:00,13133.881805955505,14009.279600297546,9925.597426273727
forecast_1209,2025-02-20 09:00:00,12293.892454411318,13522.201739773562,9716.000601651001
forecast_1210,2025-02-20 10:00:00,10907.995391500855,12165.915884506227,9089.956282645799
forecast_1211,2025-02-20 11:00:00,11129.813246018983,11786.523333840943,8990.822983444978
forecast_1212,2025-02-20 12:00:00,10651.430443318177,11486.442393922425,9022.84102762947
forecast_1213,2025-02-20 13:00:00,9861.436234587098,9705.407142578126,7577.284321760941
forecast_1214,2025-02-20 14:00:00,10347.924443386843,9575.114455018616,7759.006438821411
forecast_1215,2025-02-20 15:00:00,10350.559994705201,10008.008481600951,7825.98209861908
forecast_1216,2025-02-20 16:00:00,9561.199838606262,8352.906078379823,6944.672657176514
forecast_1217,2025-02-20 17:00:00,9515.14858809967,8795.11892403412,6934.27478422966
forecast_1218,2025-02-20 18:00:00,10000.160889860535,10021.498177018739,8438.038215219116
forecast_1219,2025-02-20 19:00:00,11054.425033398436,10843.406186602782,9097.90947177048
forecast_1220,2025-02-20 20:00:00,10643.890095011902,10905.60589721985,8629.072166883469
forecast_1221,2025-02-20 21:00:00,9341.61942411957,9440.428841723633,7452.8342971717075
forecast_1222,2025-02-20 22:00:00,8446.90564818573,9233.281843632507,6390.224901902542
forecast_1223,2025-02-20 23:00:00,9361.372911453247,10367.474657617187,7617.173008682023
forecast_1224,2025-02-21 00:00:00,9637.31719464569,10301.512230046083,7741.1035768180855
forecast_1225,2025-02-21 01:00:00,8920.962488391113,9848.590653465271,6866.221615866165
forecast_1226,2025-02-21 02:00:00,9702.263436080933,10792.16821882019,7791.982758686829
forecast_1227,2025-02-21 03:00:00,9279.22217223053,10213.334519635011,7940.204339902877
forecast_1228,2025-02-21 04:00:00,9207.254597523499,9412.842283407594,7446.421802000046
forecast_1229,2025-02-21 05:00:00,9688.933005422974,9882.204355757141,7794.5111292545325
forecast_1230,2025-02-21 06:00:00,9978.380312762452,10733.201752815248,7945.1766459278115
forecast_1231,2025-02-21 07:00:00,10758.648475587464,11659.349300047303,8529.417117380905
forecast_1232,2025-02-21 08:00:00,10922.605890856934,11837.261824688721,8162.850213300705
forecast_1233,2025-02-21 09:00:00,9884.221423284913,10880.479418452454,8224.220709650803
forecast_1234,2025-02-21 10:00:00,7334.18800418396,7765.53842155304,5840.663271001358
forecast_1235,2025-02-21 11:00:00,6358.905473641968,6709.011151368713,4974.462735380173
forecast_1236,2025-02-21 12:00:00,5491.65444984787,6227.094225360718,4212.819382279282
forecast_1237,2025-02-21 13:00:00,7241.0967703988645,6296.988240209961,4092.8504299046326
forecast_1238,2025-02-21 14:00:00,8270.657788240052,7253.494646019593,5378.080254689331
forecast_1239,2025-02-21 15:00:00,8248.117608734132,6538.390182739258,4940.9949039545445
forecast_1240,2025-02-21 16:00:00,8496.121227790834,6738.885164444886,4900.601007447967
forecast_1241,2025-02-21 17:00:00,8729.585644137573,6924.800094429017,4918.180481055069
forecast_1242,2025-02-21 18:00:00,10592.981075486756,9181.354848428346,7561.547873081513
forecast_1243,2025-02-21 19:00:00,11759.570885432435,10672.002665203858,8951.949532390212
forecast_1244,2025-02-21 20:00:00,11876.566375128175,11316.795207421876,9350.918258980942
forecast_1245,2025-02-21 21:00:00,12290.664420045472,12067.48527986145,9560.782509062577
forecast_1246,2025-02-21 22:00:00,12221.557328372193,12140.534394033813,9706.241804784393
forecast_1247,2025-02-21 23:00:00,12782.58986220703,12529.629140545656,9991.740770343018
forecast_1248,2025-02-22 00:00:00,12814.960342941285,12727.79205661316,10021.114101194764
forecast_1249,2025-02-22 01:00:00,13883.301611016846,12936.878679116822,10468.206257546235
forecast_1250,2025-02-22 02:00:00,14956.554752651979,14297.663583007814,11625.149848103332
forecast_1251,2025-02-22 03:00:00,15494.57954925232,15460.603564126588,12694.822110311128
forecast_1252,2025-02-22 04:00:00,14659.324857089234,14969.893879040528,11624.620592733765
forecast_1253,2025-02-22 05:00:00,13917.843045660402,14399.458906680298,10712.338685995483
forecast_1254,2025-02-22 06:00:00,11457.283151779176,11228.998403607178,7892.311229756928
forecast_1255,2025-02-22 07:00:00,10858.137820936585,11722.360346461486,7991.69416887703
forecast_1256,2025-02-22 08:00:00,9787.477377763367,9442.150097254944,6823.296008277054
forecast_1257,2025-02-22 09:00:00,8167.106832481384,7267.929427713929,4972.80597092598
forecast_1258,2025-02-22 10:00:00,4909.85277284378,5008.346381420898,2678.273595728302
forecast_1259,2025-02-22 11:00:00,4244.133695334625,3570.119461637116,1970.2701453289606
forecast_1260,2025-02-22 12:00:00,4529.3791712641905,4183.989240608978,2278.9758698778533
forecast_1261,2025-02-22 13:00:00,7182.002073223267,6080.31344228363,4811.586129508743
forecast_1262,2025-02-22 14:00:00,7547.841220772095,6699.696617359619,5092.885183124771
forecast_1263,2025-02-22 15:00:00,7706.622342763672,6526.151863729859,4988.824158958436
forecast_1264,2025-02-22 16:00:00,7699.179877633667,6663.194812796936,5267.512403261796
forecast_1265,2025-02-22 17:00:00,8344.55068497467,7120.324764139405,5989.286618716203
forecast_1266,2025-02-22 18:00:00,10108.730100654602,9602.49596721802,8431.025614432907
forecast_1267,2025-02-22 19:00:00,11759.296356462097,11114.04277064209,9391.093879473114
forecast_1268,2025-02-22 20:00:00,12536.679771737672,12803.816781234742,10605.4220903656
forecast_1269,2025-02-22 21:00:00,13747.086084735107,14791.262195614625,11391.402471136475
forecast_1270,2025-02-22 22:00:00,14495.953605938721,15391.25694262085,12885.250963983155
forecast_1271,2025-02-22 23:00:00,15012.69251098633,15985.22559795227,13071.90118770752
forecast_1272,2025-02-23 00:00:00,14935.318448092652,16436.01530888977,13419.38426576233
forecast_1273,2025-02-23 01:00:00,14428.767532580569,15946.548388800049,13182.54255129776
forecast_1274,2025-02-23 02:00:00,14996.850921316529,16638.96858586731,13587.110003994752
forecast_1275,2025-02-23 03:00:00,15585.23769364319,16956.599810614018,14221.410327554322
forecast_1276,2025-02-23 04:00:00,15888.530493804932,17210.582492617796,14663.767912636567
forecast_1277,2025-02-23 05:00:00,16227.222948986817,17230.924884762575,14857.74618062134
forecast_1278,2025-02-23 06:00:00,16488.568511526493,17616.13155143433,14174.130541306306
forecast_1279,2025-02-23 07:00:00,16804.45166517639,17763.20922494507,14838.115677700043
forecast_1280,2025-02-23 08:00:00,17102.743479324345,17590.85420452881,14759.301681169129
forecast_1281,2025-02-23 09:00:00,16428.73640284424,17543.87859595032,13933.862043405916
forecast_1282,2025-02-23 10:00:00,15874.65210534668,17224.51867454529,13731.228286631776
forecast_1283,2025-02-23 11:00:00,15567.864418481446,16446.430137561038,13278.257003536988
forecast_1284,2025-02-23 12:00:00,15472.17431194153,16198.236871829225,12638.95946626816
forecast_1285,2025-02-23 13:00:00,15077.092248776245,15381.171227194216,11844.471841902161
forecast_1286,2025-02-23 14:00:00,14767.3557954834,14820.158214324952,11443.645653879546
forecast_1287,2025-02-23 15:00:00,14514.554702276611,14142.56510758362,10431.823825130463
forecast_1288,2025-02-23 16:00:00,13913.574026672364,13422.394891891481,9983.910044427874
forecast_1289,2025-02-23 17:00:00,13147.571154174806,11986.284252514648,8873.833004249955
forecast_1290,2025-02-23 18:00:00,12525.021845156862,10944.329953100587,8416.736418112563
forecast_1291,2025-02-23 19:00:00,11962.384540872194,10642.320631655884,7746.490501715318
forecast_1292,2025-02-23 20:00:00,11108.490913162232,10807.392060772705,8350.353343285751
forecast_1293,2025-02-23 21:00:00,11048.198074694825,11293.921364077758,8554.66519872551
forecast_1294,2025-02-23 22:00:00,11345.55251984253,11198.872129309082,8297.930274974824
forecast_1295,2025-02-23 23:00:00,11538.051799714662,12341.16146685486,8581.980251337434
forecast_1296,2025-02-24 00:00:00,11782.457532691957,12910.808987414552,8729.216246678925
forecast_1297,2025-02-24 01:00:00,13180.13870145874,13987.2196449646,9958.471955514908
forecast_1298,2025-02-24 02:00:00,15018.109907003785,15664.820487976074,11136.689601807024
forecast_1299,2025-02-24 03:00:00,16085.270985766603,16692.47899241638,11506.54662697792
forecast_1300,2025-02-24 04:00:00,16038.806582687379,16766.098180191042,12265.8454339962
forecast_1301,2025-02-24 05:00:00,15311.841192224121,16148.999739776611,11766.819000278092
forecast_1302,2025-02-24 06:00:00,15214.178064965821,15531.276588369752,10913.54099102974
forecast_1303,2025-02-24 07:00:00,15239.56672402649,15649.444588253784,11418.437707167435
forecast_1304,2025-02-24 08:00:00,14836.267348760986,15399.890200302125,11168.632371467209
forecast_1305,2025-02-24 09:00:00,14482.158916567994,14076.762941793824,9962.2483495327
forecast_1306,2025-02-24 10:00:00,12208.98502475586,12048.811798699951,8778.5498672966
forecast_1307,2025-02-24 11:00:00,10025.401332667541,10600.670284410095,7588.739555441665
forecast_1308,2025-02-24 12:00:00,9582.107477072143,9595.472661334228,6960.184172612381
forecast_1309,2025-02-24 13:00:00,9208.259333987426,9265.120692266846,7436.08619646843
forecast_1310,2025-02-24 14:00:00,10298.679581555176,9770.403328849792,7785.524083097458
forecast_1311,2025-02-24 15:00:00,11082.34457116089,10789.121691099548,8161.514567881775
forecast_1312,2025-02-24 16:00:00,11009.410548504638,10716.10514781189,7996.30722478943
forecast_1313,2025-02-24 17:00:00,11436.727757136536,11830.299971755981,8718.65805025749
forecast_1314,2025-02-24 18:00:00,13141.813269958497,13934.891541113282,10218.036577556992
forecast_1315,2025-02-24 19:00:00,15449.003598330688,15619.730744058228,12806.266037088013
forecast_1316,2025-02-24 20:00:00,17270.1298664917,17068.331857785037,14157.639158569336
forecast_1317,2025-02-24 21:00:00,18298.519397879027,18110.90350334473,15117.826845964051
forecast_1318,2025-02-24 22:00:00,19338.881231588748,19218.91633296814,15703.252681591035
forecast_1319,2025-02-24 23:00:00,20051.197426147464,19608.72141494751,15769.503089232636
forecast_1320,2025-02-25 00:00:00,20235.89604650879,20214.21501782837,15940.541062562561
forecast_1321,2025-02-25 01:00:00,20943.47648878784,20463.671657928466,16308.334510883331
forecast_1322,2025-02-25 02:00:00,21096.67365109253,20777.883894104005,16442.88028485565
forecast_1323,2025-02-25 03:00:00,21210.649633596804,21031.42044262085,17630.11532621002
forecast_1324,2025-02-25 04:00:00,21373.452214437868,21120.15872970581,16733.568713384248
forecast_1325,2025-02-25 05:00:00,21159.06165155029,21091.56537286377,16652.437312522125
forecast_1326,2025-02-25 06:00:00,21185.144804421998,21090.767106097413,16608.28511459427
forecast_1327,2025-02-25 07:00:00,21338.502793032836,21048.54276486206,16644.158726459504
forecast_1328,2025-02-25 08:00:00,21343.13973388672,20973.789304595946,16536.419613565828
forecast_1329,2025-02-25 09:00:00,21099.15766984253,20938.11884848633,16427.194992986297
forecast_1330,2025-02-25 10:00:00,19698.87961041565,20637.33948383484,16452.10086323166
forecast_1331,2025-02-25 11:00:00,18371.26162355957,19470.87256228638,16128.759812911987
forecast_1332,2025-02-25 12:00:00,16525.4769909729,17788.261245578004,13959.768699269105
forecast_1333,2025-02-25 13:00:00,16568.994005093384,17303.850971206666,13917.332074805452
forecast_1334,2025-02-25 14:00:00,16365.94133432007,17313.030244833375,13943.168802316286
forecast_1335,2025-02-25 15:00:00,17132.13045857239,17956.946015698242,14977.641052220155
forecast_1336,2025-02-25 16:00:00,17739.825964205935,18505.278278009035,15493.469232998657
forecast_1337,2025-02-25 17:00:00,19163.682994293213,19761.97395753784,16140.579504720306
forecast_1338,2025-02-25 18:00:00,19774.477796493527,20015.809404080203,16527.87614067459
forecast_1339,2025-02-25 19:00:00,20072.488753277587,20224.08480950928,16674.524152184298
forecast_1340,2025-02-25 20:00:00,20249.861249938967,20327.075193569945,16843.658851810455
forecast_1341,2025-02-25 21:00:00,20325.540000390625,20502.781116314698,16858.50629562378
forecast_1342,2025-02-25 22:00:00,20544.385588974,20662.172,17702.50761306381
forecast_1343,2025-02-25 23:00:00,20489.092751046755,20634.4424,17123.156543138124
forecast_1344,2025-02-26 00:00:00,20237.09370698242,20574.836,16804.321146407317
forecast_1345,2025-02-26 01:00:00,19901.668108355712,20408.592828723144,16556.59074863434
forecast_1346,2025-02-26 02:00:00,20023.201152450565,20483.082205151368,16379.111645369721
forecast_1347,2025-02-26 03:00:00,19691.468330664065,20210.37122276001,16274.412814047242
forecast_1348,2025-02-26 04:00:00,19338.619577108766,20080.323739031985,16302.835723349
forecast_1349,2025-02-26 05:00:00,19229.467982919312,20055.78740855713,16290.14736524582
forecast_1350,2025-02-26 06:00:00,18500.197213424683,19807.777632797242,15980.872783187104
forecast_1351,2025-02-26 07:00:00,18016.355263357545,19688.943072061156,15934.85345545044
forecast_1352,2025-02-26 08:00:00,16824.467277450563,18538.36160673523,15377.524832907868
forecast_1353,2025-02-26 09:00:00,15974.357659057618,17352.23408151245,13186.823259793091
forecast_1354,2025-02-26 10:00:00,14225.058766705322,15237.498569665528,11942.772036886598
forecast_1355,2025-02-26 11:00:00,13312.272022851563,14260.048371844483,10913.46552313118
forecast_1356,2025-02-26 12:00:00,13232.566111639404,13717.231252447511,9894.068368220138
forecast_1357,2025-02-26 13:00:00,13637.156374591066,14143.667730856323,10239.926641170503
forecast_1358,2025-02-26 14:00:00,14216.791761843873,14238.545727987672,10499.550574645997
forecast_1359,2025-02-26 15:00:00,15010.680962963866,15239.759040167237,11122.924421298218
forecast_1360,2025-02-26 16:00:00,15183.63748919983,15735.882170156861,12042.106970176697
forecast_1361,2025-02-26 17:00:00,14739.795544537354,15256.579250787354,11752.791900797272
forecast_1362,2025-02-26 18:00:00,15012.839961828613,15412.58161880188,12665.35269008713
forecast_1363,2025-02-26 19:00:00,16421.17571565247,17538.5797619751,15086.643902724458
forecast_1364,2025-02-26 20:00:00,17873.595584411625,19318.536900561525,15832.880481329346
forecast_1365,2025-02-26 21:00:00,19242.591079534912,20275.289926153564,16274.828328922273
forecast_1366,2025-02-26 22:00:00,18996.109515713502,20293.346780792235,16230.588114196014
forecast_1367,2025-02-26 23:00:00,18340.617128463746,19786.35829422302,16036.924920074463
forecast_1368,2025-02-27 00:00:00,18926.41536470032,20304.06045687561,16214.128859918977
forecast_1369,2025-02-27 01:00:00,19029.32573841553,20294.923911047365,16125.172726706696
forecast_1370,2025-02-27 02:00:00,19305.429435354614,20376.953811276246,16193.878501115418
forecast_1371,2025-02-27 03:00:00,19994.701996014403,20785.613748986816,16193.662027603912
forecast_1372,2025-02-27 04:00:00,19800.55484358826,20624.876547836302,16236.107016973878
forecast_1373,2025-02-27 05:00:00,19628.77407030945,20411.366872073366,16007.283556266786
forecast_1374,2025-02-27 06:00:00,18943.739414111325,19940.806087631227,15673.439295619202
forecast_1375,2025-02-27 07:00:00,18755.61979482422,19563.615957409667,15534.758707793428
forecast_1376,2025-02-27 08:00:00,17858.141330972292,18686.363041345212,13903.730323740388
forecast_1377,2025-02-27 09:00:00,17233.65089069214,17621.727038647463,12972.67703662796
forecast_1378,2025-02-27 10:00:00,14692.031209458924,16387.46390910034,12321.902163998033
forecast_1379,2025-02-27 11:00:00,14054.52424156189,15372.425870651246,11299.767903163529
forecast_1380,2025-02-27 12:00:00,14306.994711962892,15620.207398742677,11392.101271540834
forecast_1381,2025-02-27 13:00:00,12753.90798718567,13776.58407209778,9762.113550136566
forecast_1382,2025-02-27 14:00:00,8657.806985934449,8866.560891192628,7564.089655223083
forecast_1383,2025-02-27 15:00:00,8087.377338560486,8505.086026832581,6918.791600692749
forecast_1384,2025-02-27 16:00:00,8313.557835386659,8256.005214144898,6509.269615890351
forecast_1385,2025-02-27 17:00:00,7991.707048332825,9146.286514762878,5807.019773931198
forecast_1386,2025-02-27 18:00:00,8365.912817733764,9937.517502975465,6217.486082456818
forecast_1387,2025-02-27 19:00:00,10939.416955703737,12758.768569622804,8831.067146339417
forecast_1388,2025-02-27 20:00:00,11924.193897640993,13830.973873190309,9507.593550360489
forecast_1389,2025-02-27 21:00:00,13150.68455890198,15174.91527341919,10912.469678768159
forecast_1390,2025-02-27 22:00:00,13008.749562158204,15132.914931655883,10823.916461178209
forecast_1391,2025-02-27 23:00:00,12827.13631873169,14986.798370556642,10688.515094443894
forecast_1392,2025-02-28 00:00:00,12665.38767312317,14783.004631240845,10712.922357909012
forecast_1393,2025-02-28 01:00:00,14143.57375024109,15343.474459429934,11106.17939391861
forecast_1394,2025-02-28 02:00:00,14992.190691793825,15346.17765967102,12197.785110731507
forecast_1395,2025-02-28 03:00:00,15364.798382681276,15666.899262765502,11737.874174600602
forecast_1396,2025-02-28 04:00:00,15357.678017037964,16099.656126641847,12428.838619945145
forecast_1397,2025-02-28 05:00:00,15725.483801696777,16999.80204689026,13330.675251187135
forecast_1398,2025-02-28 06:00:00,17040.749124819944,18019.631955520632,14044.534913567353
forecast_1399,2025-02-28 07:00:00,17783.005758981322,18407.152931811524,14372.79686153412
forecast_1400,2025-02-28 08:00:00,17462.438711254887,18520.923221466066,14442.694890068818
forecast_1401,2025-02-28 09:00:00,17818.572437026978,18841.981651074217,15202.58186213913
forecast_1402,2025-02-28 10:00:00,17526.56245713806,18805.85885846863,15038.610210771942
forecast_1403,2025-02-28 11:00:00,15753.714196102905,17674.695792144776,13680.351566348269
forecast_1404,2025-02-28 12:00:00,13315.29131655884,14873.36038243103,11719.007965525818
forecast_1405,2025-02-28 13:00:00,12374.045321954347,13788.225002749634,10842.68229597664
forecast_1406,2025-02-28 14:00:00,11989.45796854706,13048.5563479126,10264.840297964096
forecast_1407,2025-02-28 15:00:00,12158.156911198426,12911.161467474367,10256.717830544663
forecast_1408,2025-02-28 16:00:00,13624.274743835449,14351.923868179321,11187.361564544677
forecast_1409,2025-02-28 17:00:00,14539.22628098755,15686.058271337892,11566.405226026154
forecast_1410,2025-02-28 18:00:00,14982.917499914553,16036.36711638794,12169.638434411621
forecast_1411,2025-02-28 19:00:00,16868.335590075687,17166.59770362549,13363.464827870943
forecast_1412,2025-02-28 20:00:00,16169.181819015503,15677.366114907838,10981.211502884293
forecast_1413,2025-02-28 21:00:00,15435.9036184906,13962.638869519044,9750.26885783043
forecast_1414,2025-02-28 22:00:00,14027.692632339478,12471.679913690186,8915.660205965805
forecast_1415,2025-02-28 23:00:00,13128.370268626404,11477.078872683716,8964.804990477753
forecast_1416,2025-03-01 00:00:00,9617.525458810425,7842.195600289917,5687.1078388568885
forecast_1417,2025-03-01 01:00:00,14605.785779547121,13026.250302001954,9321.612528940583
forecast_1418,2025-03-01 02:00:00,10093.92282113037,7437.963469619751,4591.066798079148
forecast_1419,2025-03-01 03:00:00,7034.841482533265,5015.250393684388,2720.077704403286
forecast_1420,2025-03-01 04:00:00,4686.956160678101,3727.4472610746766,1748.5130703045845
forecast_1421,2025-03-01 05:00:00,3500.7579223921966,2589.8179413827897,1335.2551934843827
forecast_1422,2025-03-01 06:00:00,3123.8609917221834,2593.9903054483416,1232.9624857165718
forecast_1423,2025-03-01 07:00:00,3335.2767628125002,2775.698367400551,1274.6064634506226
forecast_1424,2025-03-01 08:00:00,2695.0184130139164,2170.308546489601,978.3156776651573
forecast_1425,2025-03-01 09:00:00,2382.1342490579227,2089.995620731049,755.5451200000001
forecast_1426,2025-03-01 10:00:00,2082.218085053444,2315.156787562523,765.2668480000001
forecast_1427,2025-03-01 11:00:00,2226.1955084674455,2471.1190592245866,847.8209537036248
forecast_1428,2025-03-01 12:00:00,2436.566771665573,2739.9259686851506,992.9493934632683
forecast_1429,2025-03-01 13:00:00,2981.5143574058534,3069.805302423859,1321.8289703117944
forecast_1430,2025-03-01 14:00:00,4085.9031470365903,4076.8388314433287,1946.6832962412263
forecast_1431,2025-03-01 15:00:00,5045.127686049194,5053.68106505661,2433.1175384304047
forecast_1432,2025-03-01 16:00:00,4621.85183408432,4295.127848601533,2199.890487888718
forecast_1433,2025-03-01 17:00:00,5310.777590232849,5159.62684083023,2573.605249463806
forecast_1434,2025-03-01 18:00:00,4812.998341699982,5213.801671932373,2212.5188450737955
forecast_1435,2025-03-01 19:00:00,4465.293815431214,5504.982092625428,2265.3033684055326
forecast_1436,2025-03-01 20:00:00,4385.02709940155,5028.524614560547,2013.341404317627
forecast_1437,2025-03-01 21:00:00,3561.2107752883912,4151.349109420471,1902.7897469679262
forecast_1438,2025-03-01 22:00:00,3558.2158925621034,3665.3640807958986,2027.5139065709686
forecast_1439,2025-03-01 23:00:00,3396.7320130128483,3299.688119389191,1528.7265416805267
forecast_1440,2025-03-02 00:00:00,3140.3596736151126,3238.4809321685793,1452.6800867817688
forecast_1441,2025-03-02 01:00:00,5445.658857609558,6074.6409686874385,3150.5537664013673
forecast_1442,2025-03-02 02:00:00,5485.792352941894,5827.848545217896,3140.5589739579773
forecast_1443,2025-03-02 03:00:00,5328.979989503175,5496.834480961609,2980.709324718323
forecast_1444,2025-03-02 04:00:00,5113.380251979828,5230.722912591553,2384.6107906683346
forecast_1445,2025-03-02 05:00:00,5012.941890993499,5259.482589552307,2407.0645949925993
forecast_1446,2025-03-02 06:00:00,2981.4070891209412,2901.230475540924,1204.3760082269478
forecast_1447,2025-03-02 07:00:00,1772.0741613342286,1956.514014277649,642.1820697837143
forecast_1448,2025-03-02 08:00:00,1959.1101021001436,2164.544572572937,700.4010390377045
forecast_1449,2025-03-02 09:00:00,2575.9949329998017,2670.0090402050782,941.7995058877488
forecast_1450,2025-03-02 10:00:00,3061.5091091009526,3539.6665270658877,1182.9554441482353
forecast_1451,2025-03-02 11:00:00,3442.127800817871,4243.979314155578,1616.2909997672082
forecast_1452,2025-03-02 12:00:00,3633.844930881958,4613.510068757325,2181.9025578838923
forecast_1453,2025-03-02 13:00:00,3787.857732640686,4782.951134250794,2624.663009190674
forecast_1454,2025-03-02 14:00:00,3972.406485557709,5642.420150454713,2818.598051973877
forecast_1455,2025-03-02 15:00:00,4383.722126390076,6412.200855760193,3229.623653607636
forecast_1456,2025-03-02 16:00:00,5770.772852373047,7505.845795515747,4216.572532514191
forecast_1457,2025-03-02 17:00:00,6509.012689190674,8872.520922834472,5132.224740377807
forecast_1458,2025-03-02 18:00:00,7033.831428171845,7520.183682646942,5682.3328980003935
forecast_1459,2025-03-02 19:00:00,9051.786975512696,10542.766266375733,8776.587022666168
forecast_1460,2025-03-02 20:00:00,7753.668573472595,8590.183167929077,6574.242228005982
forecast_1461,2025-03-02 21:00:00,7897.518517010498,8503.30442648468,6942.3119625637055
forecast_1462,2025-03-02 22:00:00,9837.047071000672,11674.802227183534,8731.796020754624
forecast_1463,2025-03-02 23:00:00,8783.278872491457,10955.040624145508,8506.703935358812
forecast_1464,2025-03-03 00:00:00,8835.681223780823,11037.454800801088,8837.626518312836
forecast_1465,2025-03-03 01:00:00,11657.908543225098,13880.067821388246,10237.205743413162
forecast_1466,2025-03-03 02:00:00,12106.15577131653,14204.984292897034,10414.358509590149
forecast_1467,2025-03-03 03:00:00,11162.61611709137,13639.147837330629,10332.54101853218
forecast_1468,2025-03-03 04:00:00,12381.343723739625,14700.248328906251,10894.182189751815
forecast_1469,2025-03-03 05:00:00,12879.70665421753,14686.597666931153,10865.671406711579
forecast_1470,2025-03-03 06:00:00,13653.78280003357,15738.788734878543,12064.657475890732
forecast_1471,2025-03-03 07:00:00,13128.275424429323,15565.232487466432,11458.31884780159
forecast_1472,2025-03-03 08:00:00,12011.907409960939,14586.859177330018,10814.514487291719
forecast_1473,2025-03-03 09:00:00,11502.10932348404,13901.775618081665,10420.465272658541
forecast_1474,2025-03-03 10:00:00,11320.873026948548,13450.705519927978,10146.27396155348
forecast_1475,2025-03-03 11:00:00,11372.910428575899,13094.863169132996,10102.306834650803
forecast_1476,2025-03-03 12:00:00,10402.973727015687,12616.041715257263,9985.016491902066
forecast_1477,2025-03-03 13:00:00,11709.68819855957,14568.063047479249,10820.434758862686
forecast_1478,2025-03-03 14:00:00,10673.710452722167,12780.30211121979,10752.386956872177
forecast_1479,2025-03-03 15:00:00,11239.831361203003,14178.19099579773,10544.925331945038
forecast_1480,2025-03-03 16:00:00,10654.185377268983,14053.791536358643,10706.320250482559
forecast_1481,2025-03-03 17:00:00,10866.755514907838,14170.066897097779,10682.314748054885
forecast_1482,2025-03-03 18:00:00,10262.084944628907,13831.594067300415,10583.62161364441
forecast_1483,2025-03-03 19:00:00,9356.139504833984,12113.33404786377,9159.804894822311
forecast_1484,2025-03-03 20:00:00,8414.326657296755,10764.84523529358,8200.38837919922
forecast_1485,2025-03-03 21:00:00,10123.4586205307,13012.538743722536,9486.0125337368
forecast_1486,2025-03-03 22:00:00,11095.672313064575,14622.122825924684,10078.455513973999
forecast_1487,2025-03-03 23:00:00,11339.27930981903,14400.57165324707,9978.201087465668
forecast_1488,2025-03-04 00:00:00,11538.191630895997,15312.271347036745,10506.114918422318
forecast_1489,2025-03-04 01:00:00,12568.885299700929,16485.78649065552,10929.260609724426
forecast_1490,2025-03-04 02:00:00,12226.92918850403,16303.65634610901,10890.944196971894
forecast_1491,2025-03-04 03:00:00,12903.183096484376,16709.096080374147,10645.21425575447
forecast_1492,2025-03-04 04:00:00,11184.139322251893,14350.360499725342,10134.3576321167
forecast_1493,2025-03-04 05:00:00,11209.442932452394,14065.250111247253,10029.114774489593
forecast_1494,2025-03-04 06:00:00,12014.8995374115,15333.416622366334,10584.376657305145
forecast_1495,2025-03-04 07:00:00,12093.776856256103,15451.922364118958,10515.453516952895
forecast_1496,2025-03-04 08:00:00,12307.723359385682,15345.64786082611,10495.52318262825
forecast_1497,2025-03-04 09:00:00,12560.980913941956,15656.313332249452,10398.108603357316
forecast_1498,2025-03-04 10:00:00,12603.872351394653,15603.237445428467,10516.60245785141
forecast_1499,2025-03-04 11:00:00,12868.603331759645,15611.231178945924,10563.683932977296
forecast_1500,2025-03-04 12:00:00,12809.257093708802,15355.334957290652,10585.009281975555
forecast_1501,2025-03-04 13:00:00,12920.589027220154,15533.764262744142,10794.571583182527
forecast_1502,2025-03-04 14:00:00,13100.812748144532,15619.62918070984,10791.447228072357
forecast_1503,2025-03-04 15:00:00,12968.387564376832,15786.557823727417,11164.95280781746
forecast_1504,2025-03-04 16:00:00,12810.235511598206,15732.784705325319,10996.787919791414
forecast_1505,2025-03-04 17:00:00,12438.086427385713,14994.31434542084,10883.46371813469
forecast_1506,2025-03-04 18:00:00,12641.167444421388,15569.232437005616,10597.773380691147
forecast_1507,2025-03-04 19:00:00,11545.627228960419,14177.652104791261,10623.226699739076
forecast_1508,2025-03-04 20:00:00,11304.890824514008,13855.200570451356,9805.697313524246
forecast_1509,2025-03-04 21:00:00,11362.618372363282,14065.841237757873,10031.955563017655
forecast_1510,2025-03-04 22:00:00,11055.166521067047,13560.175141175843,9339.831036733245
forecast_1511,2025-03-04 23:00:00,10005.3770110672,12514.002491262818,9087.022670212556
forecast_1512,2025-03-05 00:00:00,7511.604066432191,8553.83076566162,6598.1732851079
forecast_1513,2025-03-05 01:00:00,3478.737736337433,3925.370232813721,1784.9920631929017
forecast_1514,2025-03-05 02:00:00,3252.610206460571,3782.9942678646853,1644.475208196869
forecast_1515,2025-03-05 03:00:00,3509.919959613953,3689.036603152618,1715.7498282923698
forecast_1516,2025-03-05 04:00:00,3141.578313285141,3644.620378633118,1405.6471824778748
forecast_1517,2025-03-05 05:00:00,3307.8620163917544,4121.128872969055,1489.7529889256286
forecast_1518,2025-03-05 06:00:00,3184.0819114846804,4043.5136678344734,1583.7304466225814
forecast_1519,2025-03-05 07:00:00,3295.437739745941,3921.574839707642,1740.655281138401
forecast_1520,2025-03-05 08:00:00,2733.3797666600035,3402.845692942925,1419.6942363958933
forecast_1521,2025-03-05 09:00:00,2261.261871514206,2688.724527027893,1098.0359782583428
forecast_1522,2025-03-05 10:00:00,1496.96072,1906.3019199999999,693.3574400000001
forecast_1523,2025-03-05 11:00:00,1451.9024,1875.7756000000002,691.09608
forecast_1524,2025-03-05 12:00:00,1226.0185324516297,1541.9377323500444,603.85392
forecast_1525,2025-03-05 13:00:00,1252.9648807964516,1494.0330978396987,630.21168
forecast_1526,2025-03-05 14:00:00,1173.1950154273034,1419.9295253949356,622.012062606659
forecast_1527,2025-03-05 15:00:00,1209.6588609166336,1372.3815284860611,533.9739844073297
forecast_1528,2025-03-05 16:00:00,1171.3716981840898,1310.5854558901597,506.60640000000006
forecast_1529,2025-03-05 17:00:00,1287.5211663302614,1391.365541173401,506.60640000000006
forecast_1530,2025-03-05 18:00:00,1228.0230425524524,1414.1811742288207,418.6424
forecast_1531,2025-03-05 19:00:00,1851.9261519754791,2003.0142985012817,607.7763612425499
forecast_1532,2025-03-05 20:00:00,2611.8497893102262,2634.3170387451173,801.9228256179429
forecast_1533,2025-03-05 21:00:00,2850.2644773635866,2839.0236658555605,973.2065419674111
forecast_1534,2025-03-05 22:00:00,2628.920117126923,2560.461467575226,941.978839768467
forecast_1535,2025-03-05 23:00:00,2360.5035750533675,2199.7754651130676,747.322923717556
forecast_1536,2025-03-06 00:00:00,2378.0178825387575,2241.2137557318115,721.8206038229943
forecast_1537,2025-03-06 01:00:00,1945.8155535517883,1937.8976679527286,480.3732418284416
forecast_1538,2025-03-06 02:00:00,1951.329173251343,1897.2299658203508,535.3509699652291
forecast_1539,2025-03-06 03:00:00,1769.2297270351792,1702.395045290184,546.8741728822289
forecast_1540,2025-03-06 04:00:00,1683.2982441847992,1756.100913688164,514.1617795016402
forecast_1541,2025-03-06 05:00:00,1746.9061707786561,1909.7229175862121,619.8458761783905
forecast_1542,2025-03-06 06:00:00,1639.848099030266,1865.06397087204,583.7491084801484
forecast_1543,2025-03-06 07:00:00,1584.905101876221,1796.7324838953018,493.54012511035154
forecast_1544,2025-03-06 08:00:00,1146.316193092346,1318.8613601242448,435.31701676492696
forecast_1545,2025-03-06 09:00:00,1076.7753836285592,1142.8920165418626,318.74288
forecast_1546,2025-03-06 10:00:00,991.7603325968362,1026.8812468661881,315.27176000000003
forecast_1547,2025-03-06 11:00:00,1091.8000635629273,1053.0171458278276,315.27176000000003
forecast_1548,2025-03-06 12:00:00,1181.8642059093095,1071.4749876865767,318.74288
forecast_1549,2025-03-06 13:00:00,1084.2932744309996,1053.7783707236863,320.614576
forecast_1550,2025-03-06 14:00:00,1045.6736337231064,1097.51637818882,433.93976000000004
forecast_1551,2025-03-06 15:00:00,1104.8371019223787,1120.4839172685624,346.90392
forecast_1552,2025-03-06 16:00:00,1066.0032883794786,1145.577318653984,339.834496
forecast_1553,2025-03-06 17:00:00,1060.7746200672532,1022.33568,418.6424
forecast_1554,2025-03-06 18:00:00,1043.763451168728,1193.4732240639878,307.750904
forecast_1555,2025-03-06 19:00:00,1082.756254108734,1170.870116219292,327.99932
forecast_1556,2025-03-06 20:00:00,1427.4471277326584,1432.8395999635698,436.20104000000003
forecast_1557,2025-03-06 21:00:00,1588.6483969036865,1564.8907097296524,517.5358092138863
forecast_1558,2025-03-06 22:00:00,1690.4248985974502,1505.6314131528093,587.5869830634231
forecast_1559,2025-03-06 23:00:00,1772.4897071754458,1561.038538679085,665.678591435852
forecast_1560,2025-03-07 00:00:00,1591.3400533683778,1433.6760109777451,679.9023116181945
forecast_1561,2025-03-07 01:00:00,1485.4081395355224,1396.8137296403122,799.3610844067497
forecast_1562,2025-03-07 02:00:00,1681.532464179535,1563.7561486635973,781.1591309370308
forecast_1563,2025-03-07 03:00:00,1298.7752581184388,1224.6360585770035,511.33596081398014
forecast_1564,2025-03-07 04:00:00,1200.375539829483,1140.4564152835464,527.7969634623719
forecast_1565,2025-03-07 05:00:00,1251.3352305458832,1137.7282111403274,504.92231256359867
forecast_1566,2025-03-07 06:00:00,1277.1495884839248,1220.1423769813157,495.95557307161334
forecast_1567,2025-03-07 07:00:00,1293.997570247841,1242.4082833340835,501.64264766561513
forecast_1568,2025-03-07 08:00:00,1159.8429970474626,1086.0375090232849,488.6554144791603
forecast_1569,2025-03-07 09:00:00,1035.3663308880807,1042.9437303980258,366.6276034295807
forecast_1570,2025-03-07 10:00:00,909.4851258382893,955.9265600000001,304.27976
forecast_1571,2025-03-07 11:00:00,998.8973125939942,1088.1377744356155,304.27976
forecast_1572,2025-03-07 12:00:00,914.3395200000001,1077.6303433451462,330.569064
forecast_1573,2025-03-07 13:00:00,907.83776,1014.0147216699602,304.27976
forecast_1574,2025-03-07 14:00:00,908.364,1104.5377209080125,304.27976
forecast_1575,2025-03-07 15:00:00,910.6794302439405,1060.6645129787826,324.52812800000004
forecast_1576,2025-03-07 16:00:00,1031.79211426857,1041.9950353172685,337.7979670732117
forecast_1577,2025-03-07 17:00:00,1181.663130613823,1169.5541999297716,469.26926616449737
forecast_1578,2025-03-07 18:00:00,1430.5859946732332,1344.4056376835251,560.5997895385856
forecast_1579,2025-03-07 19:00:00,1557.6407862825777,1371.4605600000002,711.7346798727608
forecast_1580,2025-03-07 20:00:00,1629.4896907781222,1554.0890892493821,510.6528183171845
forecast_1581,2025-03-07 21:00:00,1750.9683983821105,1668.0969239048386,501.9750183174706
forecast_1582,2025-03-07 22:00:00,2121.9995690959167,2037.4103859971237,678.6457637670136
forecast_1583,2025-03-07 23:00:00,2673.505405558167,2835.4516446998978,1047.4515581766511
forecast_1584,2025-03-08 00:00:00,2986.9966203594213,3342.780107496338,1332.3221052262688
forecast_1585,2025-03-08 01:00:00,2964.9514602474214,3209.5121329401018,1354.94183405344
forecast_1586,2025-03-08 02:00:00,3471.411644913483,3982.432474906197,1521.5590796990205
forecast_1587,2025-03-08 03:00:00,4454.852985739517,4726.534953594208,1808.9351092423058
forecast_1588,2025-03-08 04:00:00,4988.178511345521,5615.069486834412,2364.091330002041
forecast_1589,2025-03-08 05:00:00,4579.952346858978,5211.90748219162,2016.3513515587806
forecast_1590,2025-03-08 06:00:00,5180.646555997467,6099.64339420166,2519.6052647599986
forecast_1591,2025-03-08 07:00:00,5050.514635249328,5316.7114061033635,2194.8790288285636
forecast_1592,2025-03-08 08:00:00,4704.59094372467,4781.032583164978,2112.0310735309413
forecast_1593,2025-03-08 09:00:00,3926.6133110334777,4191.204239255524,1850.500799942112
forecast_1594,2025-03-08 10:00:00,3995.436088471604,4242.574927863312,2023.8026661515237
forecast_1595,2025-03-08 11:00:00,4055.029583900223,4387.0259595474245,2195.782159585705
forecast_1596,2025-03-08 12:00:00,4094.7322809406282,4298.29660309143,2071.14381148119
forecast_1597,2025-03-08 13:00:00,4510.69629418335,4630.284849403686,2699.453402345524
forecast_1598,2025-03-08 14:00:00,5507.798189871674,5616.463117966461,4893.550398344708
forecast_1599,2025-03-08 15:00:00,8778.196038848877,8143.910660653382,6543.189246848679
forecast_1600,2025-03-08 16:00:00,7935.159519511413,7924.999555180664,5967.390590536423
forecast_1601,2025-03-08 17:00:00,8071.097256472778,7387.784017118531,5390.57076042038
forecast_1602,2025-03-08 18:00:00,8801.922779229735,8270.00187141266,6891.530244709778
forecast_1603,2025-03-08 19:00:00,9993.009752877808,10129.734307176208,7381.959873133164
forecast_1604,2025-03-08 20:00:00,10070.905963394165,10529.09456561432,7532.848533483124
forecast_1605,2025-03-08 21:00:00,9980.894603549195,10821.499836012268,7611.960127972794
forecast_1606,2025-03-08 22:00:00,10726.266658918763,11398.594756394958,8101.081137526322
forecast_1607,2025-03-08 23:00:00,10644.619963034058,11277.71579848938,8426.725217188265
forecast_1608,2025-03-09 00:00:00,10688.329986856079,11009.053903434753,7938.545213367463
forecast_1609,2025-03-09 01:00:00,7459.231262782745,6959.25216729126,4568.262351960755
forecast_1610,2025-03-09 02:00:00,7072.491998161317,6858.340261566163,4566.953847867966
forecast_1611,2025-03-09 03:00:00,6757.24071544754,6341.952946436463,4169.891768768997
forecast_1612,2025-03-09 04:00:00,6129.240178347016,5508.772263703919,3081.6385794971466
forecast_1613,2025-03-09 05:00:00,5401.567091820526,4456.211144575043,2447.089296108551
forecast_1614,2025-03-09 06:00:00,5081.62577707428,4281.05000307724,2372.0838207807924
forecast_1615,2025-03-09 07:00:00,5085.444454097596,4183.3145395088195,2771.6733452930453
forecast_1616,2025-03-09 08:00:00,2842.966954956665,2270.70787594223,1140.7127758126871
forecast_1617,2025-03-09 09:00:00,1408.6040048010634,1243.4547200000002,549.3920943231774
forecast_1618,2025-03-09 10:00:00,1044.4678730439377,1017.693630757103,320.614576
forecast_1619,2025-03-09 11:00:00,996.9056253120995,1085.2829297265243,331.60656
forecast_1620,2025-03-09 12:00:00,1028.2613916680907,1040.0502181937027,332.27841600000005
forecast_1621,2025-03-09 13:00:00,929.5166731255628,954.8839368863297,307.750904
forecast_1622,2025-03-09 14:00:00,908.8019200000001,1038.5604057260134,320.614576
forecast_1623,2025-03-09 15:00:00,931.16104,1008.29776,320.614576
forecast_1624,2025-03-09 16:00:00,909.5364,990.8984,307.750904
forecast_1625,2025-03-09 17:00:00,936.7243200000001,993.60008,318.74288
forecast_1626,2025-03-09 18:00:00,1142.4073239289094,1129.7243873946,327.99932
forecast_1627,2025-03-09 19:00:00,1480.759116598053,1384.079908608284,433.93976000000004
forecast_1628,2025-03-09 20:00:00,1789.6529704364777,1592.158306164055,501.92036
forecast_1629,2025-03-09 21:00:00,1864.7928950125124,1579.5806790764236,591.1962934395027
forecast_1630,2025-03-09 22:00:00,2199.3327180148317,2097.905886345482,858.015661750946
forecast_1631,2025-03-09 23:00:00,3055.4491389347077,2950.266927945442,1460.5526337384224
forecast_1632,2025-03-10 00:00:00,4290.680007003022,4198.730630663453,2089.112393385296
forecast_1633,2025-03-10 01:00:00,6212.057960021973,6291.723431304932,3648.702338266373
forecast_1634,2025-03-10 02:00:00,7670.7269532913215,7846.9625351913455,4099.950340048065
forecast_1635,2025-03-10 03:00:00,7870.602465517273,7991.272479879761,4035.887764554367
forecast_1636,2025-03-10 04:00:00,8179.225082960511,7969.4896519516,4061.082945413208
forecast_1637,2025-03-10 05:00:00,6784.554404745789,7129.7037325808715,3675.679844926453
forecast_1638,2025-03-10 06:00:00,6511.230589169312,6598.392166565247,3441.4043223123936
forecast_1639,2025-03-10 07:00:00,7349.039974320069,7464.879779372864,3972.3737042964176
forecast_1640,2025-03-10 08:00:00,6573.051397313233,6689.651971928406,3262.1948216505434
forecast_1641,2025-03-10 09:00:00,4901.225140241242,4715.974312008668,2020.7326353425026
forecast_1642,2025-03-10 10:00:00,3809.132885617905,3438.8018753741458,1426.3430404990006
forecast_1643,2025-03-10 11:00:00,3383.9659672003177,3673.5194902378844,1718.555973115597
forecast_1644,2025-03-10 12:00:00,3119.056429076233,3479.0994048661805,1533.1960133542443
forecast_1645,2025-03-10 13:00:00,3312.1599994540406,3562.6286207933044,2015.438682826538
forecast_1646,2025-03-10 14:00:00,4412.920063422242,4567.981059771728,2819.488074007035
forecast_1647,2025-03-10 15:00:00,5190.633811611939,5530.653828710938,3510.843680415039
forecast_1648,2025-03-10 16:00:00,6258.676929557189,6375.304901116334,4624.649708044586
forecast_1649,2025-03-10 17:00:00,6687.1305007748415,7051.139823744202,5327.983441527176
forecast_1650,2025-03-10 18:00:00,5928.8641974449165,6574.685389545899,4294.277220153655
forecast_1651,2025-03-10 19:00:00,7886.35307004242,8460.011652305602,5886.087813987732
forecast_1652,2025-03-10 20:00:00,9566.882752520753,10143.664049613953,7119.953008658372
forecast_1653,2025-03-10 21:00:00,11187.106304891968,12410.887392004395,8873.8718539505
forecast_1654,2025-03-10 22:00:00,13524.640377444459,14575.525137362672,11113.51446353302
forecast_1655,2025-03-10 23:00:00,15960.720621987915,16429.471116964723,12597.417665830231
forecast_1656,2025-03-11 00:00:00,18154.30499477234,18855.018952145387,15783.949285620118
forecast_1657,2025-03-11 01:00:00,17214.78714491272,17407.958661495974,13049.291369489289
forecast_1658,2025-03-11 02:00:00,17297.572034875488,17501.871969461063,12748.321784954072
forecast_1659,2025-03-11 03:00:00,17640.930934423828,17970.39051938171,13504.619756009675
forecast_1660,2025-03-11 04:00:00,18545.039884429934,18778.333131280517,14387.801516518404
forecast_1661,2025-03-11 05:00:00,18817.885026135256,18708.901262557985,13692.945830320741
forecast_1662,2025-03-11 06:00:00,17559.66523041687,16487.40561628418,12282.17877456894
forecast_1663,2025-03-11 07:00:00,15243.611511578369,13654.457839553834,9166.811198773576
forecast_1664,2025-03-11 08:00:00,10593.822943505858,8880.556851947022,5919.118947834473
forecast_1665,2025-03-11 09:00:00,4795.679758787232,3936.691597315216,1892.671941908169
forecast_1666,2025-03-11 10:00:00,3222.6388488453294,2558.699923939705,1032.6944
forecast_1667,2025-03-11 11:00:00,2194.187024584103,1934.8757927759173,786.423976
forecast_1668,2025-03-11 12:00:00,1833.9975367299464,1846.989955683403,771.760696
forecast_1669,2025-03-11 13:00:00,1344.6967764963913,1619.6919629630663,553.9245194148637
forecast_1670,2025-03-11 14:00:00,1469.8197669182398,1601.3824028024674,647.0355004879303
forecast_1671,2025-03-11 15:00:00,1597.0568069375993,1701.4485928100205,791.0111333548623
forecast_1672,2025-03-11 16:00:00,1853.7641393754577,1805.7581737279893,719.9194547013817
forecast_1673,2025-03-11 17:00:00,2121.7373273151397,2155.544632091713,868.9750400000001
forecast_1674,2025-03-11 18:00:00,4372.866440912781,4517.550405744934,2782.9191756375126
forecast_1675,2025-03-11 19:00:00,5745.385359784699,6121.426553387147,4500.162869102478
forecast_1676,2025-03-11 20:00:00,7010.766748220521,7876.354444680786,5184.08143576088
forecast_1677,2025-03-11 21:00:00,9705.342059259034,10412.603342375183,7437.730983463669
forecast_1678,2025-03-11 22:00:00,10680.43595024109,11396.344458174133,8145.019017807008
forecast_1679,2025-03-11 23:00:00,15069.377170565796,15570.206719384765,12241.117127438738
forecast_1680,2025-03-12 00:00:00,16159.278856567384,17595.069073941042,13804.249919913484
forecast_1681,2025-03-12 01:00:00,15048.288077725221,15797.03221459961,12591.792595531846
forecast_1682,2025-03-12 02:00:00,14343.56245933838,15222.264160421753,11126.22148886757
forecast_1683,2025-03-12 03:00:00,12606.786016586304,13455.563083343506,9360.356902820206
forecast_1684,2025-03-12 04:00:00,13546.911579660034,14892.907785681153,9992.490937077331
forecast_1685,2025-03-12 05:00:00,16484.909191934203,16996.84058034668,12889.601743268586
forecast_1686,2025-03-12 06:00:00,18260.829096588135,18819.366854620363,15498.299343209077
forecast_1687,2025-03-12 07:00:00,19028.814482864378,19502.03881730957,16051.9517284256
forecast_1688,2025-03-12 08:00:00,19749.639248840336,19911.341871063232,16244.766452705384
forecast_1689,2025-03-12 09:00:00,18915.832983874512,19696.16975859375,15959.4858759552
forecast_1690,2025-03-12 10:00:00,18797.9550148407,19426.943948236083,16004.097312256623
forecast_1691,2025-03-12 11:00:00,17862.494570831303,18131.85855621338,15103.617965606689
forecast_1692,2025-03-12 12:00:00,17689.336113439946,18052.482374246218,15322.196760050965
forecast_1693,2025-03-12 13:00:00,17461.553380789184,18425.175673580932,15107.032563219453
forecast_1694,2025-03-12 14:00:00,17623.04724730835,18550.840171188356,15398.448299626923
forecast_1695,2025-03-12 15:00:00,18292.804401687623,19084.111896569826,15612.100664224243
forecast_1696,2025-03-12 16:00:00,18988.59075960388,19570.78992669983,16212.92056537323
forecast_1697,2025-03-12 17:00:00,19654.038328149414,19642.72732249451,16068.74423491745
forecast_1698,2025-03-12 18:00:00,18924.22949930725,18917.63517406921,15595.025489513398
forecast_1699,2025-03-12 19:00:00,17526.22684494019,17567.710805090333,15042.930848163605
forecast_1700,2025-03-12 20:00:00,15547.466465078736,15981.657392761232,12398.437932360841
forecast_1701,2025-03-12 21:00:00,14669.347829235841,14993.417405911256,11872.005045431519
forecast_1702,2025-03-12 22:00:00,13788.480770059205,14107.599441583254,10628.308403658677
forecast_1703,2025-03-12 23:00:00,13401.374409780885,13311.829625524902,10164.787809482956
forecast_1704,2025-03-13 00:00:00,13154.151748873903,14081.652107086182,10116.242168279648
forecast_1705,2025-03-13 01:00:00,13024.177296380616,14002.277304956056,9717.204219203568
forecast_1706,2025-03-13 02:00:00,13430.63041668091,14402.42649404602,9880.378910532381
forecast_1707,2025-03-13 03:00:00,13918.303515301515,14643.457834210205,10018.0853777565
forecast_1708,2025-03-13 04:00:00,13796.56075562744,14653.787814462281,10112.896760829164
forecast_1709,2025-03-13 05:00:00,13857.405878216552,14723.882224176026,9636.399753826141
forecast_1710,2025-03-13 06:00:00,12316.260541323854,13301.42860361023,8681.285247430802
forecast_1711,2025-03-13 07:00:00,10875.26738867798,12427.400516308595,7751.171669892502
forecast_1712,2025-03-13 08:00:00,11313.246707569886,12852.853751826478,7485.993519673921
forecast_1713,2025-03-13 09:00:00,10892.874416479492,11256.043807931519,6611.954351510468
forecast_1714,2025-03-13 10:00:00,8350.536670272522,8544.886125279236,5107.184276466371
forecast_1715,2025-03-13 11:00:00,4874.564628611145,4952.512051158143,2701.382269728012
forecast_1716,2025-03-13 12:00:00,4402.449614112855,3922.9957465002444,1805.9857100522042
forecast_1717,2025-03-13 13:00:00,4009.127318160706,3463.2750915876773,1511.7917323288539
forecast_1718,2025-03-13 14:00:00,3081.751886606369,2515.868278521462,972.96832
forecast_1719,2025-03-13 15:00:00,2211.125694775467,2045.2835532740403,699.42832
forecast_1720,2025-03-13 16:00:00,1845.8644931756592,1677.2034788101578,664.375949235508
forecast_1721,2025-03-13 17:00:00,1340.66739939991,1348.7410305773544,494.84201361337284
forecast_1722,2025-03-13 18:00:00,1794.6002185113907,1592.2022052318193,624.7692141823006
forecast_1723,2025-03-13 19:00:00,2432.1037621641162,2312.5151949270253,883.1047734121514
forecast_1724,2025-03-13 20:00:00,3752.3011154516603,3244.9167394569777,1372.1396678239444
forecast_1725,2025-03-13 21:00:00,4288.791795666046,3776.4302888428883,1579.9409773322677
forecast_1726,2025-03-13 22:00:00,4666.08282780838,4327.145763090324,2179.837876846256
forecast_1727,2025-03-13 23:00:00,4887.409503194428,4382.022896819496,2263.62317219286
forecast_1728,2025-03-14 00:00:00,4603.30038592453,3583.482163936729,1752.8562539962388
forecast_1729,2025-03-14 01:00:00,3459.211571750336,2813.3324464976886,1124.84824
forecast_1730,2025-03-14 02:00:00,3049.149905438843,2531.1565497066117,981.248960492363
forecast_1731,2025-03-14 03:00:00,3250.898693604813,2827.1895706066516,942.4519664192773
forecast_1732,2025-03-14 04:00:00,2788.2119618569945,2703.867252474022,972.2112137793351
forecast_1733,2025-03-14 05:00:00,2342.7588174812317,1972.350041639061,650.4993543835946
forecast_1734,2025-03-14 06:00:00,2061.123350727463,1948.916022154999,549.3478096442794
forecast_1735,2025-03-14 07:00:00,1822.4778644547273,1698.7046113920594,521.2289934023743
forecast_1736,2025-03-14 08:00:00,1564.1794783050536,1602.3875412750626,558.1349348173867
forecast_1737,2025-03-14 09:00:00,1307.1192893789673,1428.7864013152696,537.5237106243668
forecast_1738,2025-03-14 10:00:00,1300.1325776213455,1421.3365219081497,560.0010913949624
forecast_1739,2025-03-14 11:00:00,1287.4833310079957,1490.0806408829499,754.7513018667298
forecast_1740,2025-03-14 12:00:00,1465.021832613964,1726.9912000000002,838.7371933180581
forecast_1741,2025-03-14 13:00:00,1400.842230395012,1574.518,827.7900969702492
forecast_1742,2025-03-14 14:00:00,1403.3301100182152,1586.8335200000001,793.6084385282822
forecast_1743,2025-03-14 15:00:00,1578.138830912819,1759.961710219574,846.9282118059159
forecast_1744,2025-03-14 16:00:00,1639.7637010339738,1767.1954137973405,902.1999518639756
forecast_1745,2025-03-14 17:00:00,1740.4355295214464,1823.818850614929,828.2069306621934
forecast_1746,2025-03-14 18:00:00,1643.7186099620822,1550.4669381945803,752.6763261184922
forecast_1747,2025-03-14 19:00:00,1850.662984560585,1652.5858902565765,517.5664885719718
forecast_1748,2025-03-14 20:00:00,2222.824955239334,1910.8008442392352,559.58864
forecast_1749,2025-03-14 21:00:00,2454.2966842481997,2105.2323125653456,641.37944
forecast_1750,2025-03-14 22:00:00,2820.530087782288,2425.3746776817325,721.0410400000001
forecast_1751,2025-03-14 23:00:00,3022.6155698310854,2499.644618640747,759.6896800000001
forecast_1752,2025-03-15 00:00:00,3452.6555802363587,2711.6765402023316,812.1764000000001
forecast_1753,2025-03-15 01:00:00,4012.30863878891,3287.5590299102787,1157.1568698303986
forecast_1754,2025-03-15 02:00:00,3702.7009372976686,3045.5094622372435,879.0893251473237
forecast_1755,2025-03-15 03:00:00,3968.0557827278135,3393.8783120001226,1020.7679088080215
forecast_1756,2025-03-15 04:00:00,4114.428866435699,3698.3918973907475,1175.9163128933906
forecast_1757,2025-03-15 05:00:00,4586.361750524445,3931.219329093933,1326.859136731243
forecast_1758,2025-03-15 06:00:00,5144.510471520996,4381.76239315567,1284.4036167354204
forecast_1759,2025-03-15 07:00:00,5165.036613157654,4280.518517075348,1345.4436486756517
forecast_1760,2025-03-15 08:00:00,5427.044443701172,4711.092562615967,1494.799071899948
forecast_1761,2025-03-15 09:00:00,4995.820426243592,5008.263392778015,2358.4577822283936
forecast_1762,2025-03-15 10:00:00,5352.338572013855,5080.468228336792,3060.6336278447534
forecast_1763,2025-03-15 11:00:00,5044.59325715332,5309.527568782959,3203.517613235512
forecast_1764,2025-03-15 12:00:00,3748.317793779602,3859.445243538666,1602.0870360566712
forecast_1765,2025-03-15 13:00:00,3603.5617929995733,3599.609625252533,1620.032858179226
forecast_1766,2025-03-15 14:00:00,3012.579034959564,3038.366295168152,1279.0628038928605
forecast_1767,2025-03-15 15:00:00,2224.973265997849,1949.5626125541305,856.1145104720307
forecast_1768,2025-03-15 16:00:00,2350.6163705642703,1995.2649386372377,802.3434293079224
forecast_1769,2025-03-15 17:00:00,2140.1798640177158,2039.5226441528703,849.2495498289719
forecast_1770,2025-03-15 18:00:00,1788.7919088209535,1795.2600776477434,755.13152
forecast_1771,2025-03-15 19:00:00,2332.3395697602846,2207.247147701569,765.6288423105622
forecast_1772,2025-03-15 20:00:00,2499.6052909557343,2639.0776045782472,926.6264207297708
forecast_1773,2025-03-15 21:00:00,2399.7460474250793,2493.594967471008,858.8377590815544
forecast_1774,2025-03-15 22:00:00,2470.3551058818816,2471.3742359288026,898.7240905910684
forecast_1775,2025-03-15 23:00:00,2385.890410317612,2255.6378892982484,806.6890211577988
forecast_1776,2025-03-16 00:00:00,2379.4406483078005,2117.625829322815,725.517074290905
forecast_1777,2025-03-16 01:00:00,1779.7092563399126,1581.03796817585,528.8727555011483
forecast_1778,2025-03-16 02:00:00,1745.2359775748064,1451.4297690932083,428.99664000000007
forecast_1779,2025-03-16 03:00:00,1693.8874611815645,1399.4917897509004,545.1600836457825
forecast_1780,2025-03-16 04:00:00,1614.384132474823,1425.5512785058977,428.99664000000007
forecast_1781,2025-03-16 05:00:00,1466.4694736228182,1297.142935271492,473.0859438715554
forecast_1782,2025-03-16 06:00:00,1572.7187627246094,1389.926432858162,424.62232000000006
forecast_1783,2025-03-16 07:00:00,1517.0538687899018,1281.4593852689743,477.4534756471062
forecast_1784,2025-03-16 08:00:00,1495.5079604537966,1398.6917943170167,541.0627338110162
forecast_1785,2025-03-16 09:00:00,1334.9123640210723,1084.9211990406418,515.8537953977852
forecast_1786,2025-03-16 10:00:00,1087.6835198382187,1110.72096,591.727006423977
forecast_1787,2025-03-16 11:00:00,1299.4006205534363,1247.5748,431.13842400000004
forecast_1788,2025-03-16 12:00:00,1524.6448147012711,1557.4952,698.2318532528191
forecast_1789,2025-03-16 13:00:00,1909.9752658574678,1928.5669473619464,673.1654400000001
forecast_1790,2025-03-16 14:00:00,2558.934491390915,3606.2617548635862,1525.0939281842996
forecast_1791,2025-03-16 15:00:00,4535.039155663757,5138.83977636261,3218.850147469635
forecast_1792,2025-03-16 16:00:00,7436.106291105042,7018.924681677247,6035.116856850891
forecast_1793,2025-03-16 17:00:00,9451.150350083924,9409.3708566864,8309.208367539215
forecast_1794,2025-03-16 18:00:00,10797.133810552978,9951.669326046753,9295.550923503877
forecast_1795,2025-03-16 19:00:00,10653.780284074403,9799.236600457763,9017.535223057175
forecast_1796,2025-03-16 20:00:00,11952.392764419557,11580.980836224366,9746.411692943573
forecast_1797,2025-03-16 21:00:00,13629.117579104615,14350.271500305176,11612.924950715638
forecast_1798,2025-03-16 22:00:00,12436.324103265382,12615.340203302003,9519.518963659288
forecast_1799,2025-03-16 23:00:00,8460.43445754242,8436.076151197816,6082.636533001328
forecast_1800,2025-03-17 00:00:00,7853.3296027404795,7554.372723400575,5245.861567931518
forecast_1801,2025-03-17 01:00:00,13694.822720785523,14650.874900595094,9450.229861903763
forecast_1802,2025-03-17 02:00:00,12134.988890463257,13282.212212367249,8432.267680371475
forecast_1803,2025-03-17 03:00:00,10485.855059884643,11300.861619396972,7814.924868416977
forecast_1804,2025-03-17 04:00:00,8292.659812882233,8550.011792984773,5162.062588645611
forecast_1805,2025-03-17 05:00:00,9679.33309644165,9441.918944747926,6235.445249501419
forecast_1806,2025-03-17 06:00:00,6433.206786488724,6322.356162358094,3421.8358689421657
forecast_1807,2025-03-17 07:00:00,5304.940619898987,5082.206019353485,2089.578574539204
forecast_1808,2025-03-17 08:00:00,3107.977339833222,2919.2327103271487,1017.0936521044159
forecast_1809,2025-03-17 09:00:00,2381.2004370229342,2167.9602373643493,895.4817180150033
forecast_1810,2025-03-17 10:00:00,1907.6489980434035,1906.654855098877,979.9482276469918
forecast_1811,2025-03-17 11:00:00,2471.1462305964283,2538.825082503967,1547.2515559470557
forecast_1812,2025-03-17 12:00:00,4438.405531122971,4730.269681899872,3582.1840311646274
forecast_1813,2025-03-17 13:00:00,6642.461745560304,7327.518385594178,6370.858696477661
forecast_1814,2025-03-17 14:00:00,9208.614339582826,9052.894204508972,8097.4494430393215
forecast_1815,2025-03-17 15:00:00,10902.686731300355,10879.09671678772,8765.56693015213
forecast_1816,2025-03-17 16:00:00,11803.983275730896,10729.487630410766,8857.435632814027
forecast_1817,2025-03-17 17:00:00,11597.821224391175,10454.428628485108,8521.240473379898
forecast_1818,2025-03-17 18:00:00,10435.529702648926,9646.623671997071,7228.4478542566685
forecast_1819,2025-03-17 19:00:00,9451.575156237794,9192.1935825531,6777.7335269489295
forecast_1820,2025-03-17 20:00:00,10383.182264111329,10581.738005859375,8000.519584806061
forecast_1821,2025-03-17 21:00:00,11974.512701068117,12570.491828858949,9332.005390714647
forecast_1822,2025-03-17 22:00:00,12603.918149116516,13805.623982659912,9972.29972191124
forecast_1823,2025-03-17 23:00:00,10888.704107339478,11583.792722384644,8492.192861047364
forecast_1824,2025-03-18 00:00:00,8073.7947874954225,8428.388295806886,5565.343554520417
forecast_1825,2025-03-18 01:00:00,7364.151676687012,9273.492935418702,4607.4750900438685
forecast_1826,2025-03-18 02:00:00,6439.891608481598,7269.190758511353,3145.652302685833
forecast_1827,2025-03-18 03:00:00,4258.317428251266,4947.175591347771,1801.2383782010843
forecast_1828,2025-03-18 04:00:00,3417.43670795784,3533.955560079613,1347.851002341099
forecast_1829,2025-03-18 05:00:00,3654.156973309937,3469.0081710357285,1210.094649864769
forecast_1830,2025-03-18 06:00:00,2619.421596558762,3055.4181188165285,791.2004976164361
forecast_1831,2025-03-18 07:00:00,2106.2479935188294,1951.7831097740175,466.239552
forecast_1832,2025-03-18 08:00:00,2233.205821963806,1984.6225966598895,457.031888
forecast_1833,2025-03-18 09:00:00,2302.5526426119995,2098.208789637947,931.524895364914
forecast_1834,2025-03-18 10:00:00,1868.2250533449173,1582.980474698105,736.9055680000001
forecast_1835,2025-03-18 11:00:00,1651.9490616142275,1364.3769728753282,455.16645600000004
forecast_1836,2025-03-18 12:00:00,1990.979124139786,1804.3954104656602,644.41408
forecast_1837,2025-03-18 13:00:00,2651.8019147813416,2062.5725623898697,810.8801987129136
forecast_1838,2025-03-18 14:00:00,3708.9579170994566,3112.2689797000126,1154.619438507805
forecast_1839,2025-03-18 15:00:00,5745.415303656158,5485.238235453339,2234.6378134054758
forecast_1840,2025-03-18 16:00:00,11598.884820835876,10916.326341592407,7414.250686047897
forecast_1841,2025-03-18 17:00:00,13680.967387615967,14470.625444503785,10524.82437780037
forecast_1842,2025-03-18 18:00:00,14238.072739440919,15326.307384295655,11725.468530208207
forecast_1843,2025-03-18 19:00:00,12102.033059552765,13274.003594471742,9494.927468920136
forecast_1844,2025-03-18 20:00:00,12699.90544957428,15021.039937072754,9930.400247026062
forecast_1845,2025-03-18 21:00:00,9694.692048742676,11300.946415405275,7655.467945956039
forecast_1846,2025-03-18 22:00:00,7441.9735677108765,7699.2930393325805,4987.879614796449
forecast_1847,2025-03-18 23:00:00,5454.746885413361,5954.844726838684,2717.857020676174
forecast_1848,2025-03-19 00:00:00,4394.915472129441,5136.858542610931,2039.67218474741
forecast_1849,2025-03-19 01:00:00,3080.1171637475586,3290.783883853607,1194.1269559233858
forecast_1850,2025-03-19 02:00:00,2967.174852958641,2930.8236459409713,1089.3382614151765
forecast_1851,2025-03-19 03:00:00,3001.2681627656557,2644.08944939251,1103.8706508317566
forecast_1852,2025-03-19 04:00:00,2726.108693626175,2477.955719006157,1114.5882317900084
forecast_1853,2025-03-19 05:00:00,2783.4374141670232,2533.1391335982894,1295.0520680348206
forecast_1854,2025-03-19 06:00:00,2891.6775834458927,2628.252188770142,1550.5521327481651
forecast_1855,2025-03-19 07:00:00,3815.084444869614,3453.791671688385,1947.7227035015108
forecast_1856,2025-03-19 08:00:00,3990.1971551365664,4091.0981525962834,2252.8990400868224
forecast_1857,2025-03-19 09:00:00,4914.889722227479,4844.22053207245,3278.8611756555943
forecast_1858,2025-03-19 10:00:00,5411.724487000275,5429.416433860474,4376.117805130921
forecast_1859,2025-03-19 11:00:00,6546.131574267579,7148.285492492676,5613.405781793518
forecast_1860,2025-03-19 12:00:00,8122.641620312501,8575.511733639527,6249.360571870423
forecast_1861,2025-03-19 13:00:00,8663.010848484802,8968.907653536986,7056.043139428788
forecast_1862,2025-03-19 14:00:00,8988.19708804474,8566.00917134247,6613.408668873978
forecast_1863,2025-03-19 15:00:00,10839.171660951233,10762.660945477295,8480.603732548523
forecast_1864,2025-03-19 16:00:00,11768.73570576172,11255.070318566895,9114.589176366044
forecast_1865,2025-03-19 17:00:00,11526.353048889161,10916.555112435914,8902.914302586747
forecast_1866,2025-03-19 18:00:00,12617.609027935792,12734.212418927003,10381.352980560303
forecast_1867,2025-03-19 19:00:00,13106.509125003053,13304.937069805908,10610.51140423584
forecast_1868,2025-03-19 20:00:00,14039.441039627076,14318.951642581178,10855.049305574035
forecast_1869,2025-03-19 21:00:00,14838.936017276,15807.862756417846,12237.504154532624
forecast_1870,2025-03-19 22:00:00,15802.26253885498,17130.950995126346,13235.121336183167
forecast_1871,2025-03-19 23:00:00,15678.376891867067,16835.13165996399,13136.189928234102
forecast_1872,2025-03-20 00:00:00,17176.139533547976,18689.440722732543,14272.579002574921
forecast_1873,2025-03-20 01:00:00,16869.008605895993,18320.543459497072,14317.975134645081
forecast_1874,2025-03-20 02:00:00,18144.741027084354,19309.463477011108,15597.467328674318
forecast_1875,2025-03-20 03:00:00,18794.910587332153,19713.058382797244,15850.300134780122
forecast_1876,2025-03-20 04:00:00,19135.894089199828,19846.028503723144,15980.227365209199
forecast_1877,2025-03-20 05:00:00,19440.399257427976,20077.867914682007,16251.804199578859
forecast_1878,2025-03-20 06:00:00,19799.629404089355,20418.76211652222,16335.894851963043
forecast_1879,2025-03-20 07:00:00,20193.26073835144,20385.715507720946,16558.551615135955
forecast_1880,2025-03-20 08:00:00,18997.849934933474,20336.085993725585,16501.89522216568
forecast_1881,2025-03-20 09:00:00,18375.89523849487,19462.057810559083,16105.379391999817
forecast_1882,2025-03-20 10:00:00,16894.456498062136,18066.882381201172,15204.285969726563
forecast_1883,2025-03-20 11:00:00,16685.632705737306,17801.883764376835,14786.9944085289
forecast_1884,2025-03-20 12:00:00,16566.573101257323,17575.149593426515,14200.292702698518
forecast_1885,2025-03-20 13:00:00,16802.994320187376,17965.722456170653,15539.801451513673
forecast_1886,2025-03-20 14:00:00,17017.09167901306,18994.210428536986,15875.192206397247
forecast_1887,2025-03-20 15:00:00,18195.29693444824,19512.331179891968,16151.446987497711
forecast_1888,2025-03-20 16:00:00,18137.926826968385,19427.146477038572,16209.360717063142
forecast_1889,2025-03-20 17:00:00,17999.847487081912,19511.676723602293,16235.903412778474
forecast_1890,2025-03-20 18:00:00,18190.897742025758,19658.074882904053,16244.195504265595
forecast_1891,2025-03-20 19:00:00,19152.629948507692,20191.52295735779,16391.954890794375
forecast_1892,2025-03-20 20:00:00,19322.989408331297,20488.559320361328,16524.799246611787
forecast_1893,2025-03-20 21:00:00,20053.500571368408,20732.767153378296,16662.65736698456
forecast_1894,2025-03-20 22:00:00,19386.76715878601,20458.944644061277,16472.00058476944
forecast_1895,2025-03-20 23:00:00,18913.76135379944,19925.741678298953,16392.23247831955
forecast_1896,2025-03-21 00:00:00,18288.115078170777,19076.504861462403,15807.14773712082
forecast_1897,2025-03-21 01:00:00,18460.76225333252,19443.19579246521,16251.207445710756
forecast_1898,2025-03-21 02:00:00,19288.937719882204,19810.319556881717,16362.18164022522
forecast_1899,2025-03-21 03:00:00,18867.05977052307,19663.193366766358,16370.738151692201
forecast_1900,2025-03-21 04:00:00,19426.765026181034,20156.013814035035,16638.158418849947
forecast_1901,2025-03-21 05:00:00,19824.66113822632,20456.002337109378,16588.118413500975
forecast_1902,2025-03-21 06:00:00,20375.220971972656,20758.095864233397,16727.380764019013
forecast_1903,2025-03-21 07:00:00,20123.06870636902,20521.302061599734,16687.925638780212
forecast_1904,2025-03-21 08:00:00,19906.59943092041,20347.049862631226,16525.77406147003
forecast_1905,2025-03-21 09:00:00,18747.497489010624,20102.18366222534,16416.085839634703
forecast_1906,2025-03-21 10:00:00,19046.80753435364,20293.98010239563,16449.116406477355
forecast_1907,2025-03-21 11:00:00,18830.16318215027,19713.04591867676,16533.755114918516
forecast_1908,2025-03-21 12:00:00,18187.923675830076,19449.327528088383,16284.6620896698
forecast_1909,2025-03-21 13:00:00,17567.14432914734,18869.64002180481,15973.019800992584
forecast_1910,2025-03-21 14:00:00,17741.52707994995,18434.03635322876,15443.041489824676
forecast_1911,2025-03-21 15:00:00,16936.657011434938,17899.5062903595,14409.521953015137
forecast_1912,2025-03-21 16:00:00,16998.128593048095,18251.47553115845,13979.768816211701
forecast_1913,2025-03-21 17:00:00,17633.719862625123,18966.507442407226,15168.905612028504
forecast_1914,2025-03-21 18:00:00,18210.736676626584,19360.209807632447,16000.342888694002
forecast_1915,2025-03-21 19:00:00,18417.46756303711,19577.241846029665,16249.258754224396
forecast_1916,2025-03-21 20:00:00,17967.11742470703,19563.41158022156,16184.137384033203
forecast_1917,2025-03-21 21:00:00,18253.50728622437,19571.770353408814,16065.334536763
forecast_1918,2025-03-21 22:00:00,17479.685005072024,19024.343012222293,15890.60350817032
forecast_1919,2025-03-21 23:00:00,18209.610579959106,19308.117784051516,15945.180188571168
forecast_1920,2025-03-22 00:00:00,18271.193721572876,19369.800674832153,16031.523403865816
forecast_1921,2025-03-22 01:00:00,18871.083982159427,19429.363018627933,16210.560872664642
forecast_1922,2025-03-22 02:00:00,19017.977590124516,19742.797246606446,16193.312186496734
forecast_1923,2025-03-22 03:00:00,18624.10745746155,19454.56853330994,16024.63405213623
forecast_1924,2025-03-22 04:00:00,18399.837499386595,18777.97614775086,15265.797659065247
forecast_1925,2025-03-22 05:00:00,18558.11493140564,18879.78906294251,15159.59502234497
forecast_1926,2025-03-22 06:00:00,18674.989874139406,19042.603648880005,15239.97653182831
forecast_1927,2025-03-22 07:00:00,18980.86859815979,19241.60430404968,14884.530787126161
forecast_1928,2025-03-22 08:00:00,18678.300498361208,19496.304376419066,15324.902804330444
forecast_1929,2025-03-22 09:00:00,18386.032278775026,19500.836417764283,16012.28305876465
forecast_1930,2025-03-22 10:00:00,17987.965024765013,19521.84913545227,16078.091583018495
forecast_1931,2025-03-22 11:00:00,17991.518116986088,19388.33087423096,15775.15350552826
forecast_1932,2025-03-22 12:00:00,17725.59599003601,19309.78589331055,15590.189277261354
forecast_1933,2025-03-22 13:00:00,17398.138236740113,19042.284959848024,15421.073631391144
forecast_1934,2025-03-22 14:00:00,17340.210198101806,19131.89933331299,15748.712594260407
forecast_1935,2025-03-22 15:00:00,16807.018943719482,18738.371903829953,15486.048563612367
forecast_1936,2025-03-22 16:00:00,16849.480130917356,18526.499949917605,15464.421918878938
forecast_1937,2025-03-22 17:00:00,16869.511904089355,18550.068543148802,15575.366408267975
forecast_1938,2025-03-22 18:00:00,17360.646337799073,18486.781104263304,15499.231747123718
forecast_1939,2025-03-22 19:00:00,17975.24463867493,19062.38582778931,15666.0285237175
forecast_1940,2025-03-22 20:00:00,17124.65549586487,18450.097686761474,15636.47706344452
forecast_1941,2025-03-22 21:00:00,17307.939700134277,18139.92912633667,15548.468046240998
forecast_1942,2025-03-22 22:00:00,17657.21806105347,18580.120622909548,15782.351219389344
forecast_1943,2025-03-22 23:00:00,18040.316135330202,18990.88791964722,15607.880771507263
forecast_1944,2025-03-23 00:00:00,18312.62818881531,18984.01449204712,15534.109335444642
forecast_1945,2025-03-23 01:00:00,17535.73637025452,17810.90134902649,13949.377246481323
forecast_1946,2025-03-23 02:00:00,17135.13791418152,17241.14297033081,13233.574737604524
forecast_1947,2025-03-23 03:00:00,17323.78529901123,17226.796877233886,13283.34224438019
forecast_1948,2025-03-23 04:00:00,16813.754498550414,16710.58838439636,12642.573903235627
forecast_1949,2025-03-23 05:00:00,15895.41643071289,15706.614428009034,11768.307224807357
forecast_1950,2025-03-23 06:00:00,14584.486343167115,14316.508303051758,10286.521760443115
forecast_1951,2025-03-23 07:00:00,11813.271621095277,12049.249350329592,7606.29478492012
forecast_1952,2025-03-23 08:00:00,7506.561598299256,7217.1601257989505,3215.520921560669
forecast_1953,2025-03-23 09:00:00,3920.759840524292,3891.175779475403,1450.6465430148505
forecast_1954,2025-03-23 10:00:00,2392.6107122997287,2435.650382015686,971.734617875042
forecast_1955,2025-03-23 11:00:00,1848.4016024156952,1825.2552809064102,871.2161638561897
forecast_1956,2025-03-23 12:00:00,1523.5811262278366,1518.174870077095,751.2240667804604
forecast_1957,2025-03-23 13:00:00,1737.556993541527,1690.7674384720995,854.5899872555733
forecast_1958,2025-03-23 14:00:00,2036.6227933255007,2022.6908466627501,932.8146555086327
forecast_1959,2025-03-23 15:00:00,2936.9320130380634,2807.4177800390626,1449.9384581435586
forecast_1960,2025-03-23 16:00:00,3816.565520361404,3957.539985099793,2476.8235067258456
forecast_1961,2025-03-23 17:00:00,4035.8934618938447,4611.276583360291,2619.7887313997653
forecast_1962,2025-03-23 18:00:00,3015.133084302292,3683.8624272140505,1518.449412067814
forecast_1963,2025-03-23 19:00:00,4511.045413783722,5908.240578203583,2728.463641680527
forecast_1964,2025-03-23 20:00:00,6834.838615556336,8426.677903762818,5644.18502290947
forecast_1965,2025-03-23 21:00:00,9539.6901892807,11892.491629629518,8103.588926605607
forecast_1966,2025-03-23 22:00:00,11222.240916571045,13787.699931555177,9828.146221963121
forecast_1967,2025-03-23 23:00:00,12062.789083905029,14408.666022109986,10793.43191065979
forecast_1968,2025-03-24 00:00:00,12330.669540417482,14450.304093420411,10788.17870352173
forecast_1969,2025-03-24 01:00:00,12287.459060037232,14338.913392306518,10767.427693389129
forecast_1970,2025-03-24 02:00:00,11275.973267143248,13535.323361825562,9670.326943330003
forecast_1971,2025-03-24 03:00:00,11629.393332495118,14232.175184713746,10628.826594512177
forecast_1972,2025-03-24 04:00:00,10823.555574699403,13341.951516812134,9698.675058445358
forecast_1973,2025-03-24 05:00:00,11139.43488407898,13648.023432479858,9757.35081713829
forecast_1974,2025-03-24 06:00:00,13367.062138745117,15629.463326489258,12073.082514743806
forecast_1975,2025-03-24 07:00:00,13622.022854089357,15139.796140234375,11126.00703971405
forecast_1976,2025-03-24 08:00:00,14348.069116497803,15903.447851138306,11751.110911332702
forecast_1977,2025-03-24 09:00:00,13987.45194313965,15864.066865295412,12272.475183918
forecast_1978,2025-03-24 10:00:00,15157.543722186281,16311.856302941895,13180.22095728836
forecast_1979,2025-03-24 11:00:00,15716.229194830323,16795.866205929568,13306.855745863344
forecast_1980,2025-03-24 12:00:00,16369.710980865479,17268.305194799806,14190.432768981933
forecast_1981,2025-03-24 13:00:00,16159.103055715943,16969.01456322632,13871.19599885254
forecast_1982,2025-03-24 14:00:00,15911.883306567383,16588.490366729737,13073.978189901734
forecast_1983,2025-03-24 15:00:00,15142.969888348389,15659.133857165529,12634.569956124116
forecast_1984,2025-03-24 16:00:00,15146.174007449343,15613.802027050782,12865.483514037323
forecast_1985,2025-03-24 17:00:00,14562.294802874756,14898.26407716675,11932.158429831696
forecast_1986,2025-03-24 18:00:00,13013.346882330323,13610.766622460938,11082.673303691865
forecast_1987,2025-03-24 19:00:00,13816.670858236695,14769.939537576294,11917.640656082154
forecast_1988,2025-03-24 20:00:00,14067.836262597657,15101.236689639283,12565.766909753418
forecast_1989,2025-03-24 21:00:00,13835.525286468506,14101.77084237671,12332.758358728028
forecast_1990,2025-03-24 22:00:00,16056.080415173341,17092.668715402222,15225.185274710084
forecast_1991,2025-03-24 23:00:00,17158.91843226929,18107.348632485962,15558.988606512452
forecast_1992,2025-03-25 00:00:00,17700.741678945924,17700.443132891847,15310.879276871492
forecast_1993,2025-03-25 01:00:00,17996.77452648926,18661.69051810608,15932.627067904665
forecast_1994,2025-03-25 02:00:00,17878.354120480348,18204.840409436038,15380.387984427643
forecast_1995,2025-03-25 03:00:00,16125.544325643921,15988.30403187561,12429.256822496034
forecast_1996,2025-03-25 04:00:00,12564.728522216798,13365.776629426575,10302.693176911545
forecast_1997,2025-03-25 05:00:00,9263.277669656374,10222.546863847352,6869.500154050904
forecast_1998,2025-03-25 06:00:00,7565.891586188508,8563.155162200928,5039.989118714066
forecast_1999,2025-03-25 07:00:00,7613.93580479889,8899.098284315492,5117.552473785019
forecast_2000,2025-03-25 08:00:00,8553.45149282837,10082.396327807617,6090.1928355964665
forecast_2001,2025-03-25 09:00:00,8243.784755059816,10070.029806964112,6144.2084784450535
forecast_2002,2025-03-25 10:00:00,8860.842087628174,10026.838715188598,7227.164576569519
forecast_2003,2025-03-25 11:00:00,9158.231606156922,10982.973027172853,8866.071535696792
forecast_2004,2025-03-25 12:00:00,10485.791755712891,12271.162694937135,9954.352785364152
forecast_2005,2025-03-25 13:00:00,12694.316229455566,14844.929504376221,12802.81260571823
forecast_2006,2025-03-25 14:00:00,15222.921095220947,17439.229410769654,15332.961781455231
forecast_2007,2025-03-25 15:00:00,15788.27774911499,18253.078286245727,16050.813116733552
forecast_2008,2025-03-25 16:00:00,15214.890402685547,18345.974967425536,15945.328206221771
forecast_2009,2025-03-25 17:00:00,16937.476740856935,18655.918590164183,15627.727907392122
forecast_2010,2025-03-25 18:00:00,17853.517455038455,19060.119105462647,16127.16671934662
forecast_2011,2025-03-25 19:00:00,17972.81831938782,19329.269248602293,15587.318375119019
forecast_2012,2025-03-25 20:00:00,17819.072320129395,18839.108766931153,15281.688990458679
forecast_2013,2025-03-25 21:00:00,18238.0032631134,19666.235688973997,15253.80038332138
forecast_2014,2025-03-25 22:00:00,18276.728864941404,19979.17989831543,15201.514427232361
forecast_2015,2025-03-25 23:00:00,18733.41885864258,20041.925818145755,15248.826545020296
forecast_2016,2025-03-26 00:00:00,18723.214651654052,19970.206081362914,15334.039348098755
forecast_2017,2025-03-26 01:00:00,18868.887931100464,19678.742006964112,15366.120145201112
forecast_2018,2025-03-26 02:00:00,18868.501178979495,18909.860329315186,15555.89569974289
forecast_2019,2025-03-26 03:00:00,17974.2961699707,17509.969045114136,15287.67267603531
forecast_2020,2025-03-26 04:00:00,17300.190627072145,16634.46623953247,13821.482052975465
forecast_2021,2025-03-26 05:00:00,15979.41854598694,15759.950468811036,11666.768797607041
forecast_2022,2025-03-26 06:00:00,13451.7890575943,12687.587342001345,8191.9862557487495
forecast_2023,2025-03-26 07:00:00,7676.6860097190865,7659.437743504334,3858.341732282124
forecast_2024,2025-03-26 08:00:00,4201.161730153655,4006.901570517578,1360.622420094433
forecast_2025,2025-03-26 09:00:00,2683.967956949997,2722.9717886980056,884.2902400000002
forecast_2026,2025-03-26 10:00:00,1771.2532164087677,1927.2269086114884,555.2797356177521
forecast_2027,2025-03-26 11:00:00,1682.6727648459055,1884.3811649938584,685.1275861190987
forecast_2028,2025-03-26 12:00:00,2039.9250691846469,2547.290578293114,960.5164811718942
forecast_2029,2025-03-26 13:00:00,2201.2414400000002,2644.9826744018937,952.9578975931588
forecast_2030,2025-03-26 14:00:00,2368.2489832079314,3099.295829590607,1310.4740301542092
forecast_2031,2025-03-26 15:00:00,3164.440344324188,3805.594927112427,1454.325157672062
forecast_2032,2025-03-26 16:00:00,2928.8270240120414,3679.230833357544,1347.818113009987
forecast_2033,2025-03-26 17:00:00,2895.9873130381015,3884.3137669444277,1352.7716155108071
forecast_2034,2025-03-26 18:00:00,4629.7789613127525,6038.285969126282,2468.8490592629437
forecast_2035,2025-03-26 19:00:00,7443.8336013237,9841.660002584838,5076.137043272019
forecast_2036,2025-03-26 20:00:00,8658.082163507079,10342.260640342713,6679.196940899048
forecast_2037,2025-03-26 21:00:00,9926.123118566895,11990.66980864563,7247.996256979752
forecast_2038,2025-03-26 22:00:00,11592.78136447449,13725.683840023805,8893.225333735656
forecast_2039,2025-03-26 23:00:00,13071.924505290222,15416.532623098756,10597.669865632248
forecast_2040,2025-03-27 00:00:00,15443.345077093507,17303.176332601928,12987.476510222627
forecast_2041,2025-03-27 01:00:00,15731.150192764282,18585.72296053467,13546.116294873049
forecast_2042,2025-03-27 02:00:00,15926.81894740906,18786.595034198,14729.102307406618
forecast_2043,2025-03-27 03:00:00,16669.924234378053,18748.475986520385,14921.278038671113
forecast_2044,2025-03-27 04:00:00,17474.486586868286,19160.214995492555,15935.885432063295
forecast_2045,2025-03-27 05:00:00,14870.344622157289,16270.629225601198,11889.866103495026
forecast_2046,2025-03-27 06:00:00,13875.155073712158,15670.732039202881,10694.181267193986
forecast_2047,2025-03-27 07:00:00,12942.064836665346,14352.896867770387,10397.461126664733
forecast_2048,2025-03-27 08:00:00,14470.235701425172,16007.267194973756,12679.17660332947
forecast_2049,2025-03-27 09:00:00,13520.396028344727,15344.420101870728,12072.589183685684
forecast_2050,2025-03-27 10:00:00,12769.371980090333,14121.270064126587,11077.089867041397
forecast_2051,2025-03-27 11:00:00,12209.22332726593,13987.60500753479,10809.313776571275
forecast_2052,2025-03-27 12:00:00,11518.503498866272,12873.328277719118,9342.77889445534
forecast_2053,2025-03-27 13:00:00,10433.679003259278,11646.04637098999,8324.079352877045
forecast_2054,2025-03-27 14:00:00,10727.78137629242,12367.909363067629,9286.870177640532
forecast_2055,2025-03-27 15:00:00,9993.85989273529,11121.536254504395,8134.828904825211
forecast_2056,2025-03-27 16:00:00,7894.099489233398,8166.72821943512,5504.490219194641
forecast_2057,2025-03-27 17:00:00,8646.667935299683,9489.60602354126,6670.630734910585
forecast_2058,2025-03-27 18:00:00,10198.259722399902,10853.478562982178,8196.958313601684
forecast_2059,2025-03-27 19:00:00,10754.394607112123,11320.857286523436,8615.116917268753
forecast_2060,2025-03-27 20:00:00,10833.922148175048,10856.418350468446,7927.55654273224
forecast_2061,2025-03-27 21:00:00,12926.36719324646,12973.969522824096,9929.332922434236
forecast_2062,2025-03-27 22:00:00,13267.579192716981,13266.516397155763,10086.744926073075
forecast_2063,2025-03-27 23:00:00,12503.117053861999,13279.22890942383,9521.464793261719
forecast_2064,2025-03-28 00:00:00,11383.65937130127,12546.821925418091,8674.211983799363
forecast_2065,2025-03-28 01:00:00,4403.160116851349,4289.648616176148,1806.2315160684204
forecast_2066,2025-03-28 02:00:00,3850.496677293244,3553.768699692688,1731.5487300876619
forecast_2067,2025-03-28 03:00:00,3527.2189362184145,3770.940040595093,1531.084813265152
forecast_2068,2025-03-28 04:00:00,3619.439427532959,3918.4889885639955,1903.4921797003174
forecast_2069,2025-03-28 05:00:00,2720.14871836319,2747.282774064484,1337.6135744123649
forecast_2070,2025-03-28 06:00:00,1939.0654781785584,2123.1932031988526,803.1565778861885
forecast_2071,2025-03-28 07:00:00,1808.8434268779756,1828.7420437348937,764.0258303914452
forecast_2072,2025-03-28 08:00:00,1487.4112566848755,1580.5811607441713,661.3072474464302
forecast_2073,2025-03-28 09:00:00,1663.3796698381807,1720.3837947232057,708.4043078885079
forecast_2074,2025-03-28 10:00:00,1710.8430055780793,1706.9140332258607,703.618705496975
forecast_2075,2025-03-28 11:00:00,1728.1599126487733,1679.7006390933611,722.1866953688354
forecast_2076,2025-03-28 12:00:00,1998.7584444087981,1818.6499190729141,656.83608
forecast_2077,2025-03-28 13:00:00,2320.810046250534,2382.7600958822636,926.2712799999999
forecast_2078,2025-03-28 14:00:00,2574.007682485123,2602.9245164256668,885.9760000000001
forecast_2079,2025-03-28 15:00:00,2747.6490852603533,2738.0661485551072,937.9447200000001
forecast_2080,2025-03-28 16:00:00,2781.842374883461,2670.8998675668718,909.1681600000001
forecast_2081,2025-03-28 17:00:00,2826.1203039066313,2799.092765361786,1122.8942551270866
forecast_2082,2025-03-28 18:00:00,3449.7087345175933,3772.4685906175614,1907.503961135807
forecast_2083,2025-03-28 19:00:00,4322.9869590023045,4564.10771426651,2427.608012873936
forecast_2084,2025-03-28 20:00:00,5823.751084649506,5420.038491981507,3173.0855420409775
forecast_2085,2025-03-28 21:00:00,6673.56663577118,6596.339627313538,3919.6494686827664
forecast_2086,2025-03-28 22:00:00,6812.967176629639,6156.748252185059,3466.7022910024075
forecast_2087,2025-03-28 23:00:00,6805.472412439881,6366.203511961976,3188.8035244302373
forecast_2088,2025-03-29 00:00:00,6126.016086451721,6023.638694184876,3021.1363780422976
forecast_2089,2025-03-29 01:00:00,1688.6748024090577,1445.1012814496996,464.02344000000005
forecast_2090,2025-03-29 02:00:00,1348.922649117813,1363.945533997841,433.54380000000003
forecast_2091,2025-03-29 03:00:00,1697.8202813463595,1733.3751142586136,457.42776000000003
forecast_2092,2025-03-29 04:00:00,2463.2922636254884,2828.4948100364686,1171.6913801557732
forecast_2093,2025-03-29 05:00:00,4462.484413361359,4593.907030306511,2513.8502163496973
forecast_2094,2025-03-29 06:00:00,6333.352886793518,6897.712347422791,4350.697012037868
forecast_2095,2025-03-29 07:00:00,7495.5163970611575,8967.577166983032,6051.2028954319
forecast_2096,2025-03-29 08:00:00,8045.793859114075,8479.062931677247,6230.9410200473785
forecast_2097,2025-03-29 09:00:00,7722.843248908997,8144.731281793213,6101.31115564621
forecast_2098,2025-03-29 10:00:00,8629.010131892395,8874.587259167482,6826.48648314972
forecast_2099,2025-03-29 11:00:00,11102.1414934906,10839.065172177125,9156.142701880264
forecast_2100,2025-03-29 12:00:00,12673.36108611145,13208.672291094972,10393.096511663818
forecast_2101,2025-03-29 13:00:00,13821.814988552856,14364.499242315675,11238.665176586916
forecast_2102,2025-03-29 14:00:00,13748.740882910157,14275.425056677246,11357.311992140198
forecast_2103,2025-03-29 15:00:00,14232.560934495545,14383.874231188965,11181.753149425125
forecast_2104,2025-03-29 16:00:00,14627.048161068727,14381.409149960327,11511.34545826912
forecast_2105,2025-03-29 17:00:00,14793.813375054931,14558.318433786011,10564.2437582428
forecast_2106,2025-03-29 18:00:00,14555.438234472656,14158.819226589967,10575.286890773012
forecast_2107,2025-03-29 19:00:00,14234.423978302002,13651.959007299805,10070.564907501985
forecast_2108,2025-03-29 20:00:00,14552.834986834718,13289.147511038209,10034.789723404694
forecast_2109,2025-03-29 21:00:00,14798.121126828004,13787.270326467897,10468.855750313187
forecast_2110,2025-03-29 22:00:00,14606.576555264284,13210.749288531495,10013.031511293411
forecast_2111,2025-03-29 23:00:00,13666.648708483888,12337.587302606202,8759.151971571731
forecast_2112,2025-03-30 00:00:00,13059.819233750917,11601.422995985413,8034.712501219941
forecast_2113,2025-03-30 01:00:00,13452.671237910463,12179.084696144106,8658.839277290346
forecast_2114,2025-03-30 02:00:00,12889.151014878846,11352.052384791567,8074.499491812516
forecast_2115,2025-03-30 03:00:00,12156.602118275452,10481.820072312927,7975.343660663223
forecast_2116,2025-03-30 04:00:00,11524.494432855225,10377.331063124086,7983.066318733979
forecast_2117,2025-03-30 05:00:00,10976.227352748108,10013.549406930542,7559.053542021179
forecast_2118,2025-03-30 06:00:00,11156.314688380433,10565.809772218323,7868.885265049057
forecast_2119,2025-03-30 07:00:00,10392.780881285096,9401.946078724672,6585.532967732773
forecast_2120,2025-03-30 08:00:00,9104.662020797728,7423.32014080658,5194.352514316559
forecast_2121,2025-03-30 09:00:00,9334.990458944703,7436.176912842408,5607.674409913864
forecast_2122,2025-03-30 10:00:00,9856.57359138794,7525.397022257996,5915.6428254247285
forecast_2123,2025-03-30 11:00:00,9801.57474638672,7568.9137923922735,5985.712498974838
forecast_2124,2025-03-30 12:00:00,9614.499258132935,7785.529393890992,6503.658497335434
forecast_2125,2025-03-30 13:00:00,10066.977527238465,8648.418761865236,6586.94963145073
forecast_2126,2025-03-30 14:00:00,10759.719099305725,8526.07160973053,7104.849214970932
forecast_2127,2025-03-30 15:00:00,9754.591816288757,7784.094618749696,6113.902636522979
forecast_2128,2025-03-30 16:00:00,8402.809907655335,6767.607460461426,4635.9637724914555
forecast_2129,2025-03-30 17:00:00,7540.30028568512,6113.3322394982915,3739.918976341858
forecast_2130,2025-03-30 18:00:00,7283.612552348328,6353.332829403992,4322.614574074554
forecast_2131,2025-03-30 19:00:00,7820.972930270385,6890.02827314911,4944.2554925542445
forecast_2132,2025-03-30 20:00:00,7468.2972367236325,7185.378253332215,5228.156456144333
forecast_2133,2025-03-30 21:00:00,7609.9852250015265,7113.988664596253,4773.303402589798
forecast_2134,2025-03-30 22:00:00,8375.50129518738,8532.808450868226,5386.201468638992
forecast_2135,2025-03-30 23:00:00,9121.19257797394,9497.607228198242,6122.522355595017
forecast_2136,2025-03-31 00:00:00,10069.619140934754,10374.360707241822,6493.382485363389
forecast_2137,2025-03-31 01:00:00,14767.22457843933,15990.074956289674,12693.108398197173
forecast_2138,2025-03-31 02:00:00,15090.087591366579,16473.946610406492,13324.27551217041
forecast_2139,2025-03-31 03:00:00,15104.320247451782,16540.668051336674,13250.86745039978
forecast_2140,2025-03-31 04:00:00,15551.004409420777,16970.020821646118,13174.711816572571
forecast_2141,2025-03-31 05:00:00,15556.965697451784,17012.67077568054,13490.146243075564
forecast_2142,2025-03-31 06:00:00,15034.93025684204,16182.621848236084,11859.204962094116
forecast_2143,2025-03-31 07:00:00,11258.566999964905,12477.72210059967,7900.718100447083
forecast_2144,2025-03-31 08:00:00,7969.04240919037,7531.161157740784,4888.004184291458
forecast_2145,2025-03-31 09:00:00,5877.059531402588,5981.3343381118775,3477.861378036957
forecast_2146,2025-03-31 10:00:00,3992.217202782593,3792.4278716693116,1786.6084139612772
forecast_2147,2025-03-31 11:00:00,3198.5886597055055,3025.456106793976,1392.9218377457237
forecast_2148,2025-03-31 12:00:00,3619.457547901459,3295.6488477005005,1863.9339767094232
forecast_2149,2025-03-31 13:00:00,4330.823343152619,3741.9482928686525,2389.2627105167394
forecast_2150,2025-03-31 14:00:00,4528.557947325593,3950.2582697273256,2275.464309320145
forecast_2151,2025-03-31 15:00:00,4704.071270904541,4090.6796417169194,2692.0153891519926
forecast_2152,2025-03-31 16:00:00,4743.329322250367,3969.10572991272,2476.460913257065
forecast_2153,2025-03-31 17:00:00,5122.86758466095,4664.574227605591,3065.773096440125
forecast_2154,2025-03-31 18:00:00,5400.252235366059,5095.202736573791,3609.5601697891234
forecast_2155,2025-03-31 19:00:00,7679.574224650574,7353.010563097534,6393.581249785614
forecast_2156,2025-03-31 20:00:00,9755.947912831116,9300.608127827454,7938.514427576447
forecast_2157,2025-03-31 21:00:00,9919.98200175476,10584.705748422242,8607.802407754516
forecast_2158,2025-03-31 22:00:00,11787.434613871766,12414.021128082277,9260.055092312241
forecast_2159,2025-03-31 23:00:00,13478.424784295654,14025.274811364747,10424.97947459488
forecast_2160,2025-04-01 00:00:00,13550.900928115845,14393.1428368927,10369.127696263886
forecast_2161,2025-04-01 01:00:00,6927.529286975098,7369.782071214295,5324.034618818741
forecast_2162,2025-04-01 02:00:00,7525.393157831421,7720.668412939453,5574.4770594776155
forecast_2163,2025-04-01 03:00:00,7553.638389873352,7508.969435772706,5502.1912088768
forecast_2164,2025-04-01 04:00:00,7614.936504197693,7555.675074323426,5605.28687233162
forecast_2165,2025-04-01 05:00:00,6443.829500862122,6061.069187751923,4420.856470029831
forecast_2166,2025-04-01 06:00:00,6183.3049771980295,5309.827134111786,3266.681577257538
forecast_2167,2025-04-01 07:00:00,4672.147778154755,3819.144789175415,2359.369579177189
forecast_2168,2025-04-01 08:00:00,3080.747347658005,2426.741840988732,1173.0593442578315
forecast_2169,2025-04-01 09:00:00,2012.6569322044372,1608.6372290112686,753.131934835949
forecast_2170,2025-04-01 10:00:00,1216.9320899907302,1097.6503469086838,407.6504
forecast_2171,2025-04-01 11:00:00,1128.0038776088334,1013.0422158793641,320.614576
forecast_2172,2025-04-01 12:00:00,1100.802363660469,1028.1433665308,306.53712
forecast_2173,2025-04-01 13:00:00,1144.545606243019,1090.6707423492053,320.614576
forecast_2174,2025-04-01 14:00:00,1258.082862936325,1366.3319534140396,551.90504
forecast_2175,2025-04-01 15:00:00,1305.9156241101837,1340.8373113826372,508.26821600000005
forecast_2176,2025-04-01 16:00:00,1276.9239672094345,1325.083587101784,504.403399083313
forecast_2177,2025-04-01 17:00:00,1259.7048075307846,1273.3304739832688,410.0008124865227
forecast_2178,2025-04-01 18:00:00,1486.6871222513964,1399.9799048540115,433.93976000000004
forecast_2179,2025-04-01 19:00:00,1641.0824829463959,1456.109053268242,346.90392
forecast_2180,2025-04-01 20:00:00,1825.3514005615234,1789.3875000154114,455.16645600000004
forecast_2181,2025-04-01 21:00:00,2018.208215155716,2002.0329195655825,455.286
forecast_2182,2025-04-01 22:00:00,2302.773032049713,2335.8764819262697,605.9054002312089
forecast_2183,2025-04-01 23:00:00,2341.554847833023,2484.2494235719682,840.5278248951264
forecast_2184,2025-04-02 00:00:00,2407.2124145012667,2548.721523579445,841.8837841791344
forecast_2185,2025-04-02 01:00:00,1923.5789817621614,1697.464404469719,505.233544
forecast_2186,2025-04-02 02:00:00,1913.7889106014254,1625.1973457393267,460.39256
forecast_2187,2025-04-02 03:00:00,1825.9581598255158,1578.3114495827867,475.1412808247185
forecast_2188,2025-04-02 04:00:00,1623.3899380835726,1510.0224191406633,490.37274891380315
forecast_2189,2025-04-02 05:00:00,1551.3119294613648,1476.2640159616471,502.73141587022786
forecast_2190,2025-04-02 06:00:00,1554.0758600658419,1426.4128859392167,478.21228880546573
forecast_2191,2025-04-02 07:00:00,1423.509098988037,1377.5900158438492,442.13048000000003
forecast_2192,2025-04-02 08:00:00,1200.4191004129411,1253.2890130077744,452.06867088594436
forecast_2193,2025-04-02 09:00:00,1223.7641372041703,1265.8331176893996,414.0732042960167
forecast_2194,2025-04-02 10:00:00,1273.9543771930694,1469.1487158814623,455.16645600000004
forecast_2195,2025-04-02 11:00:00,1577.1099422181703,1825.3693351557922,646.6753920000001
forecast_2196,2025-04-02 12:00:00,1372.7331231756593,1542.2757585271074,508.26821600000005
forecast_2197,2025-04-02 13:00:00,1493.6746482803346,1634.1145681953049,646.6753920000001
forecast_2198,2025-04-02 14:00:00,1543.4693106847762,1725.1449671532823,736.287648
forecast_2199,2025-04-02 15:00:00,2026.0559399245453,2134.7065436738967,985.997614468975
forecast_2200,2025-04-02 16:00:00,2260.3547538015746,2361.860859574585,1082.9836980444145
forecast_2201,2025-04-02 17:00:00,2053.6311276768492,2211.4489675697323,867.8329965192567
forecast_2202,2025-04-02 18:00:00,2156.518113770828,2700.53198094101,882.2072000000001
forecast_2203,2025-04-02 19:00:00,1499.8067437798309,1765.9050143460083,455.16645600000004
forecast_2204,2025-04-02 20:00:00,1558.3577015879823,1681.1319462756348,455.16645600000004
forecast_2205,2025-04-02 21:00:00,1793.84557708107,1877.291740543976,692.2559200000001
forecast_2206,2025-04-02 22:00:00,1854.5342745618823,2110.2058551218033,747.3988320000001
forecast_2207,2025-04-02 23:00:00,1981.8691248434448,2089.777730481987,747.3988320000001
forecast_2208,2025-04-03 00:00:00,1952.3488398167422,2063.7118385279464,708.618992
forecast_2209,2025-04-03 01:00:00,2069.1424087880705,2373.106468013306,620.75884
forecast_2210,2025-04-03 02:00:00,2134.92034683815,2422.509420977173,705.58432
forecast_2211,2025-04-03 03:00:00,2000.8746800965882,2348.600276099396,705.58432
forecast_2212,2025-04-03 04:00:00,2052.1476183685304,2410.046897088776,744.6678011384392
forecast_2213,2025-04-03 05:00:00,2168.0177253002166,2617.6626759043884,785.1244326002427
forecast_2214,2025-04-03 06:00:00,2172.1115300270085,2666.9781568092344,820.0406293637582
forecast_2215,2025-04-03 07:00:00,2311.6217196430207,2836.105376912079,882.8377845791321
forecast_2216,2025-04-03 08:00:00,2237.339539005814,2514.7538057931515,819.2916098485566
forecast_2217,2025-04-03 09:00:00,1855.7976711335375,2174.233398554192,676.48648
forecast_2218,2025-04-03 10:00:00,1388.5101221965028,1577.8214857961657,559.58864
forecast_2219,2025-04-03 11:00:00,1246.191281394844,1393.1611778766253,507.06408000000005
forecast_2220,2025-04-03 12:00:00,1181.060803319359,1277.8709600000002,455.16645600000004
forecast_2221,2025-04-03 13:00:00,1105.5340870642663,1252.5770400000001,455.16645600000004
forecast_2222,2025-04-03 14:00:00,1183.3764597500992,1353.5430604564667,460.39256
forecast_2223,2025-04-03 15:00:00,1162.4353994181442,1324.6391440826037,476.64704000000006
forecast_2224,2025-04-03 16:00:00,1215.3389689504625,1350.0858886756516,449.12552
forecast_2225,2025-04-03 17:00:00,1087.1610300954057,1286.6618994755172,331.60656
forecast_2226,2025-04-03 18:00:00,1426.7219269174957,1594.147381186104,457.42776000000003
forecast_2227,2025-04-03 19:00:00,1710.9519158610535,1859.2051361528397,575.91792
forecast_2228,2025-04-03 20:00:00,1869.4655315348818,2063.3174843984607,645.9632262733842
forecast_2229,2025-04-03 21:00:00,1882.6311306202697,2087.520507025871,775.6462737584305
forecast_2230,2025-04-03 22:00:00,2016.2896951096727,2345.2976996500015,1117.1351630330848
forecast_2231,2025-04-03 23:00:00,2632.794419763031,2799.8574967059326,1571.1162347210122
forecast_2232,2025-04-04 00:00:00,3751.2315522773747,3774.948364454842,2435.871430223408
forecast_2233,2025-04-04 01:00:00,4623.879947723694,4758.74636392212,3016.7179928989412
forecast_2234,2025-04-04 02:00:00,5714.4934458251955,6302.8562574470525,4409.911380307998
forecast_2235,2025-04-04 03:00:00,6585.9137353118895,7338.038999849701,5101.990526202011
forecast_2236,2025-04-04 04:00:00,7261.315860586548,8181.13099806366,6111.1184317641455
forecast_2237,2025-04-04 05:00:00,8433.758827804566,9312.531951474,7543.608324008179
forecast_2238,2025-04-04 06:00:00,8412.61192214966,9148.700769342042,6550.004722775574
forecast_2239,2025-04-04 07:00:00,7981.243760614015,8284.21739575348,5254.375210875703
forecast_2240,2025-04-04 08:00:00,7061.595378460083,7293.850117413331,3922.9335634648896
forecast_2241,2025-04-04 09:00:00,5983.124087789917,5286.309756030273,2827.5598407031252
forecast_2242,2025-04-04 10:00:00,2674.2301534355165,2431.149026453362,1076.9723449948883
forecast_2243,2025-04-04 11:00:00,1858.7414343389894,1737.2278719493486,747.3988320000001
forecast_2244,2025-04-04 12:00:00,1770.35956515625,1781.5723006428912,676.48648
forecast_2245,2025-04-04 13:00:00,1615.0177570586395,1537.8069847426225,643.640672
forecast_2246,2025-04-04 14:00:00,1576.1288033992005,1510.2903536349106,559.58864
forecast_2247,2025-04-04 15:00:00,1757.5595258197784,1605.8850956818771,623.7935200000001
forecast_2248,2025-04-04 16:00:00,2367.3021760326383,2242.514844277954,869.645913914032
forecast_2249,2025-04-04 17:00:00,2524.404271203995,2530.0559693901064,1083.0798388858605
forecast_2250,2025-04-04 18:00:00,2883.230214324341,2902.4487578620915,1331.4795840513802
forecast_2251,2025-04-04 19:00:00,2843.9851857073977,2902.8492106785584,1130.4934934615135
forecast_2252,2025-04-04 20:00:00,3555.9534132864383,3960.0456324310308,1679.062104014454
forecast_2253,2025-04-04 21:00:00,3411.8827640125655,4177.171145014954,1890.2828356691552
forecast_2254,2025-04-04 22:00:00,3426.5097933393863,4210.267694917603,1538.8429172899819
forecast_2255,2025-04-04 23:00:00,4579.085894387284,5208.116996779633,2123.6007096681406
forecast_2256,2025-04-05 00:00:00,5823.270010416871,7423.035353695679,3407.8317535910037
forecast_2257,2025-04-05 01:00:00,8953.09049342804,10918.20724054718,6036.625144102021
forecast_2258,2025-04-05 02:00:00,9780.319791059876,12264.0289126709,7552.968616775895
forecast_2259,2025-04-05 03:00:00,9307.752826748658,11529.63158624878,6457.246116679078
forecast_2260,2025-04-05 04:00:00,9948.595155726623,12278.9483108078,7565.014799463577
forecast_2261,2025-04-05 05:00:00,9266.111130560304,12145.2777868454,7052.79675758072
forecast_2262,2025-04-05 06:00:00,9162.03806721039,11907.973910192872,7654.2833834326175
forecast_2263,2025-04-05 07:00:00,6743.715065256043,9280.606436242677,4315.91328437172
forecast_2264,2025-04-05 08:00:00,5928.418320521546,8145.3720317504885,4037.3421787059024
forecast_2265,2025-04-05 09:00:00,4939.316034397125,6429.841574305726,2877.9407339538575
forecast_2266,2025-04-05 10:00:00,2798.464195408249,3314.159230628052,1081.7231470640563
forecast_2267,2025-04-05 11:00:00,4262.827561417389,5408.89411323761,2401.9493790940096
forecast_2268,2025-04-05 12:00:00,6989.361669238282,9418.904601445007,6594.808803117352
forecast_2269,2025-04-05 13:00:00,9261.500250080871,11860.415319772339,8708.348745720672
forecast_2270,2025-04-05 14:00:00,11446.372747520447,13688.908093371581,10420.908570315934
forecast_2271,2025-04-05 15:00:00,11211.334852546692,13545.044003634644,10052.2726874321
forecast_2272,2025-04-05 16:00:00,11895.175910507203,13706.29013900757,10530.715041759873
forecast_2273,2025-04-05 17:00:00,12913.39925300293,14182.913887423707,10853.200991651154
forecast_2274,2025-04-05 18:00:00,14785.323918551636,15474.682966882325,12233.836847381592
forecast_2275,2025-04-05 19:00:00,14803.21928562317,15147.35303018799,12393.012066316223
forecast_2276,2025-04-05 20:00:00,15289.7591030365,15932.136040158082,13584.81898341675
forecast_2277,2025-04-05 21:00:00,14690.465697576905,15584.34584473877,13185.491004483796
forecast_2278,2025-04-05 22:00:00,14201.245630941774,15420.76226261902,12657.35008746338
forecast_2279,2025-04-05 23:00:00,15254.78590435791,16663.743126971436,14152.049581957246
forecast_2280,2025-04-06 00:00:00,15790.66139788208,16822.81878959961,13507.331523720552
forecast_2281,2025-04-06 01:00:00,14208.120816143799,15008.577908078005,11808.912481990052
forecast_2282,2025-04-06 02:00:00,14318.814142575073,15520.97701442871,11983.12968341141
forecast_2283,2025-04-06 03:00:00,14909.304386743164,15805.316713659668,13054.733905132294
forecast_2284,2025-04-06 04:00:00,14714.77311979065,15198.999193450929,12267.766246047211
forecast_2285,2025-04-06 05:00:00,15463.679069677735,16308.730508587647,13496.367395603944
forecast_2286,2025-04-06 06:00:00,15267.617530892945,15625.33569944153,13095.29261113205
forecast_2287,2025-04-06 07:00:00,15735.538258969116,16069.631037023926,13277.532983857727
forecast_2288,2025-04-06 08:00:00,15436.269944772339,15908.528158770752,13086.490148742676
forecast_2289,2025-04-06 09:00:00,15349.558641934205,15291.1983805542,11934.437776173401
forecast_2290,2025-04-06 10:00:00,14481.078064599611,14029.812659210205,10446.071447595215
forecast_2291,2025-04-06 11:00:00,13081.852143399048,12557.896632839967,9269.720828924179
forecast_2292,2025-04-06 12:00:00,12904.943256448365,13256.202910849,9741.891793492508
forecast_2293,2025-04-06 13:00:00,13425.286609896852,13892.487292974854,11128.210828747558
forecast_2294,2025-04-06 14:00:00,14511.529976516724,14707.714066366578,11834.684725108336
forecast_2295,2025-04-06 15:00:00,14799.818167352296,14945.358614306642,11841.800145886993
forecast_2296,2025-04-06 16:00:00,13929.74163817444,14042.978721902466,11187.60045884018
forecast_2297,2025-04-06 17:00:00,13880.102404275514,13946.500627694702,11164.436725003816
forecast_2298,2025-04-06 18:00:00,13629.022175708007,13917.514327005005,10921.438586121369
forecast_2299,2025-04-06 19:00:00,13599.2895598938,14585.52272244568,11649.585077243042
forecast_2300,2025-04-06 20:00:00,13283.335384909058,13888.325587902833,11277.279827589417
forecast_2301,2025-04-06 21:00:00,13272.6957989563,14066.677479898071,11896.514863423921
forecast_2302,2025-04-06 22:00:00,14356.330579483032,15340.37563675232,12688.37451379471
forecast_2303,2025-04-06 23:00:00,14494.073705697632,15094.606857894898,12416.974277277375
forecast_2304,2025-04-07 00:00:00,14494.588503024293,15654.115747207643,13028.415633340453
forecast_2305,2025-04-07 01:00:00,15339.443411724853,16768.289930126954,13605.984421667481
forecast_2306,2025-04-07 02:00:00,15072.676928619385,16533.719705184936,13232.794397280122
forecast_2307,2025-04-07 03:00:00,14495.54707060547,15731.406978155519,12105.306233054353
forecast_2308,2025-04-07 04:00:00,14734.572775494385,15979.988391128541,12227.133230061341
forecast_2309,2025-04-07 05:00:00,14446.672547128297,15958.266275204469,12041.197264553834
forecast_2310,2025-04-07 06:00:00,14510.095575231935,15994.238319277954,12047.237043717956
forecast_2311,2025-04-07 07:00:00,14709.557279544068,16119.112827819825,11890.486109370422
forecast_2312,2025-04-07 08:00:00,13203.349283633424,14741.92961194458,10838.352569788362
forecast_2313,2025-04-07 09:00:00,12515.583280325318,14028.471075756837,10712.230134143449
forecast_2314,2025-04-07 10:00:00,11238.998537220765,12534.760567991638,9366.024368632126
forecast_2315,2025-04-07 11:00:00,10157.106896493531,11273.961007902528,8646.182340028
forecast_2316,2025-04-07 12:00:00,10338.25593011322,10333.724792855835,7833.223080653686
forecast_2317,2025-04-07 13:00:00,9885.169982966614,9670.475886544798,7661.646261284866
forecast_2318,2025-04-07 14:00:00,11416.954198373414,11290.991187321471,9088.792601232912
forecast_2319,2025-04-07 15:00:00,13044.921499902344,13779.960489794923,11052.730943763352
forecast_2320,2025-04-07 16:00:00,15083.815207730104,15675.956542764283,13009.680887947085
forecast_2321,2025-04-07 17:00:00,15682.30211177063,16480.326458950807,13206.905898246003
forecast_2322,2025-04-07 18:00:00,15362.399876443482,16534.357735803223,13591.306201313782
forecast_2323,2025-04-07 19:00:00,16374.559948620605,17777.463153219607,15503.61857029648
forecast_2324,2025-04-07 20:00:00,17793.245567211914,19052.341439813234,16015.65087182846
forecast_2325,2025-04-07 21:00:00,18156.56829562378,19679.452348809813,16212.659395150758
forecast_2326,2025-04-07 22:00:00,18761.45962866211,20280.15779365845,16167.085647740938
forecast_2327,2025-04-07 23:00:00,19377.963285867307,20719.706400000003,15259.949422457887
forecast_2328,2025-04-08 00:00:00,19155.3125538269,20587.4248,14237.314193641663
forecast_2329,2025-04-08 01:00:00,19115.531019607544,20651.7016,15066.458116016389
forecast_2330,2025-04-08 02:00:00,19382.09469593506,20482.468800000002,14200.96930336075
forecast_2331,2025-04-08 03:00:00,19766.969675930788,20568.275200000004,13521.368505874634
forecast_2332,2025-04-08 04:00:00,19845.630185787966,20592.72,16330.055158917237
forecast_2333,2025-04-08 05:00:00,19195.98115348816,20162.136143896485,16340.378345598603
forecast_2334,2025-04-08 06:00:00,18718.43409682007,18794.29003357239,15373.104258599855
forecast_2335,2025-04-08 07:00:00,18026.32753786316,18190.230801165773,14376.05979819107
forecast_2336,2025-04-08 08:00:00,17377.036780267335,17247.23738925171,13527.600463114168
forecast_2337,2025-04-08 09:00:00,16500.826002285765,15976.250524145507,12701.28939329834
forecast_2338,2025-04-08 10:00:00,14690.696276428223,14462.340508328249,11914.925470304108
forecast_2339,2025-04-08 11:00:00,14167.750635513306,13904.972127453613,10528.499251400757
forecast_2340,2025-04-08 12:00:00,14658.010251632692,14190.999099444582,10656.746057376098
forecast_2341,2025-04-08 13:00:00,14378.258085610963,14105.382353976442,10358.10599334717
forecast_2342,2025-04-08 14:00:00,13866.226042327882,12729.145548236083,9191.053621027757
forecast_2343,2025-04-08 15:00:00,12654.536331875612,10908.162038510132,7435.865418208695
forecast_2344,2025-04-08 16:00:00,8252.901655130005,6348.167987188721,4004.590159195633
forecast_2345,2025-04-08 17:00:00,5225.572839201355,4472.151032759095,2196.8901672030643
forecast_2346,2025-04-08 18:00:00,2602.55877124939,2333.8608252055355,990.9396101185798
forecast_2347,2025-04-08 19:00:00,1957.6479134876254,1883.1311517876054,516.5463932619095
forecast_2348,2025-04-08 20:00:00,1712.8949341449356,1476.930004296074,478.20676554837803
forecast_2349,2025-04-08 21:00:00,1613.683851527443,1500.3355102566147,492.1455627033806
forecast_2350,2025-04-08 22:00:00,1522.0309408978655,1568.9231638908004,543.381119004715
forecast_2351,2025-04-08 23:00:00,1623.0543220179368,1743.419923033409,586.1024963703728
forecast_2352,2025-04-09 00:00:00,1505.928282978287,1641.4095380263138,560.7441579649544
forecast_2353,2025-04-09 01:00:00,1575.4150471619796,1684.7297186608505,557.1545399707031
forecast_2354,2025-04-09 02:00:00,1563.3858999827578,1726.1214455895615,637.7609511563874
forecast_2355,2025-04-09 03:00:00,1550.16687934021,1656.1691722336197,565.1460390886765
forecast_2356,2025-04-09 04:00:00,1857.6111565639876,1815.2975842476274,582.1945668474198
forecast_2357,2025-04-09 05:00:00,1826.8935414094544,1923.2867721345901,623.5503970783615
forecast_2358,2025-04-09 06:00:00,2056.431859975929,1952.868391990471,669.3874790930939
forecast_2359,2025-04-09 07:00:00,2353.7741096532823,2416.4975973002624,852.0655968927765
forecast_2360,2025-04-09 08:00:00,2203.013230926743,2611.4828658613587,901.1719880245018
forecast_2361,2025-04-09 09:00:00,2095.241450540657,2504.150529979706,976.4012714686013
forecast_2362,2025-04-09 10:00:00,2068.388887657433,2578.3724209513853,781.59136
forecast_2363,2025-04-09 11:00:00,2334.892827733612,2769.2204467329407,955.8233511805344
forecast_2364,2025-04-09 12:00:00,3669.4865449050903,4159.8099148461915,2088.3820680468752
forecast_2365,2025-04-09 13:00:00,3436.9890097319035,3935.2167176994326,2160.1627861138913
forecast_2366,2025-04-09 14:00:00,3888.4218159622196,4863.76956461029,2385.1443061189275
forecast_2367,2025-04-09 15:00:00,4907.384647811127,5873.514383300781,3864.8949085600284
forecast_2368,2025-04-09 16:00:00,7227.544009841919,8774.470380586245,6154.974851163101
forecast_2369,2025-04-09 17:00:00,8433.440519592285,9822.813624060058,7634.031708133163
forecast_2370,2025-04-09 18:00:00,7913.932388653564,8731.737667680358,5740.92662478859
forecast_2371,2025-04-09 19:00:00,5539.576646782684,6033.070468673706,3074.951790044022
forecast_2372,2025-04-09 20:00:00,5728.054614031983,6348.044508243562,3224.079828972397
forecast_2373,2025-04-09 21:00:00,5261.582823258973,6145.9228792378235,2762.805461126423
forecast_2374,2025-04-09 22:00:00,7217.894606112671,8225.83183464966,4110.860205388184
forecast_2375,2025-04-09 23:00:00,7754.4201522460935,9181.275468830872,5053.090814975205
forecast_2376,2025-04-10 00:00:00,8086.6077256851195,9878.80885311737,5747.195077155686
forecast_2377,2025-04-10 01:00:00,7246.46134506836,8415.334255599977,4677.7255604114525
forecast_2378,2025-04-10 02:00:00,8372.577871836853,9403.021822799683,5678.783245222855
forecast_2379,2025-04-10 03:00:00,8974.249304248046,10366.735853590393,6205.098210777436
forecast_2380,2025-04-10 04:00:00,8418.506880401612,9631.798291038514,5633.134449783478
forecast_2381,2025-04-10 05:00:00,7687.363748361512,7840.140631256104,4300.184489922714
forecast_2382,2025-04-10 06:00:00,6561.381316103211,6761.32128523407,3639.2030828031925
forecast_2383,2025-04-10 07:00:00,5911.2461052597055,5726.529915870667,3196.5873308776095
forecast_2384,2025-04-10 08:00:00,5575.423796664124,5596.249523960876,2926.4288093244936
forecast_2385,2025-04-10 09:00:00,5462.7752406768805,5906.7532181857305,2457.9584139510343
forecast_2386,2025-04-10 10:00:00,4901.370814967042,4962.950281877136,2422.920274332428
forecast_2387,2025-04-10 11:00:00,4813.706783230591,4732.218458334351,2386.219748344498
forecast_2388,2025-04-10 12:00:00,3818.9750944265747,3470.1040789718627,1807.7790995308685
forecast_2389,2025-04-10 13:00:00,3611.0803625524904,3306.166742175141,1647.696335124054
forecast_2390,2025-04-10 14:00:00,3727.58088143219,3565.1694072280884,1767.6723701153567
forecast_2391,2025-04-10 15:00:00,4107.269965769959,3876.3178823251346,1773.4298771580504
forecast_2392,2025-04-10 16:00:00,4012.9044099636844,3906.3453732992557,1618.1608658808136
forecast_2393,2025-04-10 17:00:00,4103.682910404816,4160.233672882996,1785.153006893158
forecast_2394,2025-04-10 18:00:00,3590.4058498696904,3578.789322345734,1334.9167584968377
forecast_2395,2025-04-10 19:00:00,3592.52282128418,3688.4048393191533,1321.3960591641044
forecast_2396,2025-04-10 20:00:00,3333.437402577057,3289.4278670286562,1137.3213004725076
forecast_2397,2025-04-10 21:00:00,3213.744937633667,3277.249676614075,1095.629261855488
forecast_2398,2025-04-10 22:00:00,3812.2111105833437,3845.59079888382,1333.4963250491905
forecast_2399,2025-04-10 23:00:00,3781.9495151306155,3704.0955712599184,1431.0919017041588
forecast_2400,2025-04-11 00:00:00,3740.455772263642,3658.185103924103,1366.685131421337
forecast_2401,2025-04-11 01:00:00,2797.290535847626,2459.416933313179,1164.091246272259
forecast_2402,2025-04-11 02:00:00,2977.2977058959964,2564.6009939312366,1211.8834203063393
forecast_2403,2025-04-11 03:00:00,2738.4371087416075,2448.4922048850635,1135.498689896679
forecast_2404,2025-04-11 04:00:00,2471.5513505075073,2172.2779851556015,1012.8388034397126
forecast_2405,2025-04-11 05:00:00,2279.91550739563,2110.3046751501083,1027.2958444655228
forecast_2406,2025-04-11 06:00:00,2293.4871290216824,1935.4598875093461,918.309534514885
forecast_2407,2025-04-11 07:00:00,2010.071614787445,1848.039524415703,831.772724429512
forecast_2408,2025-04-11 08:00:00,1397.911304408989,1388.9980071071243,546.9699251499749
forecast_2409,2025-04-11 09:00:00,1141.5879765953066,1173.6082006937029,386.85057867707445
forecast_2410,2025-04-11 10:00:00,1044.346245783539,1130.4304732283401,307.750904
forecast_2411,2025-04-11 11:00:00,1058.7320844843293,1191.149536097069,318.74288
forecast_2412,2025-04-11 12:00:00,1070.7757016983032,1325.1838716244126,428.88984000000005
forecast_2413,2025-04-11 13:00:00,1081.0635840887453,1252.2247925774766,457.6592719261742
forecast_2414,2025-04-11 14:00:00,1125.3213960041808,1366.6854438814926,499.20755912461857
forecast_2415,2025-04-11 15:00:00,1214.9555123181533,1330.562109888115,541.6825645849037
forecast_2416,2025-04-11 16:00:00,1279.1427887638854,1327.4802615726853,445.3114859836769
forecast_2417,2025-04-11 17:00:00,1172.197086129532,1306.5653084096145,340.862992
forecast_2418,2025-04-11 18:00:00,1428.608623643036,1517.266399381981,448.09704000000005
forecast_2419,2025-04-11 19:00:00,2288.7991073686217,2199.254909713173,705.80984
forecast_2420,2025-04-11 20:00:00,3300.563721046448,3589.9937674293524,1510.5073788192558
forecast_2421,2025-04-11 21:00:00,3351.4472191053774,4172.322921180572,1604.5350626765633
forecast_2422,2025-04-11 22:00:00,3793.596554121399,4789.371605396118,1856.116468985157
forecast_2423,2025-04-11 23:00:00,4112.538289594803,5479.478077084504,2201.6275447063636
forecast_2424,2025-04-12 00:00:00,3685.768127109146,4446.542104692841,1770.6368267803764
forecast_2425,2025-04-12 01:00:00,2406.108449906082,2551.281968236542,944.2446570551682
forecast_2426,2025-04-12 02:00:00,3006.348309973908,3101.330897777252,1068.3875234535408
forecast_2427,2025-04-12 03:00:00,3734.400388554306,3952.476105543518,1442.7699236226845
forecast_2428,2025-04-12 04:00:00,4332.776300890274,5829.715554479219,2128.7369354961966
forecast_2429,2025-04-12 05:00:00,4448.17967793541,5680.788860004425,2166.3069462793924
forecast_2430,2025-04-12 06:00:00,4844.045724487305,6284.550405384064,2283.9783359179496
forecast_2431,2025-04-12 07:00:00,5808.140128586961,7475.483669187928,3072.9294060859493
forecast_2432,2025-04-12 08:00:00,5730.596743556366,6492.471867688904,2771.889959515934
forecast_2433,2025-04-12 09:00:00,7408.112173200226,9124.185268783569,4813.755934435178
forecast_2434,2025-04-12 10:00:00,7229.079888183594,9153.93833436737,5952.110972516956
forecast_2435,2025-04-12 11:00:00,7640.859296149445,10022.460836390686,6743.88112278452
forecast_2436,2025-04-12 12:00:00,9069.279052173615,10978.950348361206,7818.042371446514
forecast_2437,2025-04-12 13:00:00,9627.013952944946,12302.936681440735,8913.05062903595
forecast_2438,2025-04-12 14:00:00,9934.969027579498,12200.01586265564,8930.092003629685
forecast_2439,2025-04-12 15:00:00,9054.803578469086,10470.855497557068,7842.891268788242
forecast_2440,2025-04-12 16:00:00,8602.852145868683,10215.52834967041,7323.388227484799
forecast_2441,2025-04-12 17:00:00,8800.017164323424,10552.312041972351,7105.933332379436
forecast_2442,2025-04-12 18:00:00,11210.367007148743,12483.265956140138,8534.455404218388
forecast_2443,2025-04-12 19:00:00,11709.265156094361,13204.004615742493,8892.515680254746
forecast_2444,2025-04-12 20:00:00,13714.501583459474,14926.896657943726,10841.317100878525
forecast_2445,2025-04-12 21:00:00,13953.991136058045,15328.622197229004,10758.244928292466
forecast_2446,2025-04-12 22:00:00,14368.21905281067,15898.211637307739,11416.202897627642
forecast_2447,2025-04-12 23:00:00,15454.727377456666,16888.155115679932,12724.37264802742
forecast_2448,2025-04-13 00:00:00,16300.223641571045,17618.380176815794,13606.929097740554
forecast_2449,2025-04-13 01:00:00,15451.259428683472,17497.393114935305,13555.154454335785
forecast_2450,2025-04-13 02:00:00,14101.263023843385,15825.36050616455,11476.79794603882
forecast_2451,2025-04-13 03:00:00,15194.006156399537,16774.036217102053,12076.211746316529
forecast_2452,2025-04-13 04:00:00,14064.700419619752,16343.081031158448,13157.380123152923
forecast_2453,2025-04-13 05:00:00,16578.895574365233,17587.136839102175,13540.633924884796
forecast_2454,2025-04-13 06:00:00,17155.19515595398,17960.571577105715,13747.06969976578
forecast_2455,2025-04-13 07:00:00,18509.05659436035,19830.044508462524,15301.71553549347
forecast_2456,2025-04-13 08:00:00,18386.1216860199,19444.667366485595,15368.949584786988
forecast_2457,2025-04-13 09:00:00,18502.42823574219,19757.246829870608,15987.166705534364
forecast_2458,2025-04-13 10:00:00,16856.162104000854,18971.22582289124,15752.934190452577
forecast_2459,2025-04-13 11:00:00,15225.158036837769,18009.202395440676,15191.195627178955
forecast_2460,2025-04-13 12:00:00,15523.758170437623,18171.293265460205,15558.274973171998
forecast_2461,2025-04-13 13:00:00,15431.360767401124,18267.394934356693,15572.066271569063
forecast_2462,2025-04-13 14:00:00,15341.961694805908,18023.02481447754,15498.6066223938
forecast_2463,2025-04-13 15:00:00,15386.293949917603,18003.16881615601,15433.790245519258
forecast_2464,2025-04-13 16:00:00,16431.96091984558,17955.029600509646,15514.749457794953
forecast_2465,2025-04-13 17:00:00,17910.4444392395,19349.790852282713,16058.604005970003
forecast_2466,2025-04-13 18:00:00,18427.326549926758,19675.460401113894,16196.639658224487
forecast_2467,2025-04-13 19:00:00,18393.308180389406,19487.663961483766,16236.21460139618
forecast_2468,2025-04-13 20:00:00,17884.913170928958,19762.248655291747,16557.101091676333
forecast_2469,2025-04-13 21:00:00,18639.460290322873,19805.988500146486,16429.84573201294
forecast_2470,2025-04-13 22:00:00,18217.242263964843,19647.64974666443,16190.366614330293
forecast_2471,2025-04-13 23:00:00,16424.826137359618,18458.756201818847,15468.052351959992
forecast_2472,2025-04-14 00:00:00,16002.762345159914,18215.76923914795,15230.49290474167
forecast_2473,2025-04-14 01:00:00,14402.826397039797,17118.31948994751,13771.341899377441
forecast_2474,2025-04-14 02:00:00,12350.932299049378,15033.095277328492,10880.38474869423
forecast_2475,2025-04-14 03:00:00,10891.700640431214,13091.515592846681,9071.75318990898
forecast_2476,2025-04-14 04:00:00,9644.873846759034,11785.731025639345,7216.920120638275
forecast_2477,2025-04-14 05:00:00,8538.423970352174,10086.414722225953,6505.123957199478
forecast_2478,2025-04-14 06:00:00,6264.289069865418,6931.376603606415,3140.674544702816
forecast_2479,2025-04-14 07:00:00,4652.496360409394,5003.069335990143,1897.4841341752435
forecast_2480,2025-04-14 08:00:00,3892.608660489197,4315.110489942932,1775.2662273077965
forecast_2481,2025-04-14 09:00:00,3000.6097365235905,3440.8750762397767,1355.9540994968224
forecast_2482,2025-04-14 10:00:00,2630.304054163971,3022.486194446564,1289.009251930561
forecast_2483,2025-04-14 11:00:00,3963.7672538603215,4761.350150463867,2662.891247994461
forecast_2484,2025-04-14 12:00:00,4666.935582108155,5741.555622546997,2905.0704367528533
forecast_2485,2025-04-14 13:00:00,3815.396747620697,4675.886884469604,2599.3394713742828
forecast_2486,2025-04-14 14:00:00,2997.1703267889407,3239.8968774446107,1874.3480947957803
forecast_2487,2025-04-14 15:00:00,1728.8505740213013,1867.7812141700365,860.3558211339379
forecast_2488,2025-04-14 16:00:00,1846.5129054969789,2342.2191777416992,1039.9979575667
forecast_2489,2025-04-14 17:00:00,1830.620403901291,1878.2972735762407,716.70984
forecast_2490,2025-04-14 18:00:00,2877.465995919037,3398.180336616669,1428.8072869459154
forecast_2491,2025-04-14 19:00:00,2925.698014391251,4137.315003222657,1519.9914066749382
forecast_2492,2025-04-14 20:00:00,3454.7837993714907,4546.48092220993,1969.634119970379
forecast_2493,2025-04-14 21:00:00,4634.999798162842,5230.644053426819,2530.7777764450075
forecast_2494,2025-04-14 22:00:00,4875.233319120636,5495.797823838806,2593.116100467224
forecast_2495,2025-04-14 23:00:00,4868.996808825379,5173.875689520264,2183.514577585468
forecast_2496,2025-04-15 00:00:00,5135.92458854599,5510.850352037049,2190.213908082142
forecast_2497,2025-04-15 01:00:00,7451.888169242707,7696.500796954346,4084.4040647916413
forecast_2498,2025-04-15 02:00:00,7983.449400201417,8022.083690454103,4245.146634941482
forecast_2499,2025-04-15 03:00:00,7347.011533876801,6719.928589255524,3019.284158724537
forecast_2500,2025-04-15 04:00:00,6826.8838265968325,5995.03423889618,3255.6342403573417
forecast_2501,2025-04-15 05:00:00,6698.1020322784425,6230.520250160218,3349.8999010980224
forecast_2502,2025-04-15 06:00:00,6403.021306221009,6241.818575424805,3289.5361563905335
forecast_2503,2025-04-15 07:00:00,7249.009126881104,8263.325669380189,4544.162073217087
forecast_2504,2025-04-15 08:00:00,6962.60025499054,7451.336470678711,4372.50656056755
forecast_2505,2025-04-15 09:00:00,7813.060886950074,8405.344927562866,5662.783321407699
forecast_2506,2025-04-15 10:00:00,9415.548026513672,9647.570131338502,6319.866197281647
forecast_2507,2025-04-15 11:00:00,9781.264110934448,8997.13265605774,6531.523783416443
forecast_2508,2025-04-15 12:00:00,10034.996560263062,8655.60175519867,5943.866475024414
forecast_2509,2025-04-15 13:00:00,9825.73186765442,8662.476038619996,6228.340413388824
forecast_2510,2025-04-15 14:00:00,10996.772165704346,9859.890634828185,8142.19089974556
forecast_2511,2025-04-15 15:00:00,12117.268862545778,11734.282754562379,9037.940498600008
forecast_2512,2025-04-15 16:00:00,12612.49038236084,12192.121190216065,9471.929000377273
forecast_2513,2025-04-15 17:00:00,12951.289440460205,12550.031226000978,9711.388645577623
forecast_2514,2025-04-15 18:00:00,13381.254345999147,13558.877393081666,10576.099792926789
forecast_2515,2025-04-15 19:00:00,13860.16434899292,14014.16209780884,10839.71207228775
forecast_2516,2025-04-15 20:00:00,14952.137731051636,15418.212874673462,12490.75537118454
forecast_2517,2025-04-15 21:00:00,15712.256516986085,16581.919122232055,13954.984854273225
forecast_2518,2025-04-15 22:00:00,16852.2963085907,17907.886195776366,15749.747881573487
forecast_2519,2025-04-15 23:00:00,17256.950058895876,18318.013982003788,15833.387297711182
forecast_2520,2025-04-16 00:00:00,17333.318226235962,18427.741979205326,15691.287292507935
forecast_2521,2025-04-16 01:00:00,16643.441310992435,17967.68376841431,13684.72154048691
forecast_2522,2025-04-16 02:00:00,15898.013733331298,17126.532512603757,13123.902995452881
forecast_2523,2025-04-16 03:00:00,16160.48576589966,17227.038443893434,13143.89172556534
forecast_2524,2025-04-16 04:00:00,15798.243223443606,16544.301727444457,12157.4163183033
forecast_2525,2025-04-16 05:00:00,17224.823262438964,17820.73127345276,13640.210633275605
forecast_2526,2025-04-16 06:00:00,17763.901905075072,18522.045546102905,14751.6901929245
forecast_2527,2025-04-16 07:00:00,16279.116997799683,16090.918502404786,11822.786827993394
forecast_2528,2025-04-16 08:00:00,13548.709454345704,14908.1085821167,10969.603418263627
forecast_2529,2025-04-16 09:00:00,11856.089987683106,13605.424282553102,9561.416169535065
forecast_2530,2025-04-16 10:00:00,10293.640645895386,11745.61075899811,8804.375174423982
forecast_2531,2025-04-16 11:00:00,10074.70871799164,11382.925018328859,8504.880069655228
forecast_2532,2025-04-16 12:00:00,12141.045048580934,12960.051192990113,9897.044112220765
forecast_2533,2025-04-16 13:00:00,13618.794098928833,14538.099050354005,10936.148653300477
forecast_2534,2025-04-16 14:00:00,14862.95220078125,15720.707992391968,13081.516969671633
forecast_2535,2025-04-16 15:00:00,15812.668768786622,17107.61960212097,13568.946345590974
forecast_2536,2025-04-16 16:00:00,17339.32476543579,18404.89189703064,15012.728794667055
forecast_2537,2025-04-16 17:00:00,17876.819792849732,18997.941922018435,15998.136379168702
forecast_2538,2025-04-16 18:00:00,18098.712274087524,19200.916247857665,16078.510078029634
forecast_2539,2025-04-16 19:00:00,18401.798717709353,19503.138073641967,16263.939154140473
forecast_2540,2025-04-16 20:00:00,18579.10828754578,19579.371923699953,16279.35671074524
forecast_2541,2025-04-16 21:00:00,18734.27141716919,19928.611006314088,16353.494863091279
forecast_2542,2025-04-16 22:00:00,18345.26990732422,19660.2275761261,16131.21323567505
forecast_2543,2025-04-16 23:00:00,18186.313888262943,19560.297441394043,15862.50191061249
forecast_2544,2025-04-17 00:00:00,18615.682427453612,19653.633208880616,15940.893131877136
forecast_2545,2025-04-17 01:00:00,16916.348787789917,18758.047305755616,15093.597146975708
forecast_2546,2025-04-17 02:00:00,16188.038155697634,18338.809743408205,13960.39149290619
forecast_2547,2025-04-17 03:00:00,16392.576526519777,18407.233930200196,14715.371043620302
forecast_2548,2025-04-17 04:00:00,15617.26185057068,17361.31444706116,12816.532929902649
forecast_2549,2025-04-17 05:00:00,15392.172403863526,17133.664257159428,13070.559965557099
forecast_2550,2025-04-17 06:00:00,15486.29126437378,17548.48165666199,12975.65045181122
forecast_2551,2025-04-17 07:00:00,16514.524914489746,17937.712632247923,14751.532222044372
forecast_2552,2025-04-17 08:00:00,15552.863960568238,16981.62579234314,13984.126151993562
forecast_2553,2025-04-17 09:00:00,12754.224122528076,14383.581095379639,10777.523841408538
forecast_2554,2025-04-17 10:00:00,10280.97434384308,13283.461852633667,9773.151775180435
forecast_2555,2025-04-17 11:00:00,10248.679542929076,13097.231339590455,9817.484410507965
forecast_2556,2025-04-17 12:00:00,9801.803099049379,13004.789782034302,10024.574768098832
forecast_2557,2025-04-17 13:00:00,9591.867039030458,11441.728796966554,9405.648844608688
forecast_2558,2025-04-17 14:00:00,10685.7366087677,12872.22640541687,10394.539787529373
forecast_2559,2025-04-17 15:00:00,9573.373165940859,12334.885801345827,10178.39906762352
forecast_2560,2025-04-17 16:00:00,10985.72942843323,13976.19720395813,11631.27039736786
forecast_2561,2025-04-17 17:00:00,11912.07758781433,14396.952559280397,11518.455987361145
forecast_2562,2025-04-17 18:00:00,12154.362853768922,14569.569299435425,11674.217828823854
forecast_2563,2025-04-17 19:00:00,13027.28001572876,15323.542247473146,12403.983517266846
forecast_2564,2025-04-17 20:00:00,14095.470356060792,15829.71212046814,13408.914436604311
forecast_2565,2025-04-17 21:00:00,12727.242475753785,14913.338912664796,11554.606296602631
forecast_2566,2025-04-17 22:00:00,13664.359315573121,15432.909396887208,12900.852428925326
forecast_2567,2025-04-17 23:00:00,13827.728154711915,16227.021982727052,12594.592893460083
forecast_2568,2025-04-18 00:00:00,17235.28803399658,19009.62327364502,15425.561050123597
forecast_2569,2025-04-18 01:00:00,17223.50791636658,18755.779039083864,15567.973357802583
forecast_2570,2025-04-18 02:00:00,17699.77596387024,18874.928033618162,15625.04446878586
forecast_2571,2025-04-18 03:00:00,18533.830696249388,19763.344002832033,16057.18988223877
forecast_2572,2025-04-18 04:00:00,19034.399613128662,20077.34977297058,16363.73610868683
forecast_2573,2025-04-18 05:00:00,18614.141541763303,19376.495854934692,15923.707272215272
forecast_2574,2025-04-18 06:00:00,16911.205100234984,17603.04449197388,14033.627475146486
forecast_2575,2025-04-18 07:00:00,16432.501623812866,16699.421156765748,13410.876444225312
forecast_2576,2025-04-18 08:00:00,14280.333003121948,15181.785711590577,11279.387481306458
forecast_2577,2025-04-18 09:00:00,11776.944518338014,13213.739282107545,10055.166668526079
forecast_2578,2025-04-18 10:00:00,11661.446050967408,12804.566479736328,10246.56195457344
forecast_2579,2025-04-18 11:00:00,10953.430830036927,12227.490213082885,9549.329133038711
forecast_2580,2025-04-18 12:00:00,11949.123788575745,12673.788367147827,9692.69313385048
forecast_2581,2025-04-18 13:00:00,10673.181834498597,11270.99882218933,8789.30164361
forecast_2582,2025-04-18 14:00:00,10341.313406089783,10426.28238989563,8435.852799442979
forecast_2583,2025-04-18 15:00:00,8794.318600971987,9387.410031770323,6781.333331605225
forecast_2584,2025-04-18 16:00:00,8628.269345817567,8680.033893507385,6289.876981224442
forecast_2585,2025-04-18 17:00:00,7931.482656296692,8162.0018440048225,5670.710988184356
forecast_2586,2025-04-18 18:00:00,8886.415632499695,9156.392434068297,7081.455269266891
forecast_2587,2025-04-18 19:00:00,8866.588021569823,9840.768113168335,7369.032152768326
forecast_2588,2025-04-18 20:00:00,10157.600912443542,11183.185879785156,8873.545470565416
forecast_2589,2025-04-18 21:00:00,10838.863168762207,11834.829799249268,8939.97171630249
forecast_2590,2025-04-18 22:00:00,11663.51089022522,13369.590374227906,10183.020036767197
forecast_2591,2025-04-18 23:00:00,11278.290731768799,14178.770909207153,10472.273309516526
forecast_2592,2025-04-19 00:00:00,11481.749602954102,13933.748524429322,9980.957715536118
forecast_2593,2025-04-19 01:00:00,12027.691050120546,14763.59470770569,10626.5403568882
forecast_2594,2025-04-19 02:00:00,13930.845334820558,15821.218909896852,11477.49361031685
forecast_2595,2025-04-19 03:00:00,15196.888787890624,16459.971350640873,12809.425793540955
forecast_2596,2025-04-19 04:00:00,14783.73671196289,16453.134123422242,12933.543264600374
forecast_2597,2025-04-19 05:00:00,13486.259862936402,15178.773605593873,11417.860025887681
forecast_2598,2025-04-19 06:00:00,12808.23247861023,15463.769035238649,11441.561003588487
forecast_2599,2025-04-19 07:00:00,12000.529928416443,14480.160503518679,10385.28375286522
forecast_2600,2025-04-19 08:00:00,12190.737651527406,14602.79921875,10850.316274823379
forecast_2601,2025-04-19 09:00:00,11629.77441385193,14400.282470306396,10617.1125773777
forecast_2602,2025-04-19 10:00:00,11519.839707810976,13899.942014852906,10376.454866656875
forecast_2603,2025-04-19 11:00:00,11981.12345988617,13841.904778811646,11707.449742815781
forecast_2604,2025-04-19 12:00:00,14078.80350414734,16574.27652991028,14485.44335213623
forecast_2605,2025-04-19 13:00:00,15100.627669689942,17265.92655482178,15140.132664361574
forecast_2606,2025-04-19 14:00:00,15435.96997477112,17748.246228463744,15467.106065013886
forecast_2607,2025-04-19 15:00:00,15603.200810824586,17991.92689595947,15412.796640384675
forecast_2608,2025-04-19 16:00:00,16463.867950469972,18565.46805375671,15828.196297296905
forecast_2609,2025-04-19 17:00:00,16863.0266705658,18917.347678070066,16250.24060821991
forecast_2610,2025-04-19 18:00:00,17513.204662490847,18825.178883377077,15634.782569722749
forecast_2611,2025-04-19 19:00:00,16848.771584048463,18025.259003442385,14719.826617456056
forecast_2612,2025-04-19 20:00:00,16887.6644269104,17479.41505073547,14601.92466111374
forecast_2613,2025-04-19 21:00:00,16284.145572769165,16929.106014135745,14081.516391874697
forecast_2614,2025-04-19 22:00:00,14382.412634524537,15192.312301208498,11697.306864812852
forecast_2615,2025-04-19 23:00:00,11799.7035947464,12869.439004986572,10001.081748953247
forecast_2616,2025-04-20 00:00:00,10758.426025939942,11141.266171945192,8518.065581769944
forecast_2617,2025-04-20 01:00:00,10631.079061975097,11663.907176391602,8722.74445009079
forecast_2618,2025-04-20 02:00:00,8355.167149554443,8644.251386428834,5982.809147264175
forecast_2619,2025-04-20 03:00:00,5453.152342828675,5160.26630115509,2450.314960205612
forecast_2620,2025-04-20 04:00:00,4454.019255400848,4215.017462349701,1890.58109219965
forecast_2621,2025-04-20 05:00:00,2683.709709562683,2787.150441590271,977.1164425100708
forecast_2622,2025-04-20 06:00:00,2129.9134387537383,2195.752529541016,582.7595499497071
forecast_2623,2025-04-20 07:00:00,1693.724423539963,1799.7234615171815,503.5018982911492
forecast_2624,2025-04-20 08:00:00,1411.3656997140886,1464.816590281639,437.5287332109451
forecast_2625,2025-04-20 09:00:00,1185.3644060312652,1264.316371433487,435.5605639986038
forecast_2626,2025-04-20 10:00:00,1034.741913256731,1102.38496,407.6504
forecast_2627,2025-04-20 11:00:00,1097.9694842535591,1160.89552,306.53712
forecast_2628,2025-04-20 12:00:00,1128.5954746215248,1203.0116549290085,454.64928000000003
forecast_2629,2025-04-20 13:00:00,1045.8492069631386,1090.6113426710892,436.7495390381241
forecast_2630,2025-04-20 14:00:00,1067.6172800000002,1187.45232,455.16645600000004
forecast_2631,2025-04-20 15:00:00,1103.89512,1192.56664,457.42776000000003
forecast_2632,2025-04-20 16:00:00,1084.98936,1243.0023535699463,448.09704000000005
forecast_2633,2025-04-20 17:00:00,1054.9837251572706,1238.8234681518175,445.53925325193404
forecast_2634,2025-04-20 18:00:00,1081.40568,1237.9615123000717,383.522336
forecast_2635,2025-04-20 19:00:00,1198.5892925628664,1292.2147841360857,427.89880000000005
forecast_2636,2025-04-20 20:00:00,1426.8038612619782,1316.6876463525011,448.09704000000005
forecast_2637,2025-04-20 21:00:00,1382.7677325860213,1399.5285165508653,470.8420115137482
forecast_2638,2025-04-20 22:00:00,1832.622886035347,1865.5363388235091,780.1320058446541
forecast_2639,2025-04-20 23:00:00,1537.0808485926439,1550.4018548041154,537.6450022246474
forecast_2640,2025-04-21 00:00:00,1699.6304757258224,1534.162376719246,620.3396578823509
forecast_2641,2025-04-21 01:00:00,1531.75057000618,1644.1340443066788,557.7857560585594
forecast_2642,2025-04-21 02:00:00,1912.5377453191377,1928.7185470771792,554.336388924324
forecast_2643,2025-04-21 03:00:00,1725.8715231866836,1765.4323462875368,510.0338569391823
forecast_2644,2025-04-21 04:00:00,1800.4591066675187,1818.3686276119997,578.3926435575486
forecast_2645,2025-04-21 05:00:00,2153.1782084600827,1877.9955198900986,737.3137397801858
forecast_2646,2025-04-21 06:00:00,2305.1013453347778,2053.7719537682724,872.6765888194466
forecast_2647,2025-04-21 07:00:00,2740.8013065415957,2611.467409620972,943.227947681324
forecast_2648,2025-04-21 08:00:00,2763.3860674115754,2761.022626733856,865.8464405855638
forecast_2649,2025-04-21 09:00:00,2547.7501638310623,2832.8276575445557,847.1774862854234
forecast_2650,2025-04-21 10:00:00,2169.51348640419,2272.7588728126525,747.3988320000001
forecast_2651,2025-04-21 11:00:00,2072.8127287762836,2383.692503824463,793.76434467371
forecast_2652,2025-04-21 12:00:00,2120.8304058798603,2347.51468717804,898.3855741984939
forecast_2653,2025-04-21 13:00:00,2215.344650078583,2541.5870251901247,1037.7731563628197
forecast_2654,2025-04-21 14:00:00,2229.2111156057363,2564.159372687378,998.3148199342346
forecast_2655,2025-04-21 15:00:00,2217.4296225359726,2545.026992368126,1035.53579323349
forecast_2656,2025-04-21 16:00:00,2394.423999287415,2514.0735356374744,1030.6933171268847
forecast_2657,2025-04-21 17:00:00,2329.111196465302,2403.4744131343464,991.1266892708778
forecast_2658,2025-04-21 18:00:00,2498.369406910553,2823.5833341428756,1077.5734750806237
forecast_2659,2025-04-21 19:00:00,4258.42530308094,4901.5402208753585,2282.8703931007576
forecast_2660,2025-04-21 20:00:00,6747.299402272034,8092.372213726807,4125.611297501755
forecast_2661,2025-04-21 21:00:00,6429.139271390381,7992.452839127351,3893.5318577052312
forecast_2662,2025-04-21 22:00:00,8256.74682689667,9749.571121296693,5499.074191699982
forecast_2663,2025-04-21 23:00:00,8689.032801535035,10538.737729023744,6325.633713785096
forecast_2664,2025-04-22 00:00:00,8789.009392904663,10549.631092822265,5909.303129573822
forecast_2665,2025-04-22 01:00:00,9594.38872283783,11052.683124879455,7279.650517531815
forecast_2666,2025-04-22 02:00:00,10288.667869177247,11295.293491743469,7673.294363653565
forecast_2667,2025-04-22 03:00:00,7203.944903787385,8826.47794988556,4693.522490029526
forecast_2668,2025-04-22 04:00:00,7080.773795928345,8699.448622418213,4636.519486346817
forecast_2669,2025-04-22 05:00:00,5746.019880295564,8022.722027418518,3250.4373855220797
forecast_2670,2025-04-22 06:00:00,5295.370578164826,7735.139785769654,3454.0840646034244
forecast_2671,2025-04-22 07:00:00,4867.141167630768,6543.614206457215,2947.6017319396974
forecast_2672,2025-04-22 08:00:00,4381.402815130616,5458.808334068299,2689.0106826502233
forecast_2673,2025-04-22 09:00:00,6543.079621183777,8148.610741178894,4561.4552203484345
forecast_2674,2025-04-22 10:00:00,7523.635445462037,10210.960635969544,7448.025833094178
forecast_2675,2025-04-22 11:00:00,9839.110202885437,12176.22388546753,8936.214036894988
forecast_2676,2025-04-22 12:00:00,11086.785352746583,13772.829740386964,9860.969530296326
forecast_2677,2025-04-22 13:00:00,11267.501720797729,13751.32147548523,9463.76108033638
forecast_2678,2025-04-22 14:00:00,9443.800741740419,11595.186572729492,7070.123585094833
forecast_2679,2025-04-22 15:00:00,5258.074327913666,6166.8720581890875,2904.669854855709
forecast_2680,2025-04-22 16:00:00,3826.4814297225953,3757.1727258358765,1650.6634572731018
forecast_2681,2025-04-22 17:00:00,3146.921768532486,2795.9920955072025,1478.4216197389032
forecast_2682,2025-04-22 18:00:00,2435.267824594574,2387.534032859955,919.875165454197
forecast_2683,2025-04-22 19:00:00,3785.244587372742,3856.223910070801,1658.629602492962
forecast_2684,2025-04-22 20:00:00,4376.234534614563,5169.9739061032105,2046.6987068464662
forecast_2685,2025-04-22 21:00:00,4440.497372227173,3813.016621277924,1696.1653817772103
forecast_2686,2025-04-22 22:00:00,4251.201241851044,4060.277334244538,1586.4615653195
forecast_2687,2025-04-22 23:00:00,4888.7885910322575,5682.267774980316,2556.3734667549134
forecast_2688,2025-04-23 00:00:00,4957.907399002076,6397.506894885254,3037.045663167877
forecast_2689,2025-04-23 01:00:00,6815.17204482544,8665.355082940674,4442.229722962189
forecast_2690,2025-04-23 02:00:00,6871.511933869172,7202.545927180481,3940.74972566124
forecast_2691,2025-04-23 03:00:00,6521.843144966737,7275.930339557801,3686.6211700064086
forecast_2692,2025-04-23 04:00:00,5458.200198387146,6199.773115002441,3152.2678445152283
forecast_2693,2025-04-23 05:00:00,5579.355296653748,6237.042542018127,3050.6274744322204
forecast_2694,2025-04-23 06:00:00,5223.639451336823,5918.752706858216,2704.8109497003175
forecast_2695,2025-04-23 07:00:00,4575.111304181061,5160.718257327271,2320.7933175675203
forecast_2696,2025-04-23 08:00:00,3860.191023252716,4558.3386069024655,1969.0428890865326
forecast_2697,2025-04-23 09:00:00,2897.4197909321597,3490.5465830403136,1601.1645511371612
forecast_2698,2025-04-23 10:00:00,1760.8118041422654,1840.6896206051636,783.9875134204293
forecast_2699,2025-04-23 11:00:00,1458.9790429452896,1546.848802827492,450.669030894413
forecast_2700,2025-04-23 12:00:00,1355.8175335227586,1440.3723256605913,428.99664000000007
forecast_2701,2025-04-23 13:00:00,1112.9709997527887,1191.619503667946,393.57292800000005
forecast_2702,2025-04-23 14:00:00,1168.430033331604,1161.7115974457552,317.23408
forecast_2703,2025-04-23 15:00:00,1562.066434524994,1530.1124960639572,457.42776000000003
forecast_2704,2025-04-23 16:00:00,2049.6246305848695,1968.0291447059253,695.877389126339
forecast_2705,2025-04-23 17:00:00,2497.359950171051,2562.23758306427,918.4214284982414
forecast_2706,2025-04-23 18:00:00,2843.9242745079046,2999.4024929405214,958.6533607443048
forecast_2707,2025-04-23 19:00:00,3439.565913360367,3797.3157738974,1258.4537728118326
forecast_2708,2025-04-23 20:00:00,5632.476999745942,5551.929973288879,2640.877926041565
forecast_2709,2025-04-23 21:00:00,7211.405714565277,7372.105393446351,4974.70465070694
forecast_2710,2025-04-23 22:00:00,10417.122765797425,10137.671419111633,8125.897079271698
forecast_2711,2025-04-23 23:00:00,12122.892278961182,12808.806028823854,10270.249766087723
forecast_2712,2025-04-24 00:00:00,15590.748349237061,16003.574584341432,12904.801014895631
forecast_2713,2025-04-24 01:00:00,16197.301332876588,16385.989572799685,13091.073530158998
forecast_2714,2025-04-24 02:00:00,16483.84428755188,16628.301566381837,13062.958102088929
forecast_2715,2025-04-24 03:00:00,17305.19205389099,16982.50776775818,13845.453934668732
forecast_2716,2025-04-24 04:00:00,17495.55939843445,16880.66369914856,14473.78139561844
forecast_2717,2025-04-24 05:00:00,17357.991008935547,17441.603350735473,13880.483534490204
forecast_2718,2025-04-24 06:00:00,18004.12266185608,18099.174643286133,14881.069069419862
forecast_2719,2025-04-24 07:00:00,16676.02796434021,16817.926521401976,13186.91527071991
forecast_2720,2025-04-24 08:00:00,14060.058039239502,15135.40458505249,11631.443262031555
forecast_2721,2025-04-24 09:00:00,11240.401985232544,12357.061468096925,9387.221302451706
forecast_2722,2025-04-24 10:00:00,8997.327794044493,10645.066471371461,7853.9398128662115
forecast_2723,2025-04-24 11:00:00,10382.530002301026,11314.620231750489,8990.740552865602
forecast_2724,2025-04-24 12:00:00,11969.042659661865,13059.747409991456,10452.030688484574
forecast_2725,2025-04-24 13:00:00,13389.32009677124,14383.809565493775,11628.982928178406
forecast_2726,2025-04-24 14:00:00,15515.399618041993,16391.016214916992,13161.002126565552
forecast_2727,2025-04-24 15:00:00,16530.20775081787,17356.392796530155,13868.25105365677
forecast_2728,2025-04-24 16:00:00,16267.455210986329,17434.844753955076,14248.747932175445
forecast_2729,2025-04-24 17:00:00,16619.971704693606,17534.84819610596,14385.625878907013
forecast_2730,2025-04-24 18:00:00,16943.688286401368,17869.687387542726,14918.148334204865
forecast_2731,2025-04-24 19:00:00,17481.38897352905,18581.45754779358,15007.143213153076
forecast_2732,2025-04-24 20:00:00,17720.178122854617,18875.146469784544,14664.520754773714
forecast_2733,2025-04-24 21:00:00,17381.00933965149,18326.249124636844,15019.865320619203
forecast_2734,2025-04-24 22:00:00,16138.203437905884,16677.42760041199,12306.468098244477
forecast_2735,2025-04-24 23:00:00,15855.433079602051,16118.807556405642,11657.87858221283
forecast_2736,2025-04-25 00:00:00,15786.811571240236,15915.794473675538,11875.272569699096
forecast_2737,2025-04-25 01:00:00,15135.86931407776,15239.24658817444,10857.090157343293
forecast_2738,2025-04-25 02:00:00,14865.50091697693,15117.879447131349,11330.479118085099
forecast_2739,2025-04-25 03:00:00,14078.143563067628,14227.633861672975,10213.328934877396
forecast_2740,2025-04-25 04:00:00,13703.37726728821,13972.980912466432,10008.94967165413
forecast_2741,2025-04-25 05:00:00,13519.044569094849,13925.25052544861,9969.740719190599
forecast_2742,2025-04-25 06:00:00,14153.170403805543,14895.29432942505,10696.999118803787
forecast_2743,2025-04-25 07:00:00,13184.462242410278,13722.293343307496,9697.09245091362
forecast_2744,2025-04-25 08:00:00,13653.190383740235,13666.796676559448,9340.514202490616
forecast_2745,2025-04-25 09:00:00,13259.109385385133,13068.86496329956,9341.039161238481
forecast_2746,2025-04-25 10:00:00,13420.324702218628,13585.543377661133,9763.049459051133
forecast_2747,2025-04-25 11:00:00,13904.61657644043,13673.62698258667,9720.357308311843
forecast_2748,2025-04-25 12:00:00,13111.123011370852,13077.942178213501,9451.70035011406
forecast_2749,2025-04-25 13:00:00,12775.898829470825,12189.776866738892,8679.960794479754
forecast_2750,2025-04-25 14:00:00,12640.303220437621,12029.77026815796,8947.789499097062
forecast_2751,2025-04-25 15:00:00,12446.842557711792,11915.335807052614,8851.931978082277
forecast_2752,2025-04-25 16:00:00,12226.032526693727,11159.079507562257,8596.330285949707
forecast_2753,2025-04-25 17:00:00,12232.112808883669,11367.86023871765,8521.717027732087
forecast_2754,2025-04-25 18:00:00,12309.35199154358,11829.17456385193,9070.633781310273
forecast_2755,2025-04-25 19:00:00,12768.960751618957,12433.568534017946,9391.726132295607
forecast_2756,2025-04-25 20:00:00,13379.638057571412,13465.32831150818,10134.227528081894
forecast_2757,2025-04-25 21:00:00,15046.443698260498,15210.200173046876,11467.486891370392
forecast_2758,2025-04-25 22:00:00,14711.18769671936,14541.02722398987,10935.652107785034
forecast_2759,2025-04-25 23:00:00,13518.890045272827,13360.402963580324,9968.304598662948
forecast_2760,2025-04-26 00:00:00,12318.392162582399,12988.679187783813,9137.512114997102
forecast_2761,2025-04-26 01:00:00,10356.625391751099,11229.654422276306,7314.198847201538
forecast_2762,2025-04-26 02:00:00,11824.971169952392,12399.294408572388,8583.600555553054
forecast_2763,2025-04-26 03:00:00,14281.208824191286,15393.300065695192,11078.734233014678
forecast_2764,2025-04-26 04:00:00,14542.362608718873,15553.52281725769,11270.526731263351
forecast_2765,2025-04-26 05:00:00,14482.573416372681,15349.089636334229,11100.831936925508
forecast_2766,2025-04-26 06:00:00,14685.230622518922,16201.787320321657,11953.58334643898
forecast_2767,2025-04-26 07:00:00,14490.448524877931,15572.073605526733,12114.190207317353
forecast_2768,2025-04-26 08:00:00,14553.259545306399,15427.76223954773,12094.996114855194
forecast_2769,2025-04-26 09:00:00,13946.230921438599,15190.34627753296,11807.423997579193
forecast_2770,2025-04-26 10:00:00,12751.256244506836,13959.5957052948,11113.720119622421
forecast_2771,2025-04-26 11:00:00,13321.228307611083,14333.016140551757,11862.29795663681
forecast_2772,2025-04-26 12:00:00,13650.936082934571,14419.37425682068,11977.08552120743
forecast_2773,2025-04-26 13:00:00,13433.418618139649,14142.610300384522,11229.344904993439
forecast_2774,2025-04-26 14:00:00,14611.725234750367,15307.022469293213,12992.251076830293
forecast_2775,2025-04-26 15:00:00,16250.90850946045,16833.882849780275,13846.768620233917
forecast_2776,2025-04-26 16:00:00,15863.200184484864,16620.236680807495,13798.429651367951
forecast_2777,2025-04-26 17:00:00,16093.878389794923,17356.967544924926,15040.353081282045
forecast_2778,2025-04-26 18:00:00,17286.606826708987,18698.26467738037,15602.625826512909
forecast_2779,2025-04-26 19:00:00,18152.858161914064,19107.697328771974,15992.117935433198
forecast_2780,2025-04-26 20:00:00,18448.69281977234,19492.424892297364,16093.7100813797
forecast_2781,2025-04-26 21:00:00,18835.487679507445,19806.739393283082,16248.278294160462
forecast_2782,2025-04-26 22:00:00,19725.02861479187,20187.3911662323,16457.77881313324
forecast_2783,2025-04-26 23:00:00,19924.333817523195,20130.37526888733,16382.235314230347
forecast_2784,2025-04-27 00:00:00,19908.29675504761,20303.297244628906,16460.042266585544
forecast_2785,2025-04-27 01:00:00,20400.12438327942,20243.710955474853,16418.527082520297
forecast_2786,2025-04-27 02:00:00,20142.078204003905,20114.958042129518,16400.776561040497
forecast_2787,2025-04-27 03:00:00,19985.10323768616,20108.08413890991,16356.47913733902
forecast_2788,2025-04-27 04:00:00,19730.092010925295,20178.580888156128,16323.306651834107
forecast_2789,2025-04-27 05:00:00,19178.219015515137,19707.82830430603,15784.831199648286
forecast_2790,2025-04-27 06:00:00,18738.71803578186,19353.860856832885,15168.000455970003
forecast_2791,2025-04-27 07:00:00,17807.35100791626,18666.448945916745,15085.441059609986
forecast_2792,2025-04-27 08:00:00,16632.399166726686,17769.1543684021,15004.816010797884
forecast_2793,2025-04-27 09:00:00,15857.930749658204,16745.88785959778,13645.489249477389
forecast_2794,2025-04-27 10:00:00,15230.205600753785,15960.922436395265,13450.458170207216
forecast_2795,2025-04-27 11:00:00,15830.189934915163,16936.88840635681,14091.51829078827
forecast_2796,2025-04-27 12:00:00,16126.293980895996,17624.42939711914,14814.857851576235
forecast_2797,2025-04-27 13:00:00,16336.135878839112,17806.808304263308,15025.795014739228
forecast_2798,2025-04-27 14:00:00,16417.76176834717,17758.053926583863,14985.674353903962
forecast_2799,2025-04-27 15:00:00,16042.362577615357,17114.944294750974,13792.149767176057
forecast_2800,2025-04-27 16:00:00,15989.571222198487,17052.97194302368,14444.133917381288
forecast_2801,2025-04-27 17:00:00,15803.388707299804,17023.33534885254,13721.180111404421
forecast_2802,2025-04-27 18:00:00,15652.122654983521,16574.991533428954,13639.0938244545
forecast_2803,2025-04-27 19:00:00,15583.993685888672,17030.719785702517,14015.095903244019
forecast_2804,2025-04-27 20:00:00,16254.791024691775,17294.7797724762,14536.896972834016
forecast_2805,2025-04-27 21:00:00,15686.257355499269,16849.412019485477,13211.877219132997
forecast_2806,2025-04-27 22:00:00,17155.438150125123,18285.620176303102,14656.996448835755
forecast_2807,2025-04-27 23:00:00,16908.79321060791,18481.969837173463,15430.609885012054
forecast_2808,2025-04-28 00:00:00,16116.251458258057,17159.656816720584,13126.468016638946
forecast_2809,2025-04-28 01:00:00,16067.182920114135,16767.573445422364,13266.645663956451
forecast_2810,2025-04-28 02:00:00,15236.33490727234,16538.368983392334,12968.141586472322
forecast_2811,2025-04-28 03:00:00,15096.817704437257,16288.882872070315,12939.981314424134
forecast_2812,2025-04-28 04:00:00,13707.714698516846,15151.329841473389,10876.828568197632
forecast_2813,2025-04-28 05:00:00,11383.986332815553,13126.252209051514,9167.503606882095
forecast_2814,2025-04-28 06:00:00,10481.360633300783,11571.370420458985,8656.206811842729
forecast_2815,2025-04-28 07:00:00,9516.377752882385,10494.865712739564,7977.655059525299
forecast_2816,2025-04-28 08:00:00,7279.288558164673,7816.886408065797,4393.99657954445
forecast_2817,2025-04-28 09:00:00,4909.943770570373,4492.195194876099,2647.885589347458
forecast_2818,2025-04-28 10:00:00,5553.479051211548,5390.479443589173,3333.455537952576
forecast_2819,2025-04-28 11:00:00,9591.430907740783,9272.580016241456,7133.3138481575015
forecast_2820,2025-04-28 12:00:00,12236.67368538208,11594.476915103149,9226.229700073623
forecast_2821,2025-04-28 13:00:00,13342.708966482545,12699.267476080322,9427.663121018983
forecast_2822,2025-04-28 14:00:00,13686.244696060181,13372.800707852173,9404.777564649583
forecast_2823,2025-04-28 15:00:00,13854.827955682375,12639.51249835205,9138.042924091722
forecast_2824,2025-04-28 16:00:00,10663.510911802674,8038.854921730042,5253.487771210099
forecast_2825,2025-04-28 17:00:00,7338.925890083008,5385.766938536072,2995.009977538376
forecast_2826,2025-04-28 18:00:00,4705.643363905334,3992.176184304047,2122.504656854
forecast_2827,2025-04-28 19:00:00,4637.453258165741,4439.721566987152,1974.4038488784981
forecast_2828,2025-04-28 20:00:00,5301.1474263031005,4706.141536150818,2352.0168000000003
forecast_2829,2025-04-28 21:00:00,5557.377302707291,5869.154986054535,2583.11816
forecast_2830,2025-04-28 22:00:00,6067.743848113251,6052.425613743591,2622.00624
forecast_2831,2025-04-28 23:00:00,5373.194105558777,5555.878636269837,2493.8544634522436
forecast_2832,2025-04-29 00:00:00,5088.371850483322,5308.4146286964415,2523.0421384785272
forecast_2833,2025-04-29 01:00:00,3842.0229258415225,3502.9344125604252,1300.218793303013
forecast_2834,2025-04-29 02:00:00,3543.6805129628756,3053.4703055648806,1244.2712656580163
forecast_2835,2025-04-29 03:00:00,2833.103115952301,2569.7585234463504,1021.3368209070778
forecast_2836,2025-04-29 04:00:00,2638.868895432663,2307.882329991722,854.7325122104721
forecast_2837,2025-04-29 05:00:00,3610.414500789185,3253.3729360087586,1226.3848
forecast_2838,2025-04-29 06:00:00,4868.515367007141,5061.914137034607,2137.918385042477
forecast_2839,2025-04-29 07:00:00,5238.137659008026,5717.7233584121705,2548.166090679264
forecast_2840,2025-04-29 08:00:00,6371.602669591675,6924.332020884704,3709.731562718201
forecast_2841,2025-04-29 09:00:00,6736.680331263733,6633.699444482422,3974.538055643692
forecast_2842,2025-04-29 10:00:00,7867.226879620362,7504.119901974488,5279.318232248383
forecast_2843,2025-04-29 11:00:00,8016.898580644226,7927.817283992005,5405.9031714412695
forecast_2844,2025-04-29 12:00:00,7550.395011368713,7228.675926640931,5329.47500101822
forecast_2845,2025-04-29 13:00:00,7648.989737103271,6574.601828942872,4933.8352057815555
forecast_2846,2025-04-29 14:00:00,7080.522103405152,5966.946517103577,4862.880033894806
forecast_2847,2025-04-29 15:00:00,8466.201082019044,7876.597593688965,6486.211602037354
forecast_2848,2025-04-29 16:00:00,9306.468219549562,8773.246157455444,6271.785120895386
forecast_2849,2025-04-29 17:00:00,8511.323230952454,8116.257201860047,5691.984751897277
forecast_2850,2025-04-29 18:00:00,6786.916419260865,6218.736152465821,3893.5621659664157
forecast_2851,2025-04-29 19:00:00,10171.622754351807,10957.535158506775,8425.439209201431
forecast_2852,2025-04-29 20:00:00,13241.561918624879,14092.341380249025,11479.83208685112
forecast_2853,2025-04-29 21:00:00,15213.919502169801,15779.622305230714,13201.451089216614
forecast_2854,2025-04-29 22:00:00,18223.227585784916,18950.514589920043,15741.080998035432
forecast_2855,2025-04-29 23:00:00,19530.723289660644,19678.474838891605,16062.112525173186
forecast_2856,2025-04-30 00:00:00,18925.855002023316,19411.22737304993,15997.34707410431
forecast_2857,2025-04-30 01:00:00,19529.655340863035,19668.77414227295,15933.698677697756
forecast_2858,2025-04-30 02:00:00,20430.089584405516,20010.380898815918,16035.476230728149
forecast_2859,2025-04-30 03:00:00,20443.9265208374,20053.968349087525,16114.132610047913
forecast_2860,2025-04-30 04:00:00,20457.106632437135,20135.237002059937,16161.96328841095
forecast_2861,2025-04-30 05:00:00,20243.338552944948,19838.91103835144,16171.31424231186
forecast_2862,2025-04-30 06:00:00,19668.336852807617,19665.31866984253,16024.330579474641
forecast_2863,2025-04-30 07:00:00,18020.158516503907,18789.457977963255,15734.288855165101
forecast_2864,2025-04-30 08:00:00,16708.82409584961,17099.00111704712,14307.632824534609
forecast_2865,2025-04-30 09:00:00,16627.809567150878,17237.406100372318,14303.608353948975
forecast_2866,2025-04-30 10:00:00,14548.996825921633,15501.828246777344,12483.65080667496
forecast_2867,2025-04-30 11:00:00,13516.057209115601,15195.227373937989,12760.994429255676
forecast_2868,2025-04-30 12:00:00,12893.112762799072,14288.913485272218,12351.249829262544
forecast_2869,2025-04-30 13:00:00,11711.102350234985,13492.130976852417,11749.584077422332
forecast_2870,2025-04-30 14:00:00,10764.557105734253,12814.906840896607,10827.684760163116
forecast_2871,2025-04-30 15:00:00,10519.704406936646,12739.374957681275,10762.673655015946
forecast_2872,2025-04-30 16:00:00,9545.851904423524,11666.134051864623,9390.388346752548
forecast_2873,2025-04-30 17:00:00,7643.265584310303,9329.661380279542,7128.68546239296
forecast_2874,2025-04-30 18:00:00,6443.68978092804,7420.108873895264,5414.030481795121
forecast_2875,2025-04-30 19:00:00,5611.726695478058,6679.833678438111,4009.588199747086
forecast_2876,2025-04-30 20:00:00,5938.443971046448,7438.3243260955815,4965.360461802064
forecast_2877,2025-04-30 21:00:00,8086.128967010498,10164.844787678529,6247.772951969529
forecast_2878,2025-04-30 22:00:00,9837.182153034973,12016.63415609131,8214.902187654496
forecast_2879,2025-04-30 23:00:00,10725.710899856567,13247.234394708254,9637.745853936387
forecast_2880,2025-05-01 00:00:00,10664.506177786256,13030.274359701538,9353.308144096758
forecast_2881,2025-05-01 01:00:00,12269.146221333314,13725.276985258484,10308.950674989319
forecast_2882,2025-05-01 02:00:00,12947.264713772583,14366.291127267457,11100.885363817977
forecast_2883,2025-05-01 03:00:00,13927.761316857912,15630.793431781007,11713.612172813415
forecast_2884,2025-05-01 04:00:00,14969.343198657227,16523.366453308106,13010.433799134827
forecast_2885,2025-05-01 05:00:00,15067.857100332643,16706.06483387146,13153.40922364502
forecast_2886,2025-05-01 06:00:00,15675.479614691163,16873.18995878601,13281.934135308074
forecast_2887,2025-05-01 07:00:00,16552.922312698363,17353.677043731688,13766.080645275879
forecast_2888,2025-05-01 08:00:00,16470.930274383547,18308.75845686951,14777.572591223145
forecast_2889,2025-05-01 09:00:00,15966.532301895144,17048.03554126282,14107.859997624208
forecast_2890,2025-05-01 10:00:00,15019.861351144411,16988.32095351257,13732.612872973634
forecast_2891,2025-05-01 11:00:00,14720.795896844484,17002.449750973512,13960.877762065888
forecast_2892,2025-05-01 12:00:00,15173.661296054079,16906.40156569519,13536.18963251648
forecast_2893,2025-05-01 13:00:00,14083.680148764039,16934.583966833496,14285.695479836273
forecast_2894,2025-05-01 14:00:00,14650.048425997926,17648.192109033203,14240.632036288453
forecast_2895,2025-05-01 15:00:00,15431.278971850586,17902.794588778685,15592.298785433197
forecast_2896,2025-05-01 16:00:00,15662.125240524292,17714.164636721805,15932.893846774292
forecast_2897,2025-05-01 17:00:00,14628.156735427858,16308.478081643678,13844.534253613281
forecast_2898,2025-05-01 18:00:00,12275.502437158202,14309.41049402466,11449.09719142151
forecast_2899,2025-05-01 19:00:00,11406.691471902466,13787.602562173463,10088.212482229614
forecast_2900,2025-05-01 20:00:00,12147.046138272097,14668.720293801882,11254.701606791305
forecast_2901,2025-05-01 21:00:00,11027.533328007508,13408.543144982912,9231.950196648406
forecast_2902,2025-05-01 22:00:00,12353.585990922547,14138.224758624268,10409.550794515611
forecast_2903,2025-05-01 23:00:00,15926.61389386902,17024.92002797241,13163.206895735932
forecast_2904,2025-05-02 00:00:00,17849.18929171753,18368.129442855836,14411.489277224733
forecast_2905,2025-05-02 01:00:00,17080.86948850403,17485.66842882996,13448.980567869568
forecast_2906,2025-05-02 02:00:00,15995.401245736695,16765.240018447876,13433.64797996521
forecast_2907,2025-05-02 03:00:00,16208.144612503052,16857.549817022707,12169.724591474152
forecast_2908,2025-05-02 04:00:00,15210.802600457764,15762.925320455934,11882.34048365822
forecast_2909,2025-05-02 05:00:00,15736.27351555481,15971.364158401491,12362.746778255463
forecast_2910,2025-05-02 06:00:00,15827.715691207886,16828.913739727785,13184.239006607819
forecast_2911,2025-05-02 07:00:00,15241.744027331544,15479.578023928834,12470.369479554749
forecast_2912,2025-05-02 08:00:00,14613.857324667359,14757.469806747438,10986.930960430907
forecast_2913,2025-05-02 09:00:00,14310.39109503479,13761.64778397217,9949.532715011215
forecast_2914,2025-05-02 10:00:00,13060.662058932496,12327.060628985597,9074.423750814818
forecast_2915,2025-05-02 11:00:00,11634.688014920044,10749.355455581665,7449.3450259021765
forecast_2916,2025-05-02 12:00:00,10154.489478085328,8687.24092297058,5998.124468230439
forecast_2917,2025-05-02 13:00:00,9360.851045445252,7834.0665185995485,4948.907607771683
forecast_2918,2025-05-02 14:00:00,10171.601762387087,9084.372259954835,5648.586466218872
forecast_2919,2025-05-02 15:00:00,8920.694336154174,7837.178644222718,4719.37035433464
forecast_2920,2025-05-02 16:00:00,7775.902408020936,6897.81036319397,4343.204109064483
forecast_2921,2025-05-02 17:00:00,7075.007979977112,6450.93172108429,4168.39830545311
forecast_2922,2025-05-02 18:00:00,9288.400976646424,9464.248519602967,6422.941348760986
forecast_2923,2025-05-02 19:00:00,10326.920004818725,10469.25783444214,7951.272467287827
forecast_2924,2025-05-02 20:00:00,11320.030839819336,12428.448523902895,9200.166919556046
forecast_2925,2025-05-02 21:00:00,11744.365630444336,12312.450982669068,9345.016017436981
forecast_2926,2025-05-02 22:00:00,12169.829805044557,13383.439862907411,9188.033938008117
forecast_2927,2025-05-02 23:00:00,11800.89625953064,12808.487413453675,9077.820795637512
forecast_2928,2025-05-03 00:00:00,12183.148408966066,13284.993818750001,9335.151906885148
forecast_2929,2025-05-03 01:00:00,11776.781445713807,13685.630002224732,10406.101779553986
forecast_2930,2025-05-03 02:00:00,12109.095666024781,13407.15784204407,10347.345119949723
forecast_2931,2025-05-03 03:00:00,10574.862580903626,12228.550664663697,8557.50732958832
forecast_2932,2025-05-03 04:00:00,8925.227129408264,10232.490530758667,6913.171862893677
forecast_2933,2025-05-03 05:00:00,7981.900061107635,9427.255953775026,5471.7815049018855
forecast_2934,2025-05-03 06:00:00,5384.003672456361,5934.682863402405,3188.1496690723993
forecast_2935,2025-05-03 07:00:00,3504.114177655182,3703.085982117615,1389.6182160256767
forecast_2936,2025-05-03 08:00:00,4046.37897431839,4473.288780825043,1838.188577397461
forecast_2937,2025-05-03 09:00:00,5446.1623548172,6224.941735903015,3324.372795810852
forecast_2938,2025-05-03 10:00:00,8053.806779250183,9682.603180487062,5713.313296537781
forecast_2939,2025-05-03 11:00:00,11087.44452572632,13496.02294223938,9663.793189771652
forecast_2940,2025-05-03 12:00:00,12840.712335290527,14862.032546014405,10856.019880228805
forecast_2941,2025-05-03 13:00:00,12498.145690777588,14722.968312390138,10766.746506091691
forecast_2942,2025-05-03 14:00:00,11984.720333833313,13576.03518631592,10478.946113256838
forecast_2943,2025-05-03 15:00:00,13011.281156506348,13478.848995751954,10664.9861421772
forecast_2944,2025-05-03 16:00:00,13340.979357113647,13663.1989715271,10524.712661933137
forecast_2945,2025-05-03 17:00:00,12562.2780919693,12587.353566928101,9352.190554718018
forecast_2946,2025-05-03 18:00:00,13212.655989801025,13081.55232289734,9813.395390373611
forecast_2947,2025-05-03 19:00:00,14143.150623355104,14130.055375427248,11130.693877532196
forecast_2948,2025-05-03 20:00:00,15233.268697817994,15267.043837036133,13160.039076276398
forecast_2949,2025-05-03 21:00:00,15406.392638534548,15600.210000183106,12865.75401655426
forecast_2950,2025-05-03 22:00:00,15459.663255590822,15614.621277697755,12206.265035710907
forecast_2951,2025-05-03 23:00:00,15459.785078646852,15800.57889586792,12538.782024370576
forecast_2952,2025-05-04 00:00:00,15672.919406866456,16360.164972763061,13167.410987443543
forecast_2953,2025-05-04 01:00:00,14800.795103900147,16074.115553756714,12860.048774871064
forecast_2954,2025-05-04 02:00:00,14227.360137030031,15103.47414407654,11899.761510777666
forecast_2955,2025-05-04 03:00:00,14549.196847692872,15502.026995895387,10911.469920804215
forecast_2956,2025-05-04 04:00:00,15215.214532284546,15953.535918045045,11060.886146837996
forecast_2957,2025-05-04 05:00:00,15502.924512304688,16474.130509799194,10877.476164564896
forecast_2958,2025-05-04 06:00:00,15725.694613659667,16583.10897791748,11053.3413478199
forecast_2959,2025-05-04 07:00:00,15649.8308911438,16200.836075021361,11109.573259117127
forecast_2960,2025-05-04 08:00:00,15164.488883441163,15152.006060839843,9941.038395039748
forecast_2961,2025-05-04 09:00:00,14103.77967053833,13621.702655926514,9233.754671575547
forecast_2962,2025-05-04 10:00:00,14501.301198873902,13418.34389411316,9906.368285780716
forecast_2963,2025-05-04 11:00:00,14652.026403842165,13895.312342102052,10368.017321252823
forecast_2964,2025-05-04 12:00:00,15075.017453451539,15142.085291824342,11230.392010366058
forecast_2965,2025-05-04 13:00:00,15412.92093083191,15874.293061801149,12905.816886277771
forecast_2966,2025-05-04 14:00:00,15788.504070251465,16755.21311070557,13080.745170772554
forecast_2967,2025-05-04 15:00:00,16124.35324539795,17164.633573007202,13344.400619857026
forecast_2968,2025-05-04 16:00:00,16662.881271096805,17528.95547218323,13291.813708896638
forecast_2969,2025-05-04 17:00:00,16548.796131085204,17076.528140625,12366.706745606994
forecast_2970,2025-05-04 18:00:00,16287.85632102051,16763.913307217408,12162.881497219087
forecast_2971,2025-05-04 19:00:00,15607.036329760744,15979.788256530761,11142.636428413773
forecast_2972,2025-05-04 20:00:00,14873.992473492433,14724.716941485596,10407.591139086913
forecast_2973,2025-05-04 21:00:00,13048.539255860902,11939.28386569214,9099.555687299347
forecast_2974,2025-05-04 22:00:00,10485.123725559997,10063.044116790772,5683.512731581116
forecast_2975,2025-05-04 23:00:00,6065.61066919571,5936.244278538208,2785.1251498743436
forecast_2976,2025-05-05 00:00:00,4821.635645462952,4186.960376760064,1801.9409766614344
forecast_2977,2025-05-05 01:00:00,5220.347958203125,5397.22873187729,2311.963927304363
forecast_2978,2025-05-05 02:00:00,4418.271326747132,3848.797363860321,2120.8586749315837
forecast_2979,2025-05-05 03:00:00,5090.083268109131,4571.965552477264,2421.1958531616783
forecast_2980,2025-05-05 04:00:00,5148.012839153747,4222.819407215118,2246.4070057091712
forecast_2981,2025-05-05 05:00:00,3715.76150707016,2847.08382025013,1399.8280826496316
forecast_2982,2025-05-05 06:00:00,2663.483978421173,1980.070728265343,822.6442595957108
forecast_2983,2025-05-05 07:00:00,2209.2648596534727,1894.9697230054855,579.2580300159264
forecast_2984,2025-05-05 08:00:00,1393.7452720539857,1532.7130636066056,455.16645600000004
forecast_2985,2025-05-05 09:00:00,1213.4231040232278,1335.3702582624435,427.89880000000005
forecast_2986,2025-05-05 10:00:00,1086.914582711449,1203.2139911349107,307.750904
forecast_2987,2025-05-05 11:00:00,1056.639021745224,1029.547238586731,304.27976
forecast_2988,2025-05-05 12:00:00,1086.8345801663972,1055.6568074903487,312.20109659124375
forecast_2989,2025-05-05 13:00:00,992.1526261340141,1050.6879439520646,391.6443680493927
forecast_2990,2025-05-05 14:00:00,1214.4793582144928,1365.87118926136,654.1820778409539
forecast_2991,2025-05-05 15:00:00,1452.038078369522,1443.785063761406,758.0145698580361
forecast_2992,2025-05-05 16:00:00,1415.3528732477569,1524.0343972251892,559.4465892428323
forecast_2993,2025-05-05 17:00:00,1925.492130426941,1823.6074263027956,656.7193702471619
forecast_2994,2025-05-05 18:00:00,2622.636999576454,2603.9636332172013,881.3870672499467
forecast_2995,2025-05-05 19:00:00,4144.61863093731,4653.8719221165475,1668.8322400000002
forecast_2996,2025-05-05 20:00:00,3873.509405938721,4254.956987445832,1567.770424624424
forecast_2997,2025-05-05 21:00:00,3719.9669655373386,4324.603323222351,1675.8681161487389
forecast_2998,2025-05-05 22:00:00,4897.120262888489,5286.9146322372435,2276.965928280869
forecast_2999,2025-05-05 23:00:00,3901.730679430237,4083.624043058014,1600.1936998540689
forecast_3000,2025-05-06 00:00:00,4281.499533634491,4552.423567129821,1683.5632453791047
forecast_3001,2025-05-06 01:00:00,1814.4347853510667,1825.7293034588624,642.465440412941
forecast_3002,2025-05-06 02:00:00,1743.2432001465606,1932.0608888201905,837.0787983284722
forecast_3003,2025-05-06 03:00:00,1763.6146848322296,1867.043963838501,879.4118946144677
forecast_3004,2025-05-06 04:00:00,1683.1518522322847,1826.1100607365418,855.616773291874
forecast_3005,2025-05-06 05:00:00,2218.411600702057,2305.920044409485,980.7687415560188
forecast_3006,2025-05-06 06:00:00,2382.648503250809,2611.26629207901,883.887790032238
forecast_3007,2025-05-06 07:00:00,2676.8931299662017,2851.846792043915,949.6164059673882
forecast_3008,2025-05-06 08:00:00,2596.2751707316593,2813.793784766388,978.186099547863
forecast_3009,2025-05-06 09:00:00,2246.4439605883026,2560.927500909424,955.3253984486199
forecast_3010,2025-05-06 10:00:00,1573.212808586998,1862.6798014710619,708.1894104760095
forecast_3011,2025-05-06 11:00:00,1340.6957312132931,1473.67616,455.286
forecast_3012,2025-05-06 12:00:00,1250.9063237025834,1471.4374817459106,455.286
forecast_3013,2025-05-06 13:00:00,1348.2086269804001,1485.601391470299,528.8977308948936
forecast_3014,2025-05-06 14:00:00,1433.8049132241822,1728.8196864072038,643.640672
forecast_3015,2025-05-06 15:00:00,1621.945694934082,1905.1234466866686,646.6753920000001
forecast_3016,2025-05-06 16:00:00,1440.508060148926,1908.5183361935426,516.8434396256448
forecast_3017,2025-05-06 17:00:00,1284.0471862962722,1629.6249876116942,521.8974344901085
forecast_3018,2025-05-06 18:00:00,1347.0531190338515,1543.7245079563904,477.18936433115005
forecast_3019,2025-05-06 19:00:00,1370.3352660272599,1423.207173327446,445.9093479250908
forecast_3020,2025-05-06 20:00:00,1463.8182999683381,1552.4751244001773,576.1494695107041
forecast_3021,2025-05-06 21:00:00,1809.9094717965318,1805.9781647903444,718.7077540281487
forecast_3022,2025-05-06 22:00:00,2458.248541482544,2471.607513787842,1090.44241094693
forecast_3023,2025-05-06 23:00:00,2601.3666655929565,2629.851926616974,1222.2476891142846
forecast_3024,2025-05-07 00:00:00,2852.3474992990114,3040.1686123336794,1409.5828844476318
forecast_3025,2025-05-07 01:00:00,3760.0295586433413,3300.2337394628908,1628.808135597687
forecast_3026,2025-05-07 02:00:00,3478.5955743083196,3145.788189386597,1421.4086504904747
forecast_3027,2025-05-07 03:00:00,3217.5892551856996,2836.2922554426577,1280.791545709133
forecast_3028,2025-05-07 04:00:00,2813.62419739212,2831.0377559051517,1488.7099296331216
forecast_3029,2025-05-07 05:00:00,4012.9076523033145,3415.5621293101503,1849.4795835418702
forecast_3030,2025-05-07 06:00:00,4136.701511154938,3777.4227450636295,1943.0587930795289
forecast_3031,2025-05-07 07:00:00,4184.100089779816,3746.287734069977,1905.2380702251435
forecast_3032,2025-05-07 08:00:00,3894.2349524635315,3270.523579033814,1598.062701558609
forecast_3033,2025-05-07 09:00:00,2787.123981847992,2940.5356171470644,1331.1049919339944
forecast_3034,2025-05-07 10:00:00,2968.8342162694553,2856.8507170326234,1188.4007445656205
forecast_3035,2025-05-07 11:00:00,2664.513560020218,2571.9076115104676,1081.3228404718398
forecast_3036,2025-05-07 12:00:00,2747.8038756922915,2633.11953893219,1072.6007313892746
forecast_3037,2025-05-07 13:00:00,2493.5249911870574,2444.142476139679,921.1221515438081
forecast_3038,2025-05-07 14:00:00,2637.749955533371,2468.9098399197005,944.9487477447319
forecast_3039,2025-05-07 15:00:00,2213.3896217677307,1993.202081190796,668.9502309934426
forecast_3040,2025-05-07 16:00:00,2062.19617980629,1958.0641637823487,648.3826386307145
forecast_3041,2025-05-07 17:00:00,1910.104674476471,1786.2301575846482,705.199595125267
forecast_3042,2025-05-07 18:00:00,1763.8745542391207,1767.5258059527969,543.2691126413918
forecast_3043,2025-05-07 19:00:00,2007.5849706061936,2144.167570554924,832.1931561261864
forecast_3044,2025-05-07 20:00:00,2762.6890728398134,3039.053708731079,1124.9601643301962
forecast_3045,2025-05-07 21:00:00,5158.20539646164,5752.927313639832,2588.0746230345158
forecast_3046,2025-05-07 22:00:00,5797.450348490906,6208.1147168161015,3364.5812255279543
forecast_3047,2025-05-07 23:00:00,8010.742612554932,8090.586973377991,4904.207335594635
forecast_3048,2025-05-08 00:00:00,5763.291118022155,5836.963838591003,2856.2539962846377
forecast_3049,2025-05-08 01:00:00,5473.978887386322,5695.869091946716,2649.779043658066
forecast_3050,2025-05-08 02:00:00,7586.92828869812,7457.387267688294,3817.8901238545227
forecast_3051,2025-05-08 03:00:00,9386.302103814698,9435.659119033815,5928.411846659469
forecast_3052,2025-05-08 04:00:00,12109.417818278504,12025.021353811646,7857.24581788437
forecast_3053,2025-05-08 05:00:00,11071.554268521119,10793.439427001953,6264.421373826218
forecast_3054,2025-05-08 06:00:00,8831.0137715271,8656.562409390259,4614.034211122818
forecast_3055,2025-05-08 07:00:00,5472.174206433106,5473.0084050364685,2905.1802701840975
forecast_3056,2025-05-08 08:00:00,3712.7883126819615,3728.4913386088565,1644.9498154367639
forecast_3057,2025-05-08 09:00:00,2221.3113345155334,2220.4981336860656,821.3528944816971
forecast_3058,2025-05-08 10:00:00,1346.993558311615,1422.4394448799515,455.286
forecast_3059,2025-05-08 11:00:00,1088.0998079887772,1305.5522425514603,428.352928
forecast_3060,2025-05-08 12:00:00,1294.201607553177,1464.8970540740586,454.77056000000005
forecast_3061,2025-05-08 13:00:00,1483.6132302404023,1491.2049783105851,508.86768000000006
forecast_3062,2025-05-08 14:00:00,2522.4554508448796,3155.962327038269,1636.3013309185983
forecast_3063,2025-05-08 15:00:00,2511.155809972916,2595.487519667969,1147.0274721142769
forecast_3064,2025-05-08 16:00:00,3191.8167669059753,3509.5612431362915,1969.7001740729524
forecast_3065,2025-05-08 17:00:00,3200.5023426849366,3575.093152184143,1823.0032118968202
forecast_3066,2025-05-08 18:00:00,3661.8720247543333,4062.9507629905706,2198.785629683991
forecast_3067,2025-05-08 19:00:00,4505.152416082382,5543.327674291229,2796.39017676878
forecast_3068,2025-05-08 20:00:00,3855.6794320503236,3974.0774356178285,1372.045583012619
forecast_3069,2025-05-08 21:00:00,3622.1908262718202,4059.9290653586963,1386.2132909367563
forecast_3070,2025-05-08 22:00:00,3189.0017009046937,3322.2874286770634,1323.8619169170952
forecast_3071,2025-05-08 23:00:00,3132.0676263383484,3055.5048175880816,1131.550092446003
forecast_3072,2025-05-09 00:00:00,4389.515633605118,4955.48392265606,1900.7660580379486
forecast_3073,2025-05-09 01:00:00,5904.020882078705,7282.579864201356,3165.7425352054597
forecast_3074,2025-05-09 02:00:00,6911.578861728669,8290.965762627413,3441.4855847998047
forecast_3075,2025-05-09 03:00:00,4915.283722182541,5515.927767969322,2094.529988165379
forecast_3076,2025-05-09 04:00:00,5209.585438323593,6717.015678913307,2403.8161066158486
forecast_3077,2025-05-09 05:00:00,4021.392045579529,4005.699451696739,1310.12424
forecast_3078,2025-05-09 06:00:00,3324.183258826294,3495.6595549837875,1124.3407921244623
forecast_3079,2025-05-09 07:00:00,3271.549928191681,2984.8818967287066,886.0070400000001
forecast_3080,2025-05-09 08:00:00,3087.1898031156925,2850.112715073967,853.2187509688301
forecast_3081,2025-05-09 09:00:00,3013.504180699463,3161.7698896347047,1250.4334710850335
forecast_3082,2025-05-09 10:00:00,4798.394279892273,5313.003855514527,2548.2600133420565
forecast_3083,2025-05-09 11:00:00,5124.310791563874,5385.59301123108,2452.7480490441894
forecast_3084,2025-05-09 12:00:00,7266.50722881775,7401.192105914917,3817.1074237003327
forecast_3085,2025-05-09 13:00:00,8787.491691375733,10144.220236224366,6336.865526781083
forecast_3086,2025-05-09 14:00:00,11092.294022642518,13168.821427975465,9985.760018489838
forecast_3087,2025-05-09 15:00:00,11712.451638235474,13227.278705148317,9217.258935268022
forecast_3088,2025-05-09 16:00:00,11813.263654278566,13529.457213552858,9967.356586910248
forecast_3089,2025-05-09 17:00:00,12089.998722001648,13583.504597425843,9711.923183997727
forecast_3090,2025-05-09 18:00:00,10882.96818765335,12773.964294839478,9012.779361233903
forecast_3091,2025-05-09 19:00:00,9632.115235953523,10725.245947515868,6351.200271253587
forecast_3092,2025-05-09 20:00:00,6363.5922414916995,6008.882222803955,2812.420492770996
forecast_3093,2025-05-09 21:00:00,4354.445280752716,4030.7469454627994,1251.0523231749535
forecast_3094,2025-05-09 22:00:00,3238.2794196350096,3101.3382228596497,812.255501828804
forecast_3095,2025-05-09 23:00:00,3584.8362484632876,3637.8143398841858,1236.657878933506
forecast_3096,2025-05-10 00:00:00,7902.860202919007,7611.8790068219,4593.279279037095
forecast_3097,2025-05-10 01:00:00,12889.125646011353,13787.104290316773,10505.217695816422
forecast_3098,2025-05-10 02:00:00,13872.012149908449,15407.35935949402,11758.85268163414
forecast_3099,2025-05-10 03:00:00,14329.416835784912,16322.262070846558,12534.671650086213
forecast_3100,2025-05-10 04:00:00,14886.661645477296,16999.40690940857,13056.212255301667
forecast_3101,2025-05-10 05:00:00,14870.364687249756,17367.910757058715,13152.945229354096
forecast_3102,2025-05-10 06:00:00,16054.46353027649,17969.4951998291,14219.23986656723
forecast_3103,2025-05-10 07:00:00,18103.547068594362,18924.40537192383,15860.98302906189
forecast_3104,2025-05-10 08:00:00,18548.538314627076,19671.692894976808,16251.535594720459
forecast_3105,2025-05-10 09:00:00,18725.327268817142,19674.9653428894,16400.445570013428
forecast_3106,2025-05-10 10:00:00,18827.880670889284,19735.94850661316,16493.577808264163
forecast_3107,2025-05-10 11:00:00,18944.13872437439,19788.89026190796,16476.5433201622
forecast_3108,2025-05-10 12:00:00,18626.497914688112,19607.49344064331,16386.40792605972
forecast_3109,2025-05-10 13:00:00,18377.653585534666,19086.634415838624,16161.040923830415
forecast_3110,2025-05-10 14:00:00,18761.568534429935,19615.93694408264,16434.133753845214
forecast_3111,2025-05-10 15:00:00,18362.437517861938,19335.9333478302,16201.11353223648
forecast_3112,2025-05-10 16:00:00,17370.016415588383,18021.74759866333,15748.5710095932
forecast_3113,2025-05-10 17:00:00,16333.281797546388,16902.887970855714,13625.911080406953
forecast_3114,2025-05-10 18:00:00,15177.20713182373,15478.829920071412,12529.753023822022
forecast_3115,2025-05-10 19:00:00,13478.754372250367,14242.953333410645,10950.90292453804
forecast_3116,2025-05-10 20:00:00,12351.228006921388,12413.623638406374,9503.608131890487
forecast_3117,2025-05-10 21:00:00,9966.270303570556,10352.014201150512,6786.725586743088
forecast_3118,2025-05-10 22:00:00,10368.976621255493,11326.646515362549,7740.920820670319
forecast_3119,2025-05-10 23:00:00,9394.245981813048,10175.946448120118,6141.106909491348
forecast_3120,2025-05-11 00:00:00,7733.3347481082155,8089.5198701080335,4708.302847264633
forecast_3121,2025-05-11 01:00:00,8715.36735219574,9939.386086975097,6095.987430545044
forecast_3122,2025-05-11 02:00:00,9201.511053419494,10239.203358506775,6394.873856333543
forecast_3123,2025-05-11 03:00:00,8326.092084300231,9107.409885490419,5873.6543535421
forecast_3124,2025-05-11 04:00:00,8148.559123629761,8896.778676397706,5515.59494164505
forecast_3125,2025-05-11 05:00:00,8685.746215086365,9283.088880288698,6010.164126334763
forecast_3126,2025-05-11 06:00:00,6556.455571578979,7018.788413301697,3536.5884103818516
forecast_3127,2025-05-11 07:00:00,4956.1731372245795,5529.196684980774,2540.778967073059
forecast_3128,2025-05-11 08:00:00,4660.5457080075075,4525.730170719909,2134.00095797493
forecast_3129,2025-05-11 09:00:00,2788.127648478699,2829.4709659111027,1218.9310323064155
forecast_3130,2025-05-11 10:00:00,1857.3335365524674,1903.7376720610046,851.3273805046273
forecast_3131,2025-05-11 11:00:00,1788.6367010246277,1935.1781180412293,830.8651060459405
forecast_3132,2025-05-11 12:00:00,1959.98748473938,2025.5457779527285,925.5577914435158
forecast_3133,2025-05-11 13:00:00,2538.8566325294496,2680.357587450867,1035.7422215901756
forecast_3134,2025-05-11 14:00:00,3942.955747869873,3939.282939382172,1649.0191826014138
forecast_3135,2025-05-11 15:00:00,3850.6760115825655,3873.1324462440493,2123.544700014706
forecast_3136,2025-05-11 16:00:00,4310.578040514374,4239.632333699341,2105.701219425812
forecast_3137,2025-05-11 17:00:00,4700.354807569885,4579.596030911254,2054.3971934597016
forecast_3138,2025-05-11 18:00:00,4619.226746410828,4290.484956262817,1907.2653467066193
forecast_3139,2025-05-11 19:00:00,5066.498205259704,5493.807406428986,2712.82435598793
forecast_3140,2025-05-11 20:00:00,7703.1803357299805,7331.261647461243,4930.18099500618
forecast_3141,2025-05-11 21:00:00,9908.290387838746,10498.302837033081,7511.994268047333
forecast_3142,2025-05-11 22:00:00,12004.186037295533,12815.795342538453,9256.059200410844
forecast_3143,2025-05-11 23:00:00,13221.44736925354,14266.071588897707,10352.188174720382
forecast_3144,2025-05-12 00:00:00,13757.624812615968,14836.886986108399,11250.541856114198
forecast_3145,2025-05-12 01:00:00,12691.538664404297,14163.008717807008,10338.614193899155
forecast_3146,2025-05-12 02:00:00,13554.797102902223,14940.338361602784,11157.062029736328
forecast_3147,2025-05-12 03:00:00,14412.065995736695,15640.476860421753,11831.573549196624
forecast_3148,2025-05-12 04:00:00,14846.90790229187,16055.156537109375,13011.54070619812
forecast_3149,2025-05-12 05:00:00,15476.246410818481,16079.974327200318,13345.24175606537
forecast_3150,2025-05-12 06:00:00,15003.832933200074,15653.219599453736,12153.13517316208
forecast_3151,2025-05-12 07:00:00,13873.708027182009,15446.96797406311,12172.873834866334
forecast_3152,2025-05-12 08:00:00,13159.383521972657,14091.882410824586,10613.147152767182
forecast_3153,2025-05-12 09:00:00,12991.593453729249,13656.960769445803,9885.10278827591
forecast_3154,2025-05-12 10:00:00,12288.32999347229,12887.796313647463,9444.140799113848
forecast_3155,2025-05-12 11:00:00,11045.179375436403,11427.165785412599,8049.560564270935
forecast_3156,2025-05-12 12:00:00,10738.764714582825,11225.858084637452,8404.300327114488
forecast_3157,2025-05-12 13:00:00,10160.19024781494,9951.77857848816,6957.937190805054
forecast_3158,2025-05-12 14:00:00,9309.604582115175,8591.924201361086,6133.516096343384
forecast_3159,2025-05-12 15:00:00,9384.78827240906,8793.669005523683,6336.456613491059
forecast_3160,2025-05-12 16:00:00,9811.538577461244,9313.10154876709,7281.387488564683
forecast_3161,2025-05-12 17:00:00,10189.15938507843,9769.806642312622,7441.133635939026
forecast_3162,2025-05-12 18:00:00,10325.843244151307,9842.301601780702,7832.815831301804
forecast_3163,2025-05-12 19:00:00,12099.110824000549,12394.28769148865,9467.625226887892
forecast_3164,2025-05-12 20:00:00,14209.008321554567,14273.97689406128,11407.92229884491
forecast_3165,2025-05-12 21:00:00,16359.331500509645,16193.419834790038,13300.835825390626
forecast_3166,2025-05-12 22:00:00,17756.06397519836,18135.364248663333,15146.262871672821
forecast_3167,2025-05-12 23:00:00,18022.46385214539,18332.584207556152,15665.036169841005
forecast_3168,2025-05-13 00:00:00,19370.173547119142,19201.262619134523,15832.474880358888
forecast_3169,2025-05-13 01:00:00,20563.548665939332,19610.125406552124,16025.142668113709
forecast_3170,2025-05-13 02:00:00,20579.958361331177,19789.893831921385,16145.666627139282
forecast_3171,2025-05-13 03:00:00,20155.205393411255,19716.22022224121,15946.700343089295
forecast_3172,2025-05-13 04:00:00,19353.79278685608,19279.672591958617,16011.75907365799
forecast_3173,2025-05-13 05:00:00,20129.05150774536,19761.37841102905,16173.94458048172
forecast_3174,2025-05-13 06:00:00,19360.954416534427,19531.13505053406,16210.397010829163
forecast_3175,2025-05-13 07:00:00,18525.757962014774,19337.422529541014,16159.05057320633
forecast_3176,2025-05-13 08:00:00,17387.828975082397,18455.576855535888,15705.649646029664
forecast_3177,2025-05-13 09:00:00,16102.997006826783,17289.98829692993,13651.508734999848
forecast_3178,2025-05-13 10:00:00,15308.52241649475,16390.656244232177,13174.471386406709
forecast_3179,2025-05-13 11:00:00,15449.140714038087,16652.396100958256,13497.485108386994
forecast_3180,2025-05-13 12:00:00,15308.582889770509,16481.173802352907,13533.234439551545
forecast_3181,2025-05-13 13:00:00,14806.279511068726,15776.604654702758,13182.81954234314
forecast_3182,2025-05-13 14:00:00,14496.119407229615,15458.694132580567,13051.896161812592
forecast_3183,2025-05-13 15:00:00,14278.710911849976,15238.918224810792,12164.737471308135
forecast_3184,2025-05-13 16:00:00,14386.227528195192,15228.879656488038,12810.629738732147
forecast_3185,2025-05-13 17:00:00,14092.27922854004,15022.454760107423,12710.027048402786
forecast_3186,2025-05-13 18:00:00,13993.92236480713,15194.20060510254,12995.970006175996
forecast_3187,2025-05-13 19:00:00,15618.283553967287,16598.946960162357,13523.1204212204
forecast_3188,2025-05-13 20:00:00,17557.782948391723,18122.533123092653,15558.90293689499
forecast_3189,2025-05-13 21:00:00,18296.21898867798,18660.245355816653,15837.109357209778
forecast_3190,2025-05-13 22:00:00,19178.753260891724,19107.58261524658,15982.116757089998
forecast_3191,2025-05-13 23:00:00,19438.627038500978,19511.217208187867,16077.469241133882
forecast_3192,2025-05-14 00:00:00,19581.87443027649,19563.257081588745,16062.868325212861
forecast_3193,2025-05-14 01:00:00,19231.57920066223,19473.79842824402,15993.42608964844
forecast_3194,2025-05-14 02:00:00,19826.493602581788,19441.189059896853,15978.350687282562
forecast_3195,2025-05-14 03:00:00,19717.95071222534,19417.70454742432,15874.075107788849
forecast_3196,2025-05-14 04:00:00,19941.76600444031,19501.434221868898,15870.524907367706
forecast_3197,2025-05-14 05:00:00,20151.99257274475,19430.688912454225,15888.370554191592
forecast_3198,2025-05-14 06:00:00,20008.467363845826,19324.132810531613,15563.655063633729
forecast_3199,2025-05-14 07:00:00,18690.597546435547,18428.342902767945,13844.497419452668
forecast_3200,2025-05-14 08:00:00,15238.84502897644,15651.415267623903,11691.764926226808
forecast_3201,2025-05-14 09:00:00,11288.324148089601,11885.437327304076,8674.396772919084
forecast_3202,2025-05-14 10:00:00,7986.587269823456,8347.28363765564,6081.526831695023
forecast_3203,2025-05-14 11:00:00,6232.826635148011,6272.938091923523,3736.349132499619
forecast_3204,2025-05-14 12:00:00,5270.399800631104,5634.415812548523,3456.2945513378145
forecast_3205,2025-05-14 13:00:00,5418.963838458252,5578.028009596863,4118.40271621254
forecast_3206,2025-05-14 14:00:00,4986.739453647919,5298.5124677676395,3872.150092439957
forecast_3207,2025-05-14 15:00:00,5131.8664206010435,5934.687890975648,3973.863173250809
forecast_3208,2025-05-14 16:00:00,5661.161974471131,6981.472374248658,5012.658530541839
forecast_3209,2025-05-14 17:00:00,5270.340588983612,6152.411644729615,3885.079272932511
forecast_3210,2025-05-14 18:00:00,5765.1510833264165,6735.41783568573,4523.487952131882
forecast_3211,2025-05-14 19:00:00,7927.090591892091,9406.843694833373,6374.056994776154
forecast_3212,2025-05-14 20:00:00,9535.045847311401,11476.520790161134,7283.365726478958
forecast_3213,2025-05-14 21:00:00,10453.951044262696,12506.968311749268,8449.516959438706
forecast_3214,2025-05-14 22:00:00,10393.116522740174,13063.39882900696,8599.632652405166
forecast_3215,2025-05-14 23:00:00,11024.206536257936,12569.222326287841,8774.692706541824
forecast_3216,2025-05-15 00:00:00,11976.772923233033,13313.623894906617,9431.5371378376
forecast_3217,2025-05-15 01:00:00,12720.84090869751,14808.336255926515,11249.453626714707
forecast_3218,2025-05-15 02:00:00,13094.533080337525,15594.486575683593,11122.662000849534
forecast_3219,2025-05-15 03:00:00,12063.764378720094,14729.790373031617,10257.773921593094
forecast_3220,2025-05-15 04:00:00,12988.873124429323,15427.192874853516,11548.373516171265
forecast_3221,2025-05-15 05:00:00,12817.32632845459,15557.447639700318,11800.851509579086
forecast_3222,2025-05-15 06:00:00,14119.598729315187,16077.568689273072,12171.382301937105
forecast_3223,2025-05-15 07:00:00,15579.057630920412,17275.382261718754,14466.189307398987
forecast_3224,2025-05-15 08:00:00,16375.777745458985,17838.33989929199,14886.97130596161
forecast_3225,2025-05-15 09:00:00,15277.781402621462,17236.566316604614,14330.24759300461
forecast_3226,2025-05-15 10:00:00,14932.664253582763,16511.32420430298,13856.784304849243
forecast_3227,2025-05-15 11:00:00,13823.066508456423,15684.226285357667,12428.744911595917
forecast_3228,2025-05-15 12:00:00,13755.235522119141,15393.815889685058,12339.66601036072
forecast_3229,2025-05-15 13:00:00,15367.785724414063,16799.70278373413,13950.131093039703
forecast_3230,2025-05-15 14:00:00,16998.223752349855,18211.005006396488,15758.8713581337
forecast_3231,2025-05-15 15:00:00,16209.362082229614,17629.882152603153,15140.413855243683
forecast_3232,2025-05-15 16:00:00,15353.444033770753,16933.059891339115,14768.604549355317
forecast_3233,2025-05-15 17:00:00,15252.489102798463,17020.082924905397,14626.919110224915
forecast_3234,2025-05-15 18:00:00,16685.151464770508,18144.117722784424,15782.532570082092
forecast_3235,2025-05-15 19:00:00,17052.847944989015,18144.77417007141,15917.559634450532
forecast_3236,2025-05-15 20:00:00,16878.75279936829,17940.9354759552,15821.163991331483
forecast_3237,2025-05-15 21:00:00,17478.316304534914,18612.04712862244,15907.951874468994
forecast_3238,2025-05-15 22:00:00,18602.60728951721,19246.135775231935,16108.097165757752
forecast_3239,2025-05-15 23:00:00,17504.236875427247,18123.981268045045,15966.395172854616
forecast_3240,2025-05-16 00:00:00,16856.235908071903,17859.36235543518,15589.241285675049
forecast_3241,2025-05-16 01:00:00,17854.114098397826,18426.03557325134,15772.977744041444
forecast_3242,2025-05-16 02:00:00,18443.86124227295,19102.082423068237,15974.607742579652
forecast_3243,2025-05-16 03:00:00,18435.511954260255,19046.991399310304,15733.413867130279
forecast_3244,2025-05-16 04:00:00,17906.92286515198,18778.479188949586,15604.597475701143
forecast_3245,2025-05-16 05:00:00,17008.288585540773,17735.25082427368,14245.381641947937
forecast_3246,2025-05-16 06:00:00,16474.750131845096,16897.071410430908,13692.566083704376
forecast_3247,2025-05-16 07:00:00,15235.614627435303,15779.851407336428,12058.717977809143
forecast_3248,2025-05-16 08:00:00,13890.801459301758,15024.731060427857,11608.821614266968
forecast_3249,2025-05-16 09:00:00,12766.090374792482,14098.171070715332,10478.560799039078
forecast_3250,2025-05-16 10:00:00,11490.767032937623,13148.232554208374,9850.70150599823
forecast_3251,2025-05-16 11:00:00,9745.972843867494,12078.3400193985,9006.524040222168
forecast_3252,2025-05-16 12:00:00,9459.025454086304,11217.686220976258,8711.85272710991
forecast_3253,2025-05-16 13:00:00,7495.417518826905,8619.05534999237,7593.493999535752
forecast_3254,2025-05-16 14:00:00,6483.142108167878,7334.195321650696,5456.171899197388
forecast_3255,2025-05-16 15:00:00,4810.509083853913,5896.923753639527,3520.804844638977
forecast_3256,2025-05-16 16:00:00,4992.753554214478,6224.505113061677,3939.2506273947715
forecast_3257,2025-05-16 17:00:00,5051.089944490433,6617.207725562439,3631.3394209868816
forecast_3258,2025-05-16 18:00:00,4048.9226853183363,4749.983304732056,2477.978946559048
forecast_3259,2025-05-16 19:00:00,4293.95818856968,4895.139589503669,2079.345770631123
forecast_3260,2025-05-16 20:00:00,4244.477501692161,4697.755377498665,1945.2069225004198
forecast_3261,2025-05-16 21:00:00,4165.770192263642,4999.782799037933,1924.7001879715922
forecast_3262,2025-05-16 22:00:00,3536.5322382438662,4055.21407569046,1300.725625793896
forecast_3263,2025-05-16 23:00:00,3595.927587206192,4296.184756398163,1648.4588805759622
forecast_3264,2025-05-17 00:00:00,3525.265522687683,3521.1708299320985,1548.0608102556039
forecast_3265,2025-05-17 01:00:00,6110.3841232254035,5780.515692935791,2398.39367017479
forecast_3266,2025-05-17 02:00:00,4970.493212446594,5246.116475776367,2403.714103191681
forecast_3267,2025-05-17 03:00:00,5694.801767619324,6486.2949140054325,2859.9756182057954
forecast_3268,2025-05-17 04:00:00,4392.116729691925,5107.890999589691,2204.577934986801
forecast_3269,2025-05-17 05:00:00,3902.1281743135073,4006.074928485413,1556.679662301407
forecast_3270,2025-05-17 06:00:00,2589.0584657745367,2543.538846056671,1239.117277518997
forecast_3271,2025-05-17 07:00:00,1720.8498617339326,1937.145150282135,908.5186316177178
forecast_3272,2025-05-17 08:00:00,2590.9516914047244,2708.157389928589,1010.0329765641976
forecast_3273,2025-05-17 09:00:00,4292.747911488343,4464.763588032532,1797.6323428302958
forecast_3274,2025-05-17 10:00:00,4789.43772973938,4963.905292991332,2248.1514916998103
forecast_3275,2025-05-17 11:00:00,5187.645473459778,5333.7956933448795,2919.94962120018
forecast_3276,2025-05-17 12:00:00,6112.518152424316,6365.567757838136,4597.846161971665
forecast_3277,2025-05-17 13:00:00,9991.887409851075,9830.397366291809,8156.09208337326
forecast_3278,2025-05-17 14:00:00,11433.359015649416,12138.45755190735,9748.631342503739
forecast_3279,2025-05-17 15:00:00,12770.417830081176,13690.071039102173,11535.427088031387
forecast_3280,2025-05-17 16:00:00,14744.416623004152,15535.26207268982,13032.854597102356
forecast_3281,2025-05-17 17:00:00,16012.58274784851,16578.953844131473,14534.66723471985
forecast_3282,2025-05-17 18:00:00,17740.425668457032,18652.82947005005,15887.000320104218
forecast_3283,2025-05-17 19:00:00,18458.20989080811,19329.558658569338,16388.23365422058
forecast_3284,2025-05-17 20:00:00,19075.808891870118,19730.49953010559,16611.382367852784
forecast_3285,2025-05-17 21:00:00,19102.88043121338,19616.95239203186,16469.912824803927
forecast_3286,2025-05-17 22:00:00,19095.403990472412,19742.919338790896,16125.875371932221
forecast_3287,2025-05-17 23:00:00,19529.810313973998,20098.493287475583,16012.792556428529
forecast_3288,2025-05-18 00:00:00,18770.390590728763,19213.44688517761,14406.518283538056
forecast_3289,2025-05-18 01:00:00,18530.37353751831,18656.57909981079,14531.60598550644
forecast_3290,2025-05-18 02:00:00,17489.469069827268,17684.71070388794,13574.644178025817
forecast_3291,2025-05-18 03:00:00,15386.612054339601,16140.249870507812,12217.10507778778
forecast_3292,2025-05-18 04:00:00,14015.194877182008,14417.672970401001,10237.271967797471
forecast_3293,2025-05-18 05:00:00,11708.136427178955,11878.918604534912,8406.100138352203
forecast_3294,2025-05-18 06:00:00,8333.352483513641,8521.027015898895,4488.224475660992
forecast_3295,2025-05-18 07:00:00,3980.503011068192,3764.1163279386906,1617.8395990132713
forecast_3296,2025-05-18 08:00:00,2091.812423252106,1974.795461156006,876.8969540464211
forecast_3297,2025-05-18 09:00:00,1509.6598112769318,1499.8613730532456,705.467409462223
forecast_3298,2025-05-18 10:00:00,1325.5999667277908,1358.061391170006,602.0069773002434
forecast_3299,2025-05-18 11:00:00,1772.2953228321076,1813.196715860634,780.7779807510567
forecast_3300,2025-05-18 12:00:00,2543.349379806137,2384.327054669342,1247.5903558730506
forecast_3301,2025-05-18 13:00:00,3867.461769399567,3270.959389689026,1589.826898867035
forecast_3302,2025-05-18 14:00:00,4488.652368952942,3394.558429180756,1922.6030768250848
forecast_3303,2025-05-18 15:00:00,5117.840437488861,3973.8049072828676,2283.357016516209
forecast_3304,2025-05-18 16:00:00,5592.329575418854,4562.676697795105,2813.6227801195528
forecast_3305,2025-05-18 17:00:00,8017.765942993164,6720.302021897889,5269.752487154389
forecast_3306,2025-05-18 18:00:00,8680.896745080567,7849.894467708131,5929.167273078538
forecast_3307,2025-05-18 19:00:00,10362.084519506838,10225.579276480103,8064.001513840867
forecast_3308,2025-05-18 20:00:00,11940.916683868409,12299.874488064575,9397.404634589388
forecast_3309,2025-05-18 21:00:00,12396.547205603027,13363.986186901857,10261.016832343674
forecast_3310,2025-05-18 22:00:00,12819.011565409852,14041.59682998047,10661.729018680191
forecast_3311,2025-05-18 23:00:00,13099.445327624511,14337.26621272278,10544.641747581863
forecast_3312,2025-05-19 00:00:00,13619.490150411988,14898.169044186403,10797.863034207918
forecast_3313,2025-05-19 01:00:00,11370.114951190186,13065.562500425722,8997.011047389984
forecast_3314,2025-05-19 02:00:00,9931.867223451234,12373.222835536195,7524.655096906281
forecast_3315,2025-05-19 03:00:00,9054.717252883911,10698.707642414856,6236.615403668213
forecast_3316,2025-05-19 04:00:00,8870.087716784667,11198.298591281127,6092.017262809524
forecast_3317,2025-05-19 05:00:00,9172.051439497376,11562.486541236878,6904.711843246994
forecast_3318,2025-05-19 06:00:00,9524.685431625367,12123.305921611023,7488.754563562012
forecast_3319,2025-05-19 07:00:00,11077.28243772583,13400.730559994508,9007.768890044023
forecast_3320,2025-05-19 08:00:00,12054.325436709594,14567.46586602173,10344.460213702394
forecast_3321,2025-05-19 09:00:00,12397.924140545654,14822.359966305543,10662.105812769318
forecast_3322,2025-05-19 10:00:00,13100.011702087402,14794.19761335144,11527.735265142059
forecast_3323,2025-05-19 11:00:00,14881.930424545288,16139.173998690796,13127.552082414246
forecast_3324,2025-05-19 12:00:00,16033.047477966309,17297.909321926883,14836.840593667603
forecast_3325,2025-05-19 13:00:00,15884.547985128786,17682.23510378418,15072.498887158203
forecast_3326,2025-05-19 14:00:00,16227.94280527649,18411.7886929657,15121.675321146395
forecast_3327,2025-05-19 15:00:00,16966.212002255248,18699.67122536316,15980.65587824173
forecast_3328,2025-05-19 16:00:00,17678.596433285522,18729.31453616333,16002.039551637268
forecast_3329,2025-05-19 17:00:00,17820.234355633547,18719.44476098328,16098.076370938874
forecast_3330,2025-05-19 18:00:00,18140.170824697874,19010.778851080322,16239.04987693329
forecast_3331,2025-05-19 19:00:00,18785.16195935059,19304.116270059203,16310.134995061493
forecast_3332,2025-05-19 20:00:00,18846.974570956423,19407.247876373294,16311.816973578643
forecast_3333,2025-05-19 21:00:00,19172.765257720945,19590.417340844728,16519.19017995987
forecast_3334,2025-05-19 22:00:00,18725.64234541321,18833.603660009765,16208.50600128174
forecast_3335,2025-05-19 23:00:00,18105.048553527835,18479.962006930542,15735.474134202575
forecast_3336,2025-05-20 00:00:00,17805.25463600769,18714.991165945437,15482.56675327225
forecast_3337,2025-05-20 01:00:00,18118.152250506595,18924.165694079587,16203.80595033722
forecast_3338,2025-05-20 02:00:00,18126.589591113283,18945.97418817749,16158.138028892517
forecast_3339,2025-05-20 03:00:00,17915.777535882567,18582.869619003297,15954.180390662385
forecast_3340,2025-05-20 04:00:00,18154.32521946106,19025.186440325928,15900.212226177217
forecast_3341,2025-05-20 05:00:00,17561.704197479252,18704.685833789063,15605.166033101654
forecast_3342,2025-05-20 06:00:00,17703.977265548707,18448.142829779055,15636.377438384246
forecast_3343,2025-05-20 07:00:00,17054.394087588502,17129.26135943298,15488.512195805359
forecast_3344,2025-05-20 08:00:00,16217.551703799438,16815.843947036745,15508.16129125824
forecast_3345,2025-05-20 09:00:00,15766.746624874879,16382.752505499267,15112.795068398285
forecast_3346,2025-05-20 10:00:00,14479.794645895387,14091.03926822815,11955.42789345932
forecast_3347,2025-05-20 11:00:00,14002.48265873413,14185.879715554809,12052.268294600679
forecast_3348,2025-05-20 12:00:00,12896.030092907715,13887.694162701417,11829.184253448488
forecast_3349,2025-05-20 13:00:00,13107.760599935915,14247.97185737915,11791.735137966918
forecast_3350,2025-05-20 14:00:00,13989.166656640626,14981.669508984376,12009.361700518799
forecast_3351,2025-05-20 15:00:00,15197.384689517212,16170.185953570557,13777.170268281556
forecast_3352,2025-05-20 16:00:00,15706.119424661256,16654.711185964967,15182.49196642456
forecast_3353,2025-05-20 17:00:00,15118.296715448,16061.110774746705,15097.292043493653
forecast_3354,2025-05-20 18:00:00,14250.99998013611,15590.40558737793,15070.304539968873
forecast_3355,2025-05-20 19:00:00,15376.653230825807,16349.377023593139,15294.888062174989
forecast_3356,2025-05-20 20:00:00,15930.38988479004,16603.829664642333,15737.838362140656
forecast_3357,2025-05-20 21:00:00,16651.692486047366,16897.519357489015,15744.131014354707
forecast_3358,2025-05-20 22:00:00,17097.77916640015,17199.445514099123,15789.926177082063
forecast_3359,2025-05-20 23:00:00,16637.230561538694,17075.923833847046,15686.373624040223
forecast_3360,2025-05-21 00:00:00,16457.803599569703,17227.03473939209,15470.46030296097
forecast_3361,2025-05-21 01:00:00,16253.64935472412,17002.418431390382,15258.394048737337
forecast_3362,2025-05-21 02:00:00,16504.008988128662,17144.409290524294,15649.537128652955
forecast_3363,2025-05-21 03:00:00,17203.39974426575,17493.003227682497,15321.647088243104
forecast_3364,2025-05-21 04:00:00,16661.101461776736,17148.732996374514,13616.028033742523
forecast_3365,2025-05-21 05:00:00,15098.068586608888,15577.211681872559,12976.385155078126
forecast_3366,2025-05-21 06:00:00,12775.027350790406,13627.550729309083,9364.132684931566
forecast_3367,2025-05-21 07:00:00,9073.489271691895,9044.48699312744,4886.709685709763
forecast_3368,2025-05-21 08:00:00,6149.555964502411,6269.267450922394,2720.74024
forecast_3369,2025-05-21 09:00:00,3530.6540103654866,3551.987569979401,1445.7203200000001
forecast_3370,2025-05-21 10:00:00,1869.9489889825823,2023.0105941389465,611.22184
forecast_3371,2025-05-21 11:00:00,1498.566279343071,1657.6242223399736,506.60640000000006
forecast_3372,2025-05-21 12:00:00,1529.8162406895067,1588.4848738173296,512.7828389276506
forecast_3373,2025-05-21 13:00:00,2000.6958925435258,1977.4043951682663,820.96824
forecast_3374,2025-05-21 14:00:00,2080.3799281869506,2138.2798009557723,901.51472
forecast_3375,2025-05-21 15:00:00,1694.615142543793,1763.444726664238,660.74336
forecast_3376,2025-05-21 16:00:00,1336.7910278340485,1534.7205810174944,500.5654400000001
forecast_3377,2025-05-21 17:00:00,1206.397974631181,1386.8939018839646,433.93976000000004
forecast_3378,2025-05-21 18:00:00,1366.7725370830537,1357.0181080171587,433.54380000000003
forecast_3379,2025-05-21 19:00:00,1599.6381873323824,1763.33548603817,514.12012
forecast_3380,2025-05-21 20:00:00,1764.9552116651155,2001.2145525550463,633.45444
forecast_3381,2025-05-21 21:00:00,1856.2573838882065,2155.6388003477095,683.5149529159546
forecast_3382,2025-05-21 22:00:00,2259.599307165985,2729.276204776764,788.2762244624901
forecast_3383,2025-05-21 23:00:00,2072.8348609445957,2483.178396743622,717.2686437630767
forecast_3384,2025-05-22 00:00:00,2002.9931211593628,2296.54210693573,897.6593302015876
forecast_3385,2025-05-22 01:00:00,2458.483561503105,3044.5469672926333,748.16808
forecast_3386,2025-05-22 02:00:00,2219.777861582489,2424.010509911499,763.7553348706895
forecast_3387,2025-05-22 03:00:00,2803.1344695952607,2985.9008574229433,885.3877005801392
forecast_3388,2025-05-22 04:00:00,3079.4784296769717,3191.7206914765934,907.8048297018357
forecast_3389,2025-05-22 05:00:00,2458.413386981659,2508.2732243878177,827.8839593683663
forecast_3390,2025-05-22 06:00:00,1971.5208212530517,2001.9928330328369,791.801482591198
forecast_3391,2025-05-22 07:00:00,1728.0208035818482,1988.055489288025,778.831789109745
forecast_3392,2025-05-22 08:00:00,2196.275105893593,2775.156972957611,1140.4719757891885
forecast_3393,2025-05-22 09:00:00,2949.456294611435,3736.702461777344,1489.6051863579369
forecast_3394,2025-05-22 10:00:00,3794.380649030304,4647.175268450928,1672.2476831103324
forecast_3395,2025-05-22 11:00:00,3611.484457650452,4651.617714499664,1677.5957445098686
forecast_3396,2025-05-22 12:00:00,3345.324676543045,4361.653216178131,1579.1230809416772
forecast_3397,2025-05-22 13:00:00,3004.122749556122,4103.856696796265,1481.1726880355643
forecast_3398,2025-05-22 14:00:00,2545.4824975480656,3531.863933088684,1265.16355895113
forecast_3399,2025-05-22 15:00:00,2221.9969500186917,3093.0468490457156,1194.6340101898768
forecast_3400,2025-05-22 16:00:00,1606.87123167346,2178.4070588334657,872.301521774807
forecast_3401,2025-05-22 17:00:00,1270.006302174177,1650.5787745718767,548.8297312418518
forecast_3402,2025-05-22 18:00:00,1239.775041058693,1569.5202392382814,420.0041036719246
forecast_3403,2025-05-22 19:00:00,1497.0699287223053,1712.6542606529238,509.6871754233933
forecast_3404,2025-05-22 20:00:00,2146.0563719067386,2191.461022646942,518.0919384310341
forecast_3405,2025-05-22 21:00:00,2396.1026421325305,2317.2062096696473,626.1840730361175
forecast_3406,2025-05-22 22:00:00,3092.7733545722203,2938.347654598236,952.6503985058022
forecast_3407,2025-05-22 23:00:00,3285.4368868663787,3060.1420443153384,1004.6304345580102
forecast_3408,2025-05-23 00:00:00,3726.4787937698366,3405.3232470281982,1132.1245825011024
forecast_3409,2025-05-23 01:00:00,4006.8915004765317,3633.837419882813,1109.9342616130257
forecast_3410,2025-05-23 02:00:00,4306.928323986435,3709.6380885696412,1056.1384866161538
forecast_3411,2025-05-23 03:00:00,3964.7965429939272,3679.439506410828,1004.321843391037
forecast_3412,2025-05-23 04:00:00,4928.462793420105,4727.712380169678,1265.987289562397
forecast_3413,2025-05-23 05:00:00,4362.501096707154,4366.188367218629,1136.8310914615631
forecast_3414,2025-05-23 06:00:00,4305.4242745228585,4188.610743543244,1030.0238774254417
forecast_3415,2025-05-23 07:00:00,4474.7171229667665,3743.810997947693,899.86912
forecast_3416,2025-05-23 08:00:00,3930.3381020104216,3715.1341090328983,909.7923349294854
forecast_3417,2025-05-23 09:00:00,4036.1110855152133,3700.1700741615296,937.9445421264841
forecast_3418,2025-05-23 10:00:00,3441.0506420137026,3030.3541533248904,919.0990668645669
forecast_3419,2025-05-23 11:00:00,3167.18011667038,2891.4180352153016,980.5615291767313
forecast_3420,2025-05-23 12:00:00,2843.3326420281983,2855.394881778107,1021.3741041712761
forecast_3421,2025-05-23 13:00:00,2474.142748830872,2522.965545541077,927.4496292788277
forecast_3422,2025-05-23 14:00:00,2423.0243994819643,2478.0201888040165,810.7456423803483
forecast_3423,2025-05-23 15:00:00,2319.179785896149,2577.5562643890385,906.9229583508798
forecast_3424,2025-05-23 16:00:00,2427.11789781456,2527.1658801361086,841.1719291177178
forecast_3425,2025-05-23 17:00:00,3213.7492890388494,3382.328784476929,985.6205093444444
forecast_3426,2025-05-23 18:00:00,4091.166101275635,3986.5195402239992,1151.636680631981
forecast_3427,2025-05-23 19:00:00,4010.1457387565615,4037.9952156105046,1016.2669430588533
forecast_3428,2025-05-23 20:00:00,4471.475904196167,4511.335971120454,1205.340108905182
forecast_3429,2025-05-23 21:00:00,5492.0819662261965,5428.243575153351,1564.6806104660418
forecast_3430,2025-05-23 22:00:00,6019.304788669586,6124.415300672303,1618.8913946576693
forecast_3431,2025-05-23 23:00:00,5300.515180883942,4891.480035957185,1282.100789847145
forecast_3432,2025-05-24 00:00:00,4976.332674181366,4600.376838954926,1085.0043389912032
forecast_3433,2025-05-24 01:00:00,6250.53603290329,5742.67749375,1518.1023693717577
forecast_3434,2025-05-24 02:00:00,5935.572827944184,5694.869876217652,1509.4733309537696
forecast_3435,2025-05-24 03:00:00,6027.89707750946,5500.100868243713,1357.9491198287392
forecast_3436,2025-05-24 04:00:00,5170.897643658448,5489.254452078552,1518.4143857953072
forecast_3437,2025-05-24 05:00:00,5378.512529052888,5862.878810528259,1560.2564405785752
forecast_3438,2025-05-24 06:00:00,5575.83721259842,6247.699954515076,2096.362957935581
forecast_3439,2025-05-24 07:00:00,6206.749852878724,7281.1360538360605,2429.1378947062112
forecast_3440,2025-05-24 08:00:00,5640.501252734375,7294.929643365479,2666.308167072678
forecast_3441,2025-05-24 09:00:00,5099.448212077332,6830.141658340149,2562.8813738088993
forecast_3442,2025-05-24 10:00:00,4329.960769711304,6005.048735899658,2044.99228971632
forecast_3443,2025-05-24 11:00:00,4216.195427300263,5737.403340159607,2156.653979114075
forecast_3444,2025-05-24 12:00:00,4038.730146072693,5611.911941421508,2025.9544269488526
forecast_3445,2025-05-24 13:00:00,3824.871053717957,5578.273540120545,2133.366591596451
forecast_3446,2025-05-24 14:00:00,3579.31627759491,5298.884071658325,2027.3949842817499
forecast_3447,2025-05-24 15:00:00,3996.488559069977,5667.582428581238,2310.0292776643373
forecast_3448,2025-05-24 16:00:00,5122.567525086212,7171.765551547242,3617.133493035889
forecast_3449,2025-05-24 17:00:00,5699.751572184754,7827.860583047485,4624.17419352684
forecast_3450,2025-05-24 18:00:00,6428.615591001892,8914.148490444946,5309.567541371536
forecast_3451,2025-05-24 19:00:00,6182.031801945801,8578.860136184692,4745.735290231171
forecast_3452,2025-05-24 20:00:00,6166.913859270478,7731.517099977112,4128.768752411423
forecast_3453,2025-05-24 21:00:00,5638.118176020966,7522.03025973816,3791.710031054783
forecast_3454,2025-05-24 22:00:00,5236.074506897736,6728.3363896438605,2986.991635081425
forecast_3455,2025-05-24 23:00:00,4857.163911255875,6031.608239457702,2853.995144280224
forecast_3456,2025-05-25 00:00:00,4715.529127565613,5879.332770161438,2550.8331054797936
forecast_3457,2025-05-25 01:00:00,4329.95706574585,5378.5132147995,2060.483540372219
forecast_3458,2025-05-25 02:00:00,3479.1872234616853,4275.959631394959,1632.038782809849
forecast_3459,2025-05-25 03:00:00,3390.4352368587497,3875.3163958856203,1403.9567522070886
forecast_3460,2025-05-25 04:00:00,3414.3890040836336,3500.1371291627506,1350.0950107196236
forecast_3461,2025-05-25 05:00:00,3835.935549053116,3767.605059476471,1425.1779105970954
forecast_3462,2025-05-25 06:00:00,4390.314477947999,4470.728253027497,1681.4718264481926
forecast_3463,2025-05-25 07:00:00,4034.99361858696,3914.774860448456,1530.3801649693107
forecast_3464,2025-05-25 08:00:00,3434.9380570787052,3181.7594109152224,1357.5881132010459
forecast_3465,2025-05-25 09:00:00,2176.337593670311,2346.4784142332455,1070.1490740544625
forecast_3466,2025-05-25 10:00:00,1433.2194111880112,1549.6097492296221,576.1247484842835
forecast_3467,2025-05-25 11:00:00,1622.9143370184709,1647.1501993569946,547.9817082669372
forecast_3468,2025-05-25 12:00:00,2532.9983577439884,2461.484182883301,1126.2478823727226
forecast_3469,2025-05-25 13:00:00,3165.692992824402,3154.8886710269167,1307.8802003911783
forecast_3470,2025-05-25 14:00:00,3025.7055224243168,3001.7800926376344,1306.9989921134759
forecast_3471,2025-05-25 15:00:00,2944.415455207825,2853.218293050232,1245.586000460949
forecast_3472,2025-05-25 16:00:00,2518.8881313776396,2784.131050375366,1269.845028623562
forecast_3473,2025-05-25 17:00:00,3006.0472126824952,3215.244987860718,1269.0609996169092
forecast_3474,2025-05-25 18:00:00,2933.45644980423,3200.417342435456,1241.6565622036553
forecast_3475,2025-05-25 19:00:00,4022.3623732860565,4233.657664229278,1848.0678845410348
forecast_3476,2025-05-25 20:00:00,5327.673275889588,5999.857864527894,2676.9684630504607
forecast_3477,2025-05-25 21:00:00,6390.1464880851745,6635.11332048172,3124.7289797707367
forecast_3478,2025-05-25 22:00:00,7495.397777005615,8662.704818408203,5497.855844805832
forecast_3479,2025-05-25 23:00:00,8744.856557247924,9133.872899299622,6192.631639225159
forecast_3480,2025-05-26 00:00:00,8420.832051313782,8699.932798995971,5817.419765191421
forecast_3481,2025-05-26 01:00:00,9238.89319335785,10234.793579490663,6728.025781193543
forecast_3482,2025-05-26 02:00:00,9111.291848503113,9829.051826679994,6230.374925138855
forecast_3483,2025-05-26 03:00:00,8615.877733807374,8655.303976033021,5393.940549509888
forecast_3484,2025-05-26 04:00:00,7165.039879945374,6566.792486756287,3894.3849719591526
forecast_3485,2025-05-26 05:00:00,4657.521867229461,4565.838282302093,2163.7290462180517
forecast_3486,2025-05-26 06:00:00,3496.105757581711,3132.4542794908143,1384.7967393610193
forecast_3487,2025-05-26 07:00:00,1981.176470335007,1928.8113629859924,787.5967621469689
forecast_3488,2025-05-26 08:00:00,1396.7776561213302,1601.4100384532167,621.0749780485726
forecast_3489,2025-05-26 09:00:00,1163.4666989726259,1276.7992639162064,466.3866223729134
forecast_3490,2025-05-26 10:00:00,1062.0641501235962,1116.3477612417603,331.60656
forecast_3491,2025-05-26 11:00:00,1054.3662407010652,1056.5460418863297,333.64432000000005
forecast_3492,2025-05-26 12:00:00,1176.8887963493348,1267.0273826008224,318.74288
forecast_3493,2025-05-26 13:00:00,1208.9820031837464,1159.32688,603.1327387884903
forecast_3494,2025-05-26 14:00:00,1236.4935613684463,1318.018776512337,558.0562444383431
forecast_3495,2025-05-26 15:00:00,1122.4675336849214,1166.2546087504195,446.73525025167464
forecast_3496,2025-05-26 16:00:00,1309.26407941185,1557.8872838150025,573.0413909996033
forecast_3497,2025-05-26 17:00:00,1378.2386976536561,1628.2219282528306,743.1202548590279
forecast_3498,2025-05-26 18:00:00,1231.6735929145814,1505.2731672047044,609.5817710461998
forecast_3499,2025-05-26 19:00:00,1516.8940128353502,1691.903178615532,618.5231422731972
forecast_3500,2025-05-26 20:00:00,1580.8234454612732,1889.3492896476364,670.5148469957543
forecast_3501,2025-05-26 21:00:00,2449.5182332854843,2868.86459455246,999.1244474134827
forecast_3502,2025-05-26 22:00:00,2708.46551037262,3211.7856188699725,1134.3138870136072
forecast_3503,2025-05-26 23:00:00,4057.2049284114837,4754.623056180268,1755.7117729455758
forecast_3504,2025-05-27 00:00:00,5183.205592715454,5974.580301876831,2853.4901452258873
forecast_3505,2025-05-27 01:00:00,6633.586874997559,7203.0351325750735,3595.3455144389345
forecast_3506,2025-05-27 02:00:00,6905.787032170105,7917.029967990113,4033.073365567017
forecast_3507,2025-05-27 03:00:00,6273.503139013672,6927.6407048461915,4012.3254449034885
forecast_3508,2025-05-27 04:00:00,5730.477776830444,6295.045831721497,3236.244953508835
forecast_3509,2025-05-27 05:00:00,5174.177683723145,5716.582527269593,2986.277619627533
forecast_3510,2025-05-27 06:00:00,3816.610697452545,3474.2655460495,1595.5492965558815
forecast_3511,2025-05-27 07:00:00,1911.56617899807,2028.8954257293703,866.2651389406853
forecast_3512,2025-05-27 08:00:00,1273.7208312723922,1609.162970730591,592.4362009117699
forecast_3513,2025-05-27 09:00:00,1187.6479867274475,1360.2629047018052,456.90419192912674
forecast_3514,2025-05-27 10:00:00,1158.6582214717484,1358.0183214255906,484.2226552428055
forecast_3515,2025-05-27 11:00:00,1108.2399899920274,1307.7710243680956,426.87032
forecast_3516,2025-05-27 12:00:00,1234.0208777075768,1306.3392000000001,700.0289638238335
forecast_3517,2025-05-27 13:00:00,1288.4180852808763,1276.3122400000002,696.2393405175591
forecast_3518,2025-05-27 14:00:00,1160.40856,1212.53184,726.1737092596245
forecast_3519,2025-05-27 15:00:00,1288.7406172879028,1182.7774345054627,546.8524941072465
forecast_3520,2025-05-27 16:00:00,1252.7164020511627,1040.747660412636,529.4625976649513
forecast_3521,2025-05-27 17:00:00,1207.6124321247864,1124.048628455391,488.62367848437884
forecast_3522,2025-05-27 18:00:00,1306.6285885445404,1410.3572497037126,453.1570269950104
forecast_3523,2025-05-27 19:00:00,1318.5528401588822,1486.8998673826982,535.5521908109283
forecast_3524,2025-05-27 20:00:00,1500.5387133474733,1471.5566410728836,573.7921260766029
forecast_3525,2025-05-27 21:00:00,1821.0916802935792,1832.903022430687,756.0635276155854
forecast_3526,2025-05-27 22:00:00,2109.314040789375,2263.311615094757,973.9513121372796
forecast_3527,2025-05-27 23:00:00,2557.86264849144,2716.6732524768067,1200.3492176482582
forecast_3528,2025-05-28 00:00:00,3113.8895285792546,3063.926639547577,1408.758431685047
forecast_3529,2025-05-28 01:00:00,4329.3654124584955,4622.356834107972,2331.252075323925
forecast_3530,2025-05-28 02:00:00,5213.349510765839,5834.35979236023,2967.941254938507
forecast_3531,2025-05-28 03:00:00,5524.3587214347845,5840.083889005738,3016.4095662381746
forecast_3532,2025-05-28 04:00:00,5582.947477528382,5450.415667849731,2619.237490424118
forecast_3533,2025-05-28 05:00:00,5346.4290733251955,5138.734096246033,2593.564374288845
forecast_3534,2025-05-28 06:00:00,3621.335423845139,3099.473133630524,1172.2438746619414
forecast_3535,2025-05-28 07:00:00,1926.0678933662414,1797.492518740082,773.4378099107934
forecast_3536,2025-05-28 08:00:00,1277.1811111091233,1388.7057697628404,464.11429867918014
forecast_3537,2025-05-28 09:00:00,1127.795375070572,1268.9951779609298,331.60656
forecast_3538,2025-05-28 10:00:00,1099.8261851472093,1157.55874982975,331.60656
forecast_3539,2025-05-28 11:00:00,1231.0997197265244,1244.9772487887956,346.90392
forecast_3540,2025-05-28 12:00:00,1085.4491962623215,1177.2948342548752,439.046288
forecast_3541,2025-05-28 13:00:00,1073.3202211283492,1177.1822978833009,443.8771745269394
forecast_3542,2025-05-28 14:00:00,1310.103626350441,1392.7952255961227,483.8873040000001
forecast_3543,2025-05-28 15:00:00,1412.9672809975434,1344.62848,617.0456141103746
forecast_3544,2025-05-28 16:00:00,1462.679335572052,1677.0782625949098,649.6358643107797
forecast_3545,2025-05-28 17:00:00,1638.8640535232544,1723.9402223843385,746.7498710703469
forecast_3546,2025-05-28 18:00:00,1362.0245249836732,1420.6918923173141,490.3409785123062
forecast_3547,2025-05-28 19:00:00,1245.1082862441444,1338.5946843034744,515.1019426608468
forecast_3548,2025-05-28 20:00:00,1418.2717214981842,1595.5865986597062,455.286
forecast_3549,2025-05-28 21:00:00,2339.249938312149,2436.668410827484,839.5338460673714
forecast_3550,2025-05-28 22:00:00,2448.6239568131255,2407.759086607056,977.3844397568894
forecast_3551,2025-05-28 23:00:00,2450.45193522583,2505.4314029266357,964.5665795207597
forecast_3552,2025-05-29 00:00:00,1923.3675325954057,2024.1872715095521,764.1821161082344
forecast_3553,2025-05-29 01:00:00,1792.6295025619509,1864.3992229827882,724.3127475732231
forecast_3554,2025-05-29 02:00:00,2141.976137134743,2149.885674551544,713.0072240000001
forecast_3555,2025-05-29 03:00:00,2435.819307291336,2265.22226615448,721.0410400000001
forecast_3556,2025-05-29 04:00:00,2458.5742597997664,2099.356267141304,747.3988320000001
forecast_3557,2025-05-29 05:00:00,2108.6572288130956,1927.2599949897385,646.6753920000001
forecast_3558,2025-05-29 06:00:00,1544.0401038332368,1615.197686234703,455.16645600000004
forecast_3559,2025-05-29 07:00:00,1294.9356037398147,1478.279638150673,457.42776000000003
forecast_3560,2025-05-29 08:00:00,1105.3710671383476,1326.256697491112,407.6504
forecast_3561,2025-05-29 09:00:00,1076.0652522191813,1286.119543085289,418.6424
forecast_3562,2025-05-29 10:00:00,1124.7287210069658,1359.8170724007798,407.6504
forecast_3563,2025-05-29 11:00:00,1187.554106149063,1359.757407707405,500.85736132005695
forecast_3564,2025-05-29 12:00:00,1274.9961895653535,1494.2078805607225,613.9096582100296
forecast_3565,2025-05-29 13:00:00,1401.7907618644715,1580.7726285803606,814.3291893916817
forecast_3566,2025-05-29 14:00:00,1386.0195414030838,1641.1539958976364,748.2547968772317
forecast_3567,2025-05-29 15:00:00,1330.5378503267289,1620.869276939812,805.6441352578469
forecast_3568,2025-05-29 16:00:00,1468.4320909895707,1878.8030204826355,976.9812861374779
forecast_3569,2025-05-29 17:00:00,1674.1260393431473,2010.7199284861756,909.5891868005943
forecast_3570,2025-05-29 18:00:00,1690.7792914365389,2035.8271839413455,697.702556589489
forecast_3571,2025-05-29 19:00:00,2064.9653688525395,2740.8782927717593,859.3400860122605
forecast_3572,2025-05-29 20:00:00,2358.634998291855,3047.0417561614995,803.4399033821297
forecast_3573,2025-05-29 21:00:00,2534.734500805283,2789.988780072632,874.2149445471382
forecast_3574,2025-05-29 22:00:00,3052.4397679898075,3325.3502731527715,1209.926266401188
forecast_3575,2025-05-29 23:00:00,3123.474736593628,3128.49891795166,1188.6792086934852
forecast_3576,2025-05-30 00:00:00,3032.1783871055604,2973.3383287620545,1064.2694151539192
forecast_3577,2025-05-30 01:00:00,2612.5913874124144,2716.256755737915,891.0700465894128
forecast_3578,2025-05-30 02:00:00,2840.34290688385,2865.90110805954,1013.6518984699441
forecast_3579,2025-05-30 03:00:00,3071.1325217263798,3112.9719202552797,1265.2641338857843
forecast_3580,2025-05-30 04:00:00,3548.132603528595,3795.4662294107056,1343.9133359427642
forecast_3581,2025-05-30 05:00:00,3603.78546504364,4482.666106874085,1447.0166943821716
forecast_3582,2025-05-30 06:00:00,3843.516619500122,4524.300992601318,1578.6724556241609
forecast_3583,2025-05-30 07:00:00,3541.1978616322326,4169.244904332733,1395.9377798764992
forecast_3584,2025-05-30 08:00:00,3041.3110575920105,3436.4644405833437,1195.7464882170677
forecast_3585,2025-05-30 09:00:00,2682.072670104599,2972.009735604553,1125.6594502180367
forecast_3586,2025-05-30 10:00:00,2184.8260026325606,2520.524046095886,942.4139947925682
forecast_3587,2025-05-30 11:00:00,1887.1907854646686,2248.753584137001,939.7764057637596
forecast_3588,2025-05-30 12:00:00,1736.4947518088152,2195.910508592682,926.9849409633256
forecast_3589,2025-05-30 13:00:00,1523.794180675049,1941.3750894831849,811.0625823419496
forecast_3590,2025-05-30 14:00:00,1457.722147907219,1851.7003147729492,794.3429072778627
forecast_3591,2025-05-30 15:00:00,1444.180078467789,1821.6447068630982,786.9906236808702
forecast_3592,2025-05-30 16:00:00,1552.866350175171,1872.620796040039,799.2555961819954
forecast_3593,2025-05-30 17:00:00,1529.3543159209062,1834.6825978840639,731.0332968701364
forecast_3594,2025-05-30 18:00:00,1640.071966560936,1857.2515982325747,588.6041074446869
forecast_3595,2025-05-30 19:00:00,2071.19729333519,2464.7989730222703,623.7935200000001
forecast_3596,2025-05-30 20:00:00,2556.201228490982,2864.6585570378115,765.9446754206963
forecast_3597,2025-05-30 21:00:00,2780.180010018158,2973.803033053131,932.0671577702523
forecast_3598,2025-05-30 22:00:00,3172.1945986006167,3341.004144101563,1276.786996047001
forecast_3599,2025-05-30 23:00:00,2950.9954414161684,2601.335723831024,1042.911005931797
forecast_3600,2025-05-31 00:00:00,2615.7192551434327,2361.009244029694,844.9004469124413
forecast_3601,2025-05-31 01:00:00,2024.9782492373658,1917.1013350677492,579.5035744855156
forecast_3602,2025-05-31 02:00:00,2265.5639898445133,2123.7413235391236,533.4469943126144
forecast_3603,2025-05-31 03:00:00,2498.1910001387023,2577.1448699441526,734.5863536146546
forecast_3604,2025-05-31 04:00:00,2779.276791205597,2378.0270102664185,733.1852994429779
forecast_3605,2025-05-31 05:00:00,2591.617396606598,2333.1685795005797,641.1709412300911
forecast_3606,2025-05-31 06:00:00,2587.99342026886,2363.5882870819096,713.3264690533448
forecast_3607,2025-05-31 07:00:00,2470.8176757717893,2444.4875705319214,731.8631654159813
forecast_3608,2025-05-31 08:00:00,2193.6295342794037,2323.6229425279616,792.8991982630654
forecast_3609,2025-05-31 09:00:00,1635.296012555008,1611.27391833622,501.46108408370594
forecast_3610,2025-05-31 10:00:00,1490.869074536171,1618.5392017265704,474.4997381130753
forecast_3611,2025-05-31 11:00:00,1957.2890731531527,2353.972715828095,1100.5176841763496
forecast_3612,2025-05-31 12:00:00,2134.0392913553624,2741.98537580719,1276.388853600216
forecast_3613,2025-05-31 13:00:00,1943.291285356293,2490.6913571937566,1278.4488454395105
forecast_3614,2025-05-31 14:00:00,1974.4013877571106,2685.013334687958,1378.3284228832244
forecast_3615,2025-05-31 15:00:00,2140.1865963605496,2535.6923040390016,1330.404361646118
forecast_3616,2025-05-31 16:00:00,2167.1323436616517,2461.277213656769,1331.81123572258
forecast_3617,2025-05-31 17:00:00,2216.34318894577,2319.921491160736,1160.89547264246
forecast_3618,2025-05-31 18:00:00,2137.3888237730407,2219.857790969658,811.2553426913186
forecast_3619,2025-05-31 19:00:00,2279.6972531777956,2659.033825146332,775.0539793339158
forecast_3620,2025-05-31 20:00:00,2402.2683084064483,2807.7266048840333,828.4537957498475
forecast_3621,2025-05-31 21:00:00,2535.938293345337,2912.3850784626393,890.5837006088067
forecast_3622,2025-05-31 22:00:00,2650.5218818408966,2847.9599235237124,1058.7464252404138
forecast_3623,2025-05-31 23:00:00,2796.803229686127,2839.326062464142,1173.3434480714989
forecast_3624,2025-06-01 00:00:00,1845.0513495449832,1863.0011345114135,793.1022601929436
forecast_3625,2025-06-01 01:00:00,1984.6539330466462,1792.7996959434893,721.1692274423905
forecast_3626,2025-06-01 02:00:00,2177.8556355880737,2031.8513484283449,718.1727934769822
forecast_3627,2025-06-01 03:00:00,2769.1767618999484,2570.669676058197,894.07121163377
forecast_3628,2025-06-01 04:00:00,3136.2951197137454,2813.686149125519,1112.1214989387513
forecast_3629,2025-06-01 05:00:00,2780.2247589331055,2592.5074355873107,862.031913045742
forecast_3630,2025-06-01 06:00:00,2337.820190422745,1971.085010605202,646.6753920000001
forecast_3631,2025-06-01 07:00:00,1801.3743308664705,1785.1773554204178,505.233544
forecast_3632,2025-06-01 08:00:00,1265.9768883854865,1339.7052834539415,433.93976000000004
forecast_3633,2025-06-01 09:00:00,1077.5590134351921,1213.573041468773,349.1246737079621
forecast_3634,2025-06-01 10:00:00,1091.887800998688,1075.7481364322282,327.99932
forecast_3635,2025-06-01 11:00:00,1142.5619721332168,1133.53204846653,346.90392
forecast_3636,2025-06-01 12:00:00,1080.620655728836,1109.9870439445876,333.64432000000005
forecast_3637,2025-06-01 13:00:00,1137.425518115654,1101.7864756215286,326.970824
forecast_3638,2025-06-01 14:00:00,1085.3891902898408,1076.3406748012924,323.499632
forecast_3639,2025-06-01 15:00:00,1058.9686504130937,1036.6254680713273,326.970824
forecast_3640,2025-06-01 16:00:00,1039.1024616485215,1005.6162365731813,315.27176000000003
forecast_3641,2025-06-01 17:00:00,1055.3208207416155,1008.7222027041626,323.499632
forecast_3642,2025-06-01 18:00:00,1599.8902956566621,1525.446327080002,663.7067234838868
forecast_3643,2025-06-01 19:00:00,2404.9543723088077,2727.1015306326294,1079.6920547250938
forecast_3644,2025-06-01 20:00:00,3857.820772156525,3981.6403420446777,1841.310992676449
forecast_3645,2025-06-01 21:00:00,3967.8851966487887,4110.264251243592,2063.589026632328
forecast_3646,2025-06-01 22:00:00,5075.68217383194,5514.299260754243,2902.6350525225257
forecast_3647,2025-06-01 23:00:00,4003.2085491043094,4079.0086709701536,1564.6982067196084
forecast_3648,2025-06-02 00:00:00,5014.569923346482,5603.20483940155,2728.111350749912
forecast_3649,2025-06-02 01:00:00,4589.18687204132,5005.000977049255,2143.6393234671596
forecast_3650,2025-06-02 02:00:00,3593.1014776111606,3497.4744391305544,1304.0323565300369
forecast_3651,2025-06-02 03:00:00,4563.652567770768,4916.773143391419,1934.978814652176
forecast_3652,2025-06-02 04:00:00,3116.7532548452764,3070.452719039612,1032.0002710130693
forecast_3653,2025-06-02 05:00:00,3269.8230508762363,3448.337557686615,1453.898933275776
forecast_3654,2025-06-02 06:00:00,1654.4297426988985,1711.4279883250047,652.9025911951256
forecast_3655,2025-06-02 07:00:00,1432.0392655688859,1572.0445087211992,524.5444068830413
forecast_3656,2025-06-02 08:00:00,1361.7557521766664,1570.8729999333573,553.1985024418259
forecast_3657,2025-06-02 09:00:00,1368.6121379800034,1602.5581068353654,552.3475935762024
forecast_3658,2025-06-02 10:00:00,1530.0751671748735,1739.4436695944596,633.4427922348787
forecast_3659,2025-06-02 11:00:00,1312.932594202156,1681.4050370109178,610.8942439859009
forecast_3660,2025-06-02 12:00:00,1534.1655600444794,1869.5517436408998,812.178877697773
forecast_3661,2025-06-02 13:00:00,1363.0519662015533,1801.9427824443055,705.3898523383523
forecast_3662,2025-06-02 14:00:00,1378.1017395220758,1714.468614457207,728.101232186573
forecast_3663,2025-06-02 15:00:00,2546.0413048651126,3092.2321351254272,1731.2654369804193
forecast_3664,2025-06-02 16:00:00,3375.662530140686,3544.552274160004,1768.012717792454
forecast_3665,2025-06-02 17:00:00,3507.4435332628636,3416.2656876768497,1952.7897171756174
forecast_3666,2025-06-02 18:00:00,4061.874304856491,3418.2924277177813,1982.1259363964655
forecast_3667,2025-06-02 19:00:00,3690.0657016937257,3192.225822671089,1500.352823407421
forecast_3668,2025-06-02 20:00:00,3280.967673465271,2964.753284407616,1108.8597688780212
forecast_3669,2025-06-02 21:00:00,2983.3811637802887,3146.616410412178,1008.9256
forecast_3670,2025-06-02 22:00:00,2616.306823694534,2690.3813395414354,885.1906980575372
forecast_3671,2025-06-02 23:00:00,2054.6928367887876,2198.2486880669785,958.0921603516389
forecast_3672,2025-06-03 00:00:00,2179.952481509972,2308.3168739418034,1079.510080646782
forecast_3673,2025-06-03 01:00:00,2469.1078820484163,2765.26025296875,1053.2391585604669
forecast_3674,2025-06-03 02:00:00,2474.2472408176423,2734.048502561188,1023.4633244346619
forecast_3675,2025-06-03 03:00:00,2812.108016991501,3487.881466073761,1355.6852369397927
forecast_3676,2025-06-03 04:00:00,2919.878647098923,3034.871352510033,1405.9448365331841
forecast_3677,2025-06-03 05:00:00,3874.750237186432,4139.577462440033,2141.0675006674196
forecast_3678,2025-06-03 06:00:00,3613.955661238861,3948.311100338898,2036.3269764076997
forecast_3679,2025-06-03 07:00:00,2800.7112990348814,2963.7654424621583,1631.5371301921846
forecast_3680,2025-06-03 08:00:00,2182.2562633055877,2016.3662868888857,1183.4960431667632
forecast_3681,2025-06-03 09:00:00,1977.4855095776747,1825.4273246554949,1227.7934351853296
forecast_3682,2025-06-03 10:00:00,3266.6151066909792,3458.924984835053,1639.8387897904015
forecast_3683,2025-06-03 11:00:00,4178.142912886962,4345.1150088058475,2385.6268365203096
forecast_3684,2025-06-03 12:00:00,6131.811147185822,5547.000220677185,3704.868104537964
forecast_3685,2025-06-03 13:00:00,8250.387534272766,7330.344459237366,5143.106802441406
forecast_3686,2025-06-03 14:00:00,10522.024270677186,9805.142419914246,8006.033730029679
forecast_3687,2025-06-03 15:00:00,11934.535691946412,11876.159048762513,9498.710483431245
forecast_3688,2025-06-03 16:00:00,11782.428308598328,11015.888659495546,8593.716188879394
forecast_3689,2025-06-03 17:00:00,12916.189420910645,12648.103631283571,9515.713712346267
forecast_3690,2025-06-03 18:00:00,14066.552407400513,13676.428663906861,10774.46819295082
forecast_3691,2025-06-03 19:00:00,13697.190272354128,13541.545858621217,10773.54517256813
forecast_3692,2025-06-03 20:00:00,14820.836873391723,15396.816592462159,12082.637981207658
forecast_3693,2025-06-03 21:00:00,16995.849064968876,18005.748567282106,14676.434864600373
forecast_3694,2025-06-03 22:00:00,17286.550497326658,18389.189632055663,13802.977447487641
forecast_3695,2025-06-03 23:00:00,16782.09186604309,17363.512925445557,13015.90352361145
forecast_3696,2025-06-04 00:00:00,16111.40873319092,16040.39026756897,11928.333494877625
forecast_3697,2025-06-04 01:00:00,14168.677294171144,14266.719903274538,10753.180368489457
forecast_3698,2025-06-04 02:00:00,14414.887363027956,14022.947696185303,10375.434072509384
forecast_3699,2025-06-04 03:00:00,15338.697577667237,15800.234614630128,12902.10016002884
forecast_3700,2025-06-04 04:00:00,15890.14803129578,16686.849221582033,13589.260039623261
forecast_3701,2025-06-04 05:00:00,16425.49352497253,17034.840327880862,13390.057224743652
forecast_3702,2025-06-04 06:00:00,17610.451866082763,18086.607068832396,14973.374556653594
forecast_3703,2025-06-04 07:00:00,18213.094005599974,19476.782956909177,15947.972940416717
forecast_3704,2025-06-04 08:00:00,18625.33686667175,19825.6834056366,16225.099647322084
forecast_3705,2025-06-04 09:00:00,18469.801391452027,19521.71536129761,15989.422268164062
forecast_3706,2025-06-04 10:00:00,17902.68132385559,19172.486041229247,15826.597800465393
forecast_3707,2025-06-04 11:00:00,17505.733537945554,18657.673008135986,15565.197785762786
forecast_3708,2025-06-04 12:00:00,17093.592925112916,18246.29048938599,15055.044223171997
forecast_3709,2025-06-04 13:00:00,16657.034262091067,17610.364532714844,14944.745310702514
forecast_3710,2025-06-04 14:00:00,16147.501942614746,16653.560990530394,12687.260056738283
forecast_3711,2025-06-04 15:00:00,15231.077521762085,14788.86756668396,11571.843605449676
forecast_3712,2025-06-04 16:00:00,14350.834073025513,13676.771246780396,10337.302461445235
forecast_3713,2025-06-04 17:00:00,13646.11387100525,12466.993922830201,9677.516386164476
forecast_3714,2025-06-04 18:00:00,13333.125397653199,11968.804624993898,8965.62197559395
forecast_3715,2025-06-04 19:00:00,13565.069186712648,12662.735605368041,9072.764284405519
forecast_3716,2025-06-04 20:00:00,14007.423212365724,13357.085275421145,9864.913439611817
forecast_3717,2025-06-04 21:00:00,13526.835595098877,13299.987605856324,9863.916278632736
forecast_3718,2025-06-04 22:00:00,12519.694776947023,12755.011414669802,9306.085000056457
forecast_3719,2025-06-04 23:00:00,13391.351564828492,14222.230686532594,10166.0652369648
forecast_3720,2025-06-05 00:00:00,13525.00586813965,14551.690078729249,10480.471529954148
forecast_3721,2025-06-05 01:00:00,11008.963047259522,11070.955619975282,7485.898460153961
forecast_3722,2025-06-05 02:00:00,13192.31478777771,13968.740552172852,10025.520699957657
forecast_3723,2025-06-05 03:00:00,15305.29035883484,16118.592133404542,11883.209617887116
forecast_3724,2025-06-05 04:00:00,15370.909227072145,16439.932095092772,12103.829204436493
forecast_3725,2025-06-05 05:00:00,14810.693748049927,15743.037467160037,11858.109191029358
forecast_3726,2025-06-05 06:00:00,13993.5278188324,15101.342132418824,10929.555238661576
forecast_3727,2025-06-05 07:00:00,15075.09257619629,16364.642688867189,12085.81339245453
forecast_3728,2025-06-05 08:00:00,13330.702028289796,14275.900036224366,10476.927798156357
forecast_3729,2025-06-05 09:00:00,10980.857531573487,12390.304718286134,8587.767234716033
forecast_3730,2025-06-05 10:00:00,8698.601032000734,9522.537249487305,6169.720044253692
forecast_3731,2025-06-05 11:00:00,8079.416909071351,8092.347105691529,5229.92673032608
forecast_3732,2025-06-05 12:00:00,7346.252310330506,7745.370706348877,5108.537149583053
forecast_3733,2025-06-05 13:00:00,7515.164510493774,7256.73182528717,4381.823114628372
forecast_3734,2025-06-05 14:00:00,7929.010947669984,7887.53570055542,5632.376523128739
forecast_3735,2025-06-05 15:00:00,7900.318443676759,8011.346874195861,5708.695942650528
forecast_3736,2025-06-05 16:00:00,9690.220556425476,9477.959606996155,7480.838632520524
forecast_3737,2025-06-05 17:00:00,10834.040960842894,10197.852639904786,8328.976006936646
forecast_3738,2025-06-05 18:00:00,12769.163123199463,12233.8871040802,9976.695546670915
forecast_3739,2025-06-05 19:00:00,14823.822467245483,14891.36335286255,12433.139953166963
forecast_3740,2025-06-05 20:00:00,15796.213929388428,15635.136994137574,14761.095019845583
forecast_3741,2025-06-05 21:00:00,18021.1020898407,17279.412681860354,15308.206911497498
forecast_3742,2025-06-05 22:00:00,19421.79063869324,18268.276460668945,15683.192953897858
forecast_3743,2025-06-05 23:00:00,19773.09926001587,18615.0706487793,15838.454648440553
forecast_3744,2025-06-06 00:00:00,19456.205513253786,18664.4003611145,15890.117393348693
forecast_3745,2025-06-06 01:00:00,19645.13611159973,18940.761585195927,15858.652985034181
forecast_3746,2025-06-06 02:00:00,19516.677831942747,19027.078442886355,15927.38011909485
forecast_3747,2025-06-06 03:00:00,19936.312014068604,19450.585571295167,15977.413759367371
forecast_3748,2025-06-06 04:00:00,19932.60789544983,19672.73170806885,15945.338779879761
forecast_3749,2025-06-06 05:00:00,19479.70903261719,19234.607159259034,15588.286790159607
forecast_3750,2025-06-06 06:00:00,19192.168730651858,19049.039074142456,15844.071411611178
forecast_3751,2025-06-06 07:00:00,18138.545808404542,19032.553173110966,15930.275493054964
forecast_3752,2025-06-06 08:00:00,16978.1029577179,18117.69141256409,15666.889181793977
forecast_3753,2025-06-06 09:00:00,14921.895211825562,15941.504303601076,13462.166234344484
forecast_3754,2025-06-06 10:00:00,13800.996987768556,15352.154320526124,12244.368991357422
forecast_3755,2025-06-06 11:00:00,14093.37475072937,15422.972997946168,12465.985229870606
forecast_3756,2025-06-06 12:00:00,14401.585036328126,15270.123356393433,13186.111269301606
forecast_3757,2025-06-06 13:00:00,14532.397733740236,15479.058585586548,13281.225931414796
forecast_3758,2025-06-06 14:00:00,15063.385140972901,16034.14744215088,13767.203985904694
forecast_3759,2025-06-06 15:00:00,15021.881825479126,16090.602092843628,14683.372616683198
forecast_3760,2025-06-06 16:00:00,15207.189335696412,16073.632470535278,14524.365060089876
forecast_3761,2025-06-06 17:00:00,14855.521053311159,15607.363293984985,13951.330317063905
forecast_3762,2025-06-06 18:00:00,14496.137801956178,15496.55808070984,13573.777539484407
forecast_3763,2025-06-06 19:00:00,16722.99188654175,17700.939645562743,15612.85618965912
forecast_3764,2025-06-06 20:00:00,17521.839239578247,18058.877770526124,15958.568584693146
forecast_3765,2025-06-06 21:00:00,17826.860815267944,18645.862256930544,16115.51765492325
forecast_3766,2025-06-06 22:00:00,18307.370539746094,18877.898866012576,16018.139059838868
forecast_3767,2025-06-06 23:00:00,18201.85143218689,18778.100226962284,15817.996963290407
forecast_3768,2025-06-07 00:00:00,18203.857070214843,18794.859082296753,15936.660880819703
forecast_3769,2025-06-07 01:00:00,18270.162719876098,18761.39468748169,15718.232466941072
forecast_3770,2025-06-07 02:00:00,18168.370936285402,18557.823358551024,15799.63008399582
forecast_3771,2025-06-07 03:00:00,17746.442756066892,18184.200858459473,15609.277293447114
forecast_3772,2025-06-07 04:00:00,18175.718696139527,18387.42707495117,15201.546453113557
forecast_3773,2025-06-07 05:00:00,18665.682184970094,18823.74916188355,15043.633005254364
forecast_3774,2025-06-07 06:00:00,18509.527693374635,18752.955678164675,15658.75266878357
forecast_3775,2025-06-07 07:00:00,17531.208324942017,18569.188929290773,15657.538486515808
forecast_3776,2025-06-07 08:00:00,15409.176947686768,16964.42979168091,13781.303155923462
forecast_3777,2025-06-07 09:00:00,12264.058757409668,14132.512143029786,10426.086624603273
forecast_3778,2025-06-07 10:00:00,11185.449538249208,11408.562316085816,8689.926244193648
forecast_3779,2025-06-07 11:00:00,9196.429914851378,9888.20799476471,7736.670875768281
forecast_3780,2025-06-07 12:00:00,7586.630366305542,8456.691286451722,6196.5344163468935
forecast_3781,2025-06-07 13:00:00,6963.221146520386,6763.167314233094,5284.150151964645
forecast_3782,2025-06-07 14:00:00,6586.582730410767,6763.49379919281,5246.090608009263
forecast_3783,2025-06-07 15:00:00,6505.894138667298,6482.427262118836,4987.362407696151
forecast_3784,2025-06-07 16:00:00,6475.020829754639,6652.170694041139,5453.7032919133
forecast_3785,2025-06-07 17:00:00,6060.48459987793,6664.072675098572,5131.960388743744
forecast_3786,2025-06-07 18:00:00,6457.598424214173,7326.745405500794,5260.880503406144
forecast_3787,2025-06-07 19:00:00,8131.989854743958,9071.863488032533,6377.66380174141
forecast_3788,2025-06-07 20:00:00,11027.561656805421,12393.535834436036,9474.299092565536
forecast_3789,2025-06-07 21:00:00,13023.882394876098,14181.555991204834,11161.913950042344
forecast_3790,2025-06-07 22:00:00,13349.220743975831,14276.081744750976,10414.051791583634
forecast_3791,2025-06-07 23:00:00,13811.061584811403,14628.063932516481,11638.353266691971
forecast_3792,2025-06-08 00:00:00,13887.097674517823,14884.264416928101,11661.415237831117
forecast_3793,2025-06-08 01:00:00,11837.250748440552,13416.542567898561,9652.30788359108
forecast_3794,2025-06-08 02:00:00,11948.023712643433,13432.250585906982,9580.421201327896
forecast_3795,2025-06-08 03:00:00,11106.69174085083,13161.812246887208,9210.860928886796
forecast_3796,2025-06-08 04:00:00,11184.636480096435,13111.98474138794,8508.21672277794
forecast_3797,2025-06-08 05:00:00,9697.484313259887,10695.464263276674,6401.232846527329
forecast_3798,2025-06-08 06:00:00,7024.932383833619,6766.326402313232,3399.205398554306
forecast_3799,2025-06-08 07:00:00,4521.914784906006,4093.0062971244815,1728.1305092736245
forecast_3800,2025-06-08 08:00:00,2525.5216792686083,2589.677338484955,944.1484395834541
forecast_3801,2025-06-08 09:00:00,1792.2886701303485,1977.076539320717,655.61248
forecast_3802,2025-06-08 10:00:00,1115.4853110246277,1223.4731503969194,426.87032
forecast_3803,2025-06-08 11:00:00,1044.819254736729,1118.6165567814255,318.74288
forecast_3804,2025-06-08 12:00:00,1052.3464265462876,1145.2394706521989,307.750904
forecast_3805,2025-06-08 13:00:00,1092.5898822605134,1100.2707737519454,404.3993839981117
forecast_3806,2025-06-08 14:00:00,1157.2543842324067,1189.0005688625718,387.2574984584999
forecast_3807,2025-06-08 15:00:00,1122.2748850925063,1129.6552306650926,339.03357926626586
forecast_3808,2025-06-08 16:00:00,1023.7947151767921,1092.9658727586748,397.7251873037071
forecast_3809,2025-06-08 17:00:00,1150.5998549211122,1266.2138858823778,411.22410940814973
forecast_3810,2025-06-08 18:00:00,1565.1522765896607,1649.6331886981584,652.8131377315713
forecast_3811,2025-06-08 19:00:00,1994.4614463867188,2204.1715815696716,813.8079494384194
forecast_3812,2025-06-08 20:00:00,2426.013387008286,2504.673920948944,989.5816871813698
forecast_3813,2025-06-08 21:00:00,2732.586469549103,2935.84918447052,1127.1520830158424
forecast_3814,2025-06-08 22:00:00,4853.202615448456,5069.422924588318,2176.43819148674
forecast_3815,2025-06-08 23:00:00,7704.798283260193,7780.79037997284,4678.359061000061
forecast_3816,2025-06-09 00:00:00,9453.102467007448,9208.393806860353,7277.738319052125
forecast_3817,2025-06-09 01:00:00,9343.189626460266,10225.651532707216,7647.377584737778
forecast_3818,2025-06-09 02:00:00,9928.341546548463,11017.913358602906,7734.2259582584375
forecast_3819,2025-06-09 03:00:00,9335.150929243471,10741.146108592226,6556.946321578217
forecast_3820,2025-06-09 04:00:00,8490.764956153871,9635.870845852662,5557.2824154307555
forecast_3821,2025-06-09 05:00:00,7533.041125544434,7835.091809562684,4889.150238895416
forecast_3822,2025-06-09 06:00:00,5321.377809724427,5666.045580209961,3030.9306403364567
forecast_3823,2025-06-09 07:00:00,3749.0893149614717,3713.333543862915,1498.2793734792901
forecast_3824,2025-06-09 08:00:00,2227.255992735443,2419.563789151764,948.4107820048104
forecast_3825,2025-06-09 09:00:00,1498.001181771393,1589.0692126420595,701.8001501336098
forecast_3826,2025-06-09 10:00:00,1405.8781339208604,1520.442518139,635.6942613586311
forecast_3827,2025-06-09 11:00:00,1647.6620248406982,1858.0974996452333,792.2147900012399
forecast_3828,2025-06-09 12:00:00,1581.0398127731705,1761.9477796889878,711.7188981684875
forecast_3829,2025-06-09 13:00:00,1711.1472606727982,1803.6383914110183,668.4760017992669
forecast_3830,2025-06-09 14:00:00,1913.328654786377,2306.691147556648,1111.2242465675927
forecast_3831,2025-06-09 15:00:00,2045.1108800174713,2412.339170180855,1238.9899734148598
forecast_3832,2025-06-09 16:00:00,1986.9250197298816,2268.8273977815247,1218.1136809187888
forecast_3833,2025-06-09 17:00:00,2074.1862051920316,2750.2406568969727,1434.3077365672493
forecast_3834,2025-06-09 18:00:00,2437.7467513646698,3106.298669529114,1582.7912011828805
forecast_3835,2025-06-09 19:00:00,2542.0494883514407,3070.4283348976137,1244.7404669245338
forecast_3836,2025-06-09 20:00:00,3586.3994290979385,4316.243243175049,1653.8012438666726
forecast_3837,2025-06-09 21:00:00,6176.342764289093,7055.83344927826,3373.579741256714
forecast_3838,2025-06-09 22:00:00,9322.334801390076,10570.807415997315,7271.2840733016965
forecast_3839,2025-06-09 23:00:00,9542.894312763976,10798.037465950014,6916.522153406601
forecast_3840,2025-06-10 00:00:00,9291.988958734131,10844.533978175356,6505.322064680481
forecast_3841,2025-06-10 01:00:00,14425.061371469117,15375.163075411989,11894.936159969713
forecast_3842,2025-06-10 02:00:00,15819.989872830201,16488.011178771972,13208.493881310273
forecast_3843,2025-06-10 03:00:00,16534.61435473633,17253.04005462036,15292.993369712067
forecast_3844,2025-06-10 04:00:00,16257.597308892824,17048.33155079651,13548.887056806947
forecast_3845,2025-06-10 05:00:00,17256.88189259338,17568.126262084963,14833.481178807831
forecast_3846,2025-06-10 06:00:00,16997.84309158325,16652.646577883912,13106.512025818636
forecast_3847,2025-06-10 07:00:00,15340.96931148987,15745.88033904419,12774.185342030716
forecast_3848,2025-06-10 08:00:00,12439.211337356568,13902.726690982056,10070.500867159271
forecast_3849,2025-06-10 09:00:00,8411.378527589415,9562.05992425232,6113.243763051606
forecast_3850,2025-06-10 10:00:00,6297.210812580414,7024.311784953614,3738.275475610962
forecast_3851,2025-06-10 11:00:00,5143.088454634857,5667.760255157776,3409.8825036654666
forecast_3852,2025-06-10 12:00:00,6696.959995922089,6642.518696279908,5074.968910648346
forecast_3853,2025-06-10 13:00:00,7246.685264444275,8268.443331182862,6153.537107426681
forecast_3854,2025-06-10 14:00:00,7774.97515018921,8943.861681713868,6599.066984345245
forecast_3855,2025-06-10 15:00:00,8441.70850710907,9370.645081629944,6826.385113413238
forecast_3856,2025-06-10 16:00:00,8832.039984155273,9664.369148091126,7720.414037689209
forecast_3857,2025-06-10 17:00:00,9663.472864248659,10210.014718617249,7680.93801104866
forecast_3858,2025-06-10 18:00:00,11262.106968771363,11824.286063815307,8658.396661080933
forecast_3859,2025-06-10 19:00:00,11392.768147756959,12272.033070062256,9253.507770983124
forecast_3860,2025-06-10 20:00:00,12476.576012796022,13015.708149783326,10345.256766036226
forecast_3861,2025-06-10 21:00:00,13503.228788937378,14412.591278619386,11360.474659122467
forecast_3862,2025-06-10 22:00:00,14826.116553848267,15356.586616967774,12487.520053089143
forecast_3863,2025-06-10 23:00:00,15764.027851870727,15948.145249121095,12919.920730760194
forecast_3864,2025-06-11 00:00:00,15125.289223602296,15642.177488275147,12365.112562232971
forecast_3865,2025-06-11 01:00:00,14439.157113931275,15299.172441711426,11427.288356117248
forecast_3866,2025-06-11 02:00:00,14819.339643182373,15404.658568481445,11711.151507717896
forecast_3867,2025-06-11 03:00:00,13183.473266296387,14430.601600872804,10212.253458591844
forecast_3868,2025-06-11 04:00:00,13245.904578007508,14096.538429156495,9546.980685361861
forecast_3869,2025-06-11 05:00:00,13469.630713275146,14048.87441060486,9097.68781306343
forecast_3870,2025-06-11 06:00:00,13295.314694221497,14220.04977770691,8961.70819842186
forecast_3871,2025-06-11 07:00:00,12873.516078956605,13716.617534524536,8855.251047740556
forecast_3872,2025-06-11 08:00:00,10893.413487251282,11889.881803622437,7644.154377959824
forecast_3873,2025-06-11 09:00:00,9418.14308355713,9838.968363978578,6421.885641116714
forecast_3874,2025-06-11 10:00:00,9659.989961566163,9187.35124778595,6224.038992818757
forecast_3875,2025-06-11 11:00:00,8734.94825948944,7666.232630316163,5143.50516517685
forecast_3876,2025-06-11 12:00:00,8629.949653967285,7360.107082804871,4646.9859899383555
forecast_3877,2025-06-11 13:00:00,8549.688767559815,7752.878169351196,4726.962182603607
forecast_3878,2025-06-11 14:00:00,8274.877107703858,7502.77632921936,4688.107271129913
forecast_3879,2025-06-11 15:00:00,7285.355622710572,6013.3269531881715,3519.005923163071
forecast_3880,2025-06-11 16:00:00,6028.347275047303,5347.124531411743,3338.8804719176483
forecast_3881,2025-06-11 17:00:00,6863.091605029297,6615.285290605621,3398.8109673882295
forecast_3882,2025-06-11 18:00:00,5137.732661940003,4364.010273310241,2219.632681793594
forecast_3883,2025-06-11 19:00:00,4837.958589845123,4612.773644807434,2054.0357079045298
forecast_3884,2025-06-11 20:00:00,5729.6367917877205,6206.779703901368,2626.1393296507267
forecast_3885,2025-06-11 21:00:00,6122.689806015015,6387.417476356506,2871.5432968659975
forecast_3886,2025-06-11 22:00:00,7064.05901395752,8031.016518591309,4084.4964535577396
forecast_3887,2025-06-11 23:00:00,7685.195171928406,8166.753413117066,4923.004290544968
forecast_3888,2025-06-12 00:00:00,7330.479681933594,7617.248485984803,3651.572364004898
forecast_3889,2025-06-12 01:00:00,4700.685808630753,4292.693251833038,2139.720393831234
forecast_3890,2025-06-12 02:00:00,4765.124740157318,4476.958618938752,2179.5302405126386
forecast_3891,2025-06-12 03:00:00,3621.4876899116516,3308.675054953766,1416.658548118
forecast_3892,2025-06-12 04:00:00,3093.495581380081,2847.1327592425537,1099.0672885044671
forecast_3893,2025-06-12 05:00:00,2443.0619202452085,2382.6511801437377,865.7717657968903
forecast_3894,2025-06-12 06:00:00,1591.3087565657424,1808.2685086816407,456.05648
forecast_3895,2025-06-12 07:00:00,1424.789564729729,1717.3352071003724,455.16645600000004
forecast_3896,2025-06-12 08:00:00,1269.4809225641252,1543.290496223259,427.89880000000005
forecast_3897,2025-06-12 09:00:00,1214.2037868858242,1409.7356461452102,427.89880000000005
forecast_3898,2025-06-12 10:00:00,1045.3621170147135,1101.2349746793366,320.614576
forecast_3899,2025-06-12 11:00:00,1011.2207612446214,1053.7809746348955,331.60656
forecast_3900,2025-06-12 12:00:00,1018.7528085145759,1054.15488,331.60656
forecast_3901,2025-06-12 13:00:00,1022.8844437108994,1053.6717954702758,320.614576
forecast_3902,2025-06-12 14:00:00,997.8502836255838,1049.3694400000002,320.614576
forecast_3903,2025-06-12 15:00:00,1013.9604585677339,999.5946373475647,320.614576
forecast_3904,2025-06-12 16:00:00,1057.6194940076448,1065.7595021030047,320.614576
forecast_3905,2025-06-12 17:00:00,1130.9216252573015,1262.317267316246,380.7612658255921
forecast_3906,2025-06-12 18:00:00,1388.6451408057023,1602.7566284362413,489.24864880105207
forecast_3907,2025-06-12 19:00:00,1530.4772035086824,1907.5053989043045,648.29704
forecast_3908,2025-06-12 20:00:00,1811.7571487127307,2219.1354316352463,958.4386986733284
forecast_3909,2025-06-12 21:00:00,1875.3912161664202,1900.6801192506791,847.3110060902291
forecast_3910,2025-06-12 22:00:00,2230.2729187564855,2618.371945271454,1070.0695728888513
forecast_3911,2025-06-12 23:00:00,2753.3083680886843,2976.322164233246,1372.2049251574135
forecast_3912,2025-06-13 00:00:00,3294.147057501755,3675.0224974691773,1693.7178891179085
forecast_3913,2025-06-13 01:00:00,4800.175325904846,5964.596427774353,2855.5647486788175
forecast_3914,2025-06-13 02:00:00,6266.609737405396,6876.425635048218,3827.454056091843
forecast_3915,2025-06-13 03:00:00,7314.983140319825,8118.3942537170415,3877.554444361878
forecast_3916,2025-06-13 04:00:00,5525.145076117707,5541.994618454895,2587.288463418045
forecast_3917,2025-06-13 05:00:00,4686.592490333558,4654.500265092469,2008.6228387684632
forecast_3918,2025-06-13 06:00:00,3236.8523324113467,3136.8837583515933,1272.7993007729149
forecast_3919,2025-06-13 07:00:00,1802.6530261610415,1928.2594013346863,841.4628563097573
forecast_3920,2025-06-13 08:00:00,1388.3230365472032,1576.8987223663332,568.205483862896
forecast_3921,2025-06-13 09:00:00,1499.4395428353882,1679.1220285879517,619.3267295098877
forecast_3922,2025-06-13 10:00:00,1398.9494469768906,1608.0398929470825,638.614389831791
forecast_3923,2025-06-13 11:00:00,1201.438405860672,1497.5766493180467,613.0550702760315
forecast_3924,2025-06-13 12:00:00,1332.4548490608597,1562.4329807580948,708.4822973480568
forecast_3925,2025-06-13 13:00:00,1403.05616162426,1634.0923615127947,645.9644665505523
forecast_3926,2025-06-13 14:00:00,1626.0323290579224,1862.8827113544846,886.7669548896293
forecast_3927,2025-06-13 15:00:00,1662.170722344246,1894.7436562181474,1062.9683146893503
forecast_3928,2025-06-13 16:00:00,1629.8634860775758,1679.413330664711,954.6222450733758
forecast_3929,2025-06-13 17:00:00,1784.0289409713937,2038.6032987263109,1131.121231070919
forecast_3930,2025-06-13 18:00:00,2416.3477448072817,2564.3902717956544,1360.6647608965493
forecast_3931,2025-06-13 19:00:00,2433.7795389967346,2728.5051908646014,1079.862715320778
forecast_3932,2025-06-13 20:00:00,2564.328766386681,2808.1355073793034,1246.7007455865478
forecast_3933,2025-06-13 21:00:00,3536.3884750052644,3830.2609095359803,2055.011437769985
forecast_3934,2025-06-13 22:00:00,3890.6410039604193,3926.562381712036,1941.6875820009423
forecast_3935,2025-06-13 23:00:00,4809.164653066177,5613.566626450043,3208.5275134241297
forecast_3936,2025-06-14 00:00:00,3574.0308380687716,3859.4935270652772,1961.2802977617075
forecast_3937,2025-06-14 01:00:00,9483.905830828859,12274.261038883973,8494.283296380996
forecast_3938,2025-06-14 02:00:00,9295.085421733094,11292.401362960814,7549.089739353333
forecast_3939,2025-06-14 03:00:00,9021.327319316102,11150.69094615326,7805.228140967561
forecast_3940,2025-06-14 04:00:00,6558.6516524281315,7613.255212307739,3663.5564337360383
forecast_3941,2025-06-14 05:00:00,4637.522908483124,5415.232119898224,2182.237838948574
forecast_3942,2025-06-14 06:00:00,3504.8036481806184,3201.3435653886795,1155.4353600000002
forecast_3943,2025-06-14 07:00:00,2206.6430548412704,2005.5400438759998,752.6714323929978
forecast_3944,2025-06-14 08:00:00,1609.2963444866946,1635.8283371232606,532.1441808677292
forecast_3945,2025-06-14 09:00:00,2229.5169643516538,2287.3285214892576,724.7366633569069
forecast_3946,2025-06-14 10:00:00,1701.884668156853,2031.8173529653932,603.8928547923584
forecast_3947,2025-06-14 11:00:00,1468.6989600000002,2061.426721307373,570.4209261403084
forecast_3948,2025-06-14 12:00:00,1501.2686977608491,2072.5434261538694,708.4658845225869
forecast_3949,2025-06-14 13:00:00,1227.32736,1639.2105317677308,572.2946791807709
forecast_3950,2025-06-14 14:00:00,1432.8036926890945,2057.388235498352,755.5870964993478
forecast_3951,2025-06-14 15:00:00,1459.430231285019,1996.376058678589,907.3995583519936
forecast_3952,2025-06-14 16:00:00,1430.0828208228686,1810.3328586662292,706.4724379048348
forecast_3953,2025-06-14 17:00:00,1512.0462336011124,1915.1879401434326,726.9721642006875
forecast_3954,2025-06-14 18:00:00,1606.0099496216585,1841.6130615105822,681.6439037191201
forecast_3955,2025-06-14 19:00:00,1825.9766302550124,2134.3648440332418,597.7178319081994
forecast_3956,2025-06-14 20:00:00,1856.3182367791749,2070.2325697071838,552.3034282044259
forecast_3957,2025-06-14 21:00:00,1890.432305858536,1894.0547153341677,571.4707252014427
forecast_3958,2025-06-14 22:00:00,2093.1836924423214,1721.0356089829638,810.8833056074334
forecast_3959,2025-06-14 23:00:00,2187.5141655529787,1855.9744559227374,853.5699950046159
forecast_3960,2025-06-15 00:00:00,2038.570351943741,1734.280939602051,846.2683787865831
forecast_3961,2025-06-15 01:00:00,5405.42624404953,4936.954432695313,3130.971398129559
forecast_3962,2025-06-15 02:00:00,5478.524408771363,5165.35591445694,2996.5605758608817
forecast_3963,2025-06-15 03:00:00,4430.250998980637,4549.4127624748235,2243.112841746807
forecast_3964,2025-06-15 04:00:00,4566.962937988281,4298.411521298523,2689.748953015232
forecast_3965,2025-06-15 05:00:00,6274.1505958317575,5840.383534580994,4062.302141444397
forecast_3966,2025-06-15 06:00:00,6829.795447562409,6611.3731609021,4494.021093769456
forecast_3967,2025-06-15 07:00:00,4281.173138836441,4013.7349072525026,1675.2182866245844
forecast_3968,2025-06-15 08:00:00,2164.265884219589,2360.240169806824,859.9278177387544
forecast_3969,2025-06-15 09:00:00,1430.6047684091568,1675.8328815744019,617.6013991106988
forecast_3970,2025-06-15 10:00:00,1445.1166430068588,1608.3323295801165,593.5080957751885
forecast_3971,2025-06-15 11:00:00,1595.8773864258194,1779.1159236192705,735.4103701018715
forecast_3972,2025-06-15 12:00:00,2280.499169595871,2912.540704878235,1058.1970097479248
forecast_3973,2025-06-15 13:00:00,2145.8771573075105,2731.655417418518,1036.3703789214326
forecast_3974,2025-06-15 14:00:00,2373.829704479752,3069.994778004761,1299.5990170546722
forecast_3975,2025-06-15 15:00:00,2752.0355302988437,3525.369636057892,1691.7491361826324
forecast_3976,2025-06-15 16:00:00,3892.841361418152,4632.765398474121,2658.1388052521515
forecast_3977,2025-06-15 17:00:00,3710.081267687378,4655.777549607545,2439.617989655743
forecast_3978,2025-06-15 18:00:00,4427.14844737732,5820.2866809005745,3239.142948520966
forecast_3979,2025-06-15 19:00:00,5995.55097757721,7773.419746847535,5345.138820636292
forecast_3980,2025-06-15 20:00:00,7339.925390819244,8754.110866290284,6817.888989137649
forecast_3981,2025-06-15 21:00:00,8414.933178744508,11203.657572172546,8409.76803830986
forecast_3982,2025-06-15 22:00:00,9994.171820573427,13259.219039923097,9559.498791207887
forecast_3983,2025-06-15 23:00:00,10580.239107240295,13091.730407597352,9312.776991535186
forecast_3984,2025-06-16 00:00:00,10745.116243566894,13679.291011407471,9958.620434407043
forecast_3985,2025-06-16 01:00:00,9452.335121992493,11318.04956708374,8442.928995967864
forecast_3986,2025-06-16 02:00:00,10614.200054812622,12970.700372650148,9474.819711618042
forecast_3987,2025-06-16 03:00:00,10145.550003977967,13281.41451307373,9761.192852634813
forecast_3988,2025-06-16 04:00:00,9610.32069431305,12268.594012078858,8910.834853255463
forecast_3989,2025-06-16 05:00:00,8089.341129383851,11342.62730774231,8139.687265494537
forecast_3990,2025-06-16 06:00:00,8463.328227630616,10959.050265544129,7953.5330695701605
forecast_3991,2025-06-16 07:00:00,8845.536392532349,11009.673774337769,7683.093747593308
forecast_3992,2025-06-16 08:00:00,9907.246335357666,11666.037888111878,7619.619723616486
forecast_3993,2025-06-16 09:00:00,9651.289771894837,12062.61697147522,8426.702400047685
forecast_3994,2025-06-16 10:00:00,9904.231986070252,11954.346195549013,8477.979205855561
forecast_3995,2025-06-16 11:00:00,8930.216505221559,11253.435470288086,8037.523180093765
forecast_3996,2025-06-16 12:00:00,8387.775905751037,10950.230370576477,7249.51834595192
forecast_3997,2025-06-16 13:00:00,9233.480127052306,11060.441268478395,8703.9532375515
forecast_3998,2025-06-16 14:00:00,9482.681135717774,12105.07877730713,9460.55944969826
forecast_3999,2025-06-16 15:00:00,12090.54359122467,13758.2852984375,10613.480896860123
forecast_4000,2025-06-16 16:00:00,12472.544766259765,13925.165402050781,10669.985792004776
forecast_4001,2025-06-16 17:00:00,15001.415172836305,16152.604358215334,13725.58430051346
forecast_4002,2025-06-16 18:00:00,14847.029095190432,15926.91017427063,12970.471543238069
forecast_4003,2025-06-16 19:00:00,13117.154418289185,14284.907621502687,10728.801702898409
forecast_4004,2025-06-16 20:00:00,12722.952810229493,14294.839841589355,11233.511211174775
forecast_4005,2025-06-16 21:00:00,13324.546918103028,14865.18667487793,12308.511112981416
forecast_4006,2025-06-16 22:00:00,15300.535728619385,16576.624365615848,13442.666020744324
forecast_4007,2025-06-16 23:00:00,15874.05297234497,17131.720987380984,14605.450434187318
forecast_4008,2025-06-17 00:00:00,16728.352408950806,18219.306396594242,15602.463101676942
forecast_4009,2025-06-17 01:00:00,16017.83951140747,17804.641181625368,15435.615125440216
forecast_4010,2025-06-17 02:00:00,16636.677310479736,18513.234517199708,15742.331894161987
forecast_4011,2025-06-17 03:00:00,16577.78919638977,18436.249251705933,15698.162921351624
forecast_4012,2025-06-17 04:00:00,15991.55862180176,18415.162427685547,15480.27272571106
forecast_4013,2025-06-17 05:00:00,15716.692190499878,17730.260235324098,14905.434619035339
forecast_4014,2025-06-17 06:00:00,15535.399622103883,17555.4107326355,14629.359670887758
forecast_4015,2025-06-17 07:00:00,14904.779816152955,17202.636628546144,14023.150673602295
forecast_4016,2025-06-17 08:00:00,13245.456539587403,14977.511087213135,12093.081552973175
forecast_4017,2025-06-17 09:00:00,11986.04572593689,14358.114242477417,10999.363283474351
forecast_4018,2025-06-17 10:00:00,10816.732408828735,13098.564957400515,9977.829629158401
forecast_4019,2025-06-17 11:00:00,10405.939882415772,12282.983218164063,9885.8529886158
forecast_4020,2025-06-17 12:00:00,10960.814411112977,12590.302394186401,10176.343051301574
forecast_4021,2025-06-17 13:00:00,9886.01590065918,11688.333119406128,9174.627405802537
forecast_4022,2025-06-17 14:00:00,9545.17336958313,11695.466584173584,8944.35394229393
forecast_4023,2025-06-17 15:00:00,9288.1481022995,10521.116319621278,8237.291501840973
forecast_4024,2025-06-17 16:00:00,9492.172681848144,10536.050329537964,8136.460475402451
forecast_4025,2025-06-17 17:00:00,8252.02632659607,9616.355260905457,6747.954759161377
forecast_4026,2025-06-17 18:00:00,7168.295610357971,9129.949833218383,6973.0700420822905
forecast_4027,2025-06-17 19:00:00,6110.086437151337,7859.927364015503,4895.7631153736875
forecast_4028,2025-06-17 20:00:00,5804.3775798152155,7644.665173469239,4733.927607110214
forecast_4029,2025-06-17 21:00:00,6690.189891773987,9195.029815933227,5495.713037317276
forecast_4030,2025-06-17 22:00:00,7739.156768790283,9752.7266924469,5649.99387508461
forecast_4031,2025-06-17 23:00:00,8563.006270632935,11222.484070628358,7183.69167403183
forecast_4032,2025-06-18 00:00:00,9449.596248753358,11672.1192395813,7680.1341602272805
forecast_4033,2025-06-18 01:00:00,8664.087843057252,10671.091818286133,6573.471184167481
forecast_4034,2025-06-18 02:00:00,9791.51074758606,11507.095656588745,7213.701574330826
forecast_4035,2025-06-18 03:00:00,10903.456543557739,12908.850605038453,8135.904641337128
forecast_4036,2025-06-18 04:00:00,11113.658794706727,12539.90063883362,8674.142731628035
forecast_4037,2025-06-18 05:00:00,12068.680244110108,13650.91046604004,9227.729406368257
forecast_4038,2025-06-18 06:00:00,11678.081469876099,12684.848016571046,9079.59360435982
forecast_4039,2025-06-18 07:00:00,10419.104394943239,11234.653262057494,8148.023267943954
forecast_4040,2025-06-18 08:00:00,8939.831312422182,9867.607889471437,6864.665862858277
forecast_4041,2025-06-18 09:00:00,6639.241149856262,7169.869004385986,3961.6603167745975
forecast_4042,2025-06-18 10:00:00,5492.430485854339,5708.376010842133,3163.3301079708103
forecast_4043,2025-06-18 11:00:00,4925.042650460053,4949.748115657044,2402.137437946625
forecast_4044,2025-06-18 12:00:00,4786.295899565888,4647.419115912933,2518.6862900785827
forecast_4045,2025-06-18 13:00:00,4429.677771796418,4057.4682162940985,2133.20090424448
forecast_4046,2025-06-18 14:00:00,4052.9642586532595,3557.0477775668337,1862.0634587695122
forecast_4047,2025-06-18 15:00:00,4692.499514390716,4488.088613386536,2360.6235271769715
forecast_4048,2025-06-18 16:00:00,5027.52631518158,4808.370221730653,2761.610226795578
forecast_4049,2025-06-18 17:00:00,5412.366811556549,5019.792144775543,3011.551094611282
forecast_4050,2025-06-18 18:00:00,5920.527440948182,5253.426086242676,3138.7565368173982
forecast_4051,2025-06-18 19:00:00,5024.779984656372,5145.030702926483,2906.7692608866123
forecast_4052,2025-06-18 20:00:00,7332.572458772278,7579.331014939576,4960.953264523698
forecast_4053,2025-06-18 21:00:00,9829.66967651825,10911.103182199096,7740.056700579072
forecast_4054,2025-06-18 22:00:00,10961.169596240235,12008.394847009278,8229.63524276024
forecast_4055,2025-06-18 23:00:00,12494.925214503479,13822.479939566041,9851.646839184952
forecast_4056,2025-06-19 00:00:00,13021.243414044191,14173.322690472414,10773.405967048264
forecast_4057,2025-06-19 01:00:00,13802.408183596803,14631.933166757204,10788.963653155135
forecast_4058,2025-06-19 02:00:00,13495.231426434328,14051.622276828004,10397.888244697953
forecast_4059,2025-06-19 03:00:00,13797.23472536316,14951.057149221802,11419.396911902237
forecast_4060,2025-06-19 04:00:00,13207.82991543274,14500.222886773683,10745.788469734574
forecast_4061,2025-06-19 05:00:00,13015.40833678589,14217.614880419922,10518.151848560334
forecast_4062,2025-06-19 06:00:00,11347.974108776856,12527.42260238495,8212.349362112429
forecast_4063,2025-06-19 07:00:00,8633.677015880585,8906.115483251953,3778.8364206475835
forecast_4064,2025-06-19 08:00:00,5728.709249251176,5116.163844772796,2127.3943299813272
forecast_4065,2025-06-19 09:00:00,2459.603387611084,2238.479137652092,1033.7500947092822
forecast_4066,2025-06-19 10:00:00,1592.9534870374682,1493.9580361030198,782.6415329163094
forecast_4067,2025-06-19 11:00:00,1234.7904008802032,1191.8255208590317,428.87712000000005
forecast_4068,2025-06-19 12:00:00,1075.5045059040833,1161.908713468361,383.06579200000004
forecast_4069,2025-06-19 13:00:00,1072.817936454811,1150.8524435899735,320.614576
forecast_4070,2025-06-19 14:00:00,1102.6692274663924,1156.8650717161943,418.6424
forecast_4071,2025-06-19 15:00:00,1415.9035323949051,1416.396953595009,448.2165600000001
forecast_4072,2025-06-19 16:00:00,1454.8712066129303,1522.1833409231185,508.86768000000006
forecast_4073,2025-06-19 17:00:00,2244.5712935098263,2278.4744307577134,1154.9712288085366
forecast_4074,2025-06-19 18:00:00,2564.0867827451707,2973.5297222119143,1396.452511072445
forecast_4075,2025-06-19 19:00:00,2964.1950322662738,3502.2781715460205,1953.1522027189828
forecast_4076,2025-06-19 20:00:00,3839.242762836456,4928.7574554939265,2437.7502029786683
forecast_4077,2025-06-19 21:00:00,4656.135778008271,6050.170831597137,3360.4963141474154
forecast_4078,2025-06-19 22:00:00,6466.3744608880625,8658.546827705384,4827.775734814071
forecast_4079,2025-06-19 23:00:00,7404.293121931458,9697.669131369019,6052.070443024063
forecast_4080,2025-06-20 00:00:00,7772.860008517457,9933.329865812684,6087.915588407517
forecast_4081,2025-06-20 01:00:00,9328.42426066742,12213.937993876649,8147.27079208069
forecast_4082,2025-06-20 02:00:00,10451.719093215943,13222.658154046632,9125.347931791688
forecast_4083,2025-06-20 03:00:00,11237.851466961669,14093.13072065735,9670.505168307114
forecast_4084,2025-06-20 04:00:00,11864.268801744081,14710.918301663209,10578.545524324798
forecast_4085,2025-06-20 05:00:00,12038.273083432008,14919.183744622804,10545.106711358261
forecast_4086,2025-06-20 06:00:00,11408.030578131104,14287.956379870608,10215.564804611588
forecast_4087,2025-06-20 07:00:00,9518.754889587402,13042.183032841493,8863.257510562897
forecast_4088,2025-06-20 08:00:00,7568.545066784669,10536.829081820679,6982.535578555679
forecast_4089,2025-06-20 09:00:00,7870.586623697663,10962.477540106202,7628.532551057054
forecast_4090,2025-06-20 10:00:00,7884.419501464081,11391.26907185669,8444.15891329918
forecast_4091,2025-06-20 11:00:00,10554.407662109375,13781.752213594056,10354.449314636613
forecast_4092,2025-06-20 12:00:00,12230.422462026978,15383.814280197144,12332.062785767366
forecast_4093,2025-06-20 13:00:00,13396.153033331299,16129.907176657107,13191.521312334824
forecast_4094,2025-06-20 14:00:00,13761.15333826599,16549.055167480466,14156.82832764931
forecast_4095,2025-06-20 15:00:00,14363.206835600282,16831.866182873535,14607.099088349152
forecast_4096,2025-06-20 16:00:00,16808.577035971073,18361.53897989807,16217.646638306429
forecast_4097,2025-06-20 17:00:00,17059.041946682737,18825.960398931886,16524.997992778015
forecast_4098,2025-06-20 18:00:00,18048.682631622316,18985.90732369385,16543.517299138643
forecast_4099,2025-06-20 19:00:00,18459.69546419678,19333.246711276246,16935.196814050294
forecast_4100,2025-06-20 20:00:00,17918.8650643219,19035.197635043332,16999.893669587706
forecast_4101,2025-06-20 21:00:00,17757.441210958863,18759.260653701785,16792.74294949341
forecast_4102,2025-06-20 22:00:00,17677.08023906555,18680.80506793518,16742.821941762544
forecast_4103,2025-06-20 23:00:00,18086.059323486326,19275.392841326906,16930.540192205048
forecast_4104,2025-06-21 00:00:00,17621.12162512207,19043.82367593384,16851.32613824844
forecast_4105,2025-06-21 01:00:00,17744.959315628053,18963.465957748413,16734.68223481674
forecast_4106,2025-06-21 02:00:00,17819.69190147095,18905.307785516357,16830.55530484085
forecast_4107,2025-06-21 03:00:00,17769.53241445923,18601.408871951295,16535.47820096054
forecast_4108,2025-06-21 04:00:00,15827.4211618927,17612.310442340087,16130.013462510682
forecast_4109,2025-06-21 05:00:00,14119.648149206543,15844.830297033694,13624.91096729889
forecast_4110,2025-06-21 06:00:00,14732.414745242311,16522.647779663086,13904.21474810486
forecast_4111,2025-06-21 07:00:00,14126.319423779298,15632.34193135376,13264.766028087615
forecast_4112,2025-06-21 08:00:00,13990.469374334716,15740.61287796936,13137.57167663727
forecast_4113,2025-06-21 09:00:00,12963.320742312622,14727.21299482422,11860.75842937088
forecast_4114,2025-06-21 10:00:00,11384.223048139955,13689.4279048584,10877.55070205536
forecast_4115,2025-06-21 11:00:00,9381.381961500549,11460.90876867981,9003.51997967186
forecast_4116,2025-06-21 12:00:00,8423.210593850708,10529.151344900512,7472.46426339653
forecast_4117,2025-06-21 13:00:00,8763.324148535157,10431.538226864624,8008.7108446369175
forecast_4118,2025-06-21 14:00:00,8527.590613937378,9820.818841784669,6973.40621599289
forecast_4119,2025-06-21 15:00:00,11048.379919883728,12469.294465698244,9444.34332255249
forecast_4120,2025-06-21 16:00:00,11475.72648605652,12536.362322077943,9368.149249848557
forecast_4121,2025-06-21 17:00:00,10881.204789158632,11961.064760168458,9123.384652676392
forecast_4122,2025-06-21 18:00:00,9665.611803634645,10637.791639279176,8243.276557030105
forecast_4123,2025-06-21 19:00:00,11529.93099657898,12898.367888246155,9642.171783388138
forecast_4124,2025-06-21 20:00:00,11479.082284309388,13139.064949536134,9421.089941689683
forecast_4125,2025-06-21 21:00:00,11637.846145661926,13667.579183398439,9555.279506178284
forecast_4126,2025-06-21 22:00:00,11879.278147813417,13750.427806039428,10529.571306613541
forecast_4127,2025-06-21 23:00:00,12835.841152453613,14161.053334909058,10833.254729347611
forecast_4128,2025-06-22 00:00:00,14955.690817333985,15358.442399722291,11546.737594506074
forecast_4129,2025-06-22 01:00:00,13796.908352160644,13735.46654599762,10372.573931530762
forecast_4130,2025-06-22 02:00:00,14230.83513955536,14742.54900245514,11177.345940844345
forecast_4131,2025-06-22 03:00:00,13704.010736129761,13684.927795210268,9823.844670194245
forecast_4132,2025-06-22 04:00:00,12826.911579702759,13222.068913113404,9162.83235325737
forecast_4133,2025-06-22 05:00:00,11699.923325976562,12213.249056344604,8267.212191246414
forecast_4134,2025-06-22 06:00:00,10955.2000414505,11925.853137161255,7669.49312564293
forecast_4135,2025-06-22 07:00:00,10148.678635221862,10966.00379256897,7282.019995027924
forecast_4136,2025-06-22 08:00:00,8687.422925860596,8907.53700083313,5114.879825172044
forecast_4137,2025-06-22 09:00:00,7180.368609268189,7990.905943782044,4475.704588903427
forecast_4138,2025-06-22 10:00:00,5972.033633700562,6569.329576194458,3546.330880408707
forecast_4139,2025-06-22 11:00:00,6930.087109944154,6578.513514659119,3596.0568392391206
forecast_4140,2025-06-22 12:00:00,6732.161924479676,6782.7136842407235,3612.057541056824
forecast_4141,2025-06-22 13:00:00,5750.664539793549,5887.5917415925605,3385.541458653412
forecast_4142,2025-06-22 14:00:00,4475.147491499329,3698.0215856056216,2012.487788252392
forecast_4143,2025-06-22 15:00:00,4032.504127718811,3200.6260736849977,1693.8135602597238
forecast_4144,2025-06-22 16:00:00,4431.794521406555,3948.9838687301635,2125.0650537395477
forecast_4145,2025-06-22 17:00:00,4704.851883307649,4062.852348000336,2044.098833676014
forecast_4146,2025-06-22 18:00:00,5568.433814979554,5500.429045906068,3167.0368346035007
forecast_4147,2025-06-22 19:00:00,5722.298889997864,5331.161623169556,2892.9031387270356
forecast_4148,2025-06-22 20:00:00,6023.9167414749145,5818.66786403656,3359.598307565384
forecast_4149,2025-06-22 21:00:00,6381.731959298707,6414.896605905457,3541.353204189911
forecast_4150,2025-06-22 22:00:00,7901.1043410079965,8188.01221713562,4885.264024857712
forecast_4151,2025-06-22 23:00:00,8051.702381229401,8042.468299353791,4844.135178225536
forecast_4152,2025-06-23 00:00:00,6232.776439054108,5648.043850392151,3106.0129663016323
forecast_4153,2025-06-23 01:00:00,5165.495777621461,4331.302484627991,2336.073638525868
forecast_4154,2025-06-23 02:00:00,4674.36572474411,3966.8970472648625,2246.4511421849247
forecast_4155,2025-06-23 03:00:00,4373.701623025818,3689.70931423233,2145.387206353321
forecast_4156,2025-06-23 04:00:00,4519.329640266418,3736.203968725586,2224.8071072306634
forecast_4157,2025-06-23 05:00:00,4120.486376263428,3508.6737796401976,1700.6129036968805
forecast_4158,2025-06-23 06:00:00,2983.6342632353976,2680.131980798035,1102.094860161152
forecast_4159,2025-06-23 07:00:00,2119.365599791641,2151.4686370754625,917.4001319064865
forecast_4160,2025-06-23 08:00:00,1374.1519388811876,1688.5995875657272,652.7746051366311
forecast_4161,2025-06-23 09:00:00,1182.0394992067052,1445.1425774717331,436.20104000000003
forecast_4162,2025-06-23 10:00:00,1196.7550202409745,1487.6703223768236,539.2487531772003
forecast_4163,2025-06-23 11:00:00,1258.9332458322526,1465.8759195064165,558.8340726098519
forecast_4164,2025-06-23 12:00:00,1260.307699578991,1370.563973094826,605.7712119138719
forecast_4165,2025-06-23 13:00:00,1249.9530398065187,1384.7477986257936,566.345023742962
forecast_4166,2025-06-23 14:00:00,1217.1318531748773,1327.9307695242692,588.4594305701828
forecast_4167,2025-06-23 15:00:00,1271.205000228882,1428.8177343088914,587.812834913311
forecast_4168,2025-06-23 16:00:00,1158.8712875740623,1401.0054718959427,479.21836841468814
forecast_4169,2025-06-23 17:00:00,960.6823193392277,1218.069264139061,362.5016471229172
forecast_4170,2025-06-23 18:00:00,980.5611342905618,1125.8514698405838,307.750904
forecast_4171,2025-06-23 19:00:00,1039.422329847679,1160.402439426918,293.67343999999997
forecast_4172,2025-06-23 20:00:00,1234.546021006031,1315.4661604133223,307.750904
forecast_4173,2025-06-23 21:00:00,1268.618347791138,1317.9696011862566,312.400976
forecast_4174,2025-06-23 22:00:00,1400.0588145439149,1398.3161131464005,425.1828648618698
forecast_4175,2025-06-23 23:00:00,1388.3937149805831,1361.2582552506638,414.9317123464584
forecast_4176,2025-06-24 00:00:00,1452.3906128270721,1391.828305761223,441.01959248104095
forecast_4177,2025-06-24 01:00:00,1582.208709087372,1515.452618626213,467.0558191912842
forecast_4178,2025-06-24 02:00:00,1874.7298539926912,1757.9905085873415,733.7431317274666
forecast_4179,2025-06-24 03:00:00,1666.4253454926302,1641.8415707403947,659.4085844195366
forecast_4180,2025-06-24 04:00:00,1929.1733374011994,2008.0399219790652,654.7238751212655
forecast_4181,2025-06-24 05:00:00,2144.9925678288273,2282.1573103004457,664.8133873291588
forecast_4182,2025-06-24 06:00:00,2011.010387389145,2013.1931872848513,560.8775391141472
forecast_4183,2025-06-24 07:00:00,2553.3145286722565,2641.8555041923523,854.4530476748544
forecast_4184,2025-06-24 08:00:00,2851.3856954418184,3354.9795947631837,1091.084298604946
forecast_4185,2025-06-24 09:00:00,2972.448156959763,3376.7779883284,1208.416151323948
forecast_4186,2025-06-24 10:00:00,2777.420469597435,3221.304335709839,1234.0176981700324
forecast_4187,2025-06-24 11:00:00,2585.002254166794,2915.909520474396,1208.8755325140955
forecast_4188,2025-06-24 12:00:00,2597.2735356740573,3055.4111547895814,1248.559529684124
forecast_4189,2025-06-24 13:00:00,2453.6522715713886,2607.5303442634586,1188.4658510308266
forecast_4190,2025-06-24 14:00:00,2440.3428100933074,2848.188514939118,1199.5018916302681
forecast_4191,2025-06-24 15:00:00,2448.1786113092044,2982.6223569784547,1309.9785621975518
forecast_4192,2025-06-24 16:00:00,2897.1509875034335,3324.219811248627,1282.1611515349007
forecast_4193,2025-06-24 17:00:00,3204.691027035065,3581.426486192322,1388.7123990843772
forecast_4194,2025-06-24 18:00:00,3463.5145497023773,3610.5592742901613,1288.4864531686592
forecast_4195,2025-06-24 19:00:00,4021.9648651237494,4618.436698466492,1520.8169392558862
forecast_4196,2025-06-24 20:00:00,5064.063095063934,6001.910585920716,1793.276402902584
forecast_4197,2025-06-24 21:00:00,6722.509972982636,8014.220380560303,2936.0135048714255
forecast_4198,2025-06-24 22:00:00,7095.362218478699,8407.733584999085,2846.6119965384105
forecast_4199,2025-06-24 23:00:00,7511.297800299073,9125.816402438355,2770.565219864521
forecast_4200,2025-06-25 00:00:00,7433.048755364991,9255.33536392975,2952.0926548590282
forecast_4201,2025-06-25 01:00:00,5841.803649129181,6481.655179463196,1939.8168303029443
forecast_4202,2025-06-25 02:00:00,5299.075248963166,6349.857057926179,1957.0049747391322
forecast_4203,2025-06-25 03:00:00,4492.172842744065,4887.312496256257,1400.0790124821283
forecast_4204,2025-06-25 04:00:00,4977.04547129181,4645.438197866822,2299.693779680252
forecast_4205,2025-06-25 05:00:00,4294.699896716918,4026.76574954834,1572.9740454613495
forecast_4206,2025-06-25 06:00:00,4257.584826099396,4091.1980590872195,1402.6229120234107
forecast_4207,2025-06-25 07:00:00,3975.5250301010137,3701.5685647843934,1239.5601581180763
forecast_4208,2025-06-25 08:00:00,3611.1101501057437,3651.823022779541,1168.3111614356424
forecast_4209,2025-06-25 09:00:00,3520.4235355739597,3712.094897202301,1275.2331818417929
forecast_4210,2025-06-25 10:00:00,3302.140130754738,3396.524330671387,1017.6635667905617
forecast_4211,2025-06-25 11:00:00,2894.489922382126,3074.512852883301,880.0840977238655
forecast_4212,2025-06-25 12:00:00,2409.8143829014966,2949.686506127472,856.4869699635315
forecast_4213,2025-06-25 13:00:00,2071.657604435387,2329.136104989014,530.3956885802079
forecast_4214,2025-06-25 14:00:00,2046.3631095841984,2424.8406157463073,694.563101010666
forecast_4215,2025-06-25 15:00:00,1695.26096,1936.9016419202808,537.0800223267556
forecast_4216,2025-06-25 16:00:00,1668.2210845704985,1867.573945349312,537.2053925859261
forecast_4217,2025-06-25 17:00:00,1875.244585646763,2009.9650672690966,559.1527566184045
forecast_4218,2025-06-25 18:00:00,1974.4479016449359,2325.0380328643796,606.1152000000001
forecast_4219,2025-06-25 19:00:00,2415.080937724176,2859.5328256549074,966.0404458211708
forecast_4220,2025-06-25 20:00:00,3183.968949719925,3783.417634746552,1259.2761237106513
forecast_4221,2025-06-25 21:00:00,3557.72536,4547.556841073418,1530.1555657802583
forecast_4222,2025-06-25 22:00:00,4533.4256150451665,6004.145302050324,2451.1435522526745
forecast_4223,2025-06-25 23:00:00,5295.41725404602,7205.843857189178,3349.208742960892
forecast_4224,2025-06-26 00:00:00,6323.513700016403,7435.625751979828,4648.987845605564
forecast_4225,2025-06-26 01:00:00,9431.764494429017,11147.318947444153,7624.870472795563
forecast_4226,2025-06-26 02:00:00,10630.224150987244,11914.184171192932,8467.775109573366
forecast_4227,2025-06-26 03:00:00,11418.895026542665,13042.516262454224,8888.975092042161
forecast_4228,2025-06-26 04:00:00,12046.510977162172,12980.070259170534,8965.251870151138
forecast_4229,2025-06-26 05:00:00,12429.413561943054,13521.994700582887,9618.878358317184
forecast_4230,2025-06-26 06:00:00,12410.787858937074,12761.985093103029,10156.905545905685
forecast_4231,2025-06-26 07:00:00,11659.744029582216,12326.113936218262,9087.91829658661
forecast_4232,2025-06-26 08:00:00,11504.899525219727,12349.71539620514,9209.927202044297
forecast_4233,2025-06-26 09:00:00,10625.638341564942,11561.124551040652,8733.926375535582
forecast_4234,2025-06-26 10:00:00,8303.352684976198,9485.099524462892,6063.522721764755
forecast_4235,2025-06-26 11:00:00,7157.558847318269,8287.637253634643,4927.945362261334
forecast_4236,2025-06-26 12:00:00,6973.9018636512765,8121.972887414551,4943.96547753128
forecast_4237,2025-06-26 13:00:00,6443.346374564362,7211.322578327942,4002.5267320121197
forecast_4238,2025-06-26 14:00:00,5826.931266500855,5677.099807866822,2978.836981038418
forecast_4239,2025-06-26 15:00:00,6186.706597109223,6173.747323880005,4071.182859782886
forecast_4240,2025-06-26 16:00:00,6019.298328915558,6007.406320257569,3835.21523945818
forecast_4241,2025-06-26 17:00:00,6566.854274039764,6360.678450019837,3618.6627292631533
forecast_4242,2025-06-26 18:00:00,5842.342416551209,6079.705231360169,3248.4949697751617
forecast_4243,2025-06-26 19:00:00,5345.685475012359,5333.95333503418,2898.096795371609
forecast_4244,2025-06-26 20:00:00,6103.695924728394,6398.163982006837,4042.838676831818
forecast_4245,2025-06-26 21:00:00,6856.619911465455,7443.9185940573125,4525.951214539336
forecast_4246,2025-06-26 22:00:00,7436.221838778687,7961.0920290695185,5479.744131961823
forecast_4247,2025-06-26 23:00:00,7122.964418641052,6489.067711270141,4073.463127421417
forecast_4248,2025-06-27 00:00:00,6902.458584672547,6571.073312136231,4586.047037504272
forecast_4249,2025-06-27 01:00:00,4441.545838124313,4372.522780374145,2590.6993864602855
forecast_4250,2025-06-27 02:00:00,3783.8431163446426,3760.93845262146,1641.2482523607064
forecast_4251,2025-06-27 03:00:00,4678.817052599487,4526.2969781927495,2924.006416996899
forecast_4252,2025-06-27 04:00:00,6248.77924435318,6208.87412978241,4707.035191286469
forecast_4253,2025-06-27 05:00:00,4635.457452417984,4308.399167657013,2621.2195387235643
forecast_4254,2025-06-27 06:00:00,3848.4824598687746,3466.2804592404177,1531.1785343778229
forecast_4255,2025-06-27 07:00:00,2657.7524975727083,2618.085386451569,1035.2579625270464
forecast_4256,2025-06-27 08:00:00,1980.5534444621278,2061.5165039344793,831.262708089409
forecast_4257,2025-06-27 09:00:00,1505.466455819702,1600.84446596756,643.3967389926911
forecast_4258,2025-06-27 10:00:00,1399.5788831486893,1507.8628082187272,734.9402407937432
forecast_4259,2025-06-27 11:00:00,1296.3170223796844,1448.3682322756576,625.8101603095627
forecast_4260,2025-06-27 12:00:00,1296.2093412421416,1566.4238417762756,707.9673257073861
forecast_4261,2025-06-27 13:00:00,1771.2114621122362,2108.3179265473937,937.9973939640618
forecast_4262,2025-06-27 14:00:00,2028.560081150017,2274.5734631315613,967.512396490593
forecast_4263,2025-06-27 15:00:00,1747.4843342873382,1802.4299952459717,738.8837339481621
forecast_4264,2025-06-27 16:00:00,1609.9215431343844,1758.1639525457765,772.7833726068687
forecast_4265,2025-06-27 17:00:00,1537.4941026309207,1591.2179500984194,690.6433935466194
forecast_4266,2025-06-27 18:00:00,1463.6660720001985,1616.9418734059145,648.2987528746223
forecast_4267,2025-06-27 19:00:00,1617.6067278606415,1866.3473853855896,756.2880479976463
forecast_4268,2025-06-27 20:00:00,2211.9373488861083,2589.965103012848,1143.3849833487893
forecast_4269,2025-06-27 21:00:00,3570.532941828156,4203.739188935089,1956.3416590410043
forecast_4270,2025-06-27 22:00:00,5480.861140813141,7005.108065416261,3569.6835966306307
forecast_4271,2025-06-27 23:00:00,7020.2896195751955,7926.341945880128,4707.075372242965
forecast_4272,2025-06-28 00:00:00,6335.069532554627,6841.643005137635,3426.833887941666
forecast_4273,2025-06-28 01:00:00,8700.374156338501,9252.5407905365,6099.712097073365
forecast_4274,2025-06-28 02:00:00,9459.16991673889,9932.818683106996,7089.6290724163055
forecast_4275,2025-06-28 03:00:00,11517.555525205993,11636.600200697329,8166.886609307861
forecast_4276,2025-06-28 04:00:00,12270.253124238588,12599.974846774292,9132.23341278534
forecast_4277,2025-06-28 05:00:00,12182.239469044494,12863.135271655274,9309.41243977089
forecast_4278,2025-06-28 06:00:00,10676.482042893982,11565.84713701477,7994.646078750611
forecast_4279,2025-06-28 07:00:00,11352.516788835144,12365.675546972656,8900.547681375505
forecast_4280,2025-06-28 08:00:00,7715.361102962647,8511.562948799134,4485.1225843156435
forecast_4281,2025-06-28 09:00:00,5951.834014069366,6753.092533004456,3014.4477055326843
forecast_4282,2025-06-28 10:00:00,4300.771481264877,4978.681762448883,2099.051957714367
forecast_4283,2025-06-28 11:00:00,2975.465040641022,3102.9750792333984,1261.4612459506798
forecast_4284,2025-06-28 12:00:00,1460.853818977356,1810.983486556244,620.6111276484108
forecast_4285,2025-06-28 13:00:00,1463.6750451198197,1787.7667932821657,590.4709731886483
forecast_4286,2025-06-28 14:00:00,1948.0903069648361,2444.568967557831,947.2292234245301
forecast_4287,2025-06-28 15:00:00,2126.7102799723816,2737.795968467102,1071.2691391435242
forecast_4288,2025-06-28 16:00:00,2308.3916330807497,2625.1298588386157,1123.5902084422491
forecast_4289,2025-06-28 17:00:00,2866.3788676354598,3191.3257461617663,1328.5361693606187
forecast_4290,2025-06-28 18:00:00,3757.800600053635,4098.8925293446355,2130.037855050564
forecast_4291,2025-06-28 19:00:00,4575.062257058411,4953.676175647735,2465.3176525278473
forecast_4292,2025-06-28 20:00:00,6259.96302105011,7356.824397824403,5213.806577464677
forecast_4293,2025-06-28 21:00:00,7952.640163345032,10109.468934707642,6963.172052135087
forecast_4294,2025-06-28 22:00:00,9117.016962187194,10993.24020186615,7776.850384645844
forecast_4295,2025-06-28 23:00:00,9497.104962879945,11423.665317556763,8178.911145899201
forecast_4296,2025-06-29 00:00:00,9643.024443745424,11411.939123884584,8238.92193669319
forecast_4297,2025-06-29 01:00:00,11031.284897148133,12886.138897930909,8990.16119244957
forecast_4298,2025-06-29 02:00:00,11727.728840130616,13497.5630384552,9454.341531769944
forecast_4299,2025-06-29 03:00:00,12332.720504420473,13677.261676821901,10526.111329216767
forecast_4300,2025-06-29 04:00:00,13798.221387716676,14570.110012588502,11287.819223968125
forecast_4301,2025-06-29 05:00:00,13736.744527386476,14559.915796325684,11573.404864365006
forecast_4302,2025-06-29 06:00:00,13745.434659851075,14289.892363955689,11128.968032807541
forecast_4303,2025-06-29 07:00:00,13314.245340093994,14272.624765594483,10790.671039402388
forecast_4304,2025-06-29 08:00:00,11692.931390827942,12432.730682476807,9401.671439864731
forecast_4305,2025-06-29 09:00:00,8780.863195710754,9649.736002334594,6687.1610986115265
forecast_4306,2025-06-29 10:00:00,4965.092122649384,5371.60115396347,3073.6474900774388
forecast_4307,2025-06-29 11:00:00,4556.072846331024,4586.405537372131,2658.06574257431
forecast_4308,2025-06-29 12:00:00,4038.1664340168,4257.908603346253,2207.950462842884
forecast_4309,2025-06-29 13:00:00,3668.1062102342225,3361.667405458832,1941.4251298931313
forecast_4310,2025-06-29 14:00:00,3518.287931319809,3159.614103856659,1772.8912034216119
forecast_4311,2025-06-29 15:00:00,3254.6582375807193,3057.5388203587345,1579.9817457406807
forecast_4312,2025-06-29 16:00:00,3670.5094555941014,3392.00834774704,2055.1198876124763
forecast_4313,2025-06-29 17:00:00,3979.785843522644,3592.4274863455203,2677.354206207123
forecast_4314,2025-06-29 18:00:00,4195.13950508667,3794.828531519318,2245.340811339188
forecast_4315,2025-06-29 19:00:00,4740.580226959381,4649.226721794281,2983.318961581955
forecast_4316,2025-06-29 20:00:00,5865.0983230850225,6998.693436144104,4670.391751442337
forecast_4317,2025-06-29 21:00:00,8031.92017941803,8971.752817944336,6201.557914016877
forecast_4318,2025-06-29 22:00:00,11339.555731329345,12361.36160414734,9394.47679234085
forecast_4319,2025-06-29 23:00:00,12644.715984536744,13649.111311053468,10136.327107644272
forecast_4320,2025-06-30 00:00:00,12840.549931619264,13706.834073257447,10382.067721438218
forecast_4321,2025-06-30 01:00:00,11158.182180296326,12551.259138871766,8877.424658870317
forecast_4322,2025-06-30 02:00:00,11178.091326660156,12991.468835653686,9240.893129182816
forecast_4323,2025-06-30 03:00:00,11643.481427427674,13019.951512210084,9215.738118961715
forecast_4324,2025-06-30 04:00:00,12163.917112120056,13302.167825112916,9578.11615725174
forecast_4325,2025-06-30 05:00:00,13118.06862145691,14004.687950579835,10189.907890728378
forecast_4326,2025-06-30 06:00:00,13110.366525619507,13974.453940423584,10207.713191130448
forecast_4327,2025-06-30 07:00:00,12449.646562216187,13204.511820578004,9360.666468849566
forecast_4328,2025-06-30 08:00:00,10255.017904148865,11161.48761474762,8066.18538651619
forecast_4329,2025-06-30 09:00:00,7658.045201960755,8116.010219174194,5374.14199069397
forecast_4330,2025-06-30 10:00:00,4387.011177008515,4341.426396276092,2298.1487424902534
forecast_4331,2025-06-30 11:00:00,2875.4401578152847,3076.3483310154343,1686.174261194744
forecast_4332,2025-06-30 12:00:00,3224.9249706830597,3402.745451354027,1814.9311502711298
forecast_4333,2025-06-30 13:00:00,4127.8293172384265,4363.028463191681,2723.90901474638
forecast_4334,2025-06-30 14:00:00,5088.412867306519,5748.427838628693,4405.849902949886
forecast_4335,2025-06-30 15:00:00,6446.348313439026,7088.128848933411,5293.104158857727
forecast_4336,2025-06-30 16:00:00,7777.3608818984985,7801.3444692840585,6208.59136451149
forecast_4337,2025-06-30 17:00:00,7205.243199818421,7557.7484684646615,6560.625151910095
forecast_4338,2025-06-30 18:00:00,8030.906024134827,8202.58641415558,6562.091776183701
forecast_4339,2025-06-30 19:00:00,8682.162276405335,9845.266680102539,7211.416781374741
forecast_4340,2025-06-30 20:00:00,9551.976059318542,10713.263966036988,8407.077724422456
forecast_4341,2025-06-30 21:00:00,11073.256121585084,12943.63539283142,9666.899373954391
forecast_4342,2025-06-30 22:00:00,12915.59921436615,14398.770221170045,10433.862843510056
forecast_4343,2025-06-30 23:00:00,13532.246916989136,15070.970001235963,11159.35183904381
forecast_4344,2025-07-01 00:00:00,13006.348842008972,14531.720351345826,11199.888873804855
forecast_4345,2025-07-01 01:00:00,12564.052101940919,13848.738239086915,10139.034444746781
forecast_4346,2025-07-01 02:00:00,12856.932765963746,14077.06717777405,10520.003381512832
forecast_4347,2025-07-01 03:00:00,12691.445660714722,13776.879864636232,10068.103272311782
forecast_4348,2025-07-01 04:00:00,12817.86614058838,13981.890412802124,10656.307752656938
forecast_4349,2025-07-01 05:00:00,13645.768580575561,14996.115289471436,10891.18103549614
forecast_4350,2025-07-01 06:00:00,13453.812178479006,14741.910494570924,10870.846116810228
forecast_4351,2025-07-01 07:00:00,11518.729510807801,12710.01526820984,9320.533796960068
forecast_4352,2025-07-01 08:00:00,10080.962717118837,11901.138806304933,8293.135047875978
forecast_4353,2025-07-01 09:00:00,8666.81148682251,9602.839954821779,6527.4819038374335
forecast_4354,2025-07-01 10:00:00,7448.175368765412,7420.973352270508,5675.19311084671
forecast_4355,2025-07-01 11:00:00,7682.8057715271,7734.942514428101,6040.013912357636
forecast_4356,2025-07-01 12:00:00,7757.750792254639,7539.389139649964,6121.544946973419
forecast_4357,2025-07-01 13:00:00,7270.839629493408,6858.0640476635745,5481.445255048752
forecast_4358,2025-07-01 14:00:00,6786.866707527161,6474.225339404297,4927.286198660202
forecast_4359,2025-07-01 15:00:00,5785.329127241516,6173.386188031007,4510.633530792236
forecast_4360,2025-07-01 16:00:00,6638.055748583527,6565.831924443054,5341.27394592064
forecast_4361,2025-07-01 17:00:00,6783.159497399903,6660.301071170044,5367.816111506653
forecast_4362,2025-07-01 18:00:00,6549.219575272217,6909.153172324524,5252.752723955537
forecast_4363,2025-07-01 19:00:00,7517.224612632752,8223.920689009094,6096.618354661256
forecast_4364,2025-07-01 20:00:00,8720.858209829712,9917.114619862366,7548.367641344987
forecast_4365,2025-07-01 21:00:00,11397.419711109926,12388.109604718018,9354.790461537552
forecast_4366,2025-07-01 22:00:00,12655.651503701782,14019.768445440675,10750.695265395738
forecast_4367,2025-07-01 23:00:00,13830.62647123108,14680.510825811769,11840.43868094101
forecast_4368,2025-07-02 00:00:00,15549.561828234864,16076.308347369384,13881.411180685425
forecast_4369,2025-07-02 01:00:00,15752.429253338625,15762.658832455445,13429.912574246979
forecast_4370,2025-07-02 02:00:00,16875.44705919495,17096.76512935486,15419.555324494171
forecast_4371,2025-07-02 03:00:00,16772.183837054443,17108.54209788208,15013.452382273103
forecast_4372,2025-07-02 04:00:00,16543.67953551941,17113.582973779296,14864.645643740083
forecast_4373,2025-07-02 05:00:00,16660.83729428101,17328.438896472166,15108.36350698166
forecast_4374,2025-07-02 06:00:00,16026.257637112429,17152.3076395874,14163.031588160706
forecast_4375,2025-07-02 07:00:00,16074.125049557497,16886.049917227174,14007.314245969392
forecast_4376,2025-07-02 08:00:00,14607.799236480714,15660.607517761231,13054.571177394868
forecast_4377,2025-07-02 09:00:00,12565.823066723635,13661.201098809815,10296.624276556779
forecast_4378,2025-07-02 10:00:00,10495.298596954346,10867.733621128846,8334.32964903679
forecast_4379,2025-07-02 11:00:00,9000.76293002472,9442.005923397828,7475.604628048706
forecast_4380,2025-07-02 12:00:00,9194.019313648987,9430.126621406554,7685.892992486572
forecast_4381,2025-07-02 13:00:00,8559.36580301056,8085.6066705917365,6348.72442018631
forecast_4382,2025-07-02 14:00:00,7873.9698340927125,7798.521142454529,6096.25342016449
forecast_4383,2025-07-02 15:00:00,7024.760226631165,6416.535616703797,5010.833963767013
forecast_4384,2025-07-02 16:00:00,5470.355785562439,5595.6194578704835,3674.001469757843
forecast_4385,2025-07-02 17:00:00,5242.906822476197,5005.526807667389,3016.2207914444734
forecast_4386,2025-07-02 18:00:00,4644.375083448792,4543.132288113557,2811.5141247406004
forecast_4387,2025-07-02 19:00:00,5386.047029018402,5267.783290961456,3351.540690628052
forecast_4388,2025-07-02 20:00:00,6701.603477808533,7750.387460725403,5164.2773838741305
forecast_4389,2025-07-02 21:00:00,8216.33907670288,9832.90740221405,6795.945455879212
forecast_4390,2025-07-02 22:00:00,10017.639573036195,12472.023084393311,8744.264212080383
forecast_4391,2025-07-02 23:00:00,10784.098688510132,12557.424878927613,9167.629140782166
forecast_4392,2025-07-03 00:00:00,11068.548549691774,12983.72661198578,9153.641759226226
forecast_4393,2025-07-03 01:00:00,12018.785110148621,13488.952176942445,9950.929514470674
forecast_4394,2025-07-03 02:00:00,12996.288894317628,13985.914170599366,11141.354043533707
forecast_4395,2025-07-03 03:00:00,14356.065238911438,14605.769840390014,11873.72620136528
forecast_4396,2025-07-03 04:00:00,14797.144085198976,14916.80038623352,12257.046663147736
forecast_4397,2025-07-03 05:00:00,15480.627603405763,15848.006588256838,13023.98061978836
forecast_4398,2025-07-03 06:00:00,15437.153708526612,15935.613285998536,12943.60424786072
forecast_4399,2025-07-03 07:00:00,15596.772801019288,15458.584193847657,12646.694542136001
forecast_4400,2025-07-03 08:00:00,14232.39384060669,14546.04348060608,11680.66485633583
forecast_4401,2025-07-03 09:00:00,13579.819246725465,14269.625086798096,11557.443459640122
forecast_4402,2025-07-03 10:00:00,10472.260210887147,11376.704057278443,9154.36411239357
forecast_4403,2025-07-03 11:00:00,8610.06504460907,9530.53467825775,7457.762496359024
forecast_4404,2025-07-03 12:00:00,8268.240471788024,8358.33421368866,7507.412324816666
forecast_4405,2025-07-03 13:00:00,7614.2677667480475,7125.118210492859,7215.565851431122
forecast_4406,2025-07-03 14:00:00,7933.5773540161135,7368.91227527771,6776.702308574295
forecast_4407,2025-07-03 15:00:00,8526.647800482178,8507.522717820739,7701.7813333203885
forecast_4408,2025-07-03 16:00:00,9095.966878623964,8381.72974014435,7731.096223528213
forecast_4409,2025-07-03 17:00:00,7807.937944012451,7390.750051789856,6170.918024158631
forecast_4410,2025-07-03 18:00:00,8528.695317405702,8575.169027127075,7043.764322454453
forecast_4411,2025-07-03 19:00:00,11097.67268868103,11493.70897130127,9559.498475993729
forecast_4412,2025-07-03 20:00:00,13058.39414060364,14016.362883642578,11327.186800152207
forecast_4413,2025-07-03 21:00:00,14005.06483605652,14660.970579162598,12025.101882658388
forecast_4414,2025-07-03 22:00:00,15023.788454882813,15473.445515667725,13147.756048931886
forecast_4415,2025-07-03 23:00:00,15417.06122935791,15659.20712129822,13345.573362752533
forecast_4416,2025-07-04 00:00:00,16345.226384347536,16532.0968334137,14950.248060379792
forecast_4417,2025-07-04 01:00:00,15625.256850619508,16107.178622558595,13626.462359963989
forecast_4418,2025-07-04 02:00:00,16180.91390557251,16457.86186385193,15346.694464126587
forecast_4419,2025-07-04 03:00:00,16983.263279415893,17253.508504766847,15850.399868334962
forecast_4420,2025-07-04 04:00:00,17596.338598587034,17568.55148796387,16095.14741409836
forecast_4421,2025-07-04 05:00:00,17748.537762783817,17775.603643325805,16135.633329190827
forecast_4422,2025-07-04 06:00:00,18195.572058282472,18495.708866693116,16091.69556540146
forecast_4423,2025-07-04 07:00:00,17730.44458572693,18273.14831048584,16121.397291388705
forecast_4424,2025-07-04 08:00:00,17768.360458837895,17968.5054291687,15966.467172662353
forecast_4425,2025-07-04 09:00:00,16887.693864132692,17878.98011095276,15675.20356068268
forecast_4426,2025-07-04 10:00:00,15869.520062493897,16627.15152348938,14986.10452630768
forecast_4427,2025-07-04 11:00:00,15423.201405661011,16002.124070016478,14517.424674079133
forecast_4428,2025-07-04 12:00:00,15314.196513796996,16129.484423706055,14939.039280531311
forecast_4429,2025-07-04 13:00:00,14645.594167028808,15618.851884725953,13724.23251816063
forecast_4430,2025-07-04 14:00:00,12747.901965559387,14793.981875790407,12395.433808117295
forecast_4431,2025-07-04 15:00:00,14305.369916421509,15848.91518058777,13807.007613251495
forecast_4432,2025-07-04 16:00:00,14854.431986407471,16150.525786752321,13843.265554591371
forecast_4433,2025-07-04 17:00:00,15573.009370690917,16624.662834848023,15298.261689855957
forecast_4434,2025-07-04 18:00:00,14586.50791560669,15991.86450287781,14222.88116602707
forecast_4435,2025-07-04 19:00:00,16011.113506488036,16658.491178363038,15555.16281122284
forecast_4436,2025-07-04 20:00:00,16017.97339298401,17344.21287208252,15593.696522567749
forecast_4437,2025-07-04 21:00:00,16166.996762124632,17170.571971710204,15884.179644052889
forecast_4438,2025-07-04 22:00:00,17358.54057144165,18102.515563269044,16077.703298690796
forecast_4439,2025-07-04 23:00:00,17636.806121118163,18681.2199486084,16138.134275260163
forecast_4440,2025-07-05 00:00:00,17301.29440041809,18694.753538873294,16384.104035609438
forecast_4441,2025-07-05 01:00:00,15656.626366571045,16890.16734260864,15674.55739362793
forecast_4442,2025-07-05 02:00:00,15855.984505325318,17264.673797363284,15682.993251290894
forecast_4443,2025-07-05 03:00:00,15848.32589006958,16736.634349835207,15481.33987796402
forecast_4444,2025-07-05 04:00:00,15732.5901328125,16456.53747989807,15397.35670295105
forecast_4445,2025-07-05 05:00:00,16165.889385858156,16660.008060494994,15545.192177356721
forecast_4446,2025-07-05 06:00:00,15938.205985055542,16710.22636865845,15302.999152824403
forecast_4447,2025-07-05 07:00:00,15766.609801910403,17100.618839120485,15278.114211734772
forecast_4448,2025-07-05 08:00:00,14387.288733865358,15429.115356866456,13353.213772512056
forecast_4449,2025-07-05 09:00:00,12910.79777557068,14281.77574791565,11618.348333241654
forecast_4450,2025-07-05 10:00:00,11682.995220524597,12900.908999526979,10204.100966317368
forecast_4451,2025-07-05 11:00:00,11167.275342996216,12043.797191748046,9747.679852617646
forecast_4452,2025-07-05 12:00:00,10931.570042167665,11358.664539402771,9569.446236148453
forecast_4453,2025-07-05 13:00:00,11515.459197436525,10896.789754414369,10003.296630488587
forecast_4454,2025-07-05 14:00:00,11035.49467801361,10382.91610626831,9243.471222254182
forecast_4455,2025-07-05 15:00:00,11319.17087592926,10391.281696116637,9381.823971655274
forecast_4456,2025-07-05 16:00:00,11292.789976548767,9942.500147496034,9609.302258724594
forecast_4457,2025-07-05 17:00:00,11093.73945904236,10089.072204832459,9444.73312701912
forecast_4458,2025-07-05 18:00:00,10854.319305821227,10634.620547317505,9602.766799266816
forecast_4459,2025-07-05 19:00:00,12271.744831048585,13408.162877990724,11703.647045855332
forecast_4460,2025-07-05 20:00:00,14646.102072656251,15596.451064370727,14862.227806387331
forecast_4461,2025-07-05 21:00:00,15436.97666043396,16943.64981541748,15339.369911566926
forecast_4462,2025-07-05 22:00:00,16022.98862159729,16887.027162927247,15651.420335438539
forecast_4463,2025-07-05 23:00:00,16450.821702526857,16926.26965058899,15688.718995855714
forecast_4464,2025-07-06 00:00:00,16525.430592611694,16419.604956872558,15410.518622104646
forecast_4465,2025-07-06 01:00:00,17486.142460705567,17373.57519242859,15839.653282935335
forecast_4466,2025-07-06 02:00:00,17850.08226451111,17613.00238664551,15821.981708605195
forecast_4467,2025-07-06 03:00:00,18111.016506304935,17677.642277111816,16019.504016155244
forecast_4468,2025-07-06 04:00:00,18187.336449536135,17818.602248776246,16121.88378834915
forecast_4469,2025-07-06 05:00:00,17906.215835931398,17710.94766991577,16171.904029302978
forecast_4470,2025-07-06 06:00:00,17291.529426419067,17464.34735447388,16135.778856180574
forecast_4471,2025-07-06 07:00:00,16931.273892825317,17371.124378244018,15961.616106842042
forecast_4472,2025-07-06 08:00:00,15966.244734176636,17074.439225509646,15359.121167051697
forecast_4473,2025-07-06 09:00:00,13736.728329678344,15752.682620376589,13176.830376238251
forecast_4474,2025-07-06 10:00:00,11696.738474784852,13040.426924545289,10653.139342116547
forecast_4475,2025-07-06 11:00:00,10098.551870957946,10522.955787442017,8906.456497029114
forecast_4476,2025-07-06 12:00:00,8811.784361286926,9488.604990737915,7759.319200016022
forecast_4477,2025-07-06 13:00:00,6899.486370722047,6391.791131233215,4756.82804279976
forecast_4478,2025-07-06 14:00:00,5897.180515514068,5309.060235662842,3217.2333646790316
forecast_4479,2025-07-06 15:00:00,4930.535627683258,4418.967817737274,2484.1481102344515
forecast_4480,2025-07-06 16:00:00,5060.41438534256,4431.15372300827,2504.1039438538555
forecast_4481,2025-07-06 17:00:00,4959.8528105513005,4287.699728070831,2537.89321773468
forecast_4482,2025-07-06 18:00:00,4932.347171701661,4434.156451212311,2474.571879508533
forecast_4483,2025-07-06 19:00:00,5966.612187474213,5568.663996573792,3695.6409160120393
forecast_4484,2025-07-06 20:00:00,8381.110620463562,8332.7909464386,6292.585068459321
forecast_4485,2025-07-06 21:00:00,10265.03535240326,10295.410702474976,7481.286861934662
forecast_4486,2025-07-06 22:00:00,11100.773973623658,11227.853015054323,7602.357863204194
forecast_4487,2025-07-06 23:00:00,11224.770584483338,11473.931553463746,7976.564169918824
forecast_4488,2025-07-07 00:00:00,11988.693518560793,11947.472769030763,8235.976531650926
forecast_4489,2025-07-07 01:00:00,10705.67048289795,9639.710457884217,6711.375296422959
forecast_4490,2025-07-07 02:00:00,11148.761195175171,10306.127718356323,7456.817721971283
forecast_4491,2025-07-07 03:00:00,10831.955104405211,10356.487186828614,6930.102117150269
forecast_4492,2025-07-07 04:00:00,9141.955987683106,9124.612332394408,5177.508497921142
forecast_4493,2025-07-07 05:00:00,5808.015179524231,4689.498530503845,1903.1064192364884
forecast_4494,2025-07-07 06:00:00,3692.1861258384706,2924.358490416718,1112.1420687432671
forecast_4495,2025-07-07 07:00:00,2914.6258540383915,2256.6020522024537,798.4662620988274
forecast_4496,2025-07-07 08:00:00,1764.1537708615876,1660.954447685852,526.1784305212975
forecast_4497,2025-07-07 09:00:00,1221.1765510821915,1324.8954273450088,480.5779390114021
forecast_4498,2025-07-07 10:00:00,1078.2675807582664,1060.8186713640596,333.5876074016342
forecast_4499,2025-07-07 11:00:00,1095.083218056698,1092.9625478795242,433.69562854089736
forecast_4500,2025-07-07 12:00:00,1125.3393982294083,1239.3512468553542,483.4701696372605
forecast_4501,2025-07-07 13:00:00,1203.710088835144,1376.8464558299638,540.3230547257042
forecast_4502,2025-07-07 14:00:00,1095.02376,1275.06472,621.1228703643912
forecast_4503,2025-07-07 15:00:00,1146.3274971609114,1368.0086622316362,583.0875350991784
forecast_4504,2025-07-07 16:00:00,1180.3646046323015,1324.425686675453,495.75431336560825
forecast_4505,2025-07-07 17:00:00,1305.3345857777977,1416.4433384967424,509.3705760860825
forecast_4506,2025-07-07 18:00:00,1291.3577719704438,1429.1671076607895,479.31474358751296
forecast_4507,2025-07-07 19:00:00,1170.0663223918104,1387.793061044655,433.93976000000004
forecast_4508,2025-07-07 20:00:00,1308.9333966490365,1488.4281343148423,433.93976000000004
forecast_4509,2025-07-07 21:00:00,1489.8507479151156,1640.7347936732103,455.16645600000004
forecast_4510,2025-07-07 22:00:00,1790.955295271225,1849.6479534944535,455.16645600000004
forecast_4511,2025-07-07 23:00:00,1635.0356256424332,1743.1988213778304,433.93976000000004
forecast_4512,2025-07-08 00:00:00,1553.6486533513644,1698.904933138237,433.93976000000004
forecast_4513,2025-07-08 01:00:00,1394.5337965820695,1522.195342303734,426.87032
forecast_4514,2025-07-08 02:00:00,1289.362310134163,1362.7304243757249,426.950192
forecast_4515,2025-07-08 03:00:00,1254.9540888959884,1278.7762819772722,407.6504
forecast_4516,2025-07-08 04:00:00,1262.5389195230866,1289.447926595726,407.6504
forecast_4517,2025-07-08 05:00:00,1255.032573993702,1207.8292761859132,407.6504
forecast_4518,2025-07-08 06:00:00,1185.9276289574434,1193.3755484418868,320.614576
forecast_4519,2025-07-08 07:00:00,1113.1898919067764,1211.8819767889024,426.87032
forecast_4520,2025-07-08 08:00:00,1055.9160363022138,1230.312845661812,390.51512
forecast_4521,2025-07-08 09:00:00,1016.246351571889,1192.6848247748947,331.60656
forecast_4522,2025-07-08 10:00:00,1035.0914421010207,1098.4092562008286,320.614576
forecast_4523,2025-07-08 11:00:00,1056.353462972908,1182.5771478424456,461.6662798260689
forecast_4524,2025-07-08 12:00:00,1173.571424097519,1240.0096,530.9931664625702
forecast_4525,2025-07-08 13:00:00,1265.8345735196972,1431.71736,565.4643571328736
forecast_4526,2025-07-08 14:00:00,1163.4824418213177,1373.1884694481278,500.26415519571304
forecast_4527,2025-07-08 15:00:00,1240.8182492446422,1401.1641156692124,585.6439119529343
forecast_4528,2025-07-08 16:00:00,1197.768094168477,1364.8849456335831,526.1518263087273
forecast_4529,2025-07-08 17:00:00,1183.9395223267745,1299.568366601143,488.2248832742272
forecast_4530,2025-07-08 18:00:00,1155.7081390519713,1269.3966246668624,466.7142083947754
forecast_4531,2025-07-08 19:00:00,1156.068062193928,1257.8809208371354,346.50800000000004
forecast_4532,2025-07-08 20:00:00,1175.8794574748993,1343.600286130562,427.89880000000005
forecast_4533,2025-07-08 21:00:00,1442.3905260171414,1603.7554252990342,427.89880000000005
forecast_4534,2025-07-08 22:00:00,1977.5693915624238,2153.7594241508486,482.51651664176563
forecast_4535,2025-07-08 23:00:00,1959.2529751853945,2096.940622776642,480.21120494941715
forecast_4536,2025-07-09 00:00:00,1990.9093317253112,2152.8601794268798,481.6248767838478
forecast_4537,2025-07-09 01:00:00,1896.9670943964004,2096.6416222673033,497.78168787160496
forecast_4538,2025-07-09 02:00:00,2043.6281892944335,2307.1609116232303,550.7515523170205
forecast_4539,2025-07-09 03:00:00,2096.327260086212,2277.762080898285,481.140120842659
forecast_4540,2025-07-09 04:00:00,2044.136732490921,2196.7348741401674,500.32429926252365
forecast_4541,2025-07-09 05:00:00,2153.9718228315733,2382.1939373423766,563.2030716490365
forecast_4542,2025-07-09 06:00:00,2234.8816328091434,2584.4951742639164,585.0783822279587
forecast_4543,2025-07-09 07:00:00,2258.532158393364,2639.300585592804,709.8283042441559
forecast_4544,2025-07-09 08:00:00,2150.5605589268876,2470.5779102606202,862.7341890624924
forecast_4545,2025-07-09 09:00:00,1924.592908224907,2286.3687451557926,770.8939337294197
forecast_4546,2025-07-09 10:00:00,1546.854364412098,1873.5068995687486,790.223022655735
forecast_4547,2025-07-09 11:00:00,1629.4087012703706,2029.6421512537004,1021.2564705577279
forecast_4548,2025-07-09 12:00:00,1705.621600262146,2130.0770673991397,1110.3512208230325
forecast_4549,2025-07-09 13:00:00,1531.4368982446672,1910.0076127230836,1135.9778082091102
forecast_4550,2025-07-09 14:00:00,1625.8139766616441,2055.726171297455,1156.8427040807533
forecast_4551,2025-07-09 15:00:00,1640.5644514822006,2012.1291305226137,1082.2965450876427
forecast_4552,2025-07-09 16:00:00,1626.94385957325,1943.0150924468994,999.7063586564827
forecast_4553,2025-07-09 17:00:00,1611.4927521816253,1922.5404291345214,819.6725085247995
forecast_4554,2025-07-09 18:00:00,1727.0690525527955,2003.2491305415344,722.2049489487649
forecast_4555,2025-07-09 19:00:00,1892.6531424223137,2222.0099361671446,554.9056664566232
forecast_4556,2025-07-09 20:00:00,2289.8162564559557,2734.6309436965944,707.2478000000001
forecast_4557,2025-07-09 21:00:00,2835.998992128754,3186.2863022361757,802.6652068498993
forecast_4558,2025-07-09 22:00:00,3738.239496838074,4065.188210423432,1180.1193214694406
forecast_4559,2025-07-09 23:00:00,3864.7678265768436,4472.654488454589,1252.2415362537959
forecast_4560,2025-07-10 00:00:00,4033.5237962814335,4620.4599734782405,1253.9549933480262
forecast_4561,2025-07-10 01:00:00,3998.201526052475,4266.322919906769,1115.4081358815383
forecast_4562,2025-07-10 02:00:00,4055.6862170349123,4384.54540828125,1140.486581161022
forecast_4563,2025-07-10 03:00:00,3912.498524497223,4350.917772917175,1099.8539174762536
forecast_4564,2025-07-10 04:00:00,4160.051174464417,4742.45337647934,1347.9755478482627
forecast_4565,2025-07-10 05:00:00,4461.394803142395,5431.611241020966,1797.09458401289
forecast_4566,2025-07-10 06:00:00,4886.516413265228,5679.269516553345,2014.0497994036105
forecast_4567,2025-07-10 07:00:00,5214.093763720855,6083.56237600708,2356.454712150574
forecast_4568,2025-07-10 08:00:00,5505.403613293152,6876.670808976745,3131.8769164730074
forecast_4569,2025-07-10 09:00:00,5609.147451186371,7548.464361403504,4127.668383081436
forecast_4570,2025-07-10 10:00:00,4299.9668725502015,5657.7837197364815,3689.4259594781497
forecast_4571,2025-07-10 11:00:00,4154.808106472397,5413.29463716507,3570.5940842211153
forecast_4572,2025-07-10 12:00:00,3982.3678213356784,5097.287946816711,2841.7859102962498
forecast_4573,2025-07-10 13:00:00,3545.5146111537933,4627.622507294616,2364.2030859361266
forecast_4574,2025-07-10 14:00:00,3714.7396667499543,4774.783061306764,2593.4076123972895
forecast_4575,2025-07-10 15:00:00,3541.074224016953,4416.464338915253,2264.4912200865747
forecast_4576,2025-07-10 16:00:00,3676.547193004303,4445.609953573914,2168.2852281103515
forecast_4577,2025-07-10 17:00:00,3762.023575325623,4637.095140815735,2171.6187622418975
forecast_4578,2025-07-10 18:00:00,4284.081443435669,5503.290882437439,2379.119848064957
forecast_4579,2025-07-10 19:00:00,4900.166181636047,6238.403269835816,3065.8714552777865
forecast_4580,2025-07-10 20:00:00,5478.223451336823,6834.990774284363,3554.0787629509737
forecast_4581,2025-07-10 21:00:00,6728.325329338074,7830.354429489136,4436.274040808487
forecast_4582,2025-07-10 22:00:00,7934.013675328064,9340.717191914368,5030.951220130768
forecast_4583,2025-07-10 23:00:00,7901.681019070435,9279.191651109315,5310.139704378891
forecast_4584,2025-07-11 00:00:00,7767.473423258973,9427.563196086121,5312.153849419479
forecast_4585,2025-07-11 01:00:00,7874.5948851257335,9657.990613665772,5083.216447241134
forecast_4586,2025-07-11 02:00:00,7742.986939178467,9517.96184424591,4742.514822633057
forecast_4587,2025-07-11 03:00:00,7884.197926296997,9596.658149258423,5026.759200522995
forecast_4588,2025-07-11 04:00:00,7595.950907502747,9396.52496777954,5159.0484726155855
forecast_4589,2025-07-11 05:00:00,7894.547387580872,9864.407033522035,5528.123314063263
forecast_4590,2025-07-11 06:00:00,8042.606115261841,10059.61096253662,5719.863903714829
forecast_4591,2025-07-11 07:00:00,8345.441348406983,10118.433705044556,5853.297866679994
forecast_4592,2025-07-11 08:00:00,8083.031715692139,10148.363664956665,6013.550698299103
forecast_4593,2025-07-11 09:00:00,7358.5841260995485,9489.948887884522,5739.305950995713
forecast_4594,2025-07-11 10:00:00,5312.4182211021425,6691.372209891358,3801.680220841694
forecast_4595,2025-07-11 11:00:00,4570.458483273316,5740.854397475434,3900.605095459461
forecast_4596,2025-07-11 12:00:00,4837.613823254395,6311.492573257904,4688.832729990235
forecast_4597,2025-07-11 13:00:00,4505.53133056717,5613.59445960083,3799.6321990702822
forecast_4598,2025-07-11 14:00:00,4215.147080717086,4973.735077033692,3043.617605408497
forecast_4599,2025-07-11 15:00:00,3265.3722298817447,4337.653681566009,2477.3744877976415
forecast_4600,2025-07-11 16:00:00,3068.639528008118,4015.810594178772,2007.589563554001
forecast_4601,2025-07-11 17:00:00,3376.515453125916,4093.510069176941,2108.2994182353214
forecast_4602,2025-07-11 18:00:00,4374.981212130738,5850.136374969177,2840.499650925369
forecast_4603,2025-07-11 19:00:00,4891.397893306733,6302.134295594788,2835.820424828396
forecast_4604,2025-07-11 20:00:00,5532.362989233398,6692.829147158203,2826.761830779514
forecast_4605,2025-07-11 21:00:00,6524.935127823792,7411.793508099366,3525.6326961773684
forecast_4606,2025-07-11 22:00:00,6534.736556931915,7724.468754747009,3287.3251079507445
forecast_4607,2025-07-11 23:00:00,6978.995261362457,7817.347576856995,3605.645159517975
forecast_4608,2025-07-12 00:00:00,7149.0164926460275,8190.07681552887,3601.1718751098633
forecast_4609,2025-07-12 01:00:00,6238.237457864685,6717.718315219116,2501.4316432127575
forecast_4610,2025-07-12 02:00:00,5481.478035409241,6050.34938950882,1814.149669441967
forecast_4611,2025-07-12 03:00:00,5141.893017996978,5881.572078172303,1809.0072198204996
forecast_4612,2025-07-12 04:00:00,5177.841508435059,5415.892896902466,1863.0200668108369
forecast_4613,2025-07-12 05:00:00,4568.367216638031,4941.747463601684,1574.9693385721398
forecast_4614,2025-07-12 06:00:00,4102.266541303864,4393.030770575866,1420.8118870706749
forecast_4615,2025-07-12 07:00:00,4000.8406736357883,4163.3799828552255,1253.4145698980142
forecast_4616,2025-07-12 08:00:00,3299.6729323933414,3363.95753368805,1006.5952965633393
forecast_4617,2025-07-12 09:00:00,2274.457816961899,2542.9059547248844,903.1145505897713
forecast_4618,2025-07-12 10:00:00,1416.037027606907,1689.5890408659745,665.0181132887574
forecast_4619,2025-07-12 11:00:00,1237.1455966091632,1585.0134252537155,705.104945587063
forecast_4620,2025-07-12 12:00:00,1135.4071678942107,1424.6811354878619,629.7961064443589
forecast_4621,2025-07-12 13:00:00,1073.015582056122,1322.8609969314193,639.8291504473877
forecast_4622,2025-07-12 14:00:00,1062.824446937418,1329.6221797356034,685.9795763055382
forecast_4623,2025-07-12 15:00:00,1036.999224790163,1281.69154497036,676.4609866604806
forecast_4624,2025-07-12 16:00:00,1001.9780249532605,1201.1250310191726,541.7977042964935
forecast_4625,2025-07-12 17:00:00,971.3849702993108,1076.1443394885637,314.99583429305267
forecast_4626,2025-07-12 18:00:00,1019.3263461987258,1060.987282577286,320.614576
forecast_4627,2025-07-12 19:00:00,1103.1601242676925,1143.179813609009,346.50800000000004
forecast_4628,2025-07-12 20:00:00,1644.0228486793137,1719.9854327640153,524.59752
forecast_4629,2025-07-12 21:00:00,1960.8915531472016,2147.5510910289386,920.8439836811067
forecast_4630,2025-07-12 22:00:00,2138.7750053483965,2163.3876770269394,982.5545737708665
forecast_4631,2025-07-12 23:00:00,2549.484893351097,2290.291986482582,1037.882109669552
forecast_4632,2025-07-13 00:00:00,3286.1477638055803,2779.6336,1153.5441749123572
forecast_4633,2025-07-13 01:00:00,3046.4200744417194,3053.5104471640398,1350.9850183197786
forecast_4634,2025-07-13 02:00:00,3363.019806631241,3079.2284193839646,1551.5024889348604
forecast_4635,2025-07-13 03:00:00,3267.8518374486544,2822.904445487328,1325.9646707699394
forecast_4636,2025-07-13 04:00:00,2130.161238818741,1772.8098511404803,908.8573151509972
forecast_4637,2025-07-13 05:00:00,1911.7520860219956,1647.483908031578,915.3888862045479
forecast_4638,2025-07-13 06:00:00,1515.2938186473848,1541.546184319191,631.6784623113251
forecast_4639,2025-07-13 07:00:00,1591.7690369656755,1627.1227816527178,714.7848520389061
forecast_4640,2025-07-13 08:00:00,1281.0490646487046,1580.5140755677796,470.5354358995438
forecast_4641,2025-07-13 09:00:00,1288.595422150917,1494.0826255882264,541.6749006216621
forecast_4642,2025-07-13 10:00:00,1131.7482352535249,1226.553681660881,346.90392
forecast_4643,2025-07-13 11:00:00,1266.4619094317247,1308.6422523005294,441.64728419627
forecast_4644,2025-07-13 12:00:00,1166.5713754156113,1217.3862628860093,433.93976000000004
forecast_4645,2025-07-13 13:00:00,1165.1650853046037,1279.0427968302536,364.18036800000004
forecast_4646,2025-07-13 14:00:00,1370.9576828939057,1495.679988720665,606.58744
forecast_4647,2025-07-13 15:00:00,1357.658146786995,1451.2979216632464,511.71296000000007
forecast_4648,2025-07-13 16:00:00,1581.2881125615122,1650.0508000000002,758.5818447142792
forecast_4649,2025-07-13 17:00:00,2806.5724489117815,2627.1339120729826,1257.8023667308807
forecast_4650,2025-07-13 18:00:00,2635.3148519241336,2712.32992,1272.4660118223762
forecast_4651,2025-07-13 19:00:00,2840.5227461701397,2888.228,1703.2967323145485
forecast_4652,2025-07-13 20:00:00,3049.124602468491,2880.640030509758,1528.026067835331
forecast_4653,2025-07-13 21:00:00,3812.7402564102176,3677.9123588450625,1490.421760141468
forecast_4654,2025-07-13 22:00:00,4189.461623743591,4453.877538442688,1799.9121528057863
forecast_4655,2025-07-13 23:00:00,3929.269893298798,4304.138110808106,2283.7241409230046
forecast_4656,2025-07-14 00:00:00,4039.8163451148994,4207.7423201927195,2142.0556672226717
forecast_4657,2025-07-14 01:00:00,4662.418269100952,5268.164568046112,2877.18410336113
forecast_4658,2025-07-14 02:00:00,4958.7710166328425,5451.943296480103,2189.2555607218746
forecast_4659,2025-07-14 03:00:00,5820.7437678491215,6281.535785044861,3438.9798312010007
forecast_4660,2025-07-14 04:00:00,4933.599032816315,5558.957680319977,2550.514930261822
forecast_4661,2025-07-14 05:00:00,5303.616477835236,5208.652932028962,2595.588708968754
forecast_4662,2025-07-14 06:00:00,5598.825118437958,5914.180432080078,2949.370446493912
forecast_4663,2025-07-14 07:00:00,5757.130911656647,6619.971602344666,3297.096032731857
forecast_4664,2025-07-14 08:00:00,5557.815606477357,6176.520265270996,2950.7430561237143
forecast_4665,2025-07-14 09:00:00,6115.6971259986885,6193.4258400177005,2974.307615780716
forecast_4666,2025-07-14 10:00:00,4869.6738127357485,5121.0263833352665,2281.3958536879163
forecast_4667,2025-07-14 11:00:00,5827.8966428108215,6100.7046417831425,3099.7963280770114
forecast_4668,2025-07-14 12:00:00,4800.606615426636,4872.314180505371,1974.0870632340811
forecast_4669,2025-07-14 13:00:00,4934.282126811218,4802.731522497102,1985.976314223385
forecast_4670,2025-07-14 14:00:00,4497.3052329797365,4551.7883993026735,2041.924727767086
forecast_4671,2025-07-14 15:00:00,5391.768655410767,5447.230719312744,2658.1973153431895
forecast_4672,2025-07-14 16:00:00,6474.220654216767,5727.11373378296,3486.675102686787
forecast_4673,2025-07-14 17:00:00,6049.813053607941,5487.696226382293,3062.7103591272735
forecast_4674,2025-07-14 18:00:00,6020.41885134964,5498.862986879578,2622.3756894459534
forecast_4675,2025-07-14 19:00:00,6317.067454424287,6223.934328979492,2786.279224343586
forecast_4676,2025-07-14 20:00:00,6722.5695853790285,6422.447366997529,2813.5158774222377
forecast_4677,2025-07-14 21:00:00,5888.72718854126,6314.58372655777,2357.75184267231
forecast_4678,2025-07-14 22:00:00,5934.697972309571,6342.16813940155,2541.67888
forecast_4679,2025-07-14 23:00:00,6024.777188469849,6178.509493616792,2723.5574400000005
forecast_4680,2025-07-15 00:00:00,7016.200855498581,6635.878731017304,3086.5576
forecast_4681,2025-07-15 01:00:00,10092.430480818177,10633.742653810119,8338.273385970688
forecast_4682,2025-07-15 02:00:00,10540.887351205445,11658.380436021424,8805.29800216751
forecast_4683,2025-07-15 03:00:00,10040.870984362793,10945.70191044922,8902.13351760788
forecast_4684,2025-07-15 04:00:00,8872.449339497376,10222.882711915589,7929.124430817796
forecast_4685,2025-07-15 05:00:00,7795.84758704071,8823.785179678345,5782.044246666718
forecast_4686,2025-07-15 06:00:00,8280.341916734313,9031.523086496736,7101.173143920041
forecast_4687,2025-07-15 07:00:00,7170.669474674225,8150.748698218536,5365.47035607254
forecast_4688,2025-07-15 08:00:00,6317.764462959672,7729.249353089142,4306.046708574962
forecast_4689,2025-07-15 09:00:00,6658.3210494841005,8348.359589064788,5292.495966037579
forecast_4690,2025-07-15 10:00:00,5392.841847383957,6344.825562264405,2959.452828449154
forecast_4691,2025-07-15 11:00:00,4540.031081235352,4695.678313429108,2488.4671478491596
forecast_4692,2025-07-15 12:00:00,4012.9732880352785,4660.49994155182,2208.1060264959337
forecast_4693,2025-07-15 13:00:00,3504.8667324227144,3791.487783694153,1990.3230656360438
forecast_4694,2025-07-15 14:00:00,3628.1194359684755,4107.318541344452,2138.071424054966
forecast_4695,2025-07-15 15:00:00,4409.024188407517,5021.598228001709,2995.9491861625866
forecast_4696,2025-07-15 16:00:00,4453.738480545807,5128.940175422668,3254.221831654072
forecast_4697,2025-07-15 17:00:00,3899.0183861763,4308.102215291596,2172.29518473402
forecast_4698,2025-07-15 18:00:00,3963.7326955371095,4248.130286363221,2569.9870982861516
forecast_4699,2025-07-15 19:00:00,3203.9228435533905,3996.4771519020087,2140.4789269491384
forecast_4700,2025-07-15 20:00:00,3868.181300045624,4865.476646356811,2294.4590544898037
forecast_4701,2025-07-15 21:00:00,4666.942504479065,6231.451935971832,2908.5283050138282
forecast_4702,2025-07-15 22:00:00,5210.270021424866,6601.564132470856,3132.7735522563935
forecast_4703,2025-07-15 23:00:00,5079.9682190040585,5984.655890812073,2990.3928731056217
forecast_4704,2025-07-16 00:00:00,6691.671998973847,8375.785553309632,3577.264563307419
forecast_4705,2025-07-16 01:00:00,10955.971016920472,11958.648686883545,8408.542032633974
forecast_4706,2025-07-16 02:00:00,11946.437347869874,13793.740281240845,9881.00351760521
forecast_4707,2025-07-16 03:00:00,13012.888060632326,14676.818456329347,10743.110905078507
forecast_4708,2025-07-16 04:00:00,13425.625134040834,14801.18988006897,10743.225601261522
forecast_4709,2025-07-16 05:00:00,12605.309544082644,14387.903369647218,10587.19480429268
forecast_4710,2025-07-16 06:00:00,12570.529843374636,14040.99398143921,10232.070830597306
forecast_4711,2025-07-16 07:00:00,10538.607155480959,11862.34937972107,8181.136185950089
forecast_4712,2025-07-16 08:00:00,9652.969349508669,11437.576116905213,7839.382570503235
forecast_4713,2025-07-16 09:00:00,6285.7700916175845,6562.636524769593,3618.107264262524
forecast_4714,2025-07-16 10:00:00,6192.56053356781,6285.162657247925,3441.359751200619
forecast_4715,2025-07-16 11:00:00,4974.355800346375,5635.378970439148,3146.7331415355875
forecast_4716,2025-07-16 12:00:00,4410.618459107056,5039.1850843956,2599.7140408687783
forecast_4717,2025-07-16 13:00:00,5157.82130567337,7526.189235244751,4652.049798393345
forecast_4718,2025-07-16 14:00:00,4604.711711836014,6062.056062942047,3021.852313046093
forecast_4719,2025-07-16 15:00:00,4475.243751615524,5535.849561612854,2874.336266938267
forecast_4720,2025-07-16 16:00:00,4912.980284510499,5815.689233984223,3041.7735612553597
forecast_4721,2025-07-16 17:00:00,4949.921776373673,6308.512732034149,2986.410571971035
forecast_4722,2025-07-16 18:00:00,5349.958279264069,7102.899098227845,3405.1367919231416
forecast_4723,2025-07-16 19:00:00,5321.559945961456,6233.089883569337,3222.1881302383426
forecast_4724,2025-07-16 20:00:00,4365.836503364562,5842.404712472535,2415.1059771436885
forecast_4725,2025-07-16 21:00:00,5630.842251278535,6464.304734985351,3254.5086064058687
forecast_4726,2025-07-16 22:00:00,7165.611605219269,9221.09910543976,5961.6882252863315
forecast_4727,2025-07-16 23:00:00,9672.21204861145,12174.011669119263,7792.614754474259
forecast_4728,2025-07-17 00:00:00,10765.712650310516,13027.177855227661,8894.04828236885
forecast_4729,2025-07-17 01:00:00,11955.716552972413,14441.72932548523,10997.488470699693
forecast_4730,2025-07-17 02:00:00,12608.86110910492,15154.696925225831,11413.057532945633
forecast_4731,2025-07-17 03:00:00,12409.028730937196,15097.752028091432,11522.807262298966
forecast_4732,2025-07-17 04:00:00,12233.90267145996,14927.59163544922,10894.435324419785
forecast_4733,2025-07-17 05:00:00,11423.621533840944,14095.765367730713,10344.997228597642
forecast_4734,2025-07-17 06:00:00,11130.101995271301,13906.731599145509,9868.235991051482
forecast_4735,2025-07-17 07:00:00,12000.274947395324,14477.68107966919,10550.255908096695
forecast_4736,2025-07-17 08:00:00,11644.161070985414,14435.128193917848,10491.225490837098
forecast_4737,2025-07-17 09:00:00,11571.326961515808,14413.808284194947,10426.375640168762
forecast_4738,2025-07-17 10:00:00,11223.045148344421,14164.160866725158,10205.971352580262
forecast_4739,2025-07-17 11:00:00,11250.530499874878,14436.10318041687,10502.736623490906
forecast_4740,2025-07-17 12:00:00,10781.644834811403,13352.888189698793,9091.779163959503
forecast_4741,2025-07-17 13:00:00,10770.329888555909,13421.78959169922,9664.973472985077
forecast_4742,2025-07-17 14:00:00,10621.461946194459,13546.933584638979,9737.722958396913
forecast_4743,2025-07-17 15:00:00,10293.919405274964,13193.11788617096,9365.043158946992
forecast_4744,2025-07-17 16:00:00,8968.24217158661,11079.642647932435,8109.33436052971
forecast_4745,2025-07-17 17:00:00,7622.643389153443,9540.003654898072,6895.356608518525
forecast_4746,2025-07-17 18:00:00,8116.151550448609,10135.442473814392,7856.782971782456
forecast_4747,2025-07-17 19:00:00,9164.073107917786,10684.653249394227,8043.810044546509
forecast_4748,2025-07-17 20:00:00,8967.656338041688,11548.101731945802,8489.633213970566
forecast_4749,2025-07-17 21:00:00,10448.900063526917,13404.694976766968,9391.664887638093
forecast_4750,2025-07-17 22:00:00,8631.007873831179,12265.005909729005,8721.028305316926
forecast_4751,2025-07-17 23:00:00,9933.225872009278,13202.650610543824,9213.817830374908
forecast_4752,2025-07-18 00:00:00,10170.695122329713,13281.022916009522,9444.78015940361
forecast_4753,2025-07-18 01:00:00,11970.471424909974,14837.914085513306,12052.49656691208
forecast_4754,2025-07-18 02:00:00,10405.532952200318,14085.444599768067,10461.493776677322
forecast_4755,2025-07-18 03:00:00,11388.830392567445,13809.247350427248,10420.91024056816
forecast_4756,2025-07-18 04:00:00,10847.992625785828,13408.844787710572,9880.818679986192
forecast_4757,2025-07-18 05:00:00,11086.43717211609,13616.44705168457,9834.653322094346
forecast_4758,2025-07-18 06:00:00,10440.314329975892,12148.064566746521,8056.719696105957
forecast_4759,2025-07-18 07:00:00,10069.648803897095,13087.060757029725,9267.800959444046
forecast_4760,2025-07-18 08:00:00,9122.922864522552,11779.348780522158,8289.354858706665
forecast_4761,2025-07-18 09:00:00,8629.093609212494,12252.524670726014,8665.132841017152
forecast_4762,2025-07-18 10:00:00,7411.528053427124,10261.147848794555,6560.881764989472
forecast_4763,2025-07-18 11:00:00,5261.94396204422,7464.834630268097,4591.196636285191
forecast_4764,2025-07-18 12:00:00,3914.5380378110503,4818.2440241539,2519.6774326212885
forecast_4765,2025-07-18 13:00:00,2298.0497598069,3029.7699212739567,1049.7576507922363
forecast_4766,2025-07-18 14:00:00,2742.173051484909,3320.788787144318,1192.0825666295052
forecast_4767,2025-07-18 15:00:00,3806.8577642491155,4248.7257152899165,2087.414853327694
forecast_4768,2025-07-18 16:00:00,3468.5162426121524,3823.9874727896117,1207.3227392954827
forecast_4769,2025-07-18 17:00:00,5032.0671739306645,6598.338166735841,3216.4995134902956
forecast_4770,2025-07-18 18:00:00,6645.657672088623,8551.717104711915,5588.477053938675
forecast_4771,2025-07-18 19:00:00,5904.532453561402,7382.9228036781315,4722.30577446579
forecast_4772,2025-07-18 20:00:00,6954.6520942604075,9156.349339694214,5646.023764060212
forecast_4773,2025-07-18 21:00:00,8141.972932697296,10847.44711697693,7339.2154232753755
forecast_4774,2025-07-18 22:00:00,7655.013056543732,9517.542470868682,6595.907357849503
forecast_4775,2025-07-18 23:00:00,8349.134389698793,10981.453248254395,7603.348587947465
forecast_4776,2025-07-19 00:00:00,8106.205137741089,11146.303289636231,7655.722860151291
forecast_4777,2025-07-19 01:00:00,6747.601019140778,9145.15230802002,5362.52350261612
forecast_4778,2025-07-19 02:00:00,5531.5895003064725,7204.753183159639,4095.301033306103
forecast_4779,2025-07-19 03:00:00,5083.271089509964,6630.346378740693,2898.007737736187
forecast_4780,2025-07-19 04:00:00,4800.083315505219,5656.404719737549,2698.0778104878427
forecast_4781,2025-07-19 05:00:00,4117.466605082551,4926.05300012989,1942.1648437243844
forecast_4782,2025-07-19 06:00:00,4554.027428874207,4908.651994597626,2037.0419528807643
forecast_4783,2025-07-19 07:00:00,5248.200451338349,6078.4875901731875,2916.321821276608
forecast_4784,2025-07-19 08:00:00,5669.036075855256,6907.2514825523385,3805.765206774769
forecast_4785,2025-07-19 09:00:00,4883.927822449494,6326.417887503662,2879.650417521954
forecast_4786,2025-07-19 10:00:00,6464.9039700370795,7958.733976095582,5064.4491873077395
forecast_4787,2025-07-19 11:00:00,8637.948244654846,11650.412143298341,8150.623233420563
forecast_4788,2025-07-19 12:00:00,9079.087343963623,12227.253865785218,9254.026013847353
forecast_4789,2025-07-19 13:00:00,8665.50374943695,10911.765567149354,8425.575423100281
forecast_4790,2025-07-19 14:00:00,10269.093171411134,13275.49833103943,10294.282137244034
forecast_4791,2025-07-19 15:00:00,11012.731086593629,13498.39906282959,10486.965526555252
forecast_4792,2025-07-19 16:00:00,11372.376887458802,13729.99609116211,10727.637292749407
forecast_4793,2025-07-19 17:00:00,10815.431040711976,12919.811280111695,10100.140747877504
forecast_4794,2025-07-19 18:00:00,9686.086898365786,12539.379571502686,9417.782855297472
forecast_4795,2025-07-19 19:00:00,9599.080804823303,12626.358481811525,9378.581011625673
forecast_4796,2025-07-19 20:00:00,10501.30028613434,13360.659473223877,10056.705917486956
forecast_4797,2025-07-19 21:00:00,12022.305357852172,14299.218068084718,11129.00516194191
forecast_4798,2025-07-19 22:00:00,13065.386684082032,14928.519891735841,11881.54983146057
forecast_4799,2025-07-19 23:00:00,11463.430760505677,13440.917560635377,9629.114108258818
forecast_4800,2025-07-20 00:00:00,11009.081142996216,13407.03135991211,9258.755630952837
forecast_4801,2025-07-20 01:00:00,12264.59062046509,14796.445432305909,12046.584512876128
forecast_4802,2025-07-20 02:00:00,12210.183197698976,14672.2228371521,11733.95859744606
forecast_4803,2025-07-20 03:00:00,12917.176833651734,15263.343464480591,12199.0565924881
forecast_4804,2025-07-20 04:00:00,12645.090040869141,14680.75502871399,11537.947748233415
forecast_4805,2025-07-20 05:00:00,11371.94175596924,14118.178822872926,10049.223261587143
forecast_4806,2025-07-20 06:00:00,11737.053999453736,14257.989771893312,10343.37546261406
forecast_4807,2025-07-20 07:00:00,11699.132097622682,14031.169189611817,10787.916281222917
forecast_4808,2025-07-20 08:00:00,9706.914836647034,12752.58486458435,9130.121897467423
forecast_4809,2025-07-20 09:00:00,9357.948685362244,12020.598697966005,8450.17771619606
forecast_4810,2025-07-20 10:00:00,9125.388992970275,10662.177770074462,8065.187855149842
forecast_4811,2025-07-20 11:00:00,7951.73920826416,8810.741904263306,6968.002776610184
forecast_4812,2025-07-20 12:00:00,6155.935450553131,7457.683715013886,5543.799706084442
forecast_4813,2025-07-20 13:00:00,5384.682607395477,6480.954331208039,4797.994230774403
forecast_4814,2025-07-20 14:00:00,5310.63441398819,6251.717984161987,4425.465623238983
forecast_4815,2025-07-20 15:00:00,4808.176463644714,6021.501325115204,4211.400173763657
forecast_4816,2025-07-20 16:00:00,4861.647764468231,5843.42534811493,3671.4871178327944
forecast_4817,2025-07-20 17:00:00,4307.804250621795,4887.321804324341,3175.589738845673
forecast_4818,2025-07-20 18:00:00,4031.871333263398,4750.050835684204,3041.482725308762
forecast_4819,2025-07-20 19:00:00,5286.745080859375,6202.356602300263,4227.925734246826
forecast_4820,2025-07-20 20:00:00,6857.853406816102,8416.643834101867,6329.7958650045775
forecast_4821,2025-07-20 21:00:00,9016.59337332306,10343.0191256958,7865.1415195056925
forecast_4822,2025-07-20 22:00:00,10689.501630506898,12224.897060710144,9261.054885179521
forecast_4823,2025-07-20 23:00:00,10720.139862104797,12484.85248515625,9273.153640750505
forecast_4824,2025-07-21 00:00:00,11234.078795437623,12809.556883810425,9623.688023416138
forecast_4825,2025-07-21 01:00:00,11652.849172218324,13410.622430633546,9746.980719322586
forecast_4826,2025-07-21 02:00:00,12423.964182650758,13989.050888104248,10054.116591114807
forecast_4827,2025-07-21 03:00:00,12465.885104812623,13920.424205838013,10055.386304626465
forecast_4828,2025-07-21 04:00:00,11684.014833457948,12907.29836798401,8832.211623979569
forecast_4829,2025-07-21 05:00:00,10858.521041094971,11659.60625729065,7629.166994903946
forecast_4830,2025-07-21 06:00:00,11285.949508621217,11490.6594401886,7944.604744573975
forecast_4831,2025-07-21 07:00:00,10313.654412806702,10322.409531741334,8008.27835598259
forecast_4832,2025-07-21 08:00:00,10490.288430096436,11050.751319854737,8166.711444329834
forecast_4833,2025-07-21 09:00:00,10672.262349467468,11367.958292948913,8494.163159809113
forecast_4834,2025-07-21 10:00:00,8125.364448122407,8662.786787094115,6683.66268315651
forecast_4835,2025-07-21 11:00:00,7757.115358486939,7705.051971363831,6026.440746760254
forecast_4836,2025-07-21 12:00:00,6778.850830016785,7131.820390337372,4771.594465625286
forecast_4837,2025-07-21 13:00:00,5819.997774142761,5766.735646315003,4029.0104151316646
forecast_4838,2025-07-21 14:00:00,6035.553936045075,6084.8110622612,4317.045299728108
forecast_4839,2025-07-21 15:00:00,4966.129298394775,5247.550972582245,3441.2977777124215
forecast_4840,2025-07-21 16:00:00,5107.98457347847,5109.871428223877,3187.8574584432986
forecast_4841,2025-07-21 17:00:00,5424.494311594392,5632.251730714417,4013.7817439296723
forecast_4842,2025-07-21 18:00:00,5655.653885400391,5881.914833831787,3797.8416610514832
forecast_4843,2025-07-21 19:00:00,9458.849089176942,9377.506914575195,7905.1938029834755
forecast_4844,2025-07-21 20:00:00,11196.18825954895,11726.112219114686,9008.110962441253
forecast_4845,2025-07-21 21:00:00,13505.6887601532,13533.058980882264,11029.955841491317
forecast_4846,2025-07-21 22:00:00,14631.122515478517,15468.908597393798,11970.87779957695
forecast_4847,2025-07-21 23:00:00,14814.255742300416,15286.720174285889,12011.583324586107
forecast_4848,2025-07-22 00:00:00,14774.124883410645,15173.978325350952,11888.47191404915
forecast_4849,2025-07-22 01:00:00,14598.37652978821,15599.588918652344,12692.675303637314
forecast_4850,2025-07-22 02:00:00,15733.464118215943,16314.876159252932,13129.409059975815
forecast_4851,2025-07-22 03:00:00,14937.144921173096,15747.3235626709,13238.994955106355
forecast_4852,2025-07-22 04:00:00,14989.873158926392,15886.195241851809,12741.677516383745
forecast_4853,2025-07-22 05:00:00,15483.393935150147,16262.19099179077,12918.846615119553
forecast_4854,2025-07-22 06:00:00,15268.853678546144,15814.446599490357,11988.581499292375
forecast_4855,2025-07-22 07:00:00,13472.013737138368,14163.096086087036,10900.451435537338
forecast_4856,2025-07-22 08:00:00,12441.067626831056,13172.904072592164,10161.371942595673
forecast_4857,2025-07-22 09:00:00,9446.068372483825,10351.052563710022,7766.034816875076
forecast_4858,2025-07-22 10:00:00,6754.247601786652,6581.165141453553,4259.182989695969
forecast_4859,2025-07-22 11:00:00,4750.111913172912,5109.69092706604,2938.606260555363
forecast_4860,2025-07-22 12:00:00,3837.7076956018063,3607.9729882403567,1789.7542298844337
forecast_4861,2025-07-22 13:00:00,3234.158803181839,3133.9726902085877,1699.0801552581597
forecast_4862,2025-07-22 14:00:00,3182.6453664562227,3038.67054983902,1589.6838910395243
forecast_4863,2025-07-22 15:00:00,3430.156394841919,3481.2037892349244,1760.8283764180185
forecast_4864,2025-07-22 16:00:00,3268.8970414460755,3239.0586988694763,1596.2610416242028
forecast_4865,2025-07-22 17:00:00,2959.762281195526,3002.359884272766,1528.0226173052406
forecast_4866,2025-07-22 18:00:00,2553.0092534220125,2737.2650299354555,1137.92994994936
forecast_4867,2025-07-22 19:00:00,3162.5644652860265,3262.8639922917178,1566.5561802931022
forecast_4868,2025-07-22 20:00:00,5176.02785003006,5636.114060476684,3166.0972488310244
forecast_4869,2025-07-22 21:00:00,5720.038591246032,6728.879099575806,4128.974582053834
forecast_4870,2025-07-22 22:00:00,7360.918519255066,7235.80167142334,4897.001379192352
forecast_4871,2025-07-22 23:00:00,7736.92943135376,8394.994374180602,5606.608681176377
forecast_4872,2025-07-23 00:00:00,8712.984846774292,9129.747980171203,6055.187581196213
forecast_4873,2025-07-23 01:00:00,9159.771474868776,8693.811228672792,6117.580507792282
forecast_4874,2025-07-23 02:00:00,10121.880411610413,9651.579577812196,7345.576660915909
forecast_4875,2025-07-23 03:00:00,10816.615861439515,10861.544095886231,7581.795539304734
forecast_4876,2025-07-23 04:00:00,10579.844047756958,10613.08304511261,6442.175816648102
forecast_4877,2025-07-23 05:00:00,9228.418759040833,9099.016889628601,5460.894333076096
forecast_4878,2025-07-23 06:00:00,7633.31830998993,7550.777891732789,4489.539282199174
forecast_4879,2025-07-23 07:00:00,6408.38182142807,5664.5270768710325,3005.9407272780422
forecast_4880,2025-07-23 08:00:00,4679.807933246613,4318.463582698059,1855.285823644314
forecast_4881,2025-07-23 09:00:00,2917.269647329178,2556.6580423965456,1095.4597219230463
forecast_4882,2025-07-23 10:00:00,1607.0995901093293,1721.5605929080202,600.0422786033325
forecast_4883,2025-07-23 11:00:00,1225.7454565879823,1379.2665225472642,449.12552
forecast_4884,2025-07-23 12:00:00,1071.1277736381626,1256.8961188655474,407.6504
forecast_4885,2025-07-23 13:00:00,992.9966116192818,1158.4282288335037,407.6504
forecast_4886,2025-07-23 14:00:00,1058.2972383192446,1193.6928471568679,418.6424
forecast_4887,2025-07-23 15:00:00,1527.6283700035858,1721.0450245583725,591.4318400000001
forecast_4888,2025-07-23 16:00:00,1264.3928976642228,1586.1917595185853,484.59292954796604
forecast_4889,2025-07-23 17:00:00,1388.7549762422182,1773.284959729767,641.306361786354
forecast_4890,2025-07-23 18:00:00,1727.7077524151612,2071.837108860779,883.9671725324555
forecast_4891,2025-07-23 19:00:00,1928.349414986038,2078.7013578280257,906.6974678925438
forecast_4892,2025-07-23 20:00:00,1983.1207359032824,2259.039105375252,1019.6678767921258
forecast_4893,2025-07-23 21:00:00,2682.2572526649856,2951.4487146563342,1205.2849730339622
forecast_4894,2025-07-23 22:00:00,4677.862732478332,4752.105559196472,2628.723077730465
forecast_4895,2025-07-23 23:00:00,4917.036667832336,5141.365023573761,2641.0512605010417
forecast_4896,2025-07-24 00:00:00,5596.296869467011,5973.331940252381,3253.706800902786
forecast_4897,2025-07-24 01:00:00,5647.09207653656,6197.969097474671,3317.2433954042053
forecast_4898,2025-07-24 02:00:00,7591.53357747345,7337.209057791138,4632.9621161102295
forecast_4899,2025-07-24 03:00:00,8542.132406602479,8716.488761512755,5463.617008180389
forecast_4900,2025-07-24 04:00:00,8479.506423025512,9007.810399125672,5431.038683157349
forecast_4901,2025-07-24 05:00:00,8720.367039875793,8917.363429006957,5308.445091075439
forecast_4902,2025-07-24 06:00:00,7161.4087898666385,7669.920070846558,3643.2407056850434
forecast_4903,2025-07-24 07:00:00,4438.484171335907,4273.288622647859,1566.3776565002443
forecast_4904,2025-07-24 08:00:00,2057.160168704033,2135.240472397766,785.3365981868668
forecast_4905,2025-07-24 09:00:00,1314.4384280020142,1538.0827144641114,514.8361416495324
forecast_4906,2025-07-24 10:00:00,1088.8657557724764,1288.3883876765824,428.32011397483444
forecast_4907,2025-07-24 11:00:00,1067.3840862601091,1278.7717449744796,360.88368091602706
forecast_4908,2025-07-24 12:00:00,998.4240881583214,1047.0441586175539,316.3130471469917
forecast_4909,2025-07-24 13:00:00,1065.1794295557786,1068.8210614035415,318.74288
forecast_4910,2025-07-24 14:00:00,937.392245653615,991.7911200000001,615.3928438188591
forecast_4911,2025-07-24 15:00:00,1116.1587119808387,1168.891014082222,440.67130764045714
forecast_4912,2025-07-24 16:00:00,992.74528,1136.6925600000002,850.3172909920311
forecast_4913,2025-07-24 17:00:00,1184.2519393737794,1375.1144623050309,462.72245760562515
forecast_4914,2025-07-24 18:00:00,1192.3810429463197,1283.6115939731217,443.6754999293137
forecast_4915,2025-07-24 19:00:00,1398.560766625366,1386.906221224022,629.1746120894433
forecast_4916,2025-07-24 20:00:00,1515.4795781187058,1550.5888819993972,677.9877250740624
forecast_4917,2025-07-24 21:00:00,1527.0038696274569,1661.0928132491686,680.6455130510712
forecast_4918,2025-07-24 22:00:00,2137.4055804586033,2546.2086242813493,988.1577882673837
forecast_4919,2025-07-24 23:00:00,2523.5998465724565,2946.4191655059817,1154.293846099701
forecast_4920,2025-07-25 00:00:00,2160.0318566000365,2312.9558797922136,954.3829271078416
forecast_4921,2025-07-25 01:00:00,2568.884710904427,2545.6876707389833,951.7509320552062
forecast_4922,2025-07-25 02:00:00,4073.675195196533,4103.707082433319,1993.0494254241373
forecast_4923,2025-07-25 03:00:00,3864.2408282809447,3496.3945332525636,1605.7087378047372
forecast_4924,2025-07-25 04:00:00,3323.2367305517582,3238.1210896484376,1402.8790965492822
forecast_4925,2025-07-25 05:00:00,3175.8710376701356,2968.2599758399965,1315.023295805607
forecast_4926,2025-07-25 06:00:00,2706.327540610504,2597.0572931077577,1140.8082786859131
forecast_4927,2025-07-25 07:00:00,1980.6696853184892,2021.7623547878648,906.2705890097504
forecast_4928,2025-07-25 08:00:00,1592.0816034886552,1574.8589633111953,607.2741401534691
forecast_4929,2025-07-25 09:00:00,1441.5650643021775,1404.5263310372545,489.3329142888184
forecast_4930,2025-07-25 10:00:00,1227.8861763152695,1283.235348452797,433.54380000000003
forecast_4931,2025-07-25 11:00:00,1174.61940271904,1180.021270719185,427.89880000000005
forecast_4932,2025-07-25 12:00:00,1130.6463326699832,1109.8565642985916,326.970824
forecast_4933,2025-07-25 13:00:00,1071.9406804132843,1057.5718153365708,305.6736
forecast_4934,2025-07-25 14:00:00,1070.1918203461075,1135.2543020564653,292.865336
forecast_4935,2025-07-25 15:00:00,1071.0317004419517,1229.6130672289657,307.36318400000005
forecast_4936,2025-07-25 16:00:00,1054.9375389942934,1322.2755555080032,324.52812800000004
forecast_4937,2025-07-25 17:00:00,1113.0693104173279,1228.0791096542741,317.77764
forecast_4938,2025-07-25 18:00:00,1297.7549661478806,1316.401469566307,521.7247916511726
forecast_4939,2025-07-25 19:00:00,1881.920653985367,1694.0134106295395,858.8537733310127
forecast_4940,2025-07-25 20:00:00,2421.3427283695983,2630.365785471764,1128.698893839016
forecast_4941,2025-07-25 21:00:00,3379.0172659805303,3289.0893056520463,1508.4902852276612
forecast_4942,2025-07-25 22:00:00,4195.521131805115,3881.211937261963,1998.3760810165595
forecast_4943,2025-07-25 23:00:00,4796.075188290405,4693.416701197662,2783.227649928112
forecast_4944,2025-07-26 00:00:00,5339.301999860382,5278.847248902893,3142.9971665773774
forecast_4945,2025-07-26 01:00:00,6255.36864207489,7552.018960032654,4474.094607271958
forecast_4946,2025-07-26 02:00:00,6968.724289578247,7215.514313964844,4339.879307289124
forecast_4947,2025-07-26 03:00:00,6653.280486902313,6830.626003563539,3623.9210331131744
forecast_4948,2025-07-26 04:00:00,5513.707665924073,5604.103844055024,3043.1770490544895
forecast_4949,2025-07-26 05:00:00,4308.315730086518,3691.370301539574,1802.8689424647332
forecast_4950,2025-07-26 06:00:00,2754.5789034723284,2560.360404705887,1129.47576
forecast_4951,2025-07-26 07:00:00,2391.7545674595262,2343.375358722725,921.2887543732834
forecast_4952,2025-07-26 08:00:00,2117.4539104461674,1862.3306869261553,813.1460944107934
forecast_4953,2025-07-26 09:00:00,1552.0558352426149,1473.0741506747818,603.4757842300987
forecast_4954,2025-07-26 10:00:00,1328.8786350195694,1393.149478320198,455.5522170554924
forecast_4955,2025-07-26 11:00:00,1149.1718134189987,1194.3363794966506,427.89880000000005
forecast_4956,2025-07-26 12:00:00,1023.3582569663812,1121.5626600890732,339.834496
forecast_4957,2025-07-26 13:00:00,1007.1847873021603,1133.1408632135392,304.27976
forecast_4958,2025-07-26 14:00:00,1012.4186792407609,1146.5297875062179,304.27976
forecast_4959,2025-07-26 15:00:00,1055.7571438486862,1199.8614423099136,293.67343999999997
forecast_4960,2025-07-26 16:00:00,1006.8093843834306,1130.2732381762316,307.750904
forecast_4961,2025-07-26 17:00:00,1039.04355627306,1128.4333683242417,318.74288
forecast_4962,2025-07-26 18:00:00,1059.9062971725084,1253.1070344255447,354.9838939098015
forecast_4963,2025-07-26 19:00:00,1478.4441998778154,1457.0252525107194,640.9423128425484
forecast_4964,2025-07-26 20:00:00,1873.9158653865816,1858.3179362516403,776.6070274200478
forecast_4965,2025-07-26 21:00:00,2230.379165957489,2111.42736,934.1915719915772
forecast_4966,2025-07-26 22:00:00,2637.1259355560305,2673.859742888222,1165.1993044662856
forecast_4967,2025-07-26 23:00:00,4391.55291989708,4341.553027074433,2193.098707748509
forecast_4968,2025-07-27 00:00:00,6141.090628223725,6590.358754285889,4419.812124667358
forecast_4969,2025-07-27 01:00:00,9296.935559855652,10842.406696186828,7055.801805039902
forecast_4970,2025-07-27 02:00:00,9111.939742237853,10463.543306188965,6902.799692419052
forecast_4971,2025-07-27 03:00:00,8398.636200665285,8714.419754206847,5516.795855459138
forecast_4972,2025-07-27 04:00:00,7635.453303676148,8102.068061981202,4933.707667739105
forecast_4973,2025-07-27 05:00:00,5929.782880890503,6026.649909171143,3986.477173879471
forecast_4974,2025-07-27 06:00:00,6627.847022841492,5889.922563806763,3566.0163982215886
forecast_4975,2025-07-27 07:00:00,4790.13108924408,4616.056723078766,2517.7120545829202
forecast_4976,2025-07-27 08:00:00,3341.945313004227,3032.0077889616014,1227.7629698267174
forecast_4977,2025-07-27 09:00:00,1837.1884828295138,1984.7353998100662,831.4650051570511
forecast_4978,2025-07-27 10:00:00,1593.846029877167,1625.677614085579,728.0030834990234
forecast_4979,2025-07-27 11:00:00,1610.183030034218,1720.1212162582779,710.1130575740052
forecast_4980,2025-07-27 12:00:00,1570.6953370182418,1652.3672956110765,705.5062880629349
forecast_4981,2025-07-27 13:00:00,1522.5255669982148,1485.8980744363023,615.26912
forecast_4982,2025-07-27 14:00:00,1528.3264098946763,1536.1817298334122,637.0030416287232
forecast_4983,2025-07-27 15:00:00,1713.808235967331,1574.7928380794908,879.046499928341
forecast_4984,2025-07-27 16:00:00,1953.3989863240815,1825.7310435702898,1232.7018142660713
forecast_4985,2025-07-27 17:00:00,2033.2617261451721,2235.834049652443,1329.2536745581626
forecast_4986,2025-07-27 18:00:00,2280.3469736620327,2560.374806062622,1358.5172705088999
forecast_4987,2025-07-27 19:00:00,3921.5533967536926,4017.3307911088564,2271.8800399817655
forecast_4988,2025-07-27 20:00:00,5428.052394437714,6075.409585418091,3242.1540659139255
forecast_4989,2025-07-27 21:00:00,6398.478300283661,6940.568911524963,3553.9255568897247
forecast_4990,2025-07-27 22:00:00,7459.639472201538,7700.808617890931,5446.790130587006
forecast_4991,2025-07-27 23:00:00,7939.731738879395,9530.76199810486,6770.833555027542
forecast_4992,2025-07-28 00:00:00,8609.84909820404,10176.115186457826,7061.691918138047
forecast_4993,2025-07-28 01:00:00,9207.797222137451,10224.800025798035,7153.515889850845
forecast_4994,2025-07-28 02:00:00,10458.78397150116,9648.525402754212,7883.876886817551
forecast_4995,2025-07-28 03:00:00,10794.739741482545,9801.888060108948,7776.566058058929
forecast_4996,2025-07-28 04:00:00,10656.112971920777,9881.968992156982,7085.16099768013
forecast_4997,2025-07-28 05:00:00,8800.253289390563,8685.35544598999,5890.316927431108
forecast_4998,2025-07-28 06:00:00,7602.489943309021,7113.396523260499,4461.043226430893
forecast_4999,2025-07-28 07:00:00,5915.110578906479,5270.974355780792,2513.955945666294
forecast_5000,2025-07-28 08:00:00,3831.6431680288697,3491.857698354378,1342.40878677763
forecast_5001,2025-07-28 09:00:00,2392.808279702492,2118.6958481900406,926.4289747245141
forecast_5002,2025-07-28 10:00:00,1668.443152104683,1607.2383077196885,585.1785620998955
forecast_5003,2025-07-28 11:00:00,1211.2194049367142,1337.8789616566849,418.6424
forecast_5004,2025-07-28 12:00:00,1189.3994323032762,1254.503380582924,424.68012799999997
forecast_5005,2025-07-28 13:00:00,1192.9431728750612,1349.920208624382,427.08716000000004
forecast_5006,2025-07-28 14:00:00,1134.4035758831787,1077.11232,621.8651991332055
forecast_5007,2025-07-28 15:00:00,1108.040768177147,1244.4344243909072,342.095824
forecast_5008,2025-07-28 16:00:00,1331.72603383667,1376.6264955366516,1015.2184282248536
forecast_5009,2025-07-28 17:00:00,1088.1308412197495,1257.5435722375107,372.3144331934013
forecast_5010,2025-07-28 18:00:00,1203.8674362012864,1399.523237119408,549.8344737111283
forecast_5011,2025-07-28 19:00:00,1139.1713145180322,1153.1047385284044,561.853895712513
forecast_5012,2025-07-28 20:00:00,1305.7360258078004,1216.292068404808,507.05239454259873
forecast_5013,2025-07-28 21:00:00,1559.1337776670457,1387.0432121608355,532.5779720107613
forecast_5014,2025-07-28 22:00:00,1733.7695591018678,1538.4200548183062,511.3706817414398
forecast_5015,2025-07-28 23:00:00,1452.0414541453936,1412.9189702664567,533.592538601101
forecast_5016,2025-07-29 00:00:00,1446.9065360849,1433.2335109811784,592.2553134549904
forecast_5017,2025-07-29 01:00:00,2521.7172822956086,2583.048257556725,1128.6625135338022
forecast_5018,2025-07-29 02:00:00,2887.353707485962,2545.850374752617,1089.8108419171715
forecast_5019,2025-07-29 03:00:00,2708.691339722557,2474.2511630643844,1022.1940380020333
forecast_5020,2025-07-29 04:00:00,2504.39614236866,2081.970902429466,924.9846157736512
forecast_5021,2025-07-29 05:00:00,2014.661424815369,1748.1171056977464,693.7112582496262
forecast_5022,2025-07-29 06:00:00,1535.9243612591936,1468.2649814844895,485.1249673233032
forecast_5023,2025-07-29 07:00:00,1141.4380509780501,1297.1137485517502,418.3194004467964
forecast_5024,2025-07-29 08:00:00,1072.3961602021982,1296.1685750999832,418.6424
forecast_5025,2025-07-29 09:00:00,1054.7015597865677,1284.1521025572588,340.09456
forecast_5026,2025-07-29 10:00:00,1108.1095316890335,1230.7579769157028,320.614576
forecast_5027,2025-07-29 11:00:00,1104.217420292473,1159.1839115533066,331.60656
forecast_5028,2025-07-29 12:00:00,1092.7876793916894,1104.8657726714707,383.52272
forecast_5029,2025-07-29 13:00:00,1015.7371624024296,1268.1402440088273,426.87032
forecast_5030,2025-07-29 14:00:00,1121.5037212209702,1404.1260171017839,439.86908800000003
forecast_5031,2025-07-29 15:00:00,1127.7886449391176,1199.6179854269792,307.750904
forecast_5032,2025-07-29 16:00:00,1036.834687627716,1119.6188216736984,317.9652371143341
forecast_5033,2025-07-29 17:00:00,950.6823985820437,1126.0347267308425,312.91491842477035
forecast_5034,2025-07-29 18:00:00,1014.2863800714493,1018.0814847180177,330.5529863555222
forecast_5035,2025-07-29 19:00:00,1129.76556908165,1136.8418672473144,340.74167705894473
forecast_5036,2025-07-29 20:00:00,1255.958054307518,1289.80694248127,412.06258930088046
forecast_5037,2025-07-29 21:00:00,1279.8890360354615,1231.4095424874497,468.85010398746493
forecast_5038,2025-07-29 22:00:00,1883.441851973419,1702.7574249134445,753.9428122028924
forecast_5039,2025-07-29 23:00:00,2020.0651937261964,1724.7554400000001,837.6144435132676
forecast_5040,2025-07-30 00:00:00,2808.221388905258,2356.784,1068.0662760513496
forecast_5041,2025-07-30 01:00:00,2402.2741679124833,2308.16696,1033.929757304287
forecast_5042,2025-07-30 02:00:00,2745.856643436585,2571.410398006554,1341.005974377308
forecast_5043,2025-07-30 03:00:00,2556.722755473938,2256.5631200000003,1094.9806802956964
forecast_5044,2025-07-30 04:00:00,2017.4224836740495,1744.2853925687411,842.7801731187249
forecast_5045,2025-07-30 05:00:00,1472.329832350731,1421.5219979188157,510.847952
forecast_5046,2025-07-30 06:00:00,1410.8588720491791,1541.0376399596787,457.42776000000003
forecast_5047,2025-07-30 07:00:00,1274.5621629442978,1378.041723474541,448.09704000000005
forecast_5048,2025-07-30 08:00:00,1207.776860639496,1400.443287914238,407.6504
forecast_5049,2025-07-30 09:00:00,1110.0981942338371,1372.9125050696946,307.750904
forecast_5050,2025-07-30 10:00:00,1058.99062578537,1148.902515793419,320.614576
forecast_5051,2025-07-30 11:00:00,1117.1341573700906,1256.7424648659135,320.614576
forecast_5052,2025-07-30 12:00:00,1165.3039224212266,1241.6767273515702,324.83232
forecast_5053,2025-07-30 13:00:00,1139.2257064208986,1238.910710398903,407.6504
forecast_5054,2025-07-30 14:00:00,1280.9739209690476,1357.211952437172,407.6504
forecast_5055,2025-07-30 15:00:00,1280.8619273757936,1278.5041396839524,407.6504
forecast_5056,2025-07-30 16:00:00,1189.8075485063935,1276.3683602700426,320.614576
forecast_5057,2025-07-30 17:00:00,1226.2739569841194,1233.4499837727737,307.750904
forecast_5058,2025-07-30 18:00:00,1260.6090678955268,1201.273827011223,306.53712
forecast_5059,2025-07-30 19:00:00,1243.3222176608085,1289.738283157463,320.614576
forecast_5060,2025-07-30 20:00:00,1554.4621608011628,1427.49706345356,374.18655268210983
forecast_5061,2025-07-30 21:00:00,1724.1905466688158,1572.780088161049,436.09511182481765
forecast_5062,2025-07-30 22:00:00,2454.1963971028904,2035.3716935421373,679.0118934286995
forecast_5063,2025-07-30 23:00:00,2620.496777358246,2491.423770440331,817.5490749189568
forecast_5064,2025-07-31 00:00:00,2391.953016658249,2233.38045218174,697.0762042931481
forecast_5065,2025-07-31 01:00:00,2990.031870524292,2838.947409594917,982.2910137065124
forecast_5066,2025-07-31 02:00:00,3924.229897684479,3470.4706745495605,1119.7255253592111
forecast_5067,2025-07-31 03:00:00,4323.689709392548,4151.414533283081,1342.0999971304323
forecast_5068,2025-07-31 04:00:00,4439.687757074967,4807.400408847046,1770.9487949491693
forecast_5069,2025-07-31 05:00:00,3443.6072835291293,3678.731341486359,1255.8213833514214
forecast_5070,2025-07-31 06:00:00,2704.3928505337144,2507.4074439907836,922.8644224058916
forecast_5071,2025-07-31 07:00:00,2681.689518031731,2324.1234400000003,738.3913182289315
forecast_5072,2025-07-31 08:00:00,1954.4071625138474,1993.1453051124954,457.547312
forecast_5073,2025-07-31 09:00:00,1677.335201082802,1759.1457074036027,454.77056000000005
forecast_5074,2025-07-31 10:00:00,1408.4276599987413,1645.8821776130296,455.16645600000004
forecast_5075,2025-07-31 11:00:00,1569.5338843150712,1766.7161058111192,508.86768000000006
forecast_5076,2025-07-31 12:00:00,1509.8724166407014,1897.5070484744647,526.256688
forecast_5077,2025-07-31 13:00:00,1312.6736975838853,1639.8769726311875,455.286
forecast_5078,2025-07-31 14:00:00,1350.6228637806034,1668.1576187258531,442.13048000000003
forecast_5079,2025-07-31 15:00:00,1434.0029159916687,1561.0777055824663,455.286
forecast_5080,2025-07-31 16:00:00,1441.0056847164155,1687.158883069191,455.286
forecast_5081,2025-07-31 17:00:00,1407.007767915802,1552.516738888893,457.42776000000003
forecast_5082,2025-07-31 18:00:00,1373.8992916138077,1450.845435571785,510.1170732537804
forecast_5083,2025-07-31 19:00:00,1307.5997751831055,1418.0569823242952,436.67538741579057
forecast_5084,2025-07-31 20:00:00,1381.4517048878479,1452.2036303193283,433.54380000000003
forecast_5085,2025-07-31 21:00:00,1354.75198446949,1463.94875145092,417.71539379873275
forecast_5086,2025-07-31 22:00:00,1803.223879051514,1729.0897670899583,457.42776000000003
forecast_5087,2025-07-31 23:00:00,1869.3424801076508,1654.584440428467,454.77056000000005
forecast_5088,2025-08-01 00:00:00,1579.1565169252779,1478.0586125084305,407.6504
forecast_5089,2025-08-01 01:00:00,1696.308548306618,1696.9312883412554,626.3994390842438
forecast_5090,2025-08-01 02:00:00,1546.4535632593918,1530.958762215805,566.3905380153275
forecast_5091,2025-08-01 03:00:00,1459.4944264830401,1443.5766544202042,647.0088469650574
forecast_5092,2025-08-01 04:00:00,1332.1459959424972,1254.777185636673,537.319613417839
forecast_5093,2025-08-01 05:00:00,1346.2387092204285,1297.1627998482516,551.0893770306855
forecast_5094,2025-08-01 06:00:00,1272.7991727582933,1299.8470372882462,451.3736022447586
forecast_5095,2025-08-01 07:00:00,1151.713963645115,1241.223978095894,320.614576
forecast_5096,2025-08-01 08:00:00,1011.9068698835422,1255.131115183983,326.6162226957092
forecast_5097,2025-08-01 09:00:00,975.9728611832094,1150.3104927446366,307.750904
forecast_5098,2025-08-01 10:00:00,986.4809976611328,1021.2753653162765,307.750904
forecast_5099,2025-08-01 11:00:00,982.089001263094,1102.2848236951065,331.60656
forecast_5100,2025-08-01 12:00:00,1110.6288305698204,1295.0032276303482,465.41136223440174
forecast_5101,2025-08-01 13:00:00,1138.1394592591857,1317.3287120368575,476.31302568679814
forecast_5102,2025-08-01 14:00:00,1093.6145640504456,1224.0558959733962,426.87032
forecast_5103,2025-08-01 15:00:00,1038.4378550800325,1112.0150529948044,320.614576
forecast_5104,2025-08-01 16:00:00,952.097077474146,1099.9033350362015,293.67343999999997
forecast_5105,2025-08-01 17:00:00,919.6961600000001,1060.812584843483,291.721264
forecast_5106,2025-08-01 18:00:00,1105.6182589071655,1183.4376710534668,293.67343999999997
forecast_5107,2025-08-01 19:00:00,1444.2416105152895,1475.3150362164306,455.16645600000004
forecast_5108,2025-08-01 20:00:00,1412.1394124534227,1552.9413191108324,449.12552
forecast_5109,2025-08-01 21:00:00,1507.608111709099,1549.1346507064438,449.12552
forecast_5110,2025-08-01 22:00:00,1632.1218476311112,1530.8313549017334,451.38688
forecast_5111,2025-08-01 23:00:00,1422.3490690243914,1269.2424800000001,439.86908800000003
forecast_5112,2025-08-02 00:00:00,1377.8293675325776,1391.5552079741287,449.12552
forecast_5113,2025-08-02 01:00:00,4035.9645996852873,3778.247931455994,1605.651152629185
forecast_5114,2025-08-02 02:00:00,5072.083699824142,5061.927025193787,2536.0401087872124
forecast_5115,2025-08-02 03:00:00,6436.71499382782,6037.4027271499635,3192.7179910511018
forecast_5116,2025-08-02 04:00:00,7312.47902335083,7876.141202119446,4487.923084375001
forecast_5117,2025-08-02 05:00:00,7737.704149101258,8556.528708032227,5080.676587157745
forecast_5118,2025-08-02 06:00:00,8240.332539230347,9154.37109145508,6031.079880789566
forecast_5119,2025-08-02 07:00:00,7964.6723131485,8412.46936520233,4794.69272506752
forecast_5120,2025-08-02 08:00:00,6427.092878004456,6564.549520526123,3101.4278909486584
forecast_5121,2025-08-02 09:00:00,4661.222615921402,4819.53342436142,1979.1076630108646
forecast_5122,2025-08-02 10:00:00,3152.5376555969237,3139.368428988037,1391.4722207251168
forecast_5123,2025-08-02 11:00:00,2533.1258912947083,2496.5319788175966,1189.5459957127953
forecast_5124,2025-08-02 12:00:00,2433.235167449036,2362.365782924042,1137.8771889970399
forecast_5125,2025-08-02 13:00:00,2204.666573143997,2260.837836906586,1047.138176215191
forecast_5126,2025-08-02 14:00:00,2355.1242752962494,2219.1713604908755,964.3038328058434
forecast_5127,2025-08-02 15:00:00,1803.8477618281556,1901.3100364471436,812.3205119508743
forecast_5128,2025-08-02 16:00:00,1744.329397601433,2162.644012483215,879.3838858527756
forecast_5129,2025-08-02 17:00:00,1630.2189046025087,1956.1263237126159,691.2711272990875
forecast_5130,2025-08-02 18:00:00,1538.112208380947,1690.4698901667405,551.9120433197022
forecast_5131,2025-08-02 19:00:00,1740.5105187929537,1880.4486546741869,684.3890070785524
forecast_5132,2025-08-02 20:00:00,1810.4999668518449,1813.629912241936,722.3935594812775
forecast_5133,2025-08-02 21:00:00,2144.787674668999,2239.3943337668993,957.8691916165047
forecast_5134,2025-08-02 22:00:00,2476.2683732389833,2465.880332169228,982.1310606835938
forecast_5135,2025-08-02 23:00:00,2390.851434486084,2386.6462190041734,1041.4697260231019
forecast_5136,2025-08-03 00:00:00,2586.042297866669,2699.316691403656,1163.1073025457192
forecast_5137,2025-08-03 01:00:00,4088.805164984894,3720.661683676758,1689.2203859301949
forecast_5138,2025-08-03 02:00:00,4489.510547494812,4148.122000786285,1906.3716934690285
forecast_5139,2025-08-03 03:00:00,4675.263367646789,4283.712269064484,1719.3162029785349
forecast_5140,2025-08-03 04:00:00,3301.672018544998,2905.3239589265445,1092.4873174058534
forecast_5141,2025-08-03 05:00:00,2667.6797527271274,2008.3255838257219,885.3120114287835
forecast_5142,2025-08-03 06:00:00,1731.5944850759124,1530.1824716677474,705.58432
forecast_5143,2025-08-03 07:00:00,1289.8318811960603,1204.6671148647308,428.9038487247467
forecast_5144,2025-08-03 08:00:00,1286.8372394787218,1375.7237365530016,449.12552
forecast_5145,2025-08-03 09:00:00,1259.9718294326783,1526.282016209755,449.12552
forecast_5146,2025-08-03 10:00:00,1121.3242091595555,1268.916045126381,407.6504
forecast_5147,2025-08-03 11:00:00,1061.1353338083745,1250.6739328104784,327.99932
forecast_5148,2025-08-03 12:00:00,1241.0026384436035,1454.4194360330582,433.93976000000004
forecast_5149,2025-08-03 13:00:00,1437.9249472659303,1608.1517070845414,457.42776000000003
forecast_5150,2025-08-03 14:00:00,1865.3056979481507,2100.776272557373,806.846735650692
forecast_5151,2025-08-03 15:00:00,2181.8903780194855,2654.5497499421695,1210.6212156978036
forecast_5152,2025-08-03 16:00:00,2094.525926651573,2564.95380050869,1175.5555261077882
forecast_5153,2025-08-03 17:00:00,2398.2459692478656,2899.119278581505,1296.74285231699
forecast_5154,2025-08-03 18:00:00,2499.2700800000002,3011.222751062584,1072.7022239258004
forecast_5155,2025-08-03 19:00:00,4423.88137955246,5518.8572644874575,3529.845050625153
forecast_5156,2025-08-03 20:00:00,5134.519215810242,6053.369298442841,4183.59230579071
forecast_5157,2025-08-03 21:00:00,5002.641660956574,5866.434211759949,2960.1579659393315
forecast_5158,2025-08-03 22:00:00,5871.2027413002015,6682.84220149994,3070.7872096639253
forecast_5159,2025-08-03 23:00:00,5670.096812088013,7016.473727880097,3058.4636452529144
forecast_5160,2025-08-04 00:00:00,5769.449773768616,7034.315125934601,3193.4696989049535
forecast_5161,2025-08-04 01:00:00,4631.906585902786,6134.703314218903,2303.0242300722693
forecast_5162,2025-08-04 02:00:00,5218.424685764313,6555.494933816529,2908.4707779911996
forecast_5163,2025-08-04 03:00:00,5666.568615335083,6127.166826466218,2679.6336071977807
forecast_5164,2025-08-04 04:00:00,7635.001222307435,8775.061698815918,4870.826123312607
forecast_5165,2025-08-04 05:00:00,6895.070726615906,8008.123327554322,4178.604725834655
forecast_5166,2025-08-04 06:00:00,6753.041441718293,8122.861307394409,4548.508501403732
forecast_5167,2025-08-04 07:00:00,7452.60549597168,9508.901690434266,5704.4120920852665
forecast_5168,2025-08-04 08:00:00,7295.958523640442,9183.286776254274,5785.545962909699
forecast_5169,2025-08-04 09:00:00,6323.5506001358035,7176.689436035462,4832.874927150727
forecast_5170,2025-08-04 10:00:00,5419.051354992524,6664.459915748597,3515.3797356998443
forecast_5171,2025-08-04 11:00:00,6280.947375258637,8649.190048939514,4768.655197577819
forecast_5172,2025-08-04 12:00:00,6269.965777024841,7994.62635450287,4816.194762997838
forecast_5173,2025-08-04 13:00:00,4752.857082904816,5480.930143078614,2294.2555061945914
forecast_5174,2025-08-04 14:00:00,2845.016303688965,3367.7784850283815,1198.3145032129098
forecast_5175,2025-08-04 15:00:00,2627.784124284134,3500.1589384751896,1485.1482001176073
forecast_5176,2025-08-04 16:00:00,2497.939667287488,3402.895544007721,1613.9216795636369
forecast_5177,2025-08-04 17:00:00,2631.788816026831,3466.2494274232486,1433.795836277237
forecast_5178,2025-08-04 18:00:00,2811.0144,3637.2047022201536,1551.9430088205338
forecast_5179,2025-08-04 19:00:00,3299.9623314095024,4217.165533954925,2477.0884807135585
forecast_5180,2025-08-04 20:00:00,3313.7498792275237,3814.125564645386,2239.3642440193175
forecast_5181,2025-08-04 21:00:00,5149.780087440872,5784.822411101228,4111.580324844837
forecast_5182,2025-08-04 22:00:00,5858.973075769501,6626.087649141083,4041.865411595726
forecast_5183,2025-08-04 23:00:00,7026.877176916504,7322.919127613068,4849.471472438717
forecast_5184,2025-08-05 00:00:00,7539.840945679932,8954.210300694274,5612.445397136841
forecast_5185,2025-08-05 01:00:00,4444.122016770554,4679.319227846985,2174.6170164738273
forecast_5186,2025-08-05 02:00:00,4312.377487569047,4289.464000763092,1912.2400065538598
forecast_5187,2025-08-05 03:00:00,4186.557857680131,4131.142740757141,1622.904618368435
forecast_5188,2025-08-05 04:00:00,3984.2383914384463,3840.011769950256,1398.2457320840265
forecast_5189,2025-08-05 05:00:00,2892.4245149050143,2866.46775499588,1087.6214248428346
forecast_5190,2025-08-05 06:00:00,2304.9454717416766,2490.8440053889467,907.2359296915246
forecast_5191,2025-08-05 07:00:00,2692.6279194179538,2934.2231053591922,1088.5990866074944
forecast_5192,2025-08-05 08:00:00,2691.401312070999,2753.663629998627,974.5166223716927
forecast_5193,2025-08-05 09:00:00,2147.3524023712926,2273.091538774109,876.7723794400292
forecast_5194,2025-08-05 10:00:00,2056.3016934163284,2369.2722901660154,910.0151832468339
forecast_5195,2025-08-05 11:00:00,2424.788442853508,2606.0065457948303,1121.419139143734
forecast_5196,2025-08-05 12:00:00,3068.4411869696046,3473.36264331131,1636.0750476910591
forecast_5197,2025-08-05 13:00:00,3800.968770292282,4185.976483585053,2456.381351308537
forecast_5198,2025-08-05 14:00:00,4964.88294931717,5615.03753117981,3590.0471079505924
forecast_5199,2025-08-05 15:00:00,6125.7178401503,6301.844186442566,4698.806998692322
forecast_5200,2025-08-05 16:00:00,8914.765982189943,8581.950535386659,7424.705696733094
forecast_5201,2025-08-05 17:00:00,8183.7046811645505,8347.357557518008,7141.015286073303
forecast_5202,2025-08-05 18:00:00,6838.800569596863,6608.093369679871,5087.113427427749
forecast_5203,2025-08-05 19:00:00,5920.708864433289,6203.724542973633,4371.006074250412
forecast_5204,2025-08-05 20:00:00,7140.942975679016,7509.297914183045,5371.025947919464
forecast_5205,2025-08-05 21:00:00,8156.007361393738,8955.931637632752,6552.95552954857
forecast_5206,2025-08-05 22:00:00,8864.875013064575,9750.102390121461,7223.309156209565
forecast_5207,2025-08-05 23:00:00,9099.748351156617,11025.016805212403,8175.074687220384
forecast_5208,2025-08-06 00:00:00,8451.842905516052,10976.396342437743,7433.016913853378
forecast_5209,2025-08-06 01:00:00,12495.613977293397,14388.034123034668,10991.833770027542
forecast_5210,2025-08-06 02:00:00,12966.371184658814,14650.672013839721,11879.151730047226
forecast_5211,2025-08-06 03:00:00,12500.351328862002,13742.406561477663,10601.38803576851
forecast_5212,2025-08-06 04:00:00,10972.289287075806,13197.813344625856,9816.182121066286
forecast_5213,2025-08-06 05:00:00,11908.975013438416,13806.266543826294,10322.043027859116
forecast_5214,2025-08-06 06:00:00,12124.905812797548,14182.493570352173,11350.685051046754
forecast_5215,2025-08-06 07:00:00,12306.816796430969,14510.8255425354,11508.115586895752
forecast_5216,2025-08-06 08:00:00,11282.747679312135,13942.719003668215,10746.540261734772
forecast_5217,2025-08-06 09:00:00,12091.32422086792,14593.397625915528,11388.027735643387
forecast_5218,2025-08-06 10:00:00,12050.694437394715,14840.97751006775,11685.81645807953
forecast_5219,2025-08-06 11:00:00,12031.629488294984,14913.892729882813,11404.466995085526
forecast_5220,2025-08-06 12:00:00,11575.177055654909,14468.214647677612,11275.057636257554
forecast_5221,2025-08-06 13:00:00,12844.169134648133,16340.168139770509,13179.12480166588
forecast_5222,2025-08-06 14:00:00,13559.760857858277,16522.115080078125,14501.959937668229
forecast_5223,2025-08-06 15:00:00,12734.614350019838,15231.875148632813,12216.002011773682
forecast_5224,2025-08-06 16:00:00,11818.249573443603,14796.144393103028,11628.72316647911
forecast_5225,2025-08-06 17:00:00,12713.038744189455,15320.34603911133,12693.16338573227
forecast_5226,2025-08-06 18:00:00,14275.753931622316,16617.522426940915,13898.515625601198
forecast_5227,2025-08-06 19:00:00,15138.523519699098,16593.625399072265,13987.340054969027
forecast_5228,2025-08-06 20:00:00,13756.00189320984,15883.523994937135,13361.136677764895
forecast_5229,2025-08-06 21:00:00,15195.055174661255,16747.966365011598,14927.8274177948
forecast_5230,2025-08-06 22:00:00,15271.96797666626,16672.246143066404,15329.922191087342
forecast_5231,2025-08-06 23:00:00,14180.430277020263,16217.506226730347,15127.61429009018
forecast_5232,2025-08-07 00:00:00,14764.321667785645,16544.47833366394,15187.19020549698
forecast_5233,2025-08-07 01:00:00,15175.828595874023,15954.958925790408,15099.799199206544
forecast_5234,2025-08-07 02:00:00,15529.513652554322,16408.343240951537,15335.330222697448
forecast_5235,2025-08-07 03:00:00,15411.6255605896,16460.05054763794,15106.316814753724
forecast_5236,2025-08-07 04:00:00,15319.661672293092,16474.835112420653,14748.447105904388
forecast_5237,2025-08-07 05:00:00,15544.790904577638,16690.360099044803,14963.810342694092
forecast_5238,2025-08-07 06:00:00,15330.337648147584,16438.30327758179,13648.48405344391
forecast_5239,2025-08-07 07:00:00,14286.950015130617,15293.382659490968,12645.664840140533
forecast_5240,2025-08-07 08:00:00,12011.651174984741,12879.13679694214,9680.863509856033
forecast_5241,2025-08-07 09:00:00,8486.822981071473,8608.858215942382,5469.836451714554
forecast_5242,2025-08-07 10:00:00,5491.634073155213,5260.678366278076,2734.278934696045
forecast_5243,2025-08-07 11:00:00,4034.453358281403,3766.463853043213,1816.8279778857996
forecast_5244,2025-08-07 12:00:00,3056.696087342453,3039.77264990387,1247.9173518605614
forecast_5245,2025-08-07 13:00:00,1901.332132314682,2042.9284818009949,646.4999347795488
forecast_5246,2025-08-07 14:00:00,1691.5087986665346,1723.7528022991944,525.332436841526
forecast_5247,2025-08-07 15:00:00,1728.8941389164736,1661.1255965283203,576.5530796701241
forecast_5248,2025-08-07 16:00:00,1498.8712850518036,1639.554660398102,523.1546609560547
forecast_5249,2025-08-07 17:00:00,1603.7233477595046,1648.3236558151627,552.8329638243486
forecast_5250,2025-08-07 18:00:00,1851.6231087829974,1972.752269910164,727.9958029668733
forecast_5251,2025-08-07 19:00:00,1768.911407997818,1894.881085230751,734.5459707371903
forecast_5252,2025-08-07 20:00:00,2082.246137643013,2322.0044406380844,793.4703977269745
forecast_5253,2025-08-07 21:00:00,2963.089290084076,3128.015332744904,1195.4310728779792
forecast_5254,2025-08-07 22:00:00,4682.913228390961,4920.146324826966,2057.115595132065
forecast_5255,2025-08-07 23:00:00,6258.249435095979,6740.412645275879,3617.0625704457093
forecast_5256,2025-08-08 00:00:00,7333.9525044342045,8154.572472669984,5055.819441471863
forecast_5257,2025-08-08 01:00:00,6484.47434611435,6626.240749105836,4324.878276293793
forecast_5258,2025-08-08 02:00:00,6346.4759322631835,6334.646253291321,3570.325004269333
forecast_5259,2025-08-08 03:00:00,5522.310924639893,5796.387079630737,3286.4692815849303
forecast_5260,2025-08-08 04:00:00,4851.441819148255,4604.599040450439,2565.824936106873
forecast_5261,2025-08-08 05:00:00,4323.39167345932,3716.1335332316594,1826.968614000759
forecast_5262,2025-08-08 06:00:00,2828.072387685776,2577.991398114014,1139.7123453536415
forecast_5263,2025-08-08 07:00:00,1916.8426021388245,1950.49741973053,820.9918086598396
forecast_5264,2025-08-08 08:00:00,1419.3109707022857,1705.882783181,570.2130552375794
forecast_5265,2025-08-08 09:00:00,1031.893142371607,1228.6505200014115,331.60656
forecast_5266,2025-08-08 10:00:00,977.5302807711696,1095.805230617142,293.67343999999997
forecast_5267,2025-08-08 11:00:00,1037.4645442931364,1042.7613600000002,307.750904
forecast_5268,2025-08-08 12:00:00,1034.8800129600431,1076.58056,418.6424
forecast_5269,2025-08-08 13:00:00,1072.4248919685747,1233.572349902153,427.89880000000005
forecast_5270,2025-08-08 14:00:00,1093.6266153079987,1174.9006413945388,427.89880000000005
forecast_5271,2025-08-08 15:00:00,1069.1065034939575,1123.0311069973375,418.6424
forecast_5272,2025-08-08 16:00:00,1043.581193951702,1176.795932536049,318.74288
forecast_5273,2025-08-08 17:00:00,1070.8183980231097,1222.4169024837113,340.862992
forecast_5274,2025-08-08 18:00:00,1020.404314587288,1134.8996169256975,318.74288
forecast_5275,2025-08-08 19:00:00,1077.7404405793382,1150.8526443502808,456.9871527885437
forecast_5276,2025-08-08 20:00:00,1221.4378023366928,1350.0489022595598,555.0152289295579
forecast_5277,2025-08-08 21:00:00,1257.9371050686266,1399.0433440303423,526.375106904564
forecast_5278,2025-08-08 22:00:00,1643.4008069063568,1973.5265853480914,691.2413713199234
forecast_5279,2025-08-08 23:00:00,2385.7770104314804,2736.963170099945,1046.8861973253252
forecast_5280,2025-08-09 00:00:00,3251.702629491425,3160.7447067463686,1245.4031137125207
forecast_5281,2025-08-09 01:00:00,2314.8437870279313,2499.695305704346,883.7799935585977
forecast_5282,2025-08-09 02:00:00,3100.1457119761276,3210.799622131348,1220.761622685337
forecast_5283,2025-08-09 03:00:00,2821.320476969719,3117.4758198608397,1322.0011627535057
forecast_5284,2025-08-09 04:00:00,3828.546461907578,4102.277013867188,1725.5755197972298
forecast_5285,2025-08-09 05:00:00,4314.999861856919,4704.499303147126,2064.570665308437
forecast_5286,2025-08-09 06:00:00,3614.9740298226934,3822.8222800111394,1633.8655525617792
forecast_5287,2025-08-09 07:00:00,3426.6648564807892,3630.27019249527,1494.3625447392847
forecast_5288,2025-08-09 08:00:00,3115.394326681061,3444.627114758454,1403.8472639979361
forecast_5289,2025-08-09 09:00:00,3192.225501860199,3184.6457024787906,1174.0926154090312
forecast_5290,2025-08-09 10:00:00,3287.799871444702,3499.9100498344424,1317.191853254757
forecast_5291,2025-08-09 11:00:00,3015.8272810622407,3402.6599252510073,1226.7265002910422
forecast_5292,2025-08-09 12:00:00,2603.2334731906412,3145.017009240456,1202.7641681923105
forecast_5293,2025-08-09 13:00:00,1964.2243587978364,2464.5447222784805,1013.7912728999901
forecast_5294,2025-08-09 14:00:00,1523.5741141401672,1763.819528650818,874.9873352389947
forecast_5295,2025-08-09 15:00:00,1730.8859966698456,2008.9407150675966,886.0592324290658
forecast_5296,2025-08-09 16:00:00,1486.3439009350586,1530.314243062401,789.9666727661705
forecast_5297,2025-08-09 17:00:00,1566.0653886369707,2047.4390517825318,836.1527989858055
forecast_5298,2025-08-09 18:00:00,1576.7633195562937,1897.6222749122621,838.5621289962196
forecast_5299,2025-08-09 19:00:00,2129.276440935707,2886.832631017456,1172.4231564418983
forecast_5300,2025-08-09 20:00:00,2681.1573609172824,3453.28097368393,1373.830805570736
forecast_5301,2025-08-09 21:00:00,3039.1159044519427,3460.0749851890564,1622.3605125260356
forecast_5302,2025-08-09 22:00:00,2511.693554520607,2864.242260269623,1102.2556790621834
forecast_5303,2025-08-09 23:00:00,2090.242345548401,2465.229928113556,919.3921317630578
forecast_5304,2025-08-10 00:00:00,1956.8725713678741,2455.3395544314576,848.3305767744637
forecast_5305,2025-08-10 01:00:00,1736.3462331211092,1881.9397524925234,876.9514990192071
forecast_5306,2025-08-10 02:00:00,1686.8278924608612,1818.7080836790467,816.5435855772132
forecast_5307,2025-08-10 03:00:00,1705.7094076425174,1861.6886232777406,832.873669781887
forecast_5308,2025-08-10 04:00:00,1954.7075978546145,2127.296422939148,889.2239808388329
forecast_5309,2025-08-10 05:00:00,2165.19067032608,2369.8391642512515,957.9265275999336
forecast_5310,2025-08-10 06:00:00,2304.0447074420163,2616.0588104519657,1072.0158331752586
forecast_5311,2025-08-10 07:00:00,2203.478828025055,2420.084644076538,876.4030400804711
forecast_5312,2025-08-10 08:00:00,1570.679913093834,1686.0062309063342,592.1949153845405
forecast_5313,2025-08-10 09:00:00,1504.7569958665467,1646.6782723579026,490.61379268465043
forecast_5314,2025-08-10 10:00:00,1360.6842523927307,1453.305723612404,428.99664000000007
forecast_5315,2025-08-10 11:00:00,1303.3979604316903,1520.6699451287461,511.0522051321793
forecast_5316,2025-08-10 12:00:00,1210.5830534333707,1493.9757333696366,508.86768000000006
forecast_5317,2025-08-10 13:00:00,1123.6367844708252,1349.3630454732895,469.28544486085895
forecast_5318,2025-08-10 14:00:00,1111.249969034934,1432.5184338058853,501.4232036972428
forecast_5319,2025-08-10 15:00:00,1087.8859478240586,1393.8497240737534,488.3671768770218
forecast_5320,2025-08-10 16:00:00,1040.84552,1332.3345203149797,489.2744070382309
forecast_5321,2025-08-10 17:00:00,992.27832,1224.4343171259688,435.8006813820076
forecast_5322,2025-08-10 18:00:00,1002.9238962355709,1078.311110943718,311.4478816302185
forecast_5323,2025-08-10 19:00:00,988.7784612846376,1030.4374400000002,335.73447073322296
forecast_5324,2025-08-10 20:00:00,1091.000660350151,1092.7795828681947,331.2834199846039
forecast_5325,2025-08-10 21:00:00,1139.2237916730498,1108.75872,355.6519057929764
forecast_5326,2025-08-10 22:00:00,1226.5345101785279,1209.8409672655869,450.26966759910584
forecast_5327,2025-08-10 23:00:00,1295.0792962351227,1286.9789130891038,497.9003953361893
forecast_5328,2025-08-11 00:00:00,1299.21016430645,1429.61366112072,498.89139557127004
forecast_5329,2025-08-11 01:00:00,1421.8250440232086,1603.7901317066955,609.5690203641891
forecast_5330,2025-08-11 02:00:00,1490.0220885163117,1679.5086720295717,630.0570873354911
forecast_5331,2025-08-11 03:00:00,1548.4798385017396,1697.173175908356,667.423328939724
forecast_5332,2025-08-11 04:00:00,1519.0475244564057,1722.8957632788088,647.2155790770531
forecast_5333,2025-08-11 05:00:00,1474.498928582077,1674.9086376522828,670.2639504233895
forecast_5334,2025-08-11 06:00:00,1386.2522921298219,1577.8865123521425,555.7799794248581
forecast_5335,2025-08-11 07:00:00,1194.3730078360365,1354.775899123192,447.11980302848815
forecast_5336,2025-08-11 08:00:00,1085.7099781110383,1301.2475729133987,411.90082062997817
forecast_5337,2025-08-11 09:00:00,1053.626018517628,1191.65863232914,320.614576
forecast_5338,2025-08-11 10:00:00,962.0824000000001,1019.6202400000001,301.42539200000004
forecast_5339,2025-08-11 11:00:00,931.71688,986.9367200000002,316.96862646001813
forecast_5340,2025-08-11 12:00:00,969.9744800000001,1082.5253811654284,366.4682233693161
forecast_5341,2025-08-11 13:00:00,969.0832996099185,1052.7334986903002,307.750904
forecast_5342,2025-08-11 14:00:00,947.674032701397,1089.5500977517318,350.7656464340248
forecast_5343,2025-08-11 15:00:00,994.4302677720451,1113.8017365130997,333.7253567159424
forecast_5344,2025-08-11 16:00:00,961.3842698804236,1156.2646403023148,361.0293472172775
forecast_5345,2025-08-11 17:00:00,1044.7743602890587,1084.9265178331757,394.24642988103864
forecast_5346,2025-08-11 18:00:00,1105.8877286093903,1173.6631632072067,395.52624336738205
forecast_5347,2025-08-11 19:00:00,1125.9739373940467,1255.1869442441941,417.6724581174088
forecast_5348,2025-08-11 20:00:00,1137.920539339943,1322.9330111906816,400.9928133274994
forecast_5349,2025-08-11 21:00:00,1274.7721640308762,1320.900188708458,491.1395352328301
forecast_5350,2025-08-11 22:00:00,1368.604410514946,1509.5223032252122,525.4907512999154
forecast_5351,2025-08-11 23:00:00,1334.501017632332,1517.0210227919388,545.4406117593231
forecast_5352,2025-08-12 00:00:00,1471.801939907341,1643.1727624102784,566.6149517984582
forecast_5353,2025-08-12 01:00:00,1835.2611024625778,1860.0402933689502,799.9759642073059
forecast_5354,2025-08-12 02:00:00,2161.1044447603226,2372.465510828247,991.8484034044649
forecast_5355,2025-08-12 03:00:00,3929.457543575745,3861.5018674459843,1737.0758006141473
forecast_5356,2025-08-12 04:00:00,3260.0854283604435,3042.520016106415,1150.221210288601
forecast_5357,2025-08-12 05:00:00,2641.208949874191,2590.200668122101,969.9186419981385
forecast_5358,2025-08-12 06:00:00,1979.3005880332948,2026.3288994941713,706.6498994754983
forecast_5359,2025-08-12 07:00:00,1406.6646192881012,1552.9247904080582,548.6723192113113
forecast_5360,2025-08-12 08:00:00,1272.599943249402,1474.5817444919205,446.07078898315433
forecast_5361,2025-08-12 09:00:00,1134.79952,1440.1494935182573,408.2175754479408
forecast_5362,2025-08-12 10:00:00,1213.2021189455033,1292.0008680329133,428.87712000000005
forecast_5363,2025-08-12 11:00:00,1132.4840249731349,1231.2796,423.6076025103569
forecast_5364,2025-08-12 12:00:00,1255.7280528805543,1241.243531129036,449.12552
forecast_5365,2025-08-12 13:00:00,1195.7716818877793,1137.14496,439.86908800000003
forecast_5366,2025-08-12 14:00:00,1172.331222661171,1217.2649764776993,428.99664000000007
forecast_5367,2025-08-12 15:00:00,1188.4728690618515,1196.8857980041123,430.82629470216756
forecast_5368,2025-08-12 16:00:00,1322.8783828800204,1550.775359610176,550.1664882989121
forecast_5369,2025-08-12 17:00:00,1296.672451042328,1459.3340778709032,564.7415584032631
forecast_5370,2025-08-12 18:00:00,1624.0098907691192,1605.0543322488022,684.3404226765633
forecast_5371,2025-08-12 19:00:00,1908.6552293412399,1846.2473863591767,854.7369953558923
forecast_5372,2025-08-12 20:00:00,1869.5527924981309,1779.4156,847.9914619085885
forecast_5373,2025-08-12 21:00:00,1953.9764990254594,1905.3078419870378,948.635103980999
forecast_5374,2025-08-12 22:00:00,2813.9640777734376,3026.343909877014,1463.7009559929086
forecast_5375,2025-08-12 23:00:00,2561.6563977138517,2711.963457558937,1095.4123624967383
forecast_5376,2025-08-13 00:00:00,3477.7993249048614,4077.3424945440674,1724.9887725577737
forecast_5377,2025-08-13 01:00:00,2708.5604770803457,2725.950460803337,1071.8433060334587
forecast_5378,2025-08-13 02:00:00,3330.220561295853,3412.8543828965758,1363.8451232100867
forecast_5379,2025-08-13 03:00:00,3653.4179750151825,3786.515468949128,1708.0226396940805
forecast_5380,2025-08-13 04:00:00,3179.4217917025762,3720.3853825723654,1451.5987123347284
forecast_5381,2025-08-13 05:00:00,2666.792045206261,3577.147051085663,1281.0379008125497
forecast_5382,2025-08-13 06:00:00,4409.761426475983,4792.193127812652,1835.3875437970164
forecast_5383,2025-08-13 07:00:00,4947.752646962281,6124.555016145325,2367.1640709996796
forecast_5384,2025-08-13 08:00:00,5566.4238579698185,7641.372178756714,3443.0605699240114
forecast_5385,2025-08-13 09:00:00,6678.886048371278,9362.968226000976,5302.835096735383
forecast_5386,2025-08-13 10:00:00,7919.010959574891,10307.578499449159,6427.4483334411625
forecast_5387,2025-08-13 11:00:00,7432.269185340881,10240.122773457337,6141.014718214265
forecast_5388,2025-08-13 12:00:00,6125.489373381042,8332.349495077515,4931.850173559951
forecast_5389,2025-08-13 13:00:00,5546.997105876922,7708.849049739075,4157.480033172607
forecast_5390,2025-08-13 14:00:00,5795.620804562379,8869.12526239624,5552.251754675674
forecast_5391,2025-08-13 15:00:00,6522.682889161682,9114.251835020448,6390.391559062653
forecast_5392,2025-08-13 16:00:00,7127.518725787049,9578.330950367737,7540.241780322648
forecast_5393,2025-08-13 17:00:00,7267.817679286041,10467.281044029236,7763.4068267013545
forecast_5394,2025-08-13 18:00:00,7341.843652634889,11102.54649658966,8137.065683569336
forecast_5395,2025-08-13 19:00:00,9255.905031611634,12908.827697329712,10111.069136981965
forecast_5396,2025-08-13 20:00:00,12585.123751365662,14855.782241659546,12969.9149740551
forecast_5397,2025-08-13 21:00:00,14706.860795202638,17210.748972879028,15390.217583569336
forecast_5398,2025-08-13 22:00:00,16470.606691345216,18479.20089940491,16393.490377508548
forecast_5399,2025-08-13 23:00:00,16499.68386509094,18835.9887134552,16659.15066580048
forecast_5400,2025-08-14 00:00:00,16480.785419226075,18801.580323217775,16243.93478468628
forecast_5401,2025-08-14 01:00:00,16841.23832464905,18895.695187408448,16184.829669917299
forecast_5402,2025-08-14 02:00:00,16931.756436465454,19093.168496682738,17004.65929601364
forecast_5403,2025-08-14 03:00:00,17116.614764364625,18918.93652866211,16394.09000426025
forecast_5404,2025-08-14 04:00:00,15912.089153009034,17792.449567562864,15717.203096797944
forecast_5405,2025-08-14 05:00:00,13917.408674597169,15669.886715872193,13422.806674983216
forecast_5406,2025-08-14 06:00:00,14249.771617361452,16163.746249765016,13688.666724560548
forecast_5407,2025-08-14 07:00:00,13263.120102392579,15286.26379607544,13068.33053347931
forecast_5408,2025-08-14 08:00:00,13178.078429647829,14731.64498052063,12984.236137757112
forecast_5409,2025-08-14 09:00:00,13699.517100784302,15376.428083880615,13042.24945403824
forecast_5410,2025-08-14 10:00:00,13043.508151808168,14460.65880800476,12262.58095802269
forecast_5411,2025-08-14 11:00:00,11052.242049523926,12363.940248849489,9965.401909752274
forecast_5412,2025-08-14 12:00:00,9130.435596861267,10668.424444181825,8938.94094452286
forecast_5413,2025-08-14 13:00:00,8548.795707673646,10654.886591812136,8290.934606803132
forecast_5414,2025-08-14 14:00:00,8653.075517343139,10904.660246409607,9098.964697268297
forecast_5415,2025-08-14 15:00:00,8720.94125279236,10652.632497683717,9079.62724043541
forecast_5416,2025-08-14 16:00:00,11520.911461831665,13725.381621249391,10743.592403636552
forecast_5417,2025-08-14 17:00:00,12240.583235159304,14235.561254150392,11821.388117160035
forecast_5418,2025-08-14 18:00:00,12222.10898287964,14025.238961587525,11105.274556832886
forecast_5419,2025-08-14 19:00:00,11368.865214587402,13457.695834786988,10587.752741710663
forecast_5420,2025-08-14 20:00:00,12606.092549865723,14153.677968981934,11067.563104224397
forecast_5421,2025-08-14 21:00:00,13340.672029248048,14992.93434543457,12251.274257915496
forecast_5422,2025-08-14 22:00:00,13779.96516372986,15223.048278317263,11901.514219238663
forecast_5423,2025-08-14 23:00:00,13949.781656576539,14791.406944952394,11764.307371874618
forecast_5424,2025-08-15 00:00:00,13565.307122595215,14604.487639022827,10852.690505210496
forecast_5425,2025-08-15 01:00:00,13442.486545547486,14006.383146047974,10170.861031796647
forecast_5426,2025-08-15 02:00:00,12633.588849276734,13417.413063839722,9539.106419301224
forecast_5427,2025-08-15 03:00:00,12191.832252427674,12525.54790118866,9080.051618301391
forecast_5428,2025-08-15 04:00:00,11362.113738206483,11114.669184767152,7797.3515707405095
forecast_5429,2025-08-15 05:00:00,9878.683484719848,9843.49434038086,6459.43294375763
forecast_5430,2025-08-15 06:00:00,8826.413729034424,8380.487301220703,5596.627936659241
forecast_5431,2025-08-15 07:00:00,7103.93648144989,6525.827053822937,4127.098487252045
forecast_5432,2025-08-15 08:00:00,4893.101972108155,4664.502350153351,2226.810477732563
forecast_5433,2025-08-15 09:00:00,2520.535717089691,2230.310306942444,984.7391849244957
forecast_5434,2025-08-15 10:00:00,1896.2759904018403,1731.852661123047,751.9162682088661
forecast_5435,2025-08-15 11:00:00,1428.582037142906,1537.9822611748887,518.6104043284951
forecast_5436,2025-08-15 12:00:00,1462.1516784740832,1538.6756549615097,519.658922174179
forecast_5437,2025-08-15 13:00:00,1588.9582758754732,1681.3606749542237,651.9306850494652
forecast_5438,2025-08-15 14:00:00,1747.9965820667267,1703.034663199463,620.2536937655716
forecast_5439,2025-08-15 15:00:00,1986.0951109313967,1937.708821676178,907.6475624260712
forecast_5440,2025-08-15 16:00:00,1867.17016869545,1856.9312048788452,716.757664283207
forecast_5441,2025-08-15 17:00:00,1645.4092843782046,1768.9254079116822,604.6597041950226
forecast_5442,2025-08-15 18:00:00,1616.198808993988,1677.5425546006775,717.4333527554513
forecast_5443,2025-08-15 19:00:00,1662.3600153124237,1719.332858949585,775.3686740864755
forecast_5444,2025-08-15 20:00:00,2648.2104509033206,2828.72929532959,1162.6485817708017
forecast_5445,2025-08-15 21:00:00,3422.1508555155947,4026.9168934074405,1959.8503926861383
forecast_5446,2025-08-15 22:00:00,4687.078105556793,4993.246866146241,2217.4938393300627
forecast_5447,2025-08-15 23:00:00,6145.814377180329,6289.432245572815,3414.041259547806
forecast_5448,2025-08-16 00:00:00,7801.466526193238,8528.302459443665,5234.769660260086
forecast_5449,2025-08-16 01:00:00,10281.118718203736,11050.243429080201,7721.680574810639
forecast_5450,2025-08-16 02:00:00,11719.835327482606,12697.594759692383,8688.42230459976
forecast_5451,2025-08-16 03:00:00,11737.814318553163,13260.358612228394,9080.17362907753
forecast_5452,2025-08-16 04:00:00,11105.856290068054,12824.912300006104,8847.468895238497
forecast_5453,2025-08-16 05:00:00,10851.665110507201,12927.027217547608,8354.284597992708
forecast_5454,2025-08-16 06:00:00,10918.350578250122,12723.996422732545,8652.547834875108
forecast_5455,2025-08-16 07:00:00,10231.175792889406,11231.811909892274,6600.538898655701
forecast_5456,2025-08-16 08:00:00,8228.698080342103,8248.383042866517,4760.36132087532
forecast_5457,2025-08-16 09:00:00,7177.748941226197,7473.2893916870125,3708.451315245438
forecast_5458,2025-08-16 10:00:00,5626.594218492127,5820.9841927116395,2967.4472260099224
forecast_5459,2025-08-16 11:00:00,5875.6619840850835,5955.592089808655,3461.851030012417
forecast_5460,2025-08-16 12:00:00,5853.199647202302,6088.724268213196,3849.018810805264
forecast_5461,2025-08-16 13:00:00,6509.651431442871,6401.451957515259,4729.290746545639
forecast_5462,2025-08-16 14:00:00,8360.081768865966,8559.371475244141,6908.824013397599
forecast_5463,2025-08-16 15:00:00,8749.562419392396,8405.272974856569,7117.633409280548
forecast_5464,2025-08-16 16:00:00,9016.087943788147,8507.31237444458,7534.547677169419
forecast_5465,2025-08-16 17:00:00,9214.138353723145,8576.913143333435,7673.95733203888
forecast_5466,2025-08-16 18:00:00,11025.102557110597,10671.482044909668,9277.809876871872
forecast_5467,2025-08-16 19:00:00,11101.941587747193,10834.237621685792,9687.504688080979
forecast_5468,2025-08-16 20:00:00,12924.194106396484,13546.30540824585,10623.059249687196
forecast_5469,2025-08-16 21:00:00,15260.40762180481,15351.327746322633,13225.516343691255
forecast_5470,2025-08-16 22:00:00,16652.59878326721,16716.03652784729,15388.189172151186
forecast_5471,2025-08-16 23:00:00,17218.00331465149,17229.56932544861,15569.815168484498
forecast_5472,2025-08-17 00:00:00,18094.656347955322,17722.83840938416,15488.711197233582
forecast_5473,2025-08-17 01:00:00,17644.35890890503,17457.389090679935,15630.850575206758
forecast_5474,2025-08-17 02:00:00,18261.51721515808,17745.732233581544,15617.931244274141
forecast_5475,2025-08-17 03:00:00,17663.93528330078,17617.47758388367,15529.600058228301
forecast_5476,2025-08-17 04:00:00,18256.164210781862,18204.719291625974,15855.627660833741
forecast_5477,2025-08-17 05:00:00,18375.76933136597,18300.877825061034,15817.202268225097
forecast_5478,2025-08-17 06:00:00,18315.463429718016,18113.455600546265,15721.118086780549
forecast_5479,2025-08-17 07:00:00,16848.646340628053,17263.71398432007,13578.440342266847
forecast_5480,2025-08-17 08:00:00,16006.007509979248,17193.76915298767,13450.747931279755
forecast_5481,2025-08-17 09:00:00,12838.738888977052,14384.36742255249,11243.389149204255
forecast_5482,2025-08-17 10:00:00,9272.311584117127,10740.545597900391,7713.8547430976105
forecast_5483,2025-08-17 11:00:00,6872.875392189027,7809.46469227417,5074.361088107224
forecast_5484,2025-08-17 12:00:00,4951.027462397767,5125.398612686463,2613.823728746109
forecast_5485,2025-08-17 13:00:00,4303.78013082695,4086.229263840485,2270.610288715496
forecast_5486,2025-08-17 14:00:00,4380.49181133667,4040.535673415375,2342.3082711705592
forecast_5487,2025-08-17 15:00:00,4832.516404129944,5069.328591844178,2891.5884385662653
forecast_5488,2025-08-17 16:00:00,4633.663553692475,4568.526316210175,2701.202336309586
forecast_5489,2025-08-17 17:00:00,4652.051791134796,4298.809473080444,2276.9677926676177
forecast_5490,2025-08-17 18:00:00,4429.535071085358,4105.292253802643,2268.353174548569
forecast_5491,2025-08-17 19:00:00,5466.473747403107,5508.9136082547,3128.7659001930238
forecast_5492,2025-08-17 20:00:00,5249.718454761505,5340.612554146576,2898.746916344433
forecast_5493,2025-08-17 21:00:00,6468.773926647187,7137.227364797363,4165.103373976975
forecast_5494,2025-08-17 22:00:00,6406.918005890656,6386.858979288026,3375.7912510130313
forecast_5495,2025-08-17 23:00:00,4999.3138937866215,4956.678143486023,2952.6814656853676
forecast_5496,2025-08-18 00:00:00,6019.842921113587,6181.355797799988,3125.9277859704594
forecast_5497,2025-08-18 01:00:00,8944.579300956728,9008.222378228758,6212.132688837357
forecast_5498,2025-08-18 02:00:00,8283.07460884552,8613.37059566498,5802.991831932449
forecast_5499,2025-08-18 03:00:00,8824.229659609986,9377.496097775267,6192.2231947014625
forecast_5500,2025-08-18 04:00:00,8368.961362019349,8534.399849891663,4849.015981834412
forecast_5501,2025-08-18 05:00:00,8946.19682844391,9883.26035147705,6391.066280298615
forecast_5502,2025-08-18 06:00:00,9865.596598086548,10621.79039990387,7014.039378493042
forecast_5503,2025-08-18 07:00:00,10138.119392893981,10303.481942274475,7146.322901007156
forecast_5504,2025-08-18 08:00:00,9425.600687895203,10107.069198605348,7018.172727127076
forecast_5505,2025-08-18 09:00:00,8223.705484745788,8623.538631756594,5362.958429044724
forecast_5506,2025-08-18 10:00:00,6083.32634814148,6653.790240515137,3678.5757268257144
forecast_5507,2025-08-18 11:00:00,7068.08248564499,7744.3934728927625,4772.506221672058
forecast_5508,2025-08-18 12:00:00,6366.335851376496,6338.661738981628,4170.203475181961
forecast_5509,2025-08-18 13:00:00,4762.183901269073,5039.645070846558,3258.9989372243504
forecast_5510,2025-08-18 14:00:00,5616.521768379059,5279.831756273498,3456.782740634766
forecast_5511,2025-08-18 15:00:00,5659.869576689148,5782.056097180481,5131.753204817429
forecast_5512,2025-08-18 16:00:00,5661.228921268464,5545.376549742737,3756.718980980835
forecast_5513,2025-08-18 17:00:00,5551.346774895478,5723.301055398865,3472.469411900959
forecast_5514,2025-08-18 18:00:00,7254.383509362793,7559.718222999573,5996.462573699188
forecast_5515,2025-08-18 19:00:00,8882.314536422731,9441.356921032715,8046.567915874863
forecast_5516,2025-08-18 20:00:00,10603.988536701965,10978.84307002411,9081.538249376297
forecast_5517,2025-08-18 21:00:00,11486.956854797363,12545.845253753663,9217.798694932557
forecast_5518,2025-08-18 22:00:00,13020.026956011963,14027.335949218752,10258.876435212327
forecast_5519,2025-08-18 23:00:00,13683.012395742799,14957.911790527345,11277.094157922746
forecast_5520,2025-08-19 00:00:00,14316.806568429565,15201.566983807374,12752.056091962053
forecast_5521,2025-08-19 01:00:00,15115.548142031861,16337.50401192932,13381.958130010224
forecast_5522,2025-08-19 02:00:00,15590.840846478271,16935.27761264038,14165.659853107454
forecast_5523,2025-08-19 03:00:00,15588.778668988038,16534.073203619388,13694.137230036926
forecast_5524,2025-08-19 04:00:00,14566.937398413087,15960.89182388306,13767.88560667267
forecast_5525,2025-08-19 05:00:00,14686.057194515992,16067.491771084595,13332.165657326508
forecast_5526,2025-08-19 06:00:00,14860.166081378175,16497.44708000488,13652.537203484346
forecast_5527,2025-08-19 07:00:00,14636.843772009277,16472.008874481202,13062.351398134613
forecast_5528,2025-08-19 08:00:00,15627.464608630371,16686.889894232176,13572.632608771515
forecast_5529,2025-08-19 09:00:00,15722.597168118285,16673.455656161503,13428.296640325165
forecast_5530,2025-08-19 10:00:00,12840.413753479004,13961.213081393435,10979.576282990647
forecast_5531,2025-08-19 11:00:00,11730.08374898987,12484.30604552002,9545.042223041153
forecast_5532,2025-08-19 12:00:00,12002.537869442749,12277.247848229981,10061.318224580384
forecast_5533,2025-08-19 13:00:00,10552.885004856873,10453.92166346283,8887.932446791841
forecast_5534,2025-08-19 14:00:00,9904.315507540894,10322.2607613266,8493.50839932518
forecast_5535,2025-08-19 15:00:00,10366.159821206666,9967.107960020447,8615.016930073167
forecast_5536,2025-08-19 16:00:00,10386.020004037475,10602.872404057312,8888.738906713486
forecast_5537,2025-08-19 17:00:00,10663.8424238266,10765.222268145753,8895.89329430275
forecast_5538,2025-08-19 18:00:00,11724.033575854493,11118.658516416932,9370.684456113053
forecast_5539,2025-08-19 19:00:00,12166.310304916384,12645.170957434082,10292.90889474678
forecast_5540,2025-08-19 20:00:00,13591.7100871521,14143.207522583009,11836.343523513793
forecast_5541,2025-08-19 21:00:00,14533.970750186158,15320.511100521851,13173.312076322174
forecast_5542,2025-08-19 22:00:00,15187.186085314941,16199.58934362793,14407.716978694152
forecast_5543,2025-08-19 23:00:00,16978.584710473635,18009.944468582155,15352.314150582124
forecast_5544,2025-08-20 00:00:00,17335.680218960573,18469.400010006713,16274.223912476351
forecast_5545,2025-08-20 01:00:00,16674.160793670657,17979.951290826415,15539.361890952301
forecast_5546,2025-08-20 02:00:00,17223.135683364868,18329.487928759765,15731.910359131623
forecast_5547,2025-08-20 03:00:00,17550.59109485474,18586.75417424011,15846.36266799698
forecast_5548,2025-08-20 04:00:00,17568.376550955203,18642.63191950073,15791.225220641327
forecast_5549,2025-08-20 05:00:00,17373.628743957517,18115.357985198978,15512.754476822663
forecast_5550,2025-08-20 06:00:00,16967.674091427616,17735.53981824036,15046.47871153946
forecast_5551,2025-08-20 07:00:00,15675.206726354982,16428.805568374635,13691.44597244568
forecast_5552,2025-08-20 08:00:00,13664.213753890992,15255.376375860596,11945.48571414261
forecast_5553,2025-08-20 09:00:00,11872.041825247192,13226.48890610962,9550.32885930748
forecast_5554,2025-08-20 10:00:00,9765.926824775697,10483.499664320374,7284.283451813508
forecast_5555,2025-08-20 11:00:00,7770.40426158905,7388.692509391785,5005.773744334793
forecast_5556,2025-08-20 12:00:00,6401.78483285904,5703.097567705536,2976.9027224377255
forecast_5557,2025-08-20 13:00:00,4499.00877160263,4532.38881702591,2308.3296814893915
forecast_5558,2025-08-20 14:00:00,3990.182287594986,4036.5916478601075,2032.2542590473747
forecast_5559,2025-08-20 15:00:00,4519.104280744172,4482.1580527771,2346.512715017033
forecast_5560,2025-08-20 16:00:00,5145.7221196752935,4774.234398168182,2954.1017880277827
forecast_5561,2025-08-20 17:00:00,4922.537888394928,4803.7090833546445,3278.1372584342957
forecast_5562,2025-08-20 18:00:00,4160.8574595542905,4378.093039785004,2370.4046452998355
forecast_5563,2025-08-20 19:00:00,4790.828044198151,5140.470031550598,3083.8157337478638
forecast_5564,2025-08-20 20:00:00,6240.560174806214,6908.515663237305,3857.9131816419986
forecast_5565,2025-08-20 21:00:00,6595.166006040955,7585.491253035583,3757.7153448931126
forecast_5566,2025-08-20 22:00:00,7946.895744210815,8868.426827935793,5716.016737120666
forecast_5567,2025-08-20 23:00:00,10535.849367773437,11936.668066049195,8528.915340129472
forecast_5568,2025-08-21 00:00:00,12068.55403537903,13253.475883674622,9898.42411671486
forecast_5569,2025-08-21 01:00:00,11231.634541960144,12352.4791043396,9025.521850362398
forecast_5570,2025-08-21 02:00:00,13847.670660229493,14738.137533682253,10368.149383556747
forecast_5571,2025-08-21 03:00:00,14469.665321051027,14890.962912786867,10860.768424813461
forecast_5572,2025-08-21 04:00:00,14317.175948385622,15035.100327032473,11109.106572846604
forecast_5573,2025-08-21 05:00:00,13264.640387121583,13506.070671203614,9532.81764098549
forecast_5574,2025-08-21 06:00:00,11593.750110021974,11271.29856914673,7399.004922744752
forecast_5575,2025-08-21 07:00:00,7841.968880225372,7122.092097428895,4562.8798337543485
forecast_5576,2025-08-21 08:00:00,4514.875219676972,4597.651424215545,2031.821485107975
forecast_5577,2025-08-21 09:00:00,2893.00008290062,2681.812491546478,1108.1111022586251
forecast_5578,2025-08-21 10:00:00,2113.504207115364,2102.680111629753,955.056786772194
forecast_5579,2025-08-21 11:00:00,1852.982640223923,2004.4684086696245,827.8740494496346
forecast_5580,2025-08-21 12:00:00,1223.2447830350495,1388.4088085508347,488.4778103160591
forecast_5581,2025-08-21 13:00:00,1058.416943880024,1128.797501851082,315.27176000000003
forecast_5582,2025-08-21 14:00:00,988.2791332358552,1097.8370723174667,293.67343999999997
forecast_5583,2025-08-21 15:00:00,999.7224047203827,1125.42315058239,320.614576
forecast_5584,2025-08-21 16:00:00,1040.0257403381347,1164.4233805613326,320.614576
forecast_5585,2025-08-21 17:00:00,1020.858575008564,1194.1964742617417,336.33829895277404
forecast_5586,2025-08-21 18:00:00,1072.2065886653709,1187.40375137043,363.4914752424011
forecast_5587,2025-08-21 19:00:00,1166.7060580051805,1224.190250649681,470.14276552321627
forecast_5588,2025-08-21 20:00:00,1265.72033529171,1341.2586679403305,549.0319528154373
forecast_5589,2025-08-21 21:00:00,1492.9990379281999,1633.6228466933062,703.6018232371331
forecast_5590,2025-08-21 22:00:00,2355.713970749817,2657.997131955719,1158.964583138218
forecast_5591,2025-08-21 23:00:00,2728.254607002182,2960.886123022461,1281.9348390014077
forecast_5592,2025-08-22 00:00:00,2918.133442660752,3001.121667185059,1321.6310108419227
forecast_5593,2025-08-22 01:00:00,2624.3637088157657,2448.9562671600725,1066.1260285717774
forecast_5594,2025-08-22 02:00:00,3180.4453605609897,2815.956876975403,1217.1517667201424
forecast_5595,2025-08-22 03:00:00,4047.8049659727476,3832.0200652981566,1946.9349406217004
forecast_5596,2025-08-22 04:00:00,5780.983129155731,6195.813084971924,3160.769762535706
forecast_5597,2025-08-22 05:00:00,7480.613852292634,7722.091016760255,5045.842103481369
forecast_5598,2025-08-22 06:00:00,9758.535392703247,10055.417813998412,7397.929529905243
forecast_5599,2025-08-22 07:00:00,10433.62894663849,10680.509190115356,7586.122598014069
forecast_5600,2025-08-22 08:00:00,8636.774306196596,9092.804721633911,5136.294939955903
forecast_5601,2025-08-22 09:00:00,6822.219075705414,7131.3234162109375,3357.4312112851717
forecast_5602,2025-08-22 10:00:00,4586.314228420639,3985.9590895942692,1782.7310305080225
forecast_5603,2025-08-22 11:00:00,3352.6054371349337,2869.458420746613,1407.0893317925072
forecast_5604,2025-08-22 12:00:00,2596.785456791916,2384.6700158052445,1084.6795926908303
forecast_5605,2025-08-22 13:00:00,2553.72877678093,2438.9178543182757,1154.1591954008675
forecast_5606,2025-08-22 14:00:00,2978.2342952507024,2826.096678670044,1524.5874469839669
forecast_5607,2025-08-22 15:00:00,3327.4752314041143,3167.514422839813,1900.7318857035257
forecast_5608,2025-08-22 16:00:00,3892.6917259487914,3447.384240971222,2131.891718605633
forecast_5609,2025-08-22 17:00:00,4771.972237750397,4175.3991445866395,2986.4087320490266
forecast_5610,2025-08-22 18:00:00,5066.932967248993,4631.60935428009,2879.999983581925
forecast_5611,2025-08-22 19:00:00,7636.030008396148,7085.4567335800175,5196.853066279221
forecast_5612,2025-08-22 20:00:00,10156.327951124573,9496.541343455505,7286.786965211487
forecast_5613,2025-08-22 21:00:00,12538.751305671693,12516.963051130677,9466.658710692976
forecast_5614,2025-08-22 22:00:00,14469.036256234742,14092.646042556764,10216.65914747658
forecast_5615,2025-08-22 23:00:00,15530.027490881348,15424.843782165528,11925.763807956695
forecast_5616,2025-08-23 00:00:00,15755.531077648928,15522.32565598755,12257.526970830537
forecast_5617,2025-08-23 01:00:00,14843.470818063355,14798.997757192994,11356.843451135635
forecast_5618,2025-08-23 02:00:00,15148.529501065064,14866.480408328249,11378.391261778641
forecast_5619,2025-08-23 03:00:00,14645.052966326904,14349.021842797853,10243.064551396561
forecast_5620,2025-08-23 04:00:00,13806.451969554138,13708.248152694703,9983.696790239335
forecast_5621,2025-08-23 05:00:00,12782.404643371583,12863.742768664551,8830.943819724274
forecast_5622,2025-08-23 06:00:00,11149.699906036378,10552.965128607178,7107.78875580864
forecast_5623,2025-08-23 07:00:00,8142.54901352005,7436.506548651734,4192.908936350555
forecast_5624,2025-08-23 08:00:00,5064.051549156189,4209.116834718323,1932.6623345071603
forecast_5625,2025-08-23 09:00:00,2981.342486936798,2518.3942373847963,1134.0989442539026
forecast_5626,2025-08-23 10:00:00,1421.3019311065675,1384.4715160652543,655.1954638207436
forecast_5627,2025-08-23 11:00:00,1137.7081503549575,1219.3519881351854,395.3358484042931
forecast_5628,2025-08-23 12:00:00,1087.3454672241974,1179.694958185234,320.614576
forecast_5629,2025-08-23 13:00:00,1048.927017256317,1184.3726770505905,307.750904
forecast_5630,2025-08-23 14:00:00,1074.1550581970216,1164.7211887108992,307.750904
forecast_5631,2025-08-23 15:00:00,1114.8262340998458,1158.9737639606858,304.27976
forecast_5632,2025-08-23 16:00:00,1240.4009611362458,1267.2238406002427,352.19830814619445
forecast_5633,2025-08-23 17:00:00,1396.9755211413003,1507.7326397911454,757.2241466486931
forecast_5634,2025-08-23 18:00:00,1791.655258459549,1877.077856077118,518.4028004751931
forecast_5635,2025-08-23 19:00:00,1821.4260279402542,1963.0680375898364,665.1952147249107
forecast_5636,2025-08-23 20:00:00,2076.8324203044895,2152.507203928947,876.5806301509476
forecast_5637,2025-08-23 21:00:00,3153.28284486351,2929.9807038923263,1215.854264173851
forecast_5638,2025-08-23 22:00:00,3862.262203608399,3446.656539871063,1421.0280096468164
forecast_5639,2025-08-23 23:00:00,3882.9504732395176,3742.1364093101506,1739.4083500816537
forecast_5640,2025-08-24 00:00:00,3509.3395769247436,3328.9553146148683,1496.203632578602
forecast_5641,2025-08-24 01:00:00,2675.526987326813,2677.3693104267886,888.4038954943849
forecast_5642,2025-08-24 02:00:00,2311.9915027851107,2305.2059277560425,830.8298167441063
forecast_5643,2025-08-24 03:00:00,2322.719315150795,2270.394330382538,845.594570669487
forecast_5644,2025-08-24 04:00:00,1877.3407675196459,1854.6699390327835,801.007246207142
forecast_5645,2025-08-24 05:00:00,1550.6098609476091,1686.4225222603227,769.8749154375726
forecast_5646,2025-08-24 06:00:00,1561.9034419118118,1691.006791446724,664.5432065195274
forecast_5647,2025-08-24 07:00:00,1471.0603367290496,1548.2777892318345,602.9148399757577
forecast_5648,2025-08-24 08:00:00,1330.4724553087615,1522.2798702488328,540.4657463364983
forecast_5649,2025-08-24 09:00:00,1221.5663001274872,1411.8415385769274,459.75937005926136
forecast_5650,2025-08-24 10:00:00,1150.438787897644,1272.8688621653366,498.4407467578888
forecast_5651,2025-08-24 11:00:00,1131.8167863198853,1371.0087090831375,357.00858946445084
forecast_5652,2025-08-24 12:00:00,1211.9477836464694,1411.6636167352679,458.91073027601243
forecast_5653,2025-08-24 13:00:00,1326.9888964302063,1429.8183014064025,433.93976000000004
forecast_5654,2025-08-24 14:00:00,1346.9369961936952,1535.8498871261597,474.24357821145634
forecast_5655,2025-08-24 15:00:00,1609.5337500822068,1738.80050301178,479.42711688762665
forecast_5656,2025-08-24 16:00:00,1897.2799394199371,2135.981548529625,909.3392895903016
forecast_5657,2025-08-24 17:00:00,2271.3356280080416,2243.9237576647947,1154.636894576397
forecast_5658,2025-08-24 18:00:00,2048.6901974313737,2221.132610911255,918.3147231034203
forecast_5659,2025-08-24 19:00:00,2141.7208880587004,2127.404215936089,1000.5493711001702
forecast_5660,2025-08-24 20:00:00,2566.932886361084,2574.0039576368713,992.8702806798744
forecast_5661,2025-08-24 21:00:00,2967.155218803902,2806.595032123299,1071.8584387792398
forecast_5662,2025-08-24 22:00:00,2612.4035228157804,2648.1454931642534,1059.9024577077103
forecast_5663,2025-08-24 23:00:00,2382.2369424684143,2347.418620324211,900.5655396695901
forecast_5664,2025-08-25 00:00:00,2053.4744692896275,2196.12505794323,823.0089877692795
forecast_5665,2025-08-25 01:00:00,2421.460064772949,2482.5446985720823,930.440836004982
forecast_5666,2025-08-25 02:00:00,2569.7165195228195,2642.9259524328613,1055.996016390152
forecast_5667,2025-08-25 03:00:00,3278.4009274505615,3238.147238847199,1373.6931921862222
forecast_5668,2025-08-25 04:00:00,3158.2963226383213,3099.5002556155396,1309.0975114871026
forecast_5669,2025-08-25 05:00:00,3312.8675765813446,3111.4529773010254,1400.0755093173027
forecast_5670,2025-08-25 06:00:00,3972.98236972435,3768.443634667206,1595.7504111527824
forecast_5671,2025-08-25 07:00:00,3789.522855041809,3627.383371846314,1419.5752084255791
forecast_5672,2025-08-25 08:00:00,2576.040142450905,2637.8167562263493,1004.589509749527
forecast_5673,2025-08-25 09:00:00,2102.851202853928,2162.880116564789,878.657891455803
forecast_5674,2025-08-25 10:00:00,1835.6754642236328,1938.9460904263306,845.2106625861169
forecast_5675,2025-08-25 11:00:00,2078.35943132225,2394.563814007416,929.7724188202096
forecast_5676,2025-08-25 12:00:00,2192.3705131019597,2572.8606356094365,1077.2380054460336
forecast_5677,2025-08-25 13:00:00,2207.0503743658446,2277.1444598579787,1037.591472080517
forecast_5678,2025-08-25 14:00:00,2321.3805002305603,2820.855547142029,1281.192139714146
forecast_5679,2025-08-25 15:00:00,2768.899944459572,2982.333424756508,1538.0383246005822
forecast_5680,2025-08-25 16:00:00,3099.6301392383575,3093.083256944428,1528.5823103925895
forecast_5681,2025-08-25 17:00:00,3020.1429363523484,3340.0418280516055,1612.4002643820763
forecast_5682,2025-08-25 18:00:00,4222.719583461761,4296.376256190033,2290.5830868815615
forecast_5683,2025-08-25 19:00:00,6037.860540701599,6085.566891629182,4146.595091204834
forecast_5684,2025-08-25 20:00:00,8446.77944401703,9342.44852142334,7266.19166753975
forecast_5685,2025-08-25 21:00:00,10261.453840486145,11933.145610084533,9007.710775983047
forecast_5686,2025-08-25 22:00:00,12107.339751693726,13568.464223568726,10074.355016580583
forecast_5687,2025-08-25 23:00:00,13160.399744561768,14832.981049575807,11895.130449540711
forecast_5688,2025-08-26 00:00:00,13570.458493658449,15213.569745187378,12857.75451697922
forecast_5689,2025-08-26 01:00:00,13501.873222756958,15752.759429992677,13028.371240020751
forecast_5690,2025-08-26 02:00:00,13414.258109085084,16311.355091748046,13184.476331764221
forecast_5691,2025-08-26 03:00:00,13272.768541528321,16333.976006167604,13269.637895671845
forecast_5692,2025-08-26 04:00:00,13540.19400985718,16575.986959899907,13709.054414801027
forecast_5693,2025-08-26 05:00:00,14188.644465490725,17043.403671640015,14700.505443070222
forecast_5694,2025-08-26 06:00:00,14060.564644271852,16891.899479348755,14457.991493051148
forecast_5695,2025-08-26 07:00:00,13400.40219873047,16455.178813360595,13643.243854445649
forecast_5696,2025-08-26 08:00:00,12443.720273849489,15567.499514831543,12556.20731573105
forecast_5697,2025-08-26 09:00:00,13606.965486813355,16351.424630361938,14188.623761800385
forecast_5698,2025-08-26 10:00:00,11795.118608033754,14582.385683529663,12586.791510699844
forecast_5699,2025-08-26 11:00:00,11521.420333370972,14554.072315924073,12313.016259140397
forecast_5700,2025-08-26 12:00:00,10347.713525740051,13223.316859432984,10270.034170375824
forecast_5701,2025-08-26 13:00:00,12272.992596003724,14636.746089071656,12241.476325865937
forecast_5702,2025-08-26 14:00:00,12670.221741200257,15048.912109042358,12702.469861074831
forecast_5703,2025-08-26 15:00:00,12630.259207926942,15061.475032009888,12787.643001185228
forecast_5704,2025-08-26 16:00:00,10991.768890533449,13546.291437088013,10979.769703292846
forecast_5705,2025-08-26 17:00:00,11354.656232203675,13119.308255715943,10598.759984405899
forecast_5706,2025-08-26 18:00:00,11119.812871452332,12614.71293300171,9655.227211502075
forecast_5707,2025-08-26 19:00:00,10853.108991227722,12353.962383938599,9405.915331386948
forecast_5708,2025-08-26 20:00:00,9600.129480978394,11113.395198104858,8325.816643703842
forecast_5709,2025-08-26 21:00:00,10101.963971594238,11171.531400711061,8507.530973614503
forecast_5710,2025-08-26 22:00:00,11610.546474777222,12991.261680343629,9328.08507176552
forecast_5711,2025-08-26 23:00:00,11372.151374751282,12697.874655648804,8621.722802554323
forecast_5712,2025-08-27 00:00:00,10135.510194158936,11122.323798991394,7290.79788872696
forecast_5713,2025-08-27 01:00:00,10629.866917248535,11536.491114379884,7707.146223645402
forecast_5714,2025-08-27 02:00:00,9089.526156462098,8533.428950750731,5756.529843265763
forecast_5715,2025-08-27 03:00:00,5484.7171766654965,5194.790287217103,3162.5563957885743
forecast_5716,2025-08-27 04:00:00,3495.2371902421573,3298.499673339386,1586.618579123707
forecast_5717,2025-08-27 05:00:00,2304.9879302440645,2334.0104742355347,970.5946800809288
forecast_5718,2025-08-27 06:00:00,1959.852451520386,2006.181006574707,820.9865451583214
forecast_5719,2025-08-27 07:00:00,1531.7937469787216,1642.4423337971498,586.7311799860573
forecast_5720,2025-08-27 08:00:00,1395.8765040829087,1587.433463439331,493.34873732271575
forecast_5721,2025-08-27 09:00:00,998.6358399999999,1237.4293680026628,418.6424
forecast_5722,2025-08-27 10:00:00,985.8023911957264,1101.30186008255,331.60656
forecast_5723,2025-08-27 11:00:00,1026.6843800174904,1101.7364566692354,320.614576
forecast_5724,2025-08-27 12:00:00,1102.8788000000002,1241.5844,428.99664000000007
forecast_5725,2025-08-27 13:00:00,1155.89504,1395.2512000000002,591.4318400000001
forecast_5726,2025-08-27 14:00:00,1188.41536,1429.9194252082061,659.1138975524331
forecast_5727,2025-08-27 15:00:00,1308.2359123135996,1464.85976,643.640672
forecast_5728,2025-08-27 16:00:00,1314.0468931676485,1612.8852210443497,698.0180169760781
forecast_5729,2025-08-27 17:00:00,1431.1291867948914,1637.8770448292162,701.9096
forecast_5730,2025-08-27 18:00:00,1454.587566879654,1585.083979888344,500.5654400000001
forecast_5731,2025-08-27 19:00:00,1703.9438827389527,1720.259085285225,508.86768000000006
forecast_5732,2025-08-27 20:00:00,1963.0832070988465,1943.8784388746262,506.60640000000006
forecast_5733,2025-08-27 21:00:00,2035.9187393451311,1901.7715763422777,542.9865509141923
forecast_5734,2025-08-27 22:00:00,2248.8181849668126,2042.2452103725818,622.7576106657029
forecast_5735,2025-08-27 23:00:00,2050.8112625386048,2004.8004074691391,588.0176343784333
forecast_5736,2025-08-28 00:00:00,2011.228167791939,1971.0130662424087,629.1736998424531
forecast_5737,2025-08-28 01:00:00,2195.6109536751173,2360.9711445777893,822.3291933901596
forecast_5738,2025-08-28 02:00:00,2227.6338811065675,2664.8544222816467,990.2478393852043
forecast_5739,2025-08-28 03:00:00,2600.9559072263337,3064.76186437088,1173.2500867103615
forecast_5740,2025-08-28 04:00:00,3320.582352290802,3685.169019140625,1369.509363226719
forecast_5741,2025-08-28 05:00:00,4323.006447987824,4960.198097063903,1929.5154490634156
forecast_5742,2025-08-28 06:00:00,3588.586359136963,4610.840088546448,1719.4177103799439
forecast_5743,2025-08-28 07:00:00,3461.9162837709046,3829.8500379383854,1341.2468814122963
forecast_5744,2025-08-28 08:00:00,2497.340465657349,3298.5259204916383,1160.8755069695092
forecast_5745,2025-08-28 09:00:00,2224.760103686352,2900.2686241738893,1191.6885017259788
forecast_5746,2025-08-28 10:00:00,2143.6832804134747,2753.5171611724854,1106.8913970490303
forecast_5747,2025-08-28 11:00:00,1860.7245560364152,2283.9012829356384,1055.415368943615
forecast_5748,2025-08-28 12:00:00,2445.898711986237,2787.5262664176944,1260.6622471104622
forecast_5749,2025-08-28 13:00:00,2407.5171450437547,2820.2370741622926,1297.5128223631098
forecast_5750,2025-08-28 14:00:00,2874.0973891114045,3169.4160856367494,1656.2380228481484
forecast_5751,2025-08-28 15:00:00,3378.645539473801,3648.760760140381,1966.6307225224114
forecast_5752,2025-08-28 16:00:00,3470.189961229096,3909.766657561493,2173.306859896984
forecast_5753,2025-08-28 17:00:00,3498.589464108429,4000.964196019745,2224.244445871506
forecast_5754,2025-08-28 18:00:00,3777.44714948349,4110.832030158539,2050.78153892273
forecast_5755,2025-08-28 19:00:00,5266.059624503174,5924.355475431825,3150.372939746628
forecast_5756,2025-08-28 20:00:00,7407.089668676758,8783.794060159302,5719.477111365204
forecast_5757,2025-08-28 21:00:00,9501.248935220337,11116.69957982483,8107.535648455811
forecast_5758,2025-08-28 22:00:00,11835.206365559388,13637.914897406006,9867.743568544389
forecast_5759,2025-08-28 23:00:00,12918.079974017335,14528.994660671997,11585.052870065307
forecast_5760,2025-08-29 00:00:00,15105.259968148805,16184.925430664063,13746.290772093964
forecast_5761,2025-08-29 01:00:00,16907.6717472229,17982.655844033812,15945.905241706849
forecast_5762,2025-08-29 02:00:00,17177.8963395874,18722.454516067504,16072.758005417634
forecast_5763,2025-08-29 03:00:00,16896.107906533813,18459.997618722533,16044.152481348421
forecast_5764,2025-08-29 04:00:00,17400.12349898987,18802.570170919804,16029.668430484773
forecast_5765,2025-08-29 05:00:00,17413.143494137577,18721.687023660277,16088.283787860108
forecast_5766,2025-08-29 06:00:00,17726.90248854675,18790.584924423216,16162.250469628145
forecast_5767,2025-08-29 07:00:00,17630.86505708313,18841.42294921875,16204.129248345947
forecast_5768,2025-08-29 08:00:00,17269.486921499636,18210.001460150146,15865.57388830414
forecast_5769,2025-08-29 09:00:00,16309.037776068115,17664.183072286985,15075.946942605591
forecast_5770,2025-08-29 10:00:00,15044.244098306275,16157.901783575442,13018.384326401901
forecast_5771,2025-08-29 11:00:00,14130.156428440858,14433.393946032716,11481.713348836898
forecast_5772,2025-08-29 12:00:00,12126.800929724122,13336.778729067993,10444.36230554695
forecast_5773,2025-08-29 13:00:00,11902.38728907776,12804.334460647584,10307.488249840546
forecast_5774,2025-08-29 14:00:00,11242.224842848205,12204.729140953064,9871.360219791031
forecast_5775,2025-08-29 15:00:00,11125.046517155457,11899.05235794983,9505.17330910721
forecast_5776,2025-08-29 16:00:00,11449.760741687012,12144.90145789795,9629.028298965073
forecast_5777,2025-08-29 17:00:00,11470.814486048888,11754.568605824279,9479.686075333404
forecast_5778,2025-08-29 18:00:00,11400.82114889679,11114.550785653686,9375.618125325393
forecast_5779,2025-08-29 19:00:00,12256.366995495606,12404.776795291138,10377.63222113762
forecast_5780,2025-08-29 20:00:00,13213.623041641236,13425.143313418579,11321.430689635086
forecast_5781,2025-08-29 21:00:00,14142.475808566285,14799.886192895508,11890.768443792726
forecast_5782,2025-08-29 22:00:00,14862.869515805054,15632.103814355469,12109.082538937379
forecast_5783,2025-08-29 23:00:00,15051.840570925904,15746.721838476564,12201.620978379822
forecast_5784,2025-08-30 00:00:00,14735.008891571046,15571.948590713502,11775.021550489426
forecast_5785,2025-08-30 01:00:00,14921.59287404175,15445.064453567506,11884.928211548615
forecast_5786,2025-08-30 02:00:00,14260.109636203004,15069.102872329713,11400.104418208695
forecast_5787,2025-08-30 03:00:00,13368.003030029298,14147.836469763184,10132.649299575807
forecast_5788,2025-08-30 04:00:00,12725.60850971985,13361.135117123413,9158.377454598238
forecast_5789,2025-08-30 05:00:00,11575.289469641115,12144.715193067932,7959.3278537532815
forecast_5790,2025-08-30 06:00:00,10460.72441188507,10792.212883158876,6885.074489404297
forecast_5791,2025-08-30 07:00:00,9759.741278318788,9995.114381471254,6197.350465233994
forecast_5792,2025-08-30 08:00:00,8443.065923832703,8408.413598167419,5428.503165866547
forecast_5793,2025-08-30 09:00:00,5288.192932891999,5334.901002231599,2630.170309811993
forecast_5794,2025-08-30 10:00:00,3721.5070952526094,3315.0808528800967,1498.718222196064
forecast_5795,2025-08-30 11:00:00,2820.553523514252,2631.0281606820677,1194.1751954996682
forecast_5796,2025-08-30 12:00:00,2196.557840547409,2173.6033953886417,1083.0603380591774
forecast_5797,2025-08-30 13:00:00,2141.9617126148987,2215.725201054993,1125.0629067707634
forecast_5798,2025-08-30 14:00:00,2264.2190925078585,2311.6770662402346,1155.6340776449015
forecast_5799,2025-08-30 15:00:00,2475.3715596530915,2487.9331524925233,1330.8731066144373
forecast_5800,2025-08-30 16:00:00,2480.3510851284027,2646.3777741586305,1255.423149428997
forecast_5801,2025-08-30 17:00:00,2518.2892828985596,2770.1600925201415,1178.625024419651
forecast_5802,2025-08-30 18:00:00,2810.5158377630614,2804.044938639221,1340.4136565153694
forecast_5803,2025-08-30 19:00:00,3180.6852198125457,3470.807576172638,1497.2423455471994
forecast_5804,2025-08-30 20:00:00,3911.3588233127593,4454.070851539612,1653.4957084558678
forecast_5805,2025-08-30 21:00:00,4502.544995869827,5114.6206568939215,2024.0237182454491
forecast_5806,2025-08-30 22:00:00,5535.7485772880555,6650.960939395294,3146.80167659523
forecast_5807,2025-08-30 23:00:00,5291.979786932526,5928.893518707276,2394.9353501942446
forecast_5808,2025-08-31 00:00:00,5371.519319253387,6241.3613182016,2848.6411054595187
forecast_5809,2025-08-31 01:00:00,7331.981657714844,8588.484388423156,4808.8518551828
forecast_5810,2025-08-31 02:00:00,7578.270248368836,9145.561712358092,5001.571757526093
forecast_5811,2025-08-31 03:00:00,7451.09121494751,8712.91845955963,4534.119508446884
forecast_5812,2025-08-31 04:00:00,6526.26628389206,7829.802585646058,3505.231779193955
forecast_5813,2025-08-31 05:00:00,4608.831237088013,5438.9555439337155,2209.056700994415
forecast_5814,2025-08-31 06:00:00,3190.6245168285373,3994.9204469526676,1241.0543968655586
forecast_5815,2025-08-31 07:00:00,2564.280646244812,3421.9862472370914,1037.8763160680583
forecast_5816,2025-08-31 08:00:00,2114.0103738008884,2752.589569940796,771.3897756817246
forecast_5817,2025-08-31 09:00:00,1697.9651981912232,2206.3053739105226,593.8541199034881
forecast_5818,2025-08-31 10:00:00,1618.597895181084,1792.8919967971804,649.6415519643974
forecast_5819,2025-08-31 11:00:00,1749.7062607292175,2065.373865119782,928.9903826449777
forecast_5820,2025-08-31 12:00:00,1969.268282297516,2427.4636467338564,1040.233894461899
forecast_5821,2025-08-31 13:00:00,1993.1018741129305,2440.0656282467653,1097.13599896904
forecast_5822,2025-08-31 14:00:00,2254.549224020958,2782.836040486145,1367.948574158802
forecast_5823,2025-08-31 15:00:00,2672.0325069104765,3212.3410945892338,1774.371206152935
forecast_5824,2025-08-31 16:00:00,3574.676603578186,4487.208659022217,2443.983837374649
forecast_5825,2025-08-31 17:00:00,4054.3541738835142,4946.803027707672,3056.630494270859
forecast_5826,2025-08-31 18:00:00,4169.98493438446,5137.747055933381,2827.838189799576
forecast_5827,2025-08-31 19:00:00,5636.905886977233,8101.030061476135,4830.992478131867
forecast_5828,2025-08-31 20:00:00,7221.8096764648435,10318.878638369752,6513.909798270798
forecast_5829,2025-08-31 21:00:00,8153.027670498657,11661.25218313141,7986.237498332597
forecast_5830,2025-08-31 22:00:00,9467.983231066895,12200.855021307374,8598.107864857484
forecast_5831,2025-08-31 23:00:00,9620.17672865143,12964.949119567871,8881.609956991197
forecast_5832,2025-09-01 00:00:00,10002.585951080322,13440.896920611573,9387.36964570732
forecast_5833,2025-09-01 01:00:00,10901.422994300843,14024.929548516848,10231.737975556565
forecast_5834,2025-09-01 02:00:00,10638.197932496643,13821.12256751709,9603.13614657097
forecast_5835,2025-09-01 03:00:00,11306.49191967621,14181.789211486817,9969.395168098068
forecast_5836,2025-09-01 04:00:00,12596.075573069764,14849.586791909791,11691.000110943223
forecast_5837,2025-09-01 05:00:00,12876.572006921388,14967.607756274416,12076.058249033356
forecast_5838,2025-09-01 06:00:00,12255.233511688233,14425.222308822633,11384.008866305161
forecast_5839,2025-09-01 07:00:00,10645.685192735291,13549.66198166504,10186.990802462387
forecast_5840,2025-09-01 08:00:00,9494.948028614806,12208.327743170166,9106.723827143862
forecast_5841,2025-09-01 09:00:00,9091.549781491089,10768.867910276795,8392.275771370318
forecast_5842,2025-09-01 10:00:00,7062.427883732606,9500.596299613953,6500.297038663483
forecast_5843,2025-09-01 11:00:00,5987.194033695832,8123.89301860199,5125.650500931931
forecast_5844,2025-09-01 12:00:00,5548.171806890564,7709.342556344604,4747.597120506516
forecast_5845,2025-09-01 13:00:00,5526.664787905579,7119.592244623565,4647.268706465054
forecast_5846,2025-09-01 14:00:00,6772.27130449173,7712.397547617341,5646.30494423256
forecast_5847,2025-09-01 15:00:00,6863.472920413971,8420.156875083923,6728.001248573303
forecast_5848,2025-09-01 16:00:00,8128.241579672242,9360.129998260498,7193.151001964264
forecast_5849,2025-09-01 17:00:00,8721.66193684845,9997.82403245697,7975.902968737031
forecast_5850,2025-09-01 18:00:00,8838.480691508485,10298.84554506073,7786.374980258561
forecast_5851,2025-09-01 19:00:00,7810.966174328614,8880.324012458801,6248.670231868516
forecast_5852,2025-09-01 20:00:00,6987.863482202912,8027.061620904542,4778.916860691299
forecast_5853,2025-09-01 21:00:00,5825.5572761349495,7392.885916452637,3238.815683075485
forecast_5854,2025-09-01 22:00:00,6986.0714114921575,8862.469515316772,4493.0112947849275
forecast_5855,2025-09-01 23:00:00,9105.3184542511,11353.570072073364,7025.259781990815
forecast_5856,2025-09-02 00:00:00,8822.257390226747,10500.257121174622,6910.317303950501
forecast_5857,2025-09-02 01:00:00,10728.912072430421,13543.198078976442,9753.030812122728
forecast_5858,2025-09-02 02:00:00,9514.35032596283,12536.466507748413,9210.37293555336
forecast_5859,2025-09-02 03:00:00,10360.806408226013,12600.215700247194,9244.596152071383
forecast_5860,2025-09-02 04:00:00,9521.860555499268,11764.077472473145,8388.27886618843
forecast_5861,2025-09-02 05:00:00,8579.62436551819,10689.042353285218,7304.732592507935
forecast_5862,2025-09-02 06:00:00,7738.728877046204,9699.39107893982,6781.085134896851
forecast_5863,2025-09-02 07:00:00,6076.381958171387,7334.92656248932,3542.2232890171053
forecast_5864,2025-09-02 08:00:00,5493.422083636475,5830.14394165268,2709.9640232930183
forecast_5865,2025-09-02 09:00:00,4399.9122407188415,4247.870827138519,1657.7074423754693
forecast_5866,2025-09-02 10:00:00,3088.691102520218,2879.2425802572634,1077.5436215772247
forecast_5867,2025-09-02 11:00:00,2708.3988301846316,2743.7945737591554,1015.3919354571343
forecast_5868,2025-09-02 12:00:00,2400.274574598999,2476.0991642323306,1027.0026285930826
forecast_5869,2025-09-02 13:00:00,2001.9361890750506,2167.276927592011,912.5078699299431
forecast_5870,2025-09-02 14:00:00,1362.7206752287673,1591.06759776886,468.9040003470612
forecast_5871,2025-09-02 15:00:00,1236.5240728155518,1268.5672087189866,483.00488848628237
forecast_5872,2025-09-02 16:00:00,1364.4248418969726,1408.0579980946732,545.8288611805916
forecast_5873,2025-09-02 17:00:00,1288.9568603635407,1345.2736152508928,464.18051178079605
forecast_5874,2025-09-02 18:00:00,1255.4762372446442,1301.1414299629594,438.94485343636705
forecast_5875,2025-09-02 19:00:00,1237.458118759308,1375.8761257100296,528.099020392189
forecast_5876,2025-09-02 20:00:00,1264.9574121507646,1323.5373598515703,581.0304930513
forecast_5877,2025-09-02 21:00:00,1227.7600809757614,1238.9935134560776,530.940384957695
forecast_5878,2025-09-02 22:00:00,1435.6175345088195,1465.767004478798,547.6951368913651
forecast_5879,2025-09-02 23:00:00,1400.7730816991807,1463.4390706201555,572.7151741931534
forecast_5880,2025-09-03 00:00:00,1266.6936269642258,1265.8964499775316,483.87687136449813
forecast_5881,2025-09-03 01:00:00,1401.0287152396393,1327.1282919482042,500.0647001437187
forecast_5882,2025-09-03 02:00:00,1325.3145799840547,1304.6786955759812,481.39572520771026
forecast_5883,2025-09-03 03:00:00,1376.030795544548,1408.3671516189959,474.5307065623474
forecast_5884,2025-09-03 04:00:00,1524.4778453909303,1490.3969959801102,656.6729805716134
forecast_5885,2025-09-03 05:00:00,1305.7955757953264,1428.2358385651016,506.8080119865608
forecast_5886,2025-09-03 06:00:00,1333.8551135473633,1449.809757751808,501.8266511892319
forecast_5887,2025-09-03 07:00:00,1185.1450974915695,1304.403638162651,407.6504
forecast_5888,2025-09-03 08:00:00,1108.7106617256547,1287.2014311816788,407.6504
forecast_5889,2025-09-03 09:00:00,1010.8912670970345,1190.4833951630021,320.614576
forecast_5890,2025-09-03 10:00:00,1013.8369716081238,1089.366782884636,320.614576
forecast_5891,2025-09-03 11:00:00,1033.2465519365787,1106.3301340489577,418.6424
forecast_5892,2025-09-03 12:00:00,1139.9748477854969,1293.1837600000001,470.9352691369439
forecast_5893,2025-09-03 13:00:00,1207.0658607896328,1295.0986400000002,530.8222725857736
forecast_5894,2025-09-03 14:00:00,1300.1430526420975,1425.790715434723,568.3041320058175
forecast_5895,2025-09-03 15:00:00,1167.348006575327,1294.6882545689775,522.1667353806686
forecast_5896,2025-09-03 16:00:00,1178.1244101967336,1474.7243168592454,455.286
forecast_5897,2025-09-03 17:00:00,1164.0054422953415,1308.151536275673,439.86908800000003
forecast_5898,2025-09-03 18:00:00,1167.728878408165,1272.0631811748124,418.6424
forecast_5899,2025-09-03 19:00:00,1153.4410547400284,1230.8042177184677,331.60656
forecast_5900,2025-09-03 20:00:00,1187.6610557100296,1265.5827757344439,372.1172
forecast_5901,2025-09-03 21:00:00,1333.9009149001313,1451.0529662252427,427.89880000000005
forecast_5902,2025-09-03 22:00:00,1439.7626000153732,1562.0038371921921,454.77056000000005
forecast_5903,2025-09-03 23:00:00,1381.5494814173508,1511.4052058427812,433.93976000000004
forecast_5904,2025-09-04 00:00:00,1643.6675290621188,1673.083555014534,446.0321997269516
forecast_5905,2025-09-04 01:00:00,1954.1886184046937,1878.129503877411,455.16645600000004
forecast_5906,2025-09-04 02:00:00,1815.1327910610198,1824.7362062223817,433.93976000000004
forecast_5907,2025-09-04 03:00:00,1623.823199583435,1733.9202009603882,418.6424
forecast_5908,2025-09-04 04:00:00,1837.5754665248871,1848.7620493426514,433.93976000000004
forecast_5909,2025-09-04 05:00:00,1967.2907909325409,1872.0195861219788,558.9487670818863
forecast_5910,2025-09-04 06:00:00,2450.039123859711,2367.804872161865,633.9282384466744
forecast_5911,2025-09-04 07:00:00,2636.3630664980315,2475.424265590057,794.6679989068604
forecast_5912,2025-09-04 08:00:00,2583.0405544048313,2573.433156780853,796.707572124981
forecast_5913,2025-09-04 09:00:00,2128.3428958542254,2426.4526922369387,767.1279080502701
forecast_5914,2025-09-04 10:00:00,1635.5660685227203,1992.5935872774126,781.4965509152985
forecast_5915,2025-09-04 11:00:00,1451.4835717578983,1909.5589282445144,739.3741302653466
forecast_5916,2025-09-04 12:00:00,1530.3411912009526,1990.019328423958,815.8504397497406
forecast_5917,2025-09-04 13:00:00,1526.0221039775467,2094.2114423162843,968.6735163695641
forecast_5918,2025-09-04 14:00:00,1365.700556596222,1882.6145155784607,763.1450031449318
forecast_5919,2025-09-04 15:00:00,1666.7931629352188,2260.0636277931217,843.4716861068803
forecast_5920,2025-09-04 16:00:00,2379.462244251938,3131.2505339027407,969.1913953143845
forecast_5921,2025-09-04 17:00:00,2576.5643372047425,3312.737888554993,1094.1763846619988
forecast_5922,2025-09-04 18:00:00,2384.135412808609,3143.557720202942,936.0132054076386
forecast_5923,2025-09-04 19:00:00,2334.753566817093,2982.070542828674,897.765669394188
forecast_5924,2025-09-04 20:00:00,2693.789935312195,3340.722708061066,999.3316045788765
forecast_5925,2025-09-04 21:00:00,2817.7282759623718,3378.9668014382937,1105.8562264515494
forecast_5926,2025-09-04 22:00:00,2832.431985519486,3467.2473811561586,1081.4013417326546
forecast_5927,2025-09-04 23:00:00,2739.5984757910155,3268.736487774506,1073.821133446827
forecast_5928,2025-09-05 00:00:00,2610.3861915039065,3042.6497693965152,1021.7033098704644
forecast_5929,2025-09-05 01:00:00,2300.411121615448,2588.0264497781372,858.4225927870675
forecast_5930,2025-09-05 02:00:00,2784.372013542557,2974.691049170685,1029.7271580452689
forecast_5931,2025-09-05 03:00:00,2862.720825513077,3123.2632035043334,1057.0632572538566
forecast_5932,2025-09-05 04:00:00,2757.069408031006,2936.1552663391117,978.9439062840653
forecast_5933,2025-09-05 05:00:00,2937.3469452297213,3127.7138827265935,1083.9973092648506
forecast_5934,2025-09-05 06:00:00,2717.848800139008,3022.213866697846,919.7226184724618
forecast_5935,2025-09-05 07:00:00,2518.1166022626876,2701.4871687011723,759.9192397160149
forecast_5936,2025-09-05 08:00:00,2332.221664372635,2610.1496421951297,835.9581540591546
forecast_5937,2025-09-05 09:00:00,1836.157441033516,2053.4085658132935,687.197163366127
forecast_5938,2025-09-05 10:00:00,1193.91168,1375.3935955184556,455.286
forecast_5939,2025-09-05 11:00:00,1103.5141600000002,1252.5576800000001,449.12552
forecast_5940,2025-09-05 12:00:00,1005.1874852647638,1120.0765600000002,407.6504
forecast_5941,2025-09-05 13:00:00,1007.4906784122468,1107.7541559640122,307.750904
forecast_5942,2025-09-05 14:00:00,1004.0152889502906,1121.7713699097444,331.60656
forecast_5943,2025-09-05 15:00:00,1002.6987998919011,1124.7335326868058,322.03578467967606
forecast_5944,2025-09-05 16:00:00,1035.9686713851356,1178.1620703050614,322.8475404514122
forecast_5945,2025-09-05 17:00:00,1173.9124142660523,1440.1101658447649,449.2179315531731
forecast_5946,2025-09-05 18:00:00,1494.8912607481386,1645.0741404443743,483.9617338217735
forecast_5947,2025-09-05 19:00:00,1599.9599407088472,1612.3083412332535,503.1209525069695
forecast_5948,2025-09-05 20:00:00,1741.0841369741058,1755.450161794243,477.6924138452644
forecast_5949,2025-09-05 21:00:00,2001.044592073021,2346.750840656395,836.0344882782783
forecast_5950,2025-09-05 22:00:00,2910.290957641888,3321.3472507920837,1050.5096692694856
forecast_5951,2025-09-05 23:00:00,4280.131823714981,4921.0925493713385,1895.958289234295
forecast_5952,2025-09-06 00:00:00,5323.2710201454165,5918.84177176117,2415.6353150624846
forecast_5953,2025-09-06 01:00:00,8280.11725753784,9856.21206365204,5929.709886765594
forecast_5954,2025-09-06 02:00:00,9776.420248541259,12062.07185716095,8140.477654057693
forecast_5955,2025-09-06 03:00:00,12086.629801045228,14294.17997824707,10018.756260351181
forecast_5956,2025-09-06 04:00:00,13316.314625779725,14912.707308630372,11163.90079672966
forecast_5957,2025-09-06 05:00:00,13480.654854022217,15003.944206765747,10697.211777213668
forecast_5958,2025-09-06 06:00:00,14994.171974990844,15576.926186242677,11906.761491047288
forecast_5959,2025-09-06 07:00:00,15233.698358596803,16060.13557709961,12982.242221318818
forecast_5960,2025-09-06 08:00:00,12366.095488647461,14071.341068640138,11090.85256732216
forecast_5961,2025-09-06 09:00:00,11990.549881922912,13873.445363381958,10421.616276379777
forecast_5962,2025-09-06 10:00:00,11441.646472647095,13080.077909773256,10416.34485053749
forecast_5963,2025-09-06 11:00:00,11460.273057325745,13121.089153170777,10795.463614574814
forecast_5964,2025-09-06 12:00:00,11859.448210801696,13592.520753686524,11365.429050790406
forecast_5965,2025-09-06 13:00:00,11464.871383572388,13393.037259732057,10993.145082769775
forecast_5966,2025-09-06 14:00:00,11202.848797930908,13468.941105761718,10859.220922051622
forecast_5967,2025-09-06 15:00:00,12058.663844166565,14744.479564208985,12097.50869888344
forecast_5968,2025-09-06 16:00:00,14426.053278915406,15863.52354237671,13010.374141780854
forecast_5969,2025-09-06 17:00:00,13241.978604345704,15007.499107159425,12639.772361023332
forecast_5970,2025-09-06 18:00:00,12789.121962179566,15422.850849151611,13869.67490296631
forecast_5971,2025-09-06 19:00:00,13561.35060029602,16440.21667597046,14904.814249706269
forecast_5972,2025-09-06 20:00:00,13317.900311019897,16400.065866851808,15042.661677574159
forecast_5973,2025-09-06 21:00:00,15201.371288235474,17524.809279489134,15388.008853200532
forecast_5974,2025-09-06 22:00:00,15338.939248727416,17939.046153750613,15650.43525799408
forecast_5975,2025-09-06 23:00:00,15302.340395022584,17666.216224832155,15712.872811780548
forecast_5976,2025-09-07 00:00:00,15742.173361779785,18327.434018463136,15751.938064424134
forecast_5977,2025-09-07 01:00:00,16175.17986732788,18841.794408151247,16035.622066607668
forecast_5978,2025-09-07 02:00:00,15776.922393386842,18217.023685476684,15866.944026218414
forecast_5979,2025-09-07 03:00:00,14960.273517434693,17346.472861425784,15230.096226013186
forecast_5980,2025-09-07 04:00:00,14001.24423710022,15870.122836541748,12445.891079489518
forecast_5981,2025-09-07 05:00:00,13331.238463896181,14894.888739056398,11812.597994637681
forecast_5982,2025-09-07 06:00:00,12771.589776567078,14273.543146661377,10776.931096780014
forecast_5983,2025-09-07 07:00:00,12327.189659016418,13836.437639526368,10213.236705586625
forecast_5984,2025-09-07 08:00:00,12269.135430506898,13676.760883239745,9883.422234817888
forecast_5985,2025-09-07 09:00:00,11065.851798869324,12098.75537291565,8476.656000865936
forecast_5986,2025-09-07 10:00:00,9512.02415088806,10540.823653234864,7620.323669501725
forecast_5987,2025-09-07 11:00:00,7760.878902915954,8222.677114967346,5630.805715835953
forecast_5988,2025-09-07 12:00:00,5164.86614912735,5860.750324290467,3257.315591365967
forecast_5989,2025-09-07 13:00:00,3420.2567178390505,3300.662027710724,1565.2774160935403
forecast_5990,2025-09-07 14:00:00,3688.847723261948,3962.8340651579283,2012.1865886272622
forecast_5991,2025-09-07 15:00:00,4600.191463409119,5173.127029449463,2468.434453261795
forecast_5992,2025-09-07 16:00:00,6201.039874246217,5979.040978596802,4005.223150311127
forecast_5993,2025-09-07 17:00:00,6984.367478672791,7190.6961414428715,4016.862391418228
forecast_5994,2025-09-07 18:00:00,7948.073191509247,8320.6448459404,5155.227242886963
forecast_5995,2025-09-07 19:00:00,9006.094131399537,9741.601169503785,6400.473917697221
forecast_5996,2025-09-07 20:00:00,11638.13580323639,12018.692379080201,8450.594017124176
forecast_5997,2025-09-07 21:00:00,12166.855951408386,12876.22136876831,8931.61457007599
forecast_5998,2025-09-07 22:00:00,11986.367396325684,12827.457844810488,9161.9609373703
forecast_5999,2025-09-07 23:00:00,11581.817603390502,12106.8007604187,8692.735657621766
forecast_6000,2025-09-08 00:00:00,12261.276871318056,13184.8931513031,9151.02746597824
forecast_6001,2025-09-08 01:00:00,9352.073586888124,9767.133525315858,6262.966839440156
forecast_6002,2025-09-08 02:00:00,8875.050174206543,9459.538652153016,6015.121527937698
forecast_6003,2025-09-08 03:00:00,7405.807443388978,6844.969124822998,4105.384830994187
forecast_6004,2025-09-08 04:00:00,6798.470532052917,5549.508378300477,3282.4058829309083
forecast_6005,2025-09-08 05:00:00,4822.180313552475,3845.5362983596806,2008.9747815242195
forecast_6006,2025-09-08 06:00:00,2950.853930878754,2466.2650451763534,1097.6473035856438
forecast_6007,2025-09-08 07:00:00,2020.3505171138002,1847.8659965021134,702.6547048032188
forecast_6008,2025-09-08 08:00:00,1504.514182226715,1570.153832711754,473.4144696927643
forecast_6009,2025-09-08 09:00:00,1114.0662204271127,1374.545809152031,320.614576
forecast_6010,2025-09-08 10:00:00,977.7295801447249,1138.043939451027,320.614576
forecast_6011,2025-09-08 11:00:00,947.5073600000001,1059.619561405754,307.750904
forecast_6012,2025-09-08 12:00:00,962.4825289465953,1015.0828,320.614576
forecast_6013,2025-09-08 13:00:00,943.3216000000001,1050.0061293152237,362.91003044250107
forecast_6014,2025-09-08 14:00:00,1021.0280815098191,1150.275140351143,404.6475407064209
forecast_6015,2025-09-08 15:00:00,1013.5964785383035,1149.6643630208207,452.3126389497681
forecast_6016,2025-09-08 16:00:00,1869.8278596529008,2012.1057097979738,924.8382638605309
forecast_6017,2025-09-08 17:00:00,2806.6524836138537,2752.0951781341173,1098.0864507933425
forecast_6018,2025-09-08 18:00:00,3635.6812099380495,3544.529267955971,1390.7971165052604
forecast_6019,2025-09-08 19:00:00,3748.774084325981,4059.648299821778,1568.5165462756922
forecast_6020,2025-09-08 20:00:00,3761.6440350482562,4080.766643940735,1584.5654294431497
forecast_6021,2025-09-08 21:00:00,3410.825297827225,3674.302435293579,1293.4669125556754
forecast_6022,2025-09-08 22:00:00,2936.66746646164,3033.693303733978,1025.2074960244865
forecast_6023,2025-09-08 23:00:00,2224.7527689083863,2695.1754139578247,885.5258549606972
forecast_6024,2025-09-09 00:00:00,1825.896380092163,2153.1706063522342,858.6353138896294
forecast_6025,2025-09-09 01:00:00,3567.015597824402,3910.813399892273,1615.2114257436942
forecast_6026,2025-09-09 02:00:00,3199.6027178092195,3652.1003935670474,1384.9542204210093
forecast_6027,2025-09-09 03:00:00,2415.978983116913,2782.4400370025637,1108.4881409730644
forecast_6028,2025-09-09 04:00:00,2224.354297809982,2587.063143473053,1082.7134803303338
forecast_6029,2025-09-09 05:00:00,2301.568278187561,2914.6589422836305,1151.3676954741097
forecast_6030,2025-09-09 06:00:00,2321.797229816284,2471.74089502533,990.2040983648453
forecast_6031,2025-09-09 07:00:00,2325.8285048400876,2179.310132990074,885.9705389360047
forecast_6032,2025-09-09 08:00:00,2479.6538723828126,2377.246339964867,943.2411853763962
forecast_6033,2025-09-09 09:00:00,2279.6977523283385,2340.324844398308,857.5184592894478
forecast_6034,2025-09-09 10:00:00,2414.398735974617,2633.075399165344,1083.3850249393272
forecast_6035,2025-09-09 11:00:00,2490.5340180958556,2765.536624332428,1092.256552172184
forecast_6036,2025-09-09 12:00:00,2726.3623735803226,3135.262056515503,1006.7075136783333
forecast_6037,2025-09-09 13:00:00,2138.245458248558,2322.1030005378725,638.0888973342705
forecast_6038,2025-09-09 14:00:00,1604.6748851181794,1836.452308421631,597.7574323799247
forecast_6039,2025-09-09 15:00:00,1810.232688613701,2028.5633375805664,719.136370934639
forecast_6040,2025-09-09 16:00:00,1487.3248188936996,1557.630618131523,467.52731342712025
forecast_6041,2025-09-09 17:00:00,1759.6628873519517,1806.6818319219972,465.8192469636498
forecast_6042,2025-09-09 18:00:00,1820.857849827385,1941.7865155097961,465.10282510019306
forecast_6043,2025-09-09 19:00:00,2048.6238081474303,2117.2024315748595,504.49257724142075
forecast_6044,2025-09-09 20:00:00,2179.406762657013,2343.4483001171875,548.9293058898086
forecast_6045,2025-09-09 21:00:00,2313.5064140006257,2522.6136304293823,699.8605526550484
forecast_6046,2025-09-09 22:00:00,2479.978089723358,2692.48055599411,987.7288981223488
forecast_6047,2025-09-09 23:00:00,2335.5798132588197,2541.770253282776,895.1644118285561
forecast_6048,2025-09-10 00:00:00,2094.1360674687194,2217.832218232269,799.8851356300163
forecast_6049,2025-09-10 01:00:00,2659.2535156225586,3062.7666894204713,881.4054132810212
forecast_6050,2025-09-10 02:00:00,2654.701142166214,2990.026220359955,791.3446863224755
forecast_6051,2025-09-10 03:00:00,2755.3626641375736,3185.759578145447,946.3811476571275
forecast_6052,2025-09-10 04:00:00,2697.3460373307803,3074.0164345826724,982.4205588011743
forecast_6053,2025-09-10 05:00:00,3119.3276364616395,3116.4901328117376,939.5561889294054
forecast_6054,2025-09-10 06:00:00,3198.850466421738,3512.35469872345,903.4890910574723
forecast_6055,2025-09-10 07:00:00,3351.78224004776,3699.0566862846376,1140.6663821722223
forecast_6056,2025-09-10 08:00:00,3113.2343879862215,3540.2052216804504,1166.8357156336783
forecast_6057,2025-09-10 09:00:00,2655.9368391461185,3226.7927019937138,1099.3351101643943
forecast_6058,2025-09-10 10:00:00,2228.7600433877565,2768.2904268800353,1057.841710387745
forecast_6059,2025-09-10 11:00:00,2248.827022512436,2871.8297486730958,1232.2787306867026
forecast_6060,2025-09-10 12:00:00,2180.1431106142427,2850.832507182922,1257.484719891224
forecast_6061,2025-09-10 13:00:00,1883.5904893449404,2525.730081421051,1137.8179266567422
forecast_6062,2025-09-10 14:00:00,1736.6655815638733,2360.619776668701,1088.8579786974908
forecast_6063,2025-09-10 15:00:00,1427.464510464096,1983.29645582428,986.0090970741844
forecast_6064,2025-09-10 16:00:00,1508.8444917762376,1997.4812507604981,966.5191309339333
forecast_6065,2025-09-10 17:00:00,1475.2075620903015,1950.5481069567873,909.599393935749
forecast_6066,2025-09-10 18:00:00,1442.2928078307914,1896.5641726016238,682.2856443301773
forecast_6067,2025-09-10 19:00:00,1866.653718997879,2516.899883663177,649.7061108480644
forecast_6068,2025-09-10 20:00:00,2313.439276885147,3122.4735089599612,811.0428078695297
forecast_6069,2025-09-10 21:00:00,2497.965787897644,3276.0075636651613,863.4531616402131
forecast_6070,2025-09-10 22:00:00,3061.4793208615115,3967.1558033706665,1002.5713950539208
forecast_6071,2025-09-10 23:00:00,3285.1912823875427,4024.154761139832,1060.8197968868828
forecast_6072,2025-09-11 00:00:00,3534.530247898102,4256.397611384888,1060.2788963280868
forecast_6073,2025-09-11 01:00:00,2983.841434742737,3196.6268050909425,1141.9342085238077
forecast_6074,2025-09-11 02:00:00,2908.7100635808565,3304.725010474396,1295.1376211553766
forecast_6075,2025-09-11 03:00:00,3258.4550180112456,3514.3465560287477,1315.2381108734703
forecast_6076,2025-09-11 04:00:00,3423.575748716126,3617.79532276474,1260.8941918131827
forecast_6077,2025-09-11 05:00:00,3940.1895212019353,4290.980733321381,1422.531538822384
forecast_6078,2025-09-11 06:00:00,4196.398058399125,4546.693938620758,1616.1096009344674
forecast_6079,2025-09-11 07:00:00,4756.935738179779,5147.581448922882,1808.7554321645548
forecast_6080,2025-09-11 08:00:00,4497.32334434662,5218.600128268433,1980.0705456245232
forecast_6081,2025-09-11 09:00:00,3938.1944616886904,4736.020464318848,1903.8865701335717
forecast_6082,2025-09-11 10:00:00,2693.076013914261,3295.495504987183,1513.5348114361764
forecast_6083,2025-09-11 11:00:00,2856.465055911942,3516.9690030807496,1828.1170595578196
forecast_6084,2025-09-11 12:00:00,2936.2716969540406,3926.9101569602967,1939.688073168583
forecast_6085,2025-09-11 13:00:00,2913.285929850159,3735.666370119476,2019.569918269062
forecast_6086,2025-09-11 14:00:00,2763.33495953331,3609.035467449188,2007.4292391150857
forecast_6087,2025-09-11 15:00:00,2764.787870848923,3380.4413564680485,1967.6017522080422
forecast_6088,2025-09-11 16:00:00,2859.688432724915,3516.23993999527,1742.960730142193
forecast_6089,2025-09-11 17:00:00,3477.0252995370483,4550.549520709229,2142.506622358246
forecast_6090,2025-09-11 18:00:00,3805.2841858589177,4679.606099691773,1834.4050754200555
forecast_6091,2025-09-11 19:00:00,4726.715513871461,5858.594561749268,1969.130491218281
forecast_6092,2025-09-11 20:00:00,5128.801464278412,6402.975337750549,2105.511493320141
forecast_6093,2025-09-11 21:00:00,5789.980632984924,7162.242537390137,2565.4098442700006
forecast_6094,2025-09-11 22:00:00,6807.621387279053,8379.939276132201,3178.520484152699
forecast_6095,2025-09-11 23:00:00,6970.254184268189,8760.693338710022,3446.925273292332
forecast_6096,2025-09-12 00:00:00,6346.880853862,8246.445627478028,2836.3718094467354
forecast_6097,2025-09-12 01:00:00,6423.759060295106,8160.006388267517,3023.293630132771
forecast_6098,2025-09-12 02:00:00,5698.2074477520755,6263.519203675843,2338.0294113568307
forecast_6099,2025-09-12 03:00:00,4327.782190057221,5222.0327640274045,1661.67121922575
forecast_6100,2025-09-12 04:00:00,4345.844132483673,5314.930837568055,1786.9921517620278
forecast_6101,2025-09-12 05:00:00,3945.243695520783,4958.255639319763,1705.0197442165565
forecast_6102,2025-09-12 06:00:00,3714.1724689361577,4555.0181366745,1486.4574647932625
forecast_6103,2025-09-12 07:00:00,4144.355146838379,4883.720210351563,1727.832621502018
forecast_6104,2025-09-12 08:00:00,4064.8548295941164,4906.973452752685,1731.3452144926262
forecast_6105,2025-09-12 09:00:00,4018.195780325928,5055.4468753015135,1708.2677947485925
forecast_6106,2025-09-12 10:00:00,3204.306842986145,3890.918739239502,1624.5878916788674
forecast_6107,2025-09-12 11:00:00,3089.5107229573823,3785.4088584992983,1640.3207881250573
forecast_6108,2025-09-12 12:00:00,3265.2510093368533,3894.137655022278,1784.7850844397165
forecast_6109,2025-09-12 13:00:00,2662.8337691306306,3336.718461911316,1381.1419435799598
forecast_6110,2025-09-12 14:00:00,2498.716686524811,3055.1177781632996,1115.3157958151055
forecast_6111,2025-09-12 15:00:00,2939.9344201656727,3132.395348941498,1117.7584841116334
forecast_6112,2025-09-12 16:00:00,3558.9911586734775,3624.539702999115,1215.147284127102
forecast_6113,2025-09-12 17:00:00,3666.5606928767397,3966.6616551901247,1271.764604894085
forecast_6114,2025-09-12 18:00:00,3722.561285534134,4022.4001118167116,1434.3810136717798
forecast_6115,2025-09-12 19:00:00,3337.687565050888,3815.5286771765136,1180.579493305378
forecast_6116,2025-09-12 20:00:00,3815.3143299667363,4494.457279711151,1396.6507532044031
forecast_6117,2025-09-12 21:00:00,4447.3604668976595,5108.888843640289,1737.9453297011758
forecast_6118,2025-09-12 22:00:00,4783.672726811753,5574.570135261383,2027.9219247387887
forecast_6119,2025-09-12 23:00:00,5685.697248741608,6588.374541960908,2803.051460392666
forecast_6120,2025-09-13 00:00:00,6367.772547484589,6171.178630364076,2558.0634436667824
forecast_6121,2025-09-13 01:00:00,5321.619011039429,5309.299963641358,2408.0999589492794
forecast_6122,2025-09-13 02:00:00,5492.955479315186,5588.81328449173,2852.11426700058
forecast_6123,2025-09-13 03:00:00,5719.451544674683,6208.229066372682,2716.283915490742
forecast_6124,2025-09-13 04:00:00,7116.311358752442,8690.244721612547,3742.63078590622
forecast_6125,2025-09-13 05:00:00,8383.401302331544,10381.906936439515,5819.265608601838
forecast_6126,2025-09-13 06:00:00,10362.661077920533,11813.526395271301,8056.803053384399
forecast_6127,2025-09-13 07:00:00,12777.964113105774,14763.677757568359,11568.570912574769
forecast_6128,2025-09-13 08:00:00,13932.268791827393,16097.56820327759,13630.907468063357
forecast_6129,2025-09-13 09:00:00,14041.881126260378,16565.759926513674,14325.169545510864
forecast_6130,2025-09-13 10:00:00,14180.289634283448,16571.80500249329,15183.130436723328
forecast_6131,2025-09-13 11:00:00,9110.335843498231,10989.077819122314,7530.029682786942
forecast_6132,2025-09-13 12:00:00,6825.703382628479,7948.327571299744,4374.884584889985
forecast_6133,2025-09-13 13:00:00,4047.8593398696903,4299.2568817208485,1383.54904
forecast_6134,2025-09-13 14:00:00,2772.68266167202,2454.5768000000003,727.06168
forecast_6135,2025-09-13 15:00:00,2868.052418678055,2202.5913008194734,1014.9675492009163
forecast_6136,2025-09-13 16:00:00,3009.9030329057314,2986.853001802826,1054.8719415187836
forecast_6137,2025-09-13 17:00:00,3541.0692225491334,3574.703331403351,1620.1476644968416
forecast_6138,2025-09-13 18:00:00,3769.1423368614196,3736.835506906128,1560.739419503708
forecast_6139,2025-09-13 19:00:00,3029.5399817782595,3021.7610952351383,1241.1269031645393
forecast_6140,2025-09-13 20:00:00,2119.6710422029873,2063.6131146106336,690.3410479296685
forecast_6141,2025-09-13 21:00:00,1823.5505431865695,1705.0748705824662,657.2929912075997
forecast_6142,2025-09-13 22:00:00,1779.9726389717866,1770.585824854393,577.2006785060996
forecast_6143,2025-09-13 23:00:00,1737.379164600258,1856.8455819967269,457.031888
forecast_6144,2025-09-14 00:00:00,1980.1267031976322,2207.533936148262,570.811328
forecast_6145,2025-09-14 01:00:00,2277.6521720428086,2785.800120989685,841.1170627628899
forecast_6146,2025-09-14 02:00:00,2368.907712675705,2866.1065649879456,925.4637579376794
forecast_6147,2025-09-14 03:00:00,2287.6734414347457,2809.4506030729676,876.3458861066247
forecast_6148,2025-09-14 04:00:00,2095.395753235817,2704.4863451200868,845.0687676237756
forecast_6149,2025-09-14 05:00:00,2052.194093903732,2639.9764214193724,785.9578889669685
forecast_6150,2025-09-14 06:00:00,2111.8443878126145,2581.18868539505,768.4602212967186
forecast_6151,2025-09-14 07:00:00,2249.3117128660583,2713.982931518707,869.4047964076806
forecast_6152,2025-09-14 08:00:00,2658.7464558583833,3005.442351440735,1051.2538733733177
forecast_6153,2025-09-14 09:00:00,2158.600604329872,2606.574111940155,831.3313871288491
forecast_6154,2025-09-14 10:00:00,2044.428980726967,2433.9446154032903,873.2584758367921
forecast_6155,2025-09-14 11:00:00,1837.4148473367693,2172.9989865550233,898.4726770765724
forecast_6156,2025-09-14 12:00:00,2086.259404459076,2447.8410004615785,984.4157888184243
forecast_6157,2025-09-14 13:00:00,2027.4015192590714,2039.4325767684936,1036.3730446038628
forecast_6158,2025-09-14 14:00:00,2263.2170000469205,2220.8079190271,1123.571066871395
forecast_6159,2025-09-14 15:00:00,2599.8297446718598,2671.445902802277,1350.305066387501
forecast_6160,2025-09-14 16:00:00,2741.2311654449463,2902.123364111481,1333.7052915560344
forecast_6161,2025-09-14 17:00:00,3084.861640108109,3153.0326135772707,1391.0601392774392
forecast_6162,2025-09-14 18:00:00,4728.144170888672,4353.245831087494,2748.0323004953575
forecast_6163,2025-09-14 19:00:00,7967.309359135437,8277.85376533661,5651.698424145051
forecast_6164,2025-09-14 20:00:00,9884.612961643983,9968.915459170532,6866.761567922898
forecast_6165,2025-09-14 21:00:00,12184.35911487732,12800.638469293213,9161.98169887085
forecast_6166,2025-09-14 22:00:00,14728.954893478394,14966.726144281007,11626.426231729889
forecast_6167,2025-09-14 23:00:00,16044.089525183108,15958.267739364625,13222.88765385666
forecast_6168,2025-09-15 00:00:00,16236.132788146975,16124.235987365724,13402.357006897735
forecast_6169,2025-09-15 01:00:00,15435.271302087403,15353.63080401001,11550.700369075776
forecast_6170,2025-09-15 02:00:00,14005.371382766723,14262.481484881593,10503.012819304657
forecast_6171,2025-09-15 03:00:00,13679.250614105225,13801.15597923584,10091.563456305314
forecast_6172,2025-09-15 04:00:00,13181.686205413818,13248.58805213623,9246.249495808792
forecast_6173,2025-09-15 05:00:00,11225.285326527406,10511.626669213867,7669.208746120072
forecast_6174,2025-09-15 06:00:00,8460.404639093018,7648.498604810181,5257.390970536422
forecast_6175,2025-09-15 07:00:00,5640.991861402893,5201.664007318115,3164.422523886032
forecast_6176,2025-09-15 08:00:00,2890.189902578354,2692.085163179321,1246.8274942336084
forecast_6177,2025-09-15 09:00:00,1775.8515803919984,1664.8791321702577,673.7595661616401
forecast_6178,2025-09-15 10:00:00,1156.6698794300842,1336.3809322860336,527.5319812630653
forecast_6179,2025-09-15 11:00:00,1281.9758213299942,1376.7302870580675,580.4965328419686
forecast_6180,2025-09-15 12:00:00,1186.7634201119233,1308.0345738288497,517.7557742302513
forecast_6181,2025-09-15 13:00:00,1096.607583983116,1255.0849135147478,509.9671913122177
forecast_6182,2025-09-15 14:00:00,1165.7971091241457,1268.0400439844896,627.2591792123985
forecast_6183,2025-09-15 15:00:00,1304.756324119568,1492.8307180767442,638.6637507835923
forecast_6184,2025-09-15 16:00:00,1627.0367814390565,1812.7570265851975,978.5297820649148
forecast_6185,2025-09-15 17:00:00,2315.9373960862736,2342.1643888405993,1265.589704578686
forecast_6186,2025-09-15 18:00:00,4485.112423854218,4160.668319866181,2492.672523192139
forecast_6187,2025-09-15 19:00:00,5584.217345141601,5412.389205839539,4370.8523677646635
forecast_6188,2025-09-15 20:00:00,6376.045775067749,5667.887904083253,4461.62252157631
forecast_6189,2025-09-15 21:00:00,5802.706754746247,5257.68217773056,3915.825672428131
forecast_6190,2025-09-15 22:00:00,4454.644130022125,4333.601838030243,2328.0404035968777
forecast_6191,2025-09-15 23:00:00,4131.524090271301,3962.356337332764,2082.48554497406
forecast_6192,2025-09-16 00:00:00,4557.700960494691,4321.171268522645,2475.6874150089266
forecast_6193,2025-09-16 01:00:00,8372.829806671143,9050.039239494323,5617.802339255905
forecast_6194,2025-09-16 02:00:00,9804.153961116028,10111.582228131103,6523.610227101136
forecast_6195,2025-09-16 03:00:00,10055.272438537597,10402.862083068849,6371.915233522034
forecast_6196,2025-09-16 04:00:00,10989.510239254761,11135.474249595643,7202.356192337799
forecast_6197,2025-09-16 05:00:00,11372.400076060487,12022.971584219362,8341.352825816346
forecast_6198,2025-09-16 06:00:00,12532.37900182953,12370.810071498108,8549.66808453865
forecast_6199,2025-09-16 07:00:00,12232.12824870758,12480.569991503908,8539.913201714706
forecast_6200,2025-09-16 08:00:00,9078.60398768921,9158.09784903717,5463.832349347305
forecast_6201,2025-09-16 09:00:00,7025.018294204712,7940.223443727113,4562.864954628296
forecast_6202,2025-09-16 10:00:00,5286.64559160141,5905.453714566804,3029.936766691647
forecast_6203,2025-09-16 11:00:00,6266.715900570984,7118.551561939697,4732.091399969482
forecast_6204,2025-09-16 12:00:00,6566.004285407257,7146.441336374664,5109.268607694855
forecast_6205,2025-09-16 13:00:00,6467.183580526276,6418.710612810517,5038.457128090363
forecast_6206,2025-09-16 14:00:00,6063.62424186554,6510.695289134216,5136.6822527034765
forecast_6207,2025-09-16 15:00:00,7304.681915409852,8307.839133602905,6336.929032875061
forecast_6208,2025-09-16 16:00:00,8035.741748391723,8666.83435280304,7195.885388643418
forecast_6209,2025-09-16 17:00:00,7122.442477099609,7767.498958050537,6207.9584025611875
forecast_6210,2025-09-16 18:00:00,7783.36401439972,9222.195623674012,6886.5277620887755
forecast_6211,2025-09-16 19:00:00,9525.147556349184,12020.364467785645,9370.474855566787
forecast_6212,2025-09-16 20:00:00,9354.76977703247,12030.681756558228,9822.39601072731
forecast_6213,2025-09-16 21:00:00,10115.51760853882,12713.483397171021,10124.085083482743
forecast_6214,2025-09-16 22:00:00,10182.691335713196,12683.375937805176,9346.594200957872
forecast_6215,2025-09-16 23:00:00,11008.670623344422,13515.235374240114,10252.498516321182
forecast_6216,2025-09-17 00:00:00,11418.347234223938,13884.565295953369,10333.587780556107
forecast_6217,2025-09-17 01:00:00,15395.692982211305,17216.60381324463,15040.66352185898
forecast_6218,2025-09-17 02:00:00,15546.488259152222,17850.43819267273,15451.030546628572
forecast_6219,2025-09-17 03:00:00,16405.19267574158,18185.285376229862,15760.354753350068
forecast_6220,2025-09-17 04:00:00,17292.029697351074,18433.476862838746,15808.0059700264
forecast_6221,2025-09-17 05:00:00,16265.455539309694,17915.919482614136,15637.551977673342
forecast_6222,2025-09-17 06:00:00,15394.074854690552,17519.87694293518,14971.781226115418
forecast_6223,2025-09-17 07:00:00,12699.166737760926,14676.01211963501,11717.275331270217
forecast_6224,2025-09-17 08:00:00,9818.254837460327,11277.53259011841,7166.109002414322
forecast_6225,2025-09-17 09:00:00,6660.328384693908,7666.841353291322,3754.256851306534
forecast_6226,2025-09-17 10:00:00,4580.006982427216,4831.929875438691,2034.3669077054406
forecast_6227,2025-09-17 11:00:00,4074.5905743968965,4392.831989731141,1506.4285857825662
forecast_6228,2025-09-17 12:00:00,2866.5199037306215,3101.410421021576,1580.155505059433
forecast_6229,2025-09-17 13:00:00,3124.090715736008,3341.5565692517093,1243.2323998451425
forecast_6230,2025-09-17 14:00:00,4937.095458566971,5437.698572649231,2588.9050595622443
forecast_6231,2025-09-17 15:00:00,6608.200191975404,8014.521332170106,4586.731432948837
forecast_6232,2025-09-17 16:00:00,4201.803076891327,4368.347914031525,1525.25976
forecast_6233,2025-09-17 17:00:00,2738.814213686161,2979.6820641067125,1023.1368000000001
forecast_6234,2025-09-17 18:00:00,2396.2115142045977,2107.310396655083,873.611903601326
forecast_6235,2025-09-17 19:00:00,1955.8674907812501,1728.8199612143326,632.5894262707711
forecast_6236,2025-09-17 20:00:00,1829.654262193756,1986.7782260835265,689.3136178123284
forecast_6237,2025-09-17 21:00:00,1973.453780668297,2478.2526754421997,902.8189091649438
forecast_6238,2025-09-17 22:00:00,1784.468395798912,2391.66882130661,1034.845256370266
forecast_6239,2025-09-17 23:00:00,1669.8198927373505,2070.7316037475584,918.0361741345024
forecast_6240,2025-09-18 00:00:00,1554.3357842854311,1868.5996811814882,753.4466168611793
forecast_6241,2025-09-18 01:00:00,1570.7642255260087,1937.0099665054322,690.8540689215661
forecast_6242,2025-09-18 02:00:00,1451.9312439193727,1781.8894660722353,678.0828737483025
forecast_6243,2025-09-18 03:00:00,1472.7217479735184,1879.970554840393,718.5430051626778
forecast_6244,2025-09-18 04:00:00,1522.3480986618997,1846.2380997688294,596.7464876514092
forecast_6245,2025-09-18 05:00:00,2509.380058222237,3214.957869694214,1096.8933681697083
forecast_6246,2025-09-18 06:00:00,3413.3066436504364,4217.995651084137,1552.580042763653
forecast_6247,2025-09-18 07:00:00,3581.2081841555027,5137.038539825439,2003.0437863138773
forecast_6248,2025-09-18 08:00:00,3948.20468027771,5270.369064311219,1854.1742246764184
forecast_6249,2025-09-18 09:00:00,3964.5171042434695,5454.7921445709235,2045.2047673141672
forecast_6250,2025-09-18 10:00:00,3974.380812782288,5194.908180377197,1873.1962686990928
forecast_6251,2025-09-18 11:00:00,3640.703030420685,4954.89014058075,1701.7225732862855
forecast_6252,2025-09-18 12:00:00,3503.834371198273,4581.663447006225,1826.2104358920478
forecast_6253,2025-09-18 13:00:00,3138.485334591522,4115.170814597626,1491.8468666604424
forecast_6254,2025-09-18 14:00:00,2982.403417580414,3785.941619029236,1492.7008573899652
forecast_6255,2025-09-18 15:00:00,2842.558048413086,3594.372267175446,1487.7342074679757
forecast_6256,2025-09-18 16:00:00,2592.274519052887,3253.967182571564,1243.0575710956764
forecast_6257,2025-09-18 17:00:00,2873.247756758728,3845.3666987829592,1499.3234443799781
forecast_6258,2025-09-18 18:00:00,3201.5818251150513,4039.961777507019,1469.2290228325844
forecast_6259,2025-09-18 19:00:00,3069.0733830749514,3975.438489178162,1329.6326144763757
forecast_6260,2025-09-18 20:00:00,3044.979168597412,3883.7498493354797,1225.337059647236
forecast_6261,2025-09-18 21:00:00,3231.2158295774843,3717.2957650891112,1075.2591219841192
forecast_6262,2025-09-18 22:00:00,3634.816210264893,4213.282250091554,1362.7842440017891
forecast_6263,2025-09-18 23:00:00,3353.129292196045,4050.5372929888917,1356.2731547256278
forecast_6264,2025-09-19 00:00:00,3278.9557839060976,3887.962991849976,1291.23533547678
forecast_6265,2025-09-19 01:00:00,3320.230193269959,4026.0461255142213,1108.962686202698
forecast_6266,2025-09-19 02:00:00,3313.367204233551,3645.7168685214237,1037.8562618577766
forecast_6267,2025-09-19 03:00:00,3313.6894576258856,3650.70998230835,1096.6395897146988
forecast_6268,2025-09-19 04:00:00,3070.6309057421877,3490.3374311691286,1012.5819069127083
forecast_6269,2025-09-19 05:00:00,2966.570249425354,3360.000282173157,929.3533951760674
forecast_6270,2025-09-19 06:00:00,2541.6685240132906,3054.356021005249,742.3023918560906
forecast_6271,2025-09-19 07:00:00,2840.2519387475586,3049.178370219574,828.8317552243806
forecast_6272,2025-09-19 08:00:00,2336.4757678414153,2569.054488263855,652.569811060753
forecast_6273,2025-09-19 09:00:00,2065.3566099945074,2422.726577851715,677.7630363832665
forecast_6274,2025-09-19 10:00:00,1540.5865860425567,1634.7012502030566,455.286
forecast_6275,2025-09-19 11:00:00,1434.6031742860796,1684.737473970337,461.6603567163048
forecast_6276,2025-09-19 12:00:00,1378.3945635395812,1529.2686523056032,471.5507172516823
forecast_6277,2025-09-19 13:00:00,1378.042483344269,1557.4865170237733,433.0256887248993
forecast_6278,2025-09-19 14:00:00,1360.4783930305482,1550.2995456111146,435.9806906759987
forecast_6279,2025-09-19 15:00:00,1425.716806083603,1617.6745698010254,591.0145767501831
forecast_6280,2025-09-19 16:00:00,1547.3789970535279,1660.9305968138121,535.7348559235572
forecast_6281,2025-09-19 17:00:00,1843.8165533651736,1977.7346306648255,519.7328217404556
forecast_6282,2025-09-19 18:00:00,2103.006963793259,2141.142211341858,557.0057253030968
forecast_6283,2025-09-19 19:00:00,2924.4442822133637,3298.1011284049987,884.6127200273132
forecast_6284,2025-09-19 20:00:00,2886.694724817734,2911.9831064813234,706.872217861931
forecast_6285,2025-09-19 21:00:00,2903.3602357795717,2958.383887187195,788.9772554319306
forecast_6286,2025-09-19 22:00:00,4003.730847266388,4567.368775699768,1588.3524036693002
forecast_6287,2025-09-19 23:00:00,4480.878985563508,4961.970865934753,1933.9562321665956
forecast_6288,2025-09-20 00:00:00,5453.775009925843,5982.722469600525,2679.098030299835
forecast_6289,2025-09-20 01:00:00,6839.246348340606,7118.9952798233035,2505.87080301466
forecast_6290,2025-09-20 02:00:00,7247.252440571595,8354.011651852417,3412.1619980226137
forecast_6291,2025-09-20 03:00:00,5312.440718930054,5324.1466326354985,2501.4922417622374
forecast_6292,2025-09-20 04:00:00,5719.487602084046,6358.547666263733,2678.358982110901
forecast_6293,2025-09-20 05:00:00,6819.1465349945065,6485.222701549683,2971.6565146623993
forecast_6294,2025-09-20 06:00:00,6894.518544793701,7063.312807157898,3381.992087169266
forecast_6295,2025-09-20 07:00:00,5866.350737551117,5823.263222960205,3081.2124142055513
forecast_6296,2025-09-20 08:00:00,4005.6300959762575,3960.836896116638,1814.1409423194123
forecast_6297,2025-09-20 09:00:00,2089.4960820866395,2295.497388713379,1022.2644238630829
forecast_6298,2025-09-20 10:00:00,1786.2607568818667,1919.0623635687257,606.7645540024871
forecast_6299,2025-09-20 11:00:00,2201.5913547698974,2579.0316502589035,959.7201639412499
forecast_6300,2025-09-20 12:00:00,2473.8545287908555,2645.6087492500305,1049.5734796446036
forecast_6301,2025-09-20 13:00:00,2890.871284241486,3190.931925940399,1243.6477293945886
forecast_6302,2025-09-20 14:00:00,2833.3092012625507,3157.703410754395,1135.0221068395233
forecast_6303,2025-09-20 15:00:00,2495.0159102395633,2757.6814272402953,917.2448507795143
forecast_6304,2025-09-20 16:00:00,2306.5491579071427,2469.492255664062,787.4416608538437
forecast_6305,2025-09-20 17:00:00,2104.5692182056046,2301.5094083835984,768.2934659384995
forecast_6306,2025-09-20 18:00:00,2140.8918497203067,2112.8786680763246,791.6352684849167
forecast_6307,2025-09-20 19:00:00,1912.9838824792482,1856.0432935857775,814.2290636767389
forecast_6308,2025-09-20 20:00:00,2808.5905901200867,2900.715642642975,984.5190913085937
forecast_6309,2025-09-20 21:00:00,3544.828333974457,3585.2478541645814,1444.7027869179344
forecast_6310,2025-09-20 22:00:00,3633.2746046064763,4086.562021928406,1594.5413626521874
forecast_6311,2025-09-20 23:00:00,3479.3529899186706,3603.7669820095825,1493.3940933645058
forecast_6312,2025-09-21 00:00:00,3827.8541203227237,4086.446418877411,1687.6036950455475
forecast_6313,2025-09-21 01:00:00,4865.709037050018,6197.819914730835,2858.539483541355
forecast_6314,2025-09-21 02:00:00,4451.621886176301,5628.674008454896,2100.3826483655357
forecast_6315,2025-09-21 03:00:00,4233.193008116303,5333.226616631165,1977.8731184111978
forecast_6316,2025-09-21 04:00:00,3836.597890870667,4741.326308511352,1705.0890101337625
forecast_6317,2025-09-21 05:00:00,3608.0921770266723,4471.407172242737,1583.9901872131159
forecast_6318,2025-09-21 06:00:00,4268.716831695861,5027.028585968628,1910.2934643771937
forecast_6319,2025-09-21 07:00:00,4849.327984862519,6146.340039774475,1997.681094595623
forecast_6320,2025-09-21 08:00:00,4029.679551918793,5149.501828912201,1889.584991743908
forecast_6321,2025-09-21 09:00:00,3116.2798279241943,3871.244007088318,1329.0342096710779
forecast_6322,2025-09-21 10:00:00,2429.2365347929003,3177.302233821869,1197.2356710417748
forecast_6323,2025-09-21 11:00:00,2020.7483505456923,2511.3167736937335,943.6812949281311
forecast_6324,2025-09-21 12:00:00,1823.4203029154587,2298.9620916126632,1033.9638844670108
forecast_6325,2025-09-21 13:00:00,1791.3860391981507,2274.194028584442,1173.6441295921898
forecast_6326,2025-09-21 14:00:00,1594.2432930711748,2080.984011908112,1094.0371522937967
forecast_6327,2025-09-21 15:00:00,1882.0505507902144,2458.022697418213,1122.2936924810983
forecast_6328,2025-09-21 16:00:00,1946.7361379735567,2482.511730222931,1180.5031326150322
forecast_6329,2025-09-21 17:00:00,2233.2713440389634,2891.8425363983156,1160.5149937337494
forecast_6330,2025-09-21 18:00:00,2517.334842650223,3329.13775507309,1246.9948525906564
forecast_6331,2025-09-21 19:00:00,3238.8957285351566,4126.702202246093,1385.9063174964333
forecast_6332,2025-09-21 20:00:00,3622.1069527728273,4328.042871974183,1310.279877253094
forecast_6333,2025-09-21 21:00:00,4020.9797901835636,4795.6917737220765,1386.1678118190957
forecast_6334,2025-09-21 22:00:00,4733.014741607972,5465.696556193542,1782.6446141134836
forecast_6335,2025-09-21 23:00:00,5597.778140861817,6747.448334019471,2135.7206603098866
forecast_6336,2025-09-22 00:00:00,6239.415656140137,7282.479404756165,2166.58571432333
forecast_6337,2025-09-22 01:00:00,5628.16295371048,6030.463152222901,1713.2951279498102
forecast_6338,2025-09-22 02:00:00,5971.353522096253,6652.258465956116,1889.229221251583
forecast_6339,2025-09-22 03:00:00,6526.904757015229,7659.19344238739,2048.168091814079
forecast_6340,2025-09-22 04:00:00,6152.441708806611,7557.020198866273,2023.0965139541438
forecast_6341,2025-09-22 05:00:00,6132.4884849174505,7541.221267723085,2168.424909387188
forecast_6342,2025-09-22 06:00:00,4588.657236955872,5291.6571141716,1607.4637425080682
forecast_6343,2025-09-22 07:00:00,4907.453452205658,6076.253344583588,1960.5733214829445
forecast_6344,2025-09-22 08:00:00,5678.897151141357,6864.394061013794,2521.444101655865
forecast_6345,2025-09-22 09:00:00,4847.18022644516,5977.97935055542,2344.8096771341898
forecast_6346,2025-09-22 10:00:00,5831.063769824219,7530.890936732483,2952.6925706549264
forecast_6347,2025-09-22 11:00:00,3951.8860477224734,5415.161202846221,2106.374904763775
forecast_6348,2025-09-22 12:00:00,3748.421418057327,4796.4042545742805,2380.662738845158
forecast_6349,2025-09-22 13:00:00,3123.995600735474,4597.270409233246,2020.5431057245828
forecast_6350,2025-09-22 14:00:00,3365.268917735291,4490.168476903535,1995.2311389706613
forecast_6351,2025-09-22 15:00:00,3388.956402443085,4582.672068937683,2074.4819950273704
forecast_6352,2025-09-22 16:00:00,3166.048866042786,4045.9581598843383,1732.7932054805185
forecast_6353,2025-09-22 17:00:00,3023.588079123993,3893.709550786133,1583.3593717963984
forecast_6354,2025-09-22 18:00:00,2959.4973962581635,3671.621385249939,1289.3088315715218
forecast_6355,2025-09-22 19:00:00,3457.5712217063906,4350.87789643158,1348.9422834617424
forecast_6356,2025-09-22 20:00:00,3758.506947870636,4648.081480666504,1321.1498933633995
forecast_6357,2025-09-22 21:00:00,4074.861234541321,4949.307727134399,1369.3802957312394
forecast_6358,2025-09-22 22:00:00,4014.2983205215455,4721.339264880371,1189.110930481491
forecast_6359,2025-09-22 23:00:00,4072.483439340973,4647.213242994079,1230.7226701837542
forecast_6360,2025-09-23 00:00:00,3748.309492746277,4106.852461242675,1042.1027152253341
forecast_6361,2025-09-23 01:00:00,2208.6625738842013,2514.6083591877746,460.39256
forecast_6362,2025-09-23 02:00:00,2382.4959039476016,2614.74254894516,579.9746782394715
forecast_6363,2025-09-23 03:00:00,2374.7152621224977,2775.404737502441,583.3385527941056
forecast_6364,2025-09-23 04:00:00,2720.8649567863463,3157.1475949707033,732.1102892439767
forecast_6365,2025-09-23 05:00:00,2626.2328463912963,3069.8492705891417,753.7302692498017
forecast_6366,2025-09-23 06:00:00,3133.9879700437928,3302.736055422821,805.116116856804
forecast_6367,2025-09-23 07:00:00,3609.4291980436706,3744.786576408234,872.377430726944
forecast_6368,2025-09-23 08:00:00,3668.4846198806003,3817.824793807068,959.701582407055
forecast_6369,2025-09-23 09:00:00,3222.060553951874,3607.0617709602357,1034.4347447502137
forecast_6370,2025-09-23 10:00:00,2144.5604439946746,2462.82836245739,903.5069682233047
forecast_6371,2025-09-23 11:00:00,1914.7339241550446,2222.008290090752,1013.4049358116722
forecast_6372,2025-09-23 12:00:00,1866.9203335941315,2100.6165290687177,1018.8889953261757
forecast_6373,2025-09-23 13:00:00,1665.9221255401994,2016.7401430240252,1066.360769243885
forecast_6374,2025-09-23 14:00:00,1649.094145025444,1951.6637586000443,1025.6455312735864
forecast_6375,2025-09-23 15:00:00,1669.9107148389055,2034.1041031957627,1063.9155460843392
forecast_6376,2025-09-23 16:00:00,1807.0355668073655,2147.483595407867,1046.536238051159
forecast_6377,2025-09-23 17:00:00,2162.230568447342,2399.3102346147157,998.5355775124856
forecast_6378,2025-09-23 18:00:00,2723.2234979970553,3162.237669657898,955.9453053422927
forecast_6379,2025-09-23 19:00:00,3088.183935137329,3177.620162171936,783.4375200000001
forecast_6380,2025-09-23 20:00:00,3343.0279000110627,3192.6069344862367,766.46248
forecast_6381,2025-09-23 21:00:00,3285.0715420188144,3096.439910943146,729.94888
forecast_6382,2025-09-23 22:00:00,3404.6981403187565,3248.4925807936097,721.0410400000001
forecast_6383,2025-09-23 23:00:00,3708.216866359711,3197.7861867504885,907.9958713327409
forecast_6384,2025-09-24 00:00:00,3875.5836982010655,3425.215267495728,927.2205533975983
forecast_6385,2025-09-24 01:00:00,3647.1350103327945,3284.301991856384,1071.8211761537552
forecast_6386,2025-09-24 02:00:00,3890.6128664527896,3693.6979844415287,1331.1082198753547
forecast_6387,2025-09-24 03:00:00,4146.719188174056,4145.47149589386,1511.4507613760186
forecast_6388,2025-09-24 04:00:00,4888.567987920533,5219.058967176362,2046.913071775303
forecast_6389,2025-09-24 05:00:00,6422.261491739655,6596.252462619019,2806.179011189118
forecast_6390,2025-09-24 06:00:00,5696.485460243835,6189.733117239381,2741.2547918766977
forecast_6391,2025-09-24 07:00:00,5309.51899470253,5423.980548729249,2504.4239583211324
forecast_6392,2025-09-24 08:00:00,4631.631685336838,5358.880692881775,2237.4060144859504
forecast_6393,2025-09-24 09:00:00,4453.240486098862,5281.469280622711,2438.7062247803306
forecast_6394,2025-09-24 10:00:00,4901.1628567099,5855.805684718171,2912.799075281811
forecast_6395,2025-09-24 11:00:00,6195.0786201033025,8345.94096351471,5547.489673563385
forecast_6396,2025-09-24 12:00:00,8628.116740130616,10902.922646772766,7537.219244457245
forecast_6397,2025-09-24 13:00:00,8975.642710533142,12132.14461797638,8139.871167034912
forecast_6398,2025-09-24 14:00:00,10714.40560388794,13545.542702792358,9984.099982403946
forecast_6399,2025-09-24 15:00:00,9591.004317451476,12550.840781674196,9021.021937932586
forecast_6400,2025-09-24 16:00:00,9042.724302716066,10984.178011361695,8274.838121263503
forecast_6401,2025-09-24 17:00:00,7535.374383238984,9392.582161445618,6580.189517407685
forecast_6402,2025-09-24 18:00:00,7504.148839676209,9509.936220492553,5933.701801638795
forecast_6403,2025-09-24 19:00:00,7836.750028665924,10145.811442250062,6343.080858291245
forecast_6404,2025-09-24 20:00:00,10124.738723028566,13299.226950073244,9577.441122802735
forecast_6405,2025-09-24 21:00:00,12239.14950627594,14848.334399377442,12176.025363709641
forecast_6406,2025-09-24 22:00:00,13727.575645898438,15775.33697317505,13156.753176673126
forecast_6407,2025-09-24 23:00:00,14650.586184176636,16406.832716390993,14158.993116229249
forecast_6408,2025-09-25 00:00:00,14530.230127038574,16692.72018663025,14719.555373249055
forecast_6409,2025-09-25 01:00:00,15000.082503274536,16775.91164446411,14677.959532917786
forecast_6410,2025-09-25 02:00:00,15494.265942266846,17041.091473931887,14819.921622824098
forecast_6411,2025-09-25 03:00:00,14562.747020611574,15653.389214422608,13116.72691595459
forecast_6412,2025-09-25 04:00:00,14695.526705892946,15702.335259323121,13079.839474567414
forecast_6413,2025-09-25 05:00:00,13812.858628009033,15821.095153744507,12061.674206928254
forecast_6414,2025-09-25 06:00:00,14156.62311732483,15971.048058581544,12365.269716503144
forecast_6415,2025-09-25 07:00:00,14149.689316424561,16307.418642602539,13163.104715329742
forecast_6416,2025-09-25 08:00:00,12436.284238247681,14487.453547091674,10864.576353470231
forecast_6417,2025-09-25 09:00:00,13318.763227568055,15781.15354723816,11696.935211745835
forecast_6418,2025-09-25 10:00:00,12622.984980541993,14214.21298456421,10827.355234669876
forecast_6419,2025-09-25 11:00:00,12694.903582673645,14086.207124011231,10646.295904464341
forecast_6420,2025-09-25 12:00:00,13272.806218296813,14983.330579519654,11539.20875482254
forecast_6421,2025-09-25 13:00:00,13213.136160266113,14921.362723648072,11582.607159347153
forecast_6422,2025-09-25 14:00:00,12419.529310891725,14015.824050332643,10381.644423528673
forecast_6423,2025-09-25 15:00:00,12338.310549908449,14099.670402679445,10974.157208342362
forecast_6424,2025-09-25 16:00:00,12813.957110610963,13818.74594938965,10112.21610410347
forecast_6425,2025-09-25 17:00:00,12737.78449565735,13790.603261724855,10703.949019960022
forecast_6426,2025-09-25 18:00:00,14799.237405221558,15325.523940875246,12312.063027023316
forecast_6427,2025-09-25 19:00:00,15885.201741174316,16012.550307525635,12647.122950312043
forecast_6428,2025-09-25 20:00:00,15884.336455499268,16120.028372763063,12526.94691248703
forecast_6429,2025-09-25 21:00:00,16518.916442816164,16919.672688818362,12759.141735724641
forecast_6430,2025-09-25 22:00:00,15583.164527929688,16050.005436111453,11126.594679638672
forecast_6431,2025-09-25 23:00:00,15246.147811450195,15517.527233752442,11021.561399745942
forecast_6432,2025-09-26 00:00:00,14902.353906027223,15196.21740322876,10412.271255160522
forecast_6433,2025-09-26 01:00:00,12324.965850872803,11341.13219501648,7618.8103589040375
forecast_6434,2025-09-26 02:00:00,11642.812267919922,10479.97428857422,6812.064877167511
forecast_6435,2025-09-26 03:00:00,10360.239122026062,8862.044727194214,5540.68229643776
forecast_6436,2025-09-26 04:00:00,7371.817770223999,6282.410627883912,3089.2888369065095
forecast_6437,2025-09-26 05:00:00,4290.458467335206,3462.476632927857,1322.9327646101954
forecast_6438,2025-09-26 06:00:00,2784.108111414032,2142.4387962654114,750.6626659385681
forecast_6439,2025-09-26 07:00:00,2166.227393280945,1741.5064308738329,719.9961205004311
forecast_6440,2025-09-26 08:00:00,1567.4118086538697,1645.1896385156251,578.1138272350502
forecast_6441,2025-09-26 09:00:00,1127.403953454628,1361.987155345726,455.1607383226395
forecast_6442,2025-09-26 10:00:00,958.16824,1040.6976302114488,307.750904
forecast_6443,2025-09-26 11:00:00,956.00456,1038.38984,320.614576
forecast_6444,2025-09-26 12:00:00,958.20672,1013.6164000000001,300.786744
forecast_6445,2025-09-26 13:00:00,938.1177600000001,999.056,307.750904
forecast_6446,2025-09-26 14:00:00,952.68176,1086.9940635756302,326.71481600000004
forecast_6447,2025-09-26 15:00:00,954.9097268794966,1071.2705827695847,320.614576
forecast_6448,2025-09-26 16:00:00,1041.8063465262985,1089.659008396187,318.74288
forecast_6449,2025-09-26 17:00:00,1064.4970125468255,1161.824870184212,320.614576
forecast_6450,2025-09-26 18:00:00,1072.914592694855,1118.2126815250779,320.614576
forecast_6451,2025-09-26 19:00:00,1131.7666545190048,1163.149892794304,331.60656
forecast_6452,2025-09-26 20:00:00,1221.4373575930786,1328.3041503100205,407.6504
forecast_6453,2025-09-26 21:00:00,1188.922238100891,1397.4827562884902,407.6504
forecast_6454,2025-09-26 22:00:00,1465.4901018980026,1623.0026443426514,407.6504
forecast_6455,2025-09-26 23:00:00,1627.6000678602982,1766.2382707292177,427.89880000000005
forecast_6456,2025-09-27 00:00:00,1578.7586634496308,1760.1091059907533,426.5997551850319
forecast_6457,2025-09-27 01:00:00,1504.633321796112,1646.1586211839294,418.6424
forecast_6458,2025-09-27 02:00:00,1469.1965117403413,1508.6212384904863,427.89880000000005
forecast_6459,2025-09-27 03:00:00,1642.3181743678667,1663.2011485124208,460.9373739068604
forecast_6460,2025-09-27 04:00:00,1817.0136517988205,1884.3245482449342,491.3147776671028
forecast_6461,2025-09-27 05:00:00,1904.6943283510209,1960.39600296875,546.2261887235451
forecast_6462,2025-09-27 06:00:00,2202.260184654121,2040.2043593150713,559.58864
forecast_6463,2025-09-27 07:00:00,2631.7333385408783,2247.722816315651,683.1939440000001
forecast_6464,2025-09-27 08:00:00,2357.342027090111,2093.7383575328445,559.58864
forecast_6465,2025-09-27 09:00:00,1876.2431127837754,1795.3893083688354,455.286
forecast_6466,2025-09-27 10:00:00,1477.387068715439,1427.7500604011918,407.6504
forecast_6467,2025-09-27 11:00:00,1148.828038303566,1207.1042463486099,407.6504
forecast_6468,2025-09-27 12:00:00,1049.641239187193,1202.2208612943648,331.60656
forecast_6469,2025-09-27 13:00:00,1046.8782224249267,1157.2873173887253,426.87032
forecast_6470,2025-09-27 14:00:00,1054.9736368806457,1097.1908548572922,331.60656
forecast_6471,2025-09-27 15:00:00,1138.9356373189162,1192.5013353228378,452.9932709372521
forecast_6472,2025-09-27 16:00:00,1252.6728944158556,1471.2303765101624,520.9197616667939
forecast_6473,2025-09-27 17:00:00,1288.2580605357741,1521.3292919989015,566.6736030912972
forecast_6474,2025-09-27 18:00:00,1466.4407802970888,1710.625542236824,575.0539098846245
forecast_6475,2025-09-27 19:00:00,1977.701659608803,2033.280705169182,653.2870714532662
forecast_6476,2025-09-27 20:00:00,1718.9770742941475,1860.0118675682452,652.3096878900528
forecast_6477,2025-09-27 21:00:00,1849.0010182754138,1967.619553293419,676.8204440540504
forecast_6478,2025-09-27 22:00:00,3260.042809132004,3485.298984169922,1449.1642379087257
forecast_6479,2025-09-27 23:00:00,3387.6890764118198,3472.3540709562685,1635.7908290270234
forecast_6480,2025-09-28 00:00:00,2767.2067150989533,3270.729227294312,1444.648946209812
forecast_6481,2025-09-28 01:00:00,4734.855424530029,5219.302780888672,2160.8369137409973
forecast_6482,2025-09-28 02:00:00,6138.442740377808,6420.100012409974,2819.9750542937472
forecast_6483,2025-09-28 03:00:00,6533.63503166092,7483.357106483155,3440.9413568396
forecast_6484,2025-09-28 04:00:00,5775.083714784241,7434.33796742859,3328.6766925165557
forecast_6485,2025-09-28 05:00:00,5827.866379417573,7424.903082094726,2961.094750040665
forecast_6486,2025-09-28 06:00:00,4430.361068091965,4895.174458747101,1718.2193862519646
forecast_6487,2025-09-28 07:00:00,4434.602867283249,5075.910547564849,1825.7662452592658
forecast_6488,2025-09-28 08:00:00,4154.792197194672,5408.517211073303,1961.9029172587777
forecast_6489,2025-09-28 09:00:00,3409.3170683410644,3995.1100546020507,1451.840160942669
forecast_6490,2025-09-28 10:00:00,5388.274370968628,5142.3401577169425,2561.820355653019
forecast_6491,2025-09-28 11:00:00,3372.830042091408,2950.0552000000002,1588.5112902289009
forecast_6492,2025-09-28 12:00:00,2550.25546846962,2437.3333776839067,919.3572611759187
forecast_6493,2025-09-28 13:00:00,2416.9562319423294,2866.3142870068364,816.897704
forecast_6494,2025-09-28 14:00:00,3585.434047152481,3727.5311683488844,1372.0435200000002
forecast_6495,2025-09-28 15:00:00,4435.984419672852,4932.101432257081,2318.1822373316954
forecast_6496,2025-09-28 16:00:00,4549.667083247987,4787.245877881623,2033.6932784793091
forecast_6497,2025-09-28 17:00:00,4502.9457032127375,4880.600391379395,1970.585134023304
forecast_6498,2025-09-28 18:00:00,3988.5492517427065,4213.677186610413,1622.6057688155176
forecast_6499,2025-09-28 19:00:00,4080.8820724180605,4230.998318801117,1618.0273664772988
forecast_6500,2025-09-28 20:00:00,4473.124683860473,4676.8801131843575,1954.4020322881127
forecast_6501,2025-09-28 21:00:00,5030.7868324821475,5197.04484190979,2386.003549983883
forecast_6502,2025-09-28 22:00:00,4523.783601409912,4433.932242013856,2092.1037451041984
forecast_6503,2025-09-28 23:00:00,4135.006600592957,3920.6545132772826,1861.55187705122
forecast_6504,2025-09-29 00:00:00,3813.6402037727357,3623.507095116425,1759.489468033371
forecast_6505,2025-09-29 01:00:00,3357.860020494538,3453.8082516004943,1420.646467359104
forecast_6506,2025-09-29 02:00:00,3168.0753604208376,3220.7036461337284,1300.484837736683
forecast_6507,2025-09-29 03:00:00,2961.3551180012514,3004.362903211975,1223.2951853105355
forecast_6508,2025-09-29 04:00:00,3543.2255922286986,3630.6249582214355,1424.2721981162454
forecast_6509,2025-09-29 05:00:00,2751.27371009903,2876.921153909912,1176.289889183674
forecast_6510,2025-09-29 06:00:00,2333.550202856445,2422.041183097076,850.4155111652032
forecast_6511,2025-09-29 07:00:00,1910.683562483902,2021.0809229071047,757.7794574961663
forecast_6512,2025-09-29 08:00:00,1599.4435822353364,1880.646558373871,675.963562057972
forecast_6513,2025-09-29 09:00:00,1452.3275750074388,1662.7543905343628,693.2581508493996
forecast_6514,2025-09-29 10:00:00,1064.9581040842818,1261.727439719734,393.7747742917023
forecast_6515,2025-09-29 11:00:00,1060.9049965127565,1245.464156423378,350.2447288811455
forecast_6516,2025-09-29 12:00:00,1170.9277279686357,1245.2233988188552,342.54220331531525
forecast_6517,2025-09-29 13:00:00,1054.762914301491,1164.171279445839,370.82925344329834
forecast_6518,2025-09-29 14:00:00,1123.6403200000002,1340.799157598076,493.7062566663856
forecast_6519,2025-09-29 15:00:00,1136.9372799999999,1270.1456134511948,484.7507839748955
forecast_6520,2025-09-29 16:00:00,1278.0293452931023,1562.8131744507218,624.3498569080925
forecast_6521,2025-09-29 17:00:00,1256.7115101188087,1479.285436710701,529.1775318408395
forecast_6522,2025-09-29 18:00:00,1185.7704868800736,1377.8696459731675,461.55476496393203
forecast_6523,2025-09-29 19:00:00,1252.9486796318436,1411.8440849173355,517.6253897880554
forecast_6524,2025-09-29 20:00:00,1329.9432781053545,1423.1033872443008,573.2981227415275
forecast_6525,2025-09-29 21:00:00,1483.4161148985293,1610.8446261302568,658.4798000447655
forecast_6526,2025-09-29 22:00:00,2190.320434202499,2444.8592641021733,1011.0170245085335
forecast_6527,2025-09-29 23:00:00,2506.27563709198,2700.1437877630615,1205.8910955776787
forecast_6528,2025-09-30 00:00:00,1974.2384923404695,2236.1004474638366,881.8682288227272
forecast_6529,2025-09-30 01:00:00,2771.206910440674,2784.578073095398,1412.2426980519867
forecast_6530,2025-09-30 02:00:00,3337.104273538971,3051.514029445801,1548.7371693588257
forecast_6531,2025-09-30 03:00:00,2517.8590947524262,2284.951257537079,918.2507609485054
forecast_6532,2025-09-30 04:00:00,3820.1746872654726,3535.8416083251955,1733.231628317852
forecast_6533,2025-09-30 05:00:00,2938.994588931275,2729.364334552612,1149.0490606341364
forecast_6534,2025-09-30 06:00:00,2392.7647711089326,2415.3961263998413,1116.5908197776603
forecast_6535,2025-09-30 07:00:00,1925.1466606190108,1939.3516013604738,936.9180777958794
forecast_6536,2025-09-30 08:00:00,1559.9814300889589,1763.481668454895,760.9903822607231
forecast_6537,2025-09-30 09:00:00,1251.6711172288512,1552.4076697116088,708.3264326403237
forecast_6538,2025-09-30 10:00:00,1186.1111206326293,1462.2625204776002,685.1882647717476
forecast_6539,2025-09-30 11:00:00,1185.5468437777329,1408.7284500637818,653.5400085228157
forecast_6540,2025-09-30 12:00:00,1748.269380400963,1946.3540297354127,1079.5898775822945
forecast_6541,2025-09-30 13:00:00,1358.8224574605943,1481.4112499454118,742.0232766137124
forecast_6542,2025-09-30 14:00:00,1569.4258472989275,1750.34601145813,934.9946730892754
forecast_6543,2025-09-30 15:00:00,1854.7712055373004,1925.5288621069337,1087.8818728442575
forecast_6544,2025-09-30 16:00:00,1954.0310680984499,2208.9361204089355,1137.3843610560036
forecast_6545,2025-09-30 17:00:00,1863.8791425042343,1999.680499119568,1024.3502149275705
forecast_6546,2025-09-30 18:00:00,2735.159207167969,2805.406900421295,1312.6534995972634
forecast_6547,2025-09-30 19:00:00,3666.8178281059268,3386.97787983429,1502.845266259556
forecast_6548,2025-09-30 20:00:00,4725.736680193329,4998.144234526062,2239.610230987396
forecast_6549,2025-09-30 21:00:00,6151.308291837311,5967.595326242981,2971.4866150119783
forecast_6550,2025-09-30 22:00:00,6474.663668959656,6156.168604188233,3269.0227996458434
forecast_6551,2025-09-30 23:00:00,6478.758111603089,6507.8187569656375,3426.673833429642
forecast_6552,2025-10-01 00:00:00,7881.573022109986,7797.804245528259,4282.60117005272
forecast_6553,2025-10-01 01:00:00,9407.920511817932,8823.642833103942,4979.860425581284
forecast_6554,2025-10-01 02:00:00,10063.053575686647,10235.790075094605,5812.486855054855
forecast_6555,2025-10-01 03:00:00,9984.478361993408,10335.241467738342,5463.850501454544
forecast_6556,2025-10-01 04:00:00,9837.513373191834,10431.800602333069,5317.062001555252
forecast_6557,2025-10-01 05:00:00,9666.342533877563,10191.021162292482,5139.430780853271
forecast_6558,2025-10-01 06:00:00,9469.357556172181,9449.212273007202,4701.272644856263
forecast_6559,2025-10-01 07:00:00,8522.052369647217,8514.413756015016,4380.195774628601
forecast_6560,2025-10-01 08:00:00,4462.114898426056,4621.7100727844245,1677.8703910754966
forecast_6561,2025-10-01 09:00:00,3018.533841532135,2947.5205428527834,1339.4537500725746
forecast_6562,2025-10-01 10:00:00,1798.1151809090807,1823.5440992495728,912.813502766285
forecast_6563,2025-10-01 11:00:00,1617.8517008903887,1709.206234334717,905.4730098928261
forecast_6564,2025-10-01 12:00:00,1967.7548431719208,1907.8800609848022,954.1581492179298
forecast_6565,2025-10-01 13:00:00,2639.1518571675874,2374.108499975586,1157.9564992781638
forecast_6566,2025-10-01 14:00:00,2818.585914137497,2567.2567066947936,1260.3711289110756
forecast_6567,2025-10-01 15:00:00,2782.22688313736,2559.5044255334474,1142.7408394174463
forecast_6568,2025-10-01 16:00:00,2596.130748747177,2414.550152564087,1100.238727309246
forecast_6569,2025-10-01 17:00:00,2747.3667833924865,2686.2146759741213,1151.9862620754434
forecast_6570,2025-10-01 18:00:00,3908.6691946357732,3644.971502056885,1554.911818263092
forecast_6571,2025-10-01 19:00:00,6567.233790153961,6118.776773987427,3264.0218834613042
forecast_6572,2025-10-01 20:00:00,8443.79302023163,8551.462299780274,4719.602317983246
forecast_6573,2025-10-01 21:00:00,7011.721428710174,7126.065159508057,3351.344118104782
forecast_6574,2025-10-01 22:00:00,6423.475057087555,6171.1906583154305,3150.163437826996
forecast_6575,2025-10-01 23:00:00,5800.367271676636,5503.925577532959,2327.0652729876138
forecast_6576,2025-10-02 00:00:00,5838.638342537232,5688.320398134766,2687.7751643744086
forecast_6577,2025-10-02 01:00:00,7997.328634545898,8469.543793515015,4701.419893466949
forecast_6578,2025-10-02 02:00:00,7126.969799159241,7638.631379917908,3620.0674691013337
forecast_6579,2025-10-02 03:00:00,6584.316859907685,6921.485417801971,3062.9063407343483
forecast_6580,2025-10-02 04:00:00,4728.431300299378,4197.181271272126,1508.6386719524003
forecast_6581,2025-10-02 05:00:00,3585.4834709662628,3023.5403393260194,1140.5177489234543
forecast_6582,2025-10-02 06:00:00,2819.041300183411,2428.8425469500735,843.996614209404
forecast_6583,2025-10-02 07:00:00,2321.8067933227157,2182.241110616913,757.8591729819375
forecast_6584,2025-10-02 08:00:00,1480.9710362038422,1542.3164150081254,490.50017499423984
forecast_6585,2025-10-02 09:00:00,1071.6442691390992,1355.5790159232713,418.6424
forecast_6586,2025-10-02 10:00:00,998.1690075794221,1123.7247120436477,320.614576
forecast_6587,2025-10-02 11:00:00,959.7899849971581,1040.0518647797012,331.60656
forecast_6588,2025-10-02 12:00:00,959.2404976584339,1040.9893782684326,331.60656
forecast_6589,2025-10-02 13:00:00,942.8658229739476,1005.1490400000001,331.60656
forecast_6590,2025-10-02 14:00:00,994.7708294106484,1052.4277254250717,340.862992
forecast_6591,2025-10-02 15:00:00,928.5024,1095.093583749962,373.32578400000006
forecast_6592,2025-10-02 16:00:00,960.7788076367187,1180.4290340929795,341.34401584487915
forecast_6593,2025-10-02 17:00:00,1022.2904039600277,1182.5725244411087,407.6504
forecast_6594,2025-10-02 18:00:00,1108.5231575962068,1218.2046389030838,350.81848
forecast_6595,2025-10-02 19:00:00,1163.051100786667,1319.564265008049,407.6504
forecast_6596,2025-10-02 20:00:00,1216.4947336460878,1383.1900878638078,412.43008000000003
forecast_6597,2025-10-02 21:00:00,1274.3006346292113,1467.3242171731567,407.6504
forecast_6598,2025-10-02 22:00:00,1433.7423440745163,1413.8276801332474,407.6504
forecast_6599,2025-10-02 23:00:00,1409.8628097355272,1486.4770798332597,418.6424
forecast_6600,2025-10-03 00:00:00,1645.2496154486848,1685.8679990069581,427.89880000000005
forecast_6601,2025-10-03 01:00:00,2958.0850224630735,3314.1306632354735,783.6760162082101
forecast_6602,2025-10-03 02:00:00,3019.4379930622868,3107.508605179596,723.2981497339173
forecast_6603,2025-10-03 03:00:00,2994.854850780029,3067.326300979462,708.618992
forecast_6604,2025-10-03 04:00:00,2931.942966284027,3170.39130068924,738.3748917546654
forecast_6605,2025-10-03 05:00:00,3142.714543464508,3097.269526105194,721.0410400000001
forecast_6606,2025-10-03 06:00:00,3361.720892230835,3582.955762159729,953.1662795898628
forecast_6607,2025-10-03 07:00:00,3525.764249197846,3668.0772425411988,1004.562283679104
forecast_6608,2025-10-03 08:00:00,3722.329489782715,4077.5959132994085,1254.7105970119667
forecast_6609,2025-10-03 09:00:00,3707.222701368866,4284.193955323792,1408.6848469314004
forecast_6610,2025-10-03 10:00:00,3710.5631998335266,4164.168751175232,1614.4765006322289
forecast_6611,2025-10-03 11:00:00,4029.695451738282,4511.531458700561,1833.1524275433922
forecast_6612,2025-10-03 12:00:00,4721.587245349885,5741.354679289856,2656.6460220465283
forecast_6613,2025-10-03 13:00:00,3594.703399136353,4063.5218210510257,1777.479349566479
forecast_6614,2025-10-03 14:00:00,3457.49664271698,3453.6842771673582,1355.6678503374483
forecast_6615,2025-10-03 15:00:00,3122.9567504424285,3005.004235098877,1067.0547265732957
forecast_6616,2025-10-03 16:00:00,4174.565564606934,3978.9259169154357,1323.0322699604799
forecast_6617,2025-10-03 17:00:00,4469.356752427979,4702.262748763275,1636.8980337479593
forecast_6618,2025-10-03 18:00:00,5123.386140661469,4923.919135390473,1672.6160976279261
forecast_6619,2025-10-03 19:00:00,6977.156484411622,7607.06704788971,3478.5148549396517
forecast_6620,2025-10-03 20:00:00,6168.691583437348,5686.449154750824,2049.136020510712
forecast_6621,2025-10-03 21:00:00,6151.046338317872,5580.47512693573,1900.7750466501236
forecast_6622,2025-10-03 22:00:00,5833.100252011872,5343.050533564759,1709.777963140068
forecast_6623,2025-10-03 23:00:00,5215.580827267457,4424.531022616729,1355.9504165844344
forecast_6624,2025-10-04 00:00:00,4339.177843787155,4195.670128868256,1406.0125352468683
forecast_6625,2025-10-04 01:00:00,4459.53886506546,4469.018357845613,1242.2136554042245
forecast_6626,2025-10-04 02:00:00,3639.110963433838,3693.9416806777954,1074.965312129612
forecast_6627,2025-10-04 03:00:00,3758.635957926178,3877.1079248265078,1228.803633523159
forecast_6628,2025-10-04 04:00:00,3344.1704920113375,3458.6266952157594,1148.1262681386756
forecast_6629,2025-10-04 05:00:00,3426.366180509949,3616.8981700862123,1223.827258882351
forecast_6630,2025-10-04 06:00:00,3472.568619392548,3513.8794449943543,1113.7185421578788
forecast_6631,2025-10-04 07:00:00,3112.130430806351,3445.7872847981266,1128.0183366290476
forecast_6632,2025-10-04 08:00:00,2996.6223310256196,3366.0506254101565,1115.3254943918419
forecast_6633,2025-10-04 09:00:00,2743.3420828726958,3270.114534914551,1041.6803490828133
forecast_6634,2025-10-04 10:00:00,1993.6621844878007,2445.079914271698,895.4722974019737
forecast_6635,2025-10-04 11:00:00,1749.5293218467332,2181.2041696736146,771.7863252710915
forecast_6636,2025-10-04 12:00:00,1808.9078059033586,2187.515422646332,779.4992670516015
forecast_6637,2025-10-04 13:00:00,1581.1660782231522,2050.0709638017274,743.0816992987634
forecast_6638,2025-10-04 14:00:00,1480.6594924855997,1903.8689911094666,725.5188807715417
forecast_6639,2025-10-04 15:00:00,1420.888727651787,1857.4114880093384,661.4822351202965
forecast_6640,2025-10-04 16:00:00,1433.1807090998363,1917.899664677124,709.3597416745949
forecast_6641,2025-10-04 17:00:00,1559.683377873087,2027.16423966156,699.5483417975236
forecast_6642,2025-10-04 18:00:00,1696.8567852282906,2174.7809050714113,740.4958141189232
forecast_6643,2025-10-04 19:00:00,1743.4166966127395,2108.434889496155,785.0423404138184
forecast_6644,2025-10-04 20:00:00,1820.1596008938982,2196.378753890228,868.7432875663491
forecast_6645,2025-10-04 21:00:00,2126.3772214609335,2317.926947352753,837.0332398567009
forecast_6646,2025-10-04 22:00:00,1642.7882202235032,1947.0135351928711,635.7136134969521
forecast_6647,2025-10-04 23:00:00,1444.0964811750412,1785.394431414795,588.8875653540077
forecast_6648,2025-10-05 00:00:00,1305.2045475401308,1702.9218895845033,601.2661414766694
forecast_6649,2025-10-05 01:00:00,1524.7346474434662,1761.6897490623476,523.4842175579644
forecast_6650,2025-10-05 02:00:00,1474.9086874361801,1665.4325069418337,552.5806146288301
forecast_6651,2025-10-05 03:00:00,1494.3530327532198,1700.490379342041,583.1001018831826
forecast_6652,2025-10-05 04:00:00,1349.8762037511826,1586.7404164768984,518.5218185841446
forecast_6653,2025-10-05 05:00:00,1313.772595696106,1469.6660772686769,531.2225779981804
forecast_6654,2025-10-05 06:00:00,1339.7615098140336,1437.7913869924546,516.4698290253068
forecast_6655,2025-10-05 07:00:00,1321.6678489207459,1424.5374958469008,487.54734606458663
forecast_6656,2025-10-05 08:00:00,1316.0111247363282,1483.4974315574646,536.0866473140716
forecast_6657,2025-10-05 09:00:00,1331.8611995768358,1595.9962645074463,549.2983784521103
forecast_6658,2025-10-05 10:00:00,1300.8019114486312,1584.7793391270448,475.6020230983734
forecast_6659,2025-10-05 11:00:00,1335.8231558145524,1654.2153114863586,568.2079019570733
forecast_6660,2025-10-05 12:00:00,1263.709787460785,1462.3668151910401,510.05878427972794
forecast_6661,2025-10-05 13:00:00,1201.5945059405901,1444.6661325021364,536.7905386260986
forecast_6662,2025-10-05 14:00:00,1283.2715155001067,1487.5362712046815,614.8635444973945
forecast_6663,2025-10-05 15:00:00,1211.6053655742264,1483.5464148457338,624.2694370525551
forecast_6664,2025-10-05 16:00:00,1415.1683145420075,1692.3492072241213,608.3177922104835
forecast_6665,2025-10-05 17:00:00,1181.558903526535,1561.7717390031435,612.841459410572
forecast_6666,2025-10-05 18:00:00,1265.394351735306,1672.1011108122254,687.2807275498391
forecast_6667,2025-10-05 19:00:00,1757.8789817940904,2357.795170950775,808.3912358495064
forecast_6668,2025-10-05 20:00:00,1987.5547310980987,2465.7069599679567,788.1868899014855
forecast_6669,2025-10-05 21:00:00,2020.4819522702792,2701.420978203125,932.452181455021
forecast_6670,2025-10-05 22:00:00,2152.5628336891177,2688.5087979374694,803.9411376535493
forecast_6671,2025-10-05 23:00:00,2383.6473975231934,2804.991926097107,791.8250666346742
forecast_6672,2025-10-06 00:00:00,2132.0357184163668,2478.2577970588686,675.0510876046944
forecast_6673,2025-10-06 01:00:00,2065.535594034195,2540.263458831024,839.5859549992942
forecast_6674,2025-10-06 02:00:00,2801.819980709076,3094.3235418319705,979.0157520546913
forecast_6675,2025-10-06 03:00:00,3942.9193943550113,4435.100569863892,1448.8704444783593
forecast_6676,2025-10-06 04:00:00,3782.074387689972,4628.299637608337,1371.6005144044304
forecast_6677,2025-10-06 05:00:00,4304.332131422425,5116.878923986511,1720.827798082447
forecast_6678,2025-10-06 06:00:00,6287.349561730347,7377.8054034097295,3834.3963226778224
forecast_6679,2025-10-06 07:00:00,7927.1513359887695,9874.125304289246,5412.461239390888
forecast_6680,2025-10-06 08:00:00,10051.705167189028,12761.498233673097,8393.72251685524
forecast_6681,2025-10-06 09:00:00,9982.473997517394,12556.823473648072,8048.529667033005
forecast_6682,2025-10-06 10:00:00,9053.537556149293,11833.509651542663,7287.781969930363
forecast_6683,2025-10-06 11:00:00,7637.360359140014,10092.81201608429,5261.549101915646
forecast_6684,2025-10-06 12:00:00,6776.524754174958,8478.972772210695,4279.4378891861925
forecast_6685,2025-10-06 13:00:00,5670.14793635788,7272.127528052673,3004.1609693942833
forecast_6686,2025-10-06 14:00:00,4471.794972154236,5608.737758292389,2155.946820909481
forecast_6687,2025-10-06 15:00:00,3921.971152952805,4741.315852318574,1774.5658208325385
forecast_6688,2025-10-06 16:00:00,4312.792602533341,4677.360710080872,1997.6405091824533
forecast_6689,2025-10-06 17:00:00,6106.634021553803,7158.721112888184,3357.4996401334192
forecast_6690,2025-10-06 18:00:00,7893.188811218261,8957.505831013488,5299.514287543163
forecast_6691,2025-10-06 19:00:00,8253.11400782013,9008.513140737916,5533.027989859219
forecast_6692,2025-10-06 20:00:00,8750.426716741942,10074.045827381897,6160.76230650282
forecast_6693,2025-10-06 21:00:00,9515.545525960542,11061.18584771576,7719.24413383217
forecast_6694,2025-10-06 22:00:00,11951.820356118777,13768.079108233644,9008.306355890274
forecast_6695,2025-10-06 23:00:00,12756.874148292542,14755.84639725342,9680.458505204773
forecast_6696,2025-10-07 00:00:00,13950.894027191163,16037.091751983644,10834.66710619049
forecast_6697,2025-10-07 01:00:00,10937.981776773071,13329.686717056276,8860.262820850754
forecast_6698,2025-10-07 02:00:00,9886.8467825531,11749.91363569031,7432.1697323679355
forecast_6699,2025-10-07 03:00:00,9675.114380255129,11391.523251412964,7494.887158688583
forecast_6700,2025-10-07 04:00:00,9109.682418296814,11132.645010366823,6563.064556650163
forecast_6701,2025-10-07 05:00:00,8564.85718780823,10994.530605673219,6024.813889883118
forecast_6702,2025-10-07 06:00:00,9530.746104621889,11697.32586163025,6573.329077655792
forecast_6703,2025-10-07 07:00:00,8662.365910917662,10524.906500054933,5883.136859098358
forecast_6704,2025-10-07 08:00:00,8238.378590798951,9937.026359469604,5162.1847405159
forecast_6705,2025-10-07 09:00:00,7801.239893927002,9111.486351527405,4740.089340351105
forecast_6706,2025-10-07 10:00:00,6184.672235968018,7432.592013571168,3168.8337572343444
forecast_6707,2025-10-07 11:00:00,4991.316091758728,5971.512959679566,2290.1137481043243
forecast_6708,2025-10-07 12:00:00,4172.9286924827575,4324.0779618042,1558.6251639403724
forecast_6709,2025-10-07 13:00:00,3966.7657560104376,4181.680209779053,1591.5618496770287
forecast_6710,2025-10-07 14:00:00,3658.658788324356,3603.4468710736087,1175.9625034917258
forecast_6711,2025-10-07 15:00:00,3434.060639398346,3225.182717746735,1319.1066404474068
forecast_6712,2025-10-07 16:00:00,2866.821485796204,2841.5930203079224,856.0573509321404
forecast_6713,2025-10-07 17:00:00,2626.0912975883484,2626.586248415833,805.460436420784
forecast_6714,2025-10-07 18:00:00,2639.2633044218446,2647.5211801869204,799.2096542052193
forecast_6715,2025-10-07 19:00:00,2311.1879243670655,2420.394450068359,643.8045624556732
forecast_6716,2025-10-07 20:00:00,1838.2951755625536,1916.1171188131714,535.9344574131851
forecast_6717,2025-10-07 21:00:00,1649.8264546884157,1604.6716446459961,800.9200230895882
forecast_6718,2025-10-07 22:00:00,1620.33557356308,1713.374674450226,580.9698281620979
forecast_6719,2025-10-07 23:00:00,1669.584998742218,1654.6280112823488,587.3653212524033
forecast_6720,2025-10-08 00:00:00,1690.7173528901674,1850.0904897036744,565.115098551899
forecast_6721,2025-10-08 01:00:00,1483.3782146510316,1709.5043138014223,620.6140307520866
forecast_6722,2025-10-08 02:00:00,1497.8725591020202,1732.8982230603028,588.8226968978881
forecast_6723,2025-10-08 03:00:00,1504.5574740729523,1783.0918143496706,591.6384474098091
forecast_6724,2025-10-08 04:00:00,1521.5336892948153,1811.372907441559,620.2687130033379
forecast_6725,2025-10-08 05:00:00,1546.523043768692,1805.8864439134218,599.1633209014321
forecast_6726,2025-10-08 06:00:00,1387.0367509971238,1751.1794495251465,620.9321189396667
forecast_6727,2025-10-08 07:00:00,1435.3979734380723,1811.7775165136718,618.7822585489387
forecast_6728,2025-10-08 08:00:00,1366.8421251538277,1727.1203219363406,636.8015377680359
forecast_6729,2025-10-08 09:00:00,1293.4721600000003,1796.765719887543,630.823899702221
forecast_6730,2025-10-08 10:00:00,1249.26152,1790.8603085585023,682.6145126382409
forecast_6731,2025-10-08 11:00:00,1145.36408,1684.2914946896362,661.3987466783715
forecast_6732,2025-10-08 12:00:00,1067.5284,1514.490977400055,619.2935221365929
forecast_6733,2025-10-08 13:00:00,1043.72304,1404.3700476147842,600.1046536301612
forecast_6734,2025-10-08 14:00:00,1047.24592,1498.6856575421143,642.9070832753564
forecast_6735,2025-10-08 15:00:00,1102.7030018715668,1680.195266342621,604.9077524701653
forecast_6736,2025-10-08 16:00:00,1352.004978293457,1917.9623449049377,636.3161458917236
forecast_6737,2025-10-08 17:00:00,1709.0476489207076,2252.2272998715207,770.9613393408393
forecast_6738,2025-10-08 18:00:00,1984.1137002254106,2617.0297295288087,878.4540509611817
forecast_6739,2025-10-08 19:00:00,2889.3520620899203,3480.3002725576785,1121.4649110910225
forecast_6740,2025-10-08 20:00:00,3253.8871014339447,4390.68156657547,1483.0168394569207
forecast_6741,2025-10-08 21:00:00,3473.9107317131043,4401.7778325268555,1386.9846043943214
forecast_6742,2025-10-08 22:00:00,4179.993201791382,5562.515362391662,2063.4371467105293
forecast_6743,2025-10-08 23:00:00,4624.2461739489745,6012.13613605835,2602.281551934109
forecast_6744,2025-10-09 00:00:00,5053.674161841584,6718.992952915955,2894.8436410411646
forecast_6745,2025-10-09 01:00:00,5472.643714683228,7078.935039959717,3625.7382152491573
forecast_6746,2025-10-09 02:00:00,6514.370643338013,8644.305356356812,4455.758600806141
forecast_6747,2025-10-09 03:00:00,5613.004293419647,7787.604013993836,3212.0069816170694
forecast_6748,2025-10-09 04:00:00,4849.487560064697,6375.135968540344,2808.2262344904516
forecast_6749,2025-10-09 05:00:00,5291.039695851136,7463.785084852295,2916.449303306866
forecast_6750,2025-10-09 06:00:00,6442.851301641236,8238.250584088135,4161.265968358326
forecast_6751,2025-10-09 07:00:00,5406.640530529785,7962.330093013001,3878.302485815144
forecast_6752,2025-10-09 08:00:00,4810.04278367157,6628.246751017152,2882.3104654244426
forecast_6753,2025-10-09 09:00:00,4802.97811136261,6583.291176952515,2904.5655811081124
forecast_6754,2025-10-09 10:00:00,4185.452276402282,5366.362565575257,2159.5087578876687
forecast_6755,2025-10-09 11:00:00,3515.3930397962954,4559.497677250672,1788.384235598278
forecast_6756,2025-10-09 12:00:00,3342.8862103793335,4038.602851021118,1503.1567841296578
forecast_6757,2025-10-09 13:00:00,2798.501837183762,3470.88091699234,1249.104002058239
forecast_6758,2025-10-09 14:00:00,2740.978059939804,3308.3166219837954,1173.0950576621055
forecast_6759,2025-10-09 15:00:00,2479.9285896205906,3071.3963210998536,1105.3044472538186
forecast_6760,2025-10-09 16:00:00,2600.5853761203766,3108.659912045441,1116.865811921978
forecast_6761,2025-10-09 17:00:00,2383.277594317017,2964.6952650405888,1033.8975499298476
forecast_6762,2025-10-09 18:00:00,2368.75004231514,2883.161334291687,891.5277067195893
forecast_6763,2025-10-09 19:00:00,2360.706277316971,2902.1995926483155,908.4955151789285
forecast_6764,2025-10-09 20:00:00,2304.328842296715,2734.155963333893,896.4237819678613
forecast_6765,2025-10-09 21:00:00,2436.514278082848,2495.11718181015,770.0168903029137
forecast_6766,2025-10-09 22:00:00,2247.764019700432,2292.2831572013856,697.2332209957009
forecast_6767,2025-10-09 23:00:00,2289.7907752513506,2319.972604870911,703.6859867315903
forecast_6768,2025-10-10 00:00:00,2302.3629980043033,2376.722144542694,825.1911769358865
forecast_6769,2025-10-10 01:00:00,2552.3186863633728,2648.165731978302,904.9884198113441
forecast_6770,2025-10-10 02:00:00,2773.9234744659425,2801.4640272439574,944.1566449960137
forecast_6771,2025-10-10 03:00:00,3037.4979161748506,3155.177731066132,914.9261216499291
forecast_6772,2025-10-10 04:00:00,3118.104921973572,3155.839365015564,885.3623481593438
forecast_6773,2025-10-10 05:00:00,2991.892484487076,2878.6667627342226,805.182513027565
forecast_6774,2025-10-10 06:00:00,2993.062118754959,2897.645550308075,857.4099196758652
forecast_6775,2025-10-10 07:00:00,2993.152879999314,3004.926936811218,899.7025052545663
forecast_6776,2025-10-10 08:00:00,3303.6902738034823,3476.4993907833864,1063.4844201526453
forecast_6777,2025-10-10 09:00:00,2967.764005958252,3136.791736985016,1012.5426771534844
forecast_6778,2025-10-10 10:00:00,2777.705554083252,2936.010471705017,862.3167005947686
forecast_6779,2025-10-10 11:00:00,2647.4781015506746,2826.615167418671,915.444189088688
forecast_6780,2025-10-10 12:00:00,2350.5698286952975,2805.306014543915,904.0349514346505
forecast_6781,2025-10-10 13:00:00,2345.1837809469607,2957.720938636475,957.951855716381
forecast_6782,2025-10-10 14:00:00,2412.9470826020815,2974.0255607478334,1047.5309809770013
forecast_6783,2025-10-10 15:00:00,2471.6440442177586,2962.983302975617,972.8084916226769
forecast_6784,2025-10-10 16:00:00,2527.9374156714634,2667.0453905403137,864.9287640714837
forecast_6785,2025-10-10 17:00:00,2377.1060629451754,2604.1858198847963,739.9765764343072
forecast_6786,2025-10-10 18:00:00,2357.002317916641,2536.853325364533,731.1161504758759
forecast_6787,2025-10-10 19:00:00,2625.3580014672093,2841.054408772583,880.0401653559876
forecast_6788,2025-10-10 20:00:00,2815.127690960541,2860.7856229048157,811.5919844329758
forecast_6789,2025-10-10 21:00:00,3063.573870068741,3340.5832710769655,1125.315258254795
forecast_6790,2025-10-10 22:00:00,3419.0142352615358,3902.4700341918942,1266.8316875616647
forecast_6791,2025-10-10 23:00:00,3263.5713320596315,4029.880676203156,1330.9466469968606
forecast_6792,2025-10-11 00:00:00,4285.994176912155,4794.977554105377,1649.775845647564
forecast_6793,2025-10-11 01:00:00,4803.471239773025,5906.6907188125615,2076.1606478888134
forecast_6794,2025-10-11 02:00:00,5147.505228909302,6221.709312992554,2324.72898739233
forecast_6795,2025-10-11 03:00:00,6409.070742518463,7434.846842775879,3165.231696139908
forecast_6796,2025-10-11 04:00:00,7684.06776642273,9432.818138328552,4869.396840659103
forecast_6797,2025-10-11 05:00:00,9901.81987736206,12270.154884405518,7975.704245269012
forecast_6798,2025-10-11 06:00:00,9695.953733770752,12011.638859924316,7262.518554132462
forecast_6799,2025-10-11 07:00:00,9585.729489036561,12255.104937884522,7730.636886853867
forecast_6800,2025-10-11 08:00:00,10320.018716448974,12371.114457778931,8145.536769163513
forecast_6801,2025-10-11 09:00:00,9789.935404646301,12027.804921742249,7450.0364418166355
forecast_6802,2025-10-11 10:00:00,8722.2363995224,10516.129597053528,7039.143514279556
forecast_6803,2025-10-11 11:00:00,8158.865619110108,10021.674432144166,6897.612844579697
forecast_6804,2025-10-11 12:00:00,8590.77347614441,10631.824739369202,7362.424675194931
forecast_6805,2025-10-11 13:00:00,9639.401827902222,10458.251747828674,8019.9767358837125
forecast_6806,2025-10-11 14:00:00,9538.28341720276,10856.595898326112,7839.8936952362055
forecast_6807,2025-10-11 15:00:00,11120.783361065674,11987.257983683778,9043.139311223222
forecast_6808,2025-10-11 16:00:00,11843.160744169618,12699.095725648498,9662.30556501999
forecast_6809,2025-10-11 17:00:00,11150.72652271881,12189.363213073731,9031.228222779466
forecast_6810,2025-10-11 18:00:00,11161.931311729431,12432.689373901369,9194.205856615066
forecast_6811,2025-10-11 19:00:00,12314.611904209902,13268.630897680665,10275.516072636032
forecast_6812,2025-10-11 20:00:00,13051.005233496095,13928.24811426697,10929.987465152359
forecast_6813,2025-10-11 21:00:00,12625.794527987673,13880.541553460695,10664.213682138443
forecast_6814,2025-10-11 22:00:00,11963.99714655304,13869.186966229248,10344.57393743248
forecast_6815,2025-10-11 23:00:00,11514.89837181549,13274.181680825806,9248.169794424059
forecast_6816,2025-10-12 00:00:00,9847.359746496582,10668.501236436463,7346.432830016785
forecast_6817,2025-10-12 01:00:00,11115.773441127014,12264.723148153687,8708.391383059694
forecast_6818,2025-10-12 02:00:00,8959.643989900207,9371.5109708786,6449.815472752609
forecast_6819,2025-10-12 03:00:00,7141.3274906073,7411.23098055481,3460.3233506823544
forecast_6820,2025-10-12 04:00:00,6666.618365185547,7179.981971105347,3589.3308471076016
forecast_6821,2025-10-12 05:00:00,4571.853427013397,5101.942770842743,2613.311795492611
forecast_6822,2025-10-12 06:00:00,3229.342286792679,3416.9708481253056,1259.6070242289543
forecast_6823,2025-10-12 07:00:00,2474.3051387077335,2894.244009672699,1130.884650609722
forecast_6824,2025-10-12 08:00:00,2834.2818861953738,3257.774478792267,1255.7611642517281
forecast_6825,2025-10-12 09:00:00,4142.203235129089,4339.4115972259515,1771.4049742116358
forecast_6826,2025-10-12 10:00:00,4872.996626268006,5391.961720005188,2670.1026525779153
forecast_6827,2025-10-12 11:00:00,5827.160659584045,7221.642114532471,3897.6287975190166
forecast_6828,2025-10-12 12:00:00,5657.684823768616,7222.249030337524,3341.4804913760186
forecast_6829,2025-10-12 13:00:00,5451.230600650025,6944.616766079712,3095.3347132768063
forecast_6830,2025-10-12 14:00:00,6183.138539004517,7868.717941012574,4299.516029809036
forecast_6831,2025-10-12 15:00:00,5689.388567338562,8560.19067992859,4625.62981200737
forecast_6832,2025-10-12 16:00:00,5045.193103577423,6637.2922396804815,3340.274239621716
forecast_6833,2025-10-12 17:00:00,5184.8538572174075,7441.241937205506,3817.9281928844644
forecast_6834,2025-10-12 18:00:00,5926.3896102729805,8232.18412257843,3866.334178016567
forecast_6835,2025-10-12 19:00:00,6496.928604225159,8743.572521081544,4589.602387704258
forecast_6836,2025-10-12 20:00:00,6952.67409998169,9425.849955714417,4699.473085582333
forecast_6837,2025-10-12 21:00:00,6467.037152693177,7976.7142157348635,3488.4505359036066
forecast_6838,2025-10-12 22:00:00,5295.824299260406,6726.2142012725835,2481.871319363041
forecast_6839,2025-10-12 23:00:00,4386.89423710556,5692.681050363465,2020.3303558196449
forecast_6840,2025-10-13 00:00:00,4216.357903543549,5339.255867791748,1834.9341409726526
forecast_6841,2025-10-13 01:00:00,3701.999546332703,3883.0022242538453,1247.7770417489432
forecast_6842,2025-10-13 02:00:00,2702.990923519707,3064.4743272601318,1036.2170133194543
forecast_6843,2025-10-13 03:00:00,2354.5964113398363,2481.2640482997135,765.2706361873818
forecast_6844,2025-10-13 04:00:00,1877.9464966824723,2141.569495536499,633.3791845307351
forecast_6845,2025-10-13 05:00:00,2647.4401493981936,3185.5716925672914,1118.2039734462928
forecast_6846,2025-10-13 06:00:00,3716.043516977692,4358.396718128967,1575.3438849972727
forecast_6847,2025-10-13 07:00:00,4957.850804295349,5834.546368988953,2589.939048105316
forecast_6848,2025-10-13 08:00:00,4505.439654345093,5755.228138157348,2031.9986302276802
forecast_6849,2025-10-13 09:00:00,4627.221285186768,6361.311083566285,2393.14946764883
forecast_6850,2025-10-13 10:00:00,4677.695494651947,5753.040493336793,2085.1509995276833
forecast_6851,2025-10-13 11:00:00,4523.190237013245,5633.441397309875,2281.47580497078
forecast_6852,2025-10-13 12:00:00,4328.286413671112,5666.546091207276,2088.3790699653055
forecast_6853,2025-10-13 13:00:00,3971.864141198731,5102.231632460022,1724.0443601460456
forecast_6854,2025-10-13 14:00:00,3946.8621496849064,4860.049120012207,1734.0755640320779
forecast_6855,2025-10-13 15:00:00,4415.817438995667,5712.893980035401,2302.059369954987
forecast_6856,2025-10-13 16:00:00,4214.914838135224,5259.848933564758,1989.1142297155955
forecast_6857,2025-10-13 17:00:00,5180.617999979325,6042.387685157624,2780.617886390934
forecast_6858,2025-10-13 18:00:00,4278.64119185257,5323.5895195213325,1906.2119206332206
forecast_6859,2025-10-13 19:00:00,4827.281590939713,6099.222646636201,2242.5611838253976
forecast_6860,2025-10-13 20:00:00,4541.9560361010745,5330.250706230926,1832.6294806990625
forecast_6861,2025-10-13 21:00:00,5909.219518225708,6555.998283260193,2853.488924729805
forecast_6862,2025-10-13 22:00:00,6071.097313557282,6422.296141578369,2374.598822180844
forecast_6863,2025-10-13 23:00:00,5539.428559458161,6224.589061825562,2105.391783889103
forecast_6864,2025-10-14 00:00:00,6246.625912338257,7230.367562387695,2585.7461698023794
forecast_6865,2025-10-14 01:00:00,7120.828247768555,8032.448315745544,4040.488874605179
forecast_6866,2025-10-14 02:00:00,7928.092402154541,9234.258463005066,5164.3153242626195
forecast_6867,2025-10-14 03:00:00,7360.23953262909,8365.242270884704,3144.0617565503126
forecast_6868,2025-10-14 04:00:00,6980.460903617249,7017.390728553772,2877.5749680373383
forecast_6869,2025-10-14 05:00:00,6828.407349734498,7599.286058483887,3355.508599367905
forecast_6870,2025-10-14 06:00:00,6655.30139959198,7279.189058259583,2899.2062105487826
forecast_6871,2025-10-14 07:00:00,6784.381649920655,7866.443158583069,3396.371949417496
forecast_6872,2025-10-14 08:00:00,6632.020708223878,8065.783713934326,3884.1967314073186
forecast_6873,2025-10-14 09:00:00,6832.090615729066,8593.59753028717,4474.655846539306
forecast_6874,2025-10-14 10:00:00,6613.426991555786,8768.144865945435,4637.46598818657
forecast_6875,2025-10-14 11:00:00,5699.464920973206,7269.177540916444,3834.5374098931884
forecast_6876,2025-10-14 12:00:00,5341.680289323121,6962.735426255799,3217.2445072696687
forecast_6877,2025-10-14 13:00:00,4976.343282854615,6611.364058815003,2842.0732029556275
forecast_6878,2025-10-14 14:00:00,4982.006809057617,6916.076834339905,3084.3275670570183
forecast_6879,2025-10-14 15:00:00,4423.013753611755,6458.972431991578,2662.6504762818718
forecast_6880,2025-10-14 16:00:00,3404.449902876282,4521.053007305909,1753.9586099585151
forecast_6881,2025-10-14 17:00:00,3792.7824406009677,5393.541154955139,2193.0934549136164
forecast_6882,2025-10-14 18:00:00,3746.8505930541996,4857.456466291809,2045.2200694093133
forecast_6883,2025-10-14 19:00:00,3714.8090588130954,4604.121986993866,1739.0320077843285
forecast_6884,2025-10-14 20:00:00,4189.506138123626,5216.582962088928,2138.041138344269
forecast_6885,2025-10-14 21:00:00,4074.3713916023257,5119.73934002533,2116.9331555924227
forecast_6886,2025-10-14 22:00:00,4098.1625726547245,5084.485921657105,1952.7908968596648
forecast_6887,2025-10-14 23:00:00,4685.1691597241215,6058.633615284729,2078.7405149295046
forecast_6888,2025-10-15 00:00:00,3946.84786465683,4720.826852374268,1747.9666398862648
forecast_6889,2025-10-15 01:00:00,3594.3708523944856,4509.787311542053,1466.7852287966348
forecast_6890,2025-10-15 02:00:00,3893.056320295715,4758.386610404053,1454.7308894838523
forecast_6891,2025-10-15 03:00:00,3691.629414827461,4624.564159521485,1540.6273881397437
forecast_6892,2025-10-15 04:00:00,3543.6346563648226,4491.173667258911,1376.8435203095055
forecast_6893,2025-10-15 05:00:00,3384.156531042557,4051.5121021186833,1203.39513430336
forecast_6894,2025-10-15 06:00:00,3512.814456520806,4388.576638838196,1313.909736405163
forecast_6895,2025-10-15 07:00:00,3434.8078798881534,4143.637444984437,1268.82187098444
forecast_6896,2025-10-15 08:00:00,3442.779021025467,3961.7306017286683,1243.0580692733765
forecast_6897,2025-10-15 09:00:00,3099.196514899826,3352.720325812378,1141.362951538029
forecast_6898,2025-10-15 10:00:00,2652.5055901483156,2776.0349864509585,971.376012952137
forecast_6899,2025-10-15 11:00:00,2325.7944430473326,2468.083188334656,932.3464181499062
forecast_6900,2025-10-15 12:00:00,2262.4330963468174,2427.417254010773,918.0745588167573
forecast_6901,2025-10-15 13:00:00,1687.99972050972,1851.2932001121903,801.989263431511
forecast_6902,2025-10-15 14:00:00,1608.7491226402283,1778.7397519150927,657.8762012098695
forecast_6903,2025-10-15 15:00:00,1695.9397353580857,1791.123690681801,605.1601358811951
forecast_6904,2025-10-15 16:00:00,1863.111348921051,2039.8374817766191,691.6228194875031
forecast_6905,2025-10-15 17:00:00,2257.0963854406355,2385.0514721147156,726.995844786541
forecast_6906,2025-10-15 18:00:00,2275.8125587703707,2440.7457596839904,631.3455958830643
forecast_6907,2025-10-15 19:00:00,2771.171212091522,2955.5295302635195,738.8000219726754
forecast_6908,2025-10-15 20:00:00,3771.8058477769473,3564.5218675997926,1147.7418855602075
forecast_6909,2025-10-15 21:00:00,3740.864636892853,3600.910361115418,1113.3565505093002
forecast_6910,2025-10-15 22:00:00,4491.231274624633,4543.980788728333,1545.1599541426658
forecast_6911,2025-10-15 23:00:00,4871.107839595032,5417.291709663086,1954.6110385761453
forecast_6912,2025-10-16 00:00:00,5355.683703968811,5882.704643620606,2708.22832866745
forecast_6913,2025-10-16 01:00:00,3693.0833676654056,4017.985135085144,1643.3936758186342
forecast_6914,2025-10-16 02:00:00,3796.6286402967835,4252.517594120178,1912.9931481562044
forecast_6915,2025-10-16 03:00:00,2865.9699418909454,3378.334799981842,1563.637367854843
forecast_6916,2025-10-16 04:00:00,3079.4912572010044,3331.5797115545656,1755.7301716669465
forecast_6917,2025-10-16 05:00:00,3539.1285626739505,3543.905826834412,1287.5115970463753
forecast_6918,2025-10-16 06:00:00,4571.755641919708,4616.08772324524,2058.642654945736
forecast_6919,2025-10-16 07:00:00,5454.254865159607,5801.512465870362,2363.3375934576607
forecast_6920,2025-10-16 08:00:00,5080.003217332764,6334.994093891602,2630.1574007901577
forecast_6921,2025-10-16 09:00:00,4838.97585787201,5876.542015915223,2429.391135361481
forecast_6922,2025-10-16 10:00:00,4453.839502714233,6240.800591207886,2642.547194639111
forecast_6923,2025-10-16 11:00:00,5205.919346679688,6742.7332161358645,3061.7793719426536
forecast_6924,2025-10-16 12:00:00,5961.575361820527,6771.105958521424,3504.0542405374144
forecast_6925,2025-10-16 13:00:00,5156.019918480835,6608.841165722657,3320.3594870780944
forecast_6926,2025-10-16 14:00:00,4741.053063285217,6267.174416976929,2668.0515962778663
forecast_6927,2025-10-16 15:00:00,3695.0176470325473,4725.7377309185795,1887.7584073378564
forecast_6928,2025-10-16 16:00:00,2951.912831550904,4221.99450555954,1618.8125500320245
forecast_6929,2025-10-16 17:00:00,2852.813805462761,3809.4689309318546,1518.169917718525
forecast_6930,2025-10-16 18:00:00,3255.3707220689394,4116.636094261932,1705.855816685276
forecast_6931,2025-10-16 19:00:00,3119.241178672829,4240.047653497925,1507.322419899578
forecast_6932,2025-10-16 20:00:00,3821.537898882828,5512.782532315064,2002.363524379063
forecast_6933,2025-10-16 21:00:00,3578.8253153051373,4865.3939190551755,1797.2529272994043
forecast_6934,2025-10-16 22:00:00,3783.3858023395537,4936.104542566681,2066.3655314551734
forecast_6935,2025-10-16 23:00:00,3737.6003561683656,4689.282958642121,1726.416300284176
forecast_6936,2025-10-17 00:00:00,3512.803855105667,4197.810677605134,1359.8856124033546
forecast_6937,2025-10-17 01:00:00,3703.4880965065004,4657.639071134186,1702.0102385194207
forecast_6938,2025-10-17 02:00:00,3565.5791562370305,4357.1539672813415,1547.5022126071358
forecast_6939,2025-10-17 03:00:00,3412.119234655953,4092.2463809745786,1420.9444652374839
forecast_6940,2025-10-17 04:00:00,3350.191997050362,4068.1091510127258,1273.7877349404907
forecast_6941,2025-10-17 05:00:00,3051.8354330115417,3366.6752533486942,1123.804239703808
forecast_6942,2025-10-17 06:00:00,2660.1395255041602,2740.973463721619,941.2867503849029
forecast_6943,2025-10-17 07:00:00,2718.947617854881,2689.48271191803,796.7352944479218
forecast_6944,2025-10-17 08:00:00,2708.23701021843,2487.9910736999514,712.1510861787605
forecast_6945,2025-10-17 09:00:00,2887.600480561447,2577.3433508659364,708.59468
forecast_6946,2025-10-17 10:00:00,2156.3849045421603,1867.311070447426,506.60640000000006
forecast_6947,2025-10-17 11:00:00,1826.8410334318924,1767.6229179752731,501.957472
forecast_6948,2025-10-17 12:00:00,1570.081209813614,1712.1617428717043,449.12552
forecast_6949,2025-10-17 13:00:00,1369.3252328797532,1494.2665448147584,428.87712000000005
forecast_6950,2025-10-17 14:00:00,1349.6403347646333,1645.58750125412,481.0159570069504
forecast_6951,2025-10-17 15:00:00,1439.8423154831696,1758.0990517759706,455.95762960767746
forecast_6952,2025-10-17 16:00:00,1518.2930274890139,1958.0954829795837,455.16645600000004
forecast_6953,2025-10-17 17:00:00,1801.7000481896212,2067.610112241364,468.70210103845596
forecast_6954,2025-10-17 18:00:00,2402.709585766983,2513.952841685486,819.3476639744949
forecast_6955,2025-10-17 19:00:00,3130.648027214661,3083.5059019183354,1081.1231242231179
forecast_6956,2025-10-17 20:00:00,3927.459580961228,3835.8532258560185,1412.0321697807121
forecast_6957,2025-10-17 21:00:00,4790.743442995376,5276.371034198761,2067.302600136738
forecast_6958,2025-10-17 22:00:00,5091.743361418153,6052.331877650452,2357.190588281117
forecast_6959,2025-10-17 23:00:00,4407.528335137024,5100.015907774658,2003.6560312414742
forecast_6960,2025-10-18 00:00:00,4382.019126108551,4589.5184086578365,1505.056078411503
forecast_6961,2025-10-18 01:00:00,4263.389180984497,4143.763117167664,1442.2917474751093
forecast_6962,2025-10-18 02:00:00,4338.0433073059085,5027.390333797454,1923.554255642929
forecast_6963,2025-10-18 03:00:00,4097.328261838607,4285.000654551697,1658.3520757516671
forecast_6964,2025-10-18 04:00:00,3546.9299408155825,3972.32987586956,1847.0860870870974
forecast_6965,2025-10-18 05:00:00,3048.821685453949,2557.661981949463,1002.97184
forecast_6966,2025-10-18 06:00:00,3232.246456268921,2311.0298829454423,924.8849402811433
forecast_6967,2025-10-18 07:00:00,3226.386417658081,2841.4730001596067,993.8400831736565
forecast_6968,2025-10-18 08:00:00,2630.5484425590516,2218.1025019773865,879.0671470139886
forecast_6969,2025-10-18 09:00:00,2102.290944995117,1933.068749425316,833.6519382825356
forecast_6970,2025-10-18 10:00:00,2005.747497456589,2116.954928829804,652.4453103412629
forecast_6971,2025-10-18 11:00:00,2611.6813459557343,2811.6375997416685,878.2385242020989
forecast_6972,2025-10-18 12:00:00,2531.1067785398104,2552.3295032815554,933.8599200803185
forecast_6973,2025-10-18 13:00:00,2384.688967385597,2516.4797369651415,971.410117498951
forecast_6974,2025-10-18 14:00:00,2563.6811138540265,2808.6603683557514,1257.7894298233223
forecast_6975,2025-10-18 15:00:00,2884.995469819489,3742.4172333053593,1707.6194685484124
forecast_6976,2025-10-18 16:00:00,3088.1664827075197,4102.194810731049,1778.6743410299493
forecast_6977,2025-10-18 17:00:00,2459.0453919837573,3289.713665118561,1371.5111132450677
forecast_6978,2025-10-18 18:00:00,2026.9315795380023,2554.5246007125857,1182.1928321237374
forecast_6979,2025-10-18 19:00:00,2025.5143332599641,2589.682556059265,1049.6842432068063
forecast_6980,2025-10-18 20:00:00,2181.852093671837,2647.9763353570556,934.0023341118431
forecast_6981,2025-10-18 21:00:00,2305.1807262470243,2666.355723008118,977.5495613578873
forecast_6982,2025-10-18 22:00:00,2030.5458800240326,2272.6596044088365,832.8777577049561
forecast_6983,2025-10-18 23:00:00,1862.9024049578857,2027.93914776783,821.719098258667
forecast_6984,2025-10-19 00:00:00,1709.3483460346795,1945.8952576407244,699.7678795020676
forecast_6985,2025-10-19 01:00:00,1435.2977383538437,1739.3004979049683,524.1820420357133
forecast_6986,2025-10-19 02:00:00,1355.6636550941848,1663.5904808644104,516.3679930387689
forecast_6987,2025-10-19 03:00:00,1418.9649421105196,1607.3806538249207,534.9202767669564
forecast_6988,2025-10-19 04:00:00,1584.1655206884004,1728.1974767401125,536.169966572342
forecast_6989,2025-10-19 05:00:00,1464.624355716286,1625.6078912475587,506.3963758765412
forecast_6990,2025-10-19 06:00:00,1433.3480444068146,1538.8754891510011,448.5555313996315
forecast_6991,2025-10-19 07:00:00,1449.6440661432268,1527.4584893321228,407.6504
forecast_6992,2025-10-19 08:00:00,1643.586460842743,1731.2159947647096,449.12552
forecast_6993,2025-10-19 09:00:00,1879.9149033205413,1958.4507144537356,670.8552836513595
forecast_6994,2025-10-19 10:00:00,1964.9579812151337,2451.498973153229,797.0921556419563
forecast_6995,2025-10-19 11:00:00,1808.9513551319124,2236.745007905731,699.1141363434028
forecast_6996,2025-10-19 12:00:00,1674.6187294718552,2055.088310613861,703.7616317655677
forecast_6997,2025-10-19 13:00:00,2123.4578984685895,2576.1053755198673,1067.4793283707925
forecast_6998,2025-10-19 14:00:00,3405.6987041814427,3712.872712395935,1665.5171209607506
forecast_6999,2025-10-19 15:00:00,4212.92882601883,4577.8872547996525,2267.738838041382
forecast_7000,2025-10-19 16:00:00,5324.421463191681,6210.3774491598515,3351.8512029895783
forecast_7001,2025-10-19 17:00:00,6084.424909213257,6248.995529428406,3232.8179235076905
forecast_7002,2025-10-19 18:00:00,5222.017443984069,5624.828104693604,2731.2585932502743
forecast_7003,2025-10-19 19:00:00,5903.193243403016,5903.854872586059,3471.148105356598
forecast_7004,2025-10-19 20:00:00,6471.152363652955,6513.644099141846,3816.643138175354
forecast_7005,2025-10-19 21:00:00,4799.57986317215,5143.112561873169,2523.7278735474397
forecast_7006,2025-10-19 22:00:00,3915.290457096405,4184.391129402161,2118.1530456858827
forecast_7007,2025-10-19 23:00:00,3343.054321403046,3563.936966371155,1698.147230593109
forecast_7008,2025-10-20 00:00:00,2759.1751801921846,3210.0561504304505,1301.345788119564
forecast_7009,2025-10-20 01:00:00,1708.2134490307235,1801.5232722340395,525.6198972956086
forecast_7010,2025-10-20 02:00:00,1517.0533640061951,1675.995457044678,636.2811972098732
forecast_7011,2025-10-20 03:00:00,1454.0019239943695,1784.5392152236939,709.2583333553123
forecast_7012,2025-10-20 04:00:00,1745.6090558896638,2336.757638576508,915.0009947591592
forecast_7013,2025-10-20 05:00:00,2155.4231681558995,2557.238540870972,1082.2159774437523
forecast_7014,2025-10-20 06:00:00,2401.038540060883,2953.1159638635254,1042.5220674509812
forecast_7015,2025-10-20 07:00:00,2269.933451182175,2759.136534373169,867.0909611807633
forecast_7016,2025-10-20 08:00:00,2464.208259257126,2778.331082395935,1021.5582849258996
forecast_7017,2025-10-20 09:00:00,3081.546415322495,3500.4862086647036,1369.4009525310707
forecast_7018,2025-10-20 10:00:00,2777.7124527938845,3316.7521715879825,1350.4371831539345
forecast_7019,2025-10-20 11:00:00,2676.466591217575,3293.1453163087463,1338.5679132632256
forecast_7020,2025-10-20 12:00:00,2820.0511025743867,3350.947102529755,1430.5145405347635
forecast_7021,2025-10-20 13:00:00,2421.375279389954,2967.3498583510973,1254.4870303719522
forecast_7022,2025-10-20 14:00:00,2084.6576269575116,2301.7704199928667,942.9264903785133
forecast_7023,2025-10-20 15:00:00,1837.9597710077287,2002.0568843705369,839.41862837146
forecast_7024,2025-10-20 16:00:00,1724.2249657919886,1752.549459037743,709.1379781644746
forecast_7025,2025-10-20 17:00:00,1695.6514101700593,1645.1150347706225,578.7602915247382
forecast_7026,2025-10-20 18:00:00,1630.9372163269807,1632.6926181658555,519.0148972735406
forecast_7027,2025-10-20 19:00:00,1473.2083493016244,1491.79091321064,479.0958807527428
forecast_7028,2025-10-20 20:00:00,1204.9774088438796,1261.4459647245408,407.6504
forecast_7029,2025-10-20 21:00:00,1330.9352422109985,1373.143764227562,407.6504
forecast_7030,2025-10-20 22:00:00,1372.5170919013215,1431.6128632033158,407.6504
forecast_7031,2025-10-20 23:00:00,1357.7234094662094,1459.9742349542237,407.6504
forecast_7032,2025-10-21 00:00:00,1351.4911546853257,1531.2122864894104,407.6504
forecast_7033,2025-10-21 01:00:00,2028.139727526474,2156.479869943695,642.4389693573953
forecast_7034,2025-10-21 02:00:00,1989.6571075040438,2056.3194586685186,759.5744013241195
forecast_7035,2025-10-21 03:00:00,1929.9540966967775,1904.0299426399233,769.2027637909507
forecast_7036,2025-10-21 04:00:00,1929.3668319817352,2037.906097123413,865.8618007766534
forecast_7037,2025-10-21 05:00:00,2206.796722812424,1988.9518088914492,1012.0507750230522
forecast_7038,2025-10-21 06:00:00,1699.8725876945116,1636.1485470304872,669.3500801791192
forecast_7039,2025-10-21 07:00:00,1436.4673288193133,1507.5759275823593,583.1284412012101
forecast_7040,2025-10-21 08:00:00,1514.5779410319137,1642.7996821778488,545.6560521284638
forecast_7041,2025-10-21 09:00:00,1393.66712431427,1542.5385766602708,455.67750805858617
forecast_7042,2025-10-21 10:00:00,1084.9683968437575,1176.363488423729,320.614576
forecast_7043,2025-10-21 11:00:00,1071.942584100647,1150.039489303856,293.67343999999997
forecast_7044,2025-10-21 12:00:00,1070.258041767845,1171.5813629184343,290.202272
forecast_7045,2025-10-21 13:00:00,1075.6038023517226,1210.9180221667862,290.202272
forecast_7046,2025-10-21 14:00:00,1299.2596956253435,1501.1911898190308,470.3303312962151
forecast_7047,2025-10-21 15:00:00,1173.0473984862138,1220.8429256784439,512.2087585746003
forecast_7048,2025-10-21 16:00:00,1236.5609296086502,1398.8357136701586,550.834215614853
forecast_7049,2025-10-21 17:00:00,1126.608171056595,1219.9466269514085,489.2207853573036
forecast_7050,2025-10-21 18:00:00,1173.828112041588,1266.750871136818,439.8592479603958
forecast_7051,2025-10-21 19:00:00,1189.1857323204804,1347.1432718810654,418.6424
forecast_7052,2025-10-21 20:00:00,1199.1782035442734,1475.5744921789171,407.6504
forecast_7053,2025-10-21 21:00:00,1796.5348231257249,1752.0237378651047,506.60640000000006
forecast_7054,2025-10-21 22:00:00,1462.8594222192764,1501.9400633755113,455.286
forecast_7055,2025-10-21 23:00:00,1482.3018043045427,1463.819995914879,477.3575826446114
forecast_7056,2025-10-22 00:00:00,1944.7399141244507,1733.126379059639,617.9632493417358
forecast_7057,2025-10-22 01:00:00,1461.441165899353,1567.8772728071594,418.6424
forecast_7058,2025-10-22 02:00:00,1445.9296533208467,1576.0324636685182,455.16645600000004
forecast_7059,2025-10-22 03:00:00,1416.3048361880494,1583.7361960429382,466.99340184131245
forecast_7060,2025-10-22 04:00:00,1419.7245501781845,1629.371319900818,455.16645600000004
forecast_7061,2025-10-22 05:00:00,1629.592275404396,1749.0423371847535,462.65392
forecast_7062,2025-10-22 06:00:00,1746.9974871157456,1976.5704726176455,510.52949600000005
forecast_7063,2025-10-22 07:00:00,1943.6692096846773,2331.1260078448486,579.23892
forecast_7064,2025-10-22 08:00:00,2745.978494465637,2952.7773284280397,788.561328
forecast_7065,2025-10-22 09:00:00,2782.184860926781,3309.2735945953373,1166.6717523532295
forecast_7066,2025-10-22 10:00:00,2142.581841648369,2334.5991691759114,849.8151565910721
forecast_7067,2025-10-22 11:00:00,2533.181203409729,2652.7055023651506,1035.2225204618073
forecast_7068,2025-10-22 12:00:00,2652.9631666071323,2653.452806181679,1136.7615696535304
forecast_7069,2025-10-22 13:00:00,2192.9135654867555,2124.7936000000004,892.7053655366326
forecast_7070,2025-10-22 14:00:00,1925.2197036052323,1669.3284800000001,770.1646623781777
forecast_7071,2025-10-22 15:00:00,1932.092680824547,1741.8068,813.851415347004
forecast_7072,2025-10-22 16:00:00,2180.7617242686847,1978.2966333038712,786.6619719829941
forecast_7073,2025-10-22 17:00:00,1952.532314220581,1808.4344293840409,525.3572014313355
forecast_7074,2025-10-22 18:00:00,1954.9058224337768,1813.920820305214,521.9075495522422
forecast_7075,2025-10-22 19:00:00,2153.180010638962,1983.72376390522,572.6240579179955
forecast_7076,2025-10-22 20:00:00,2327.466553385849,2064.8815432141114,460.39256
forecast_7077,2025-10-22 21:00:00,2518.4933380484013,2176.1850112692264,563.3490479903793
forecast_7078,2025-10-22 22:00:00,2752.0543571967314,2325.0432832429506,703.7855120205307
forecast_7079,2025-10-22 23:00:00,2734.8819448231507,2351.0692377728274,607.492552712288
forecast_7080,2025-10-23 00:00:00,2328.962967645264,2253.1697859609985,569.7183483109475
forecast_7081,2025-10-23 01:00:00,1675.9357531861115,1717.673974080658,453.53776738817214
forecast_7082,2025-10-23 02:00:00,1673.516954152832,1641.8145238645936,436.0056154506874
forecast_7083,2025-10-23 03:00:00,1476.2877717570498,1542.661312993622,444.6864717177391
forecast_7084,2025-10-23 04:00:00,1418.0314094235994,1405.6187375471497,441.41556699790954
forecast_7085,2025-10-23 05:00:00,1411.3454075744628,1362.627722082825,415.6843580774307
forecast_7086,2025-10-23 06:00:00,1411.279201629715,1382.182109324341,412.9281826786041
forecast_7087,2025-10-23 07:00:00,1339.1938092303087,1392.1967734461593,410.921148257637
forecast_7088,2025-10-23 08:00:00,1325.4919600947571,1411.4156867607117,407.6504
forecast_7089,2025-10-23 09:00:00,1297.0163623979188,1389.0309173814392,407.6504
forecast_7090,2025-10-23 10:00:00,1155.5492777994536,1223.0578463344955,320.614576
forecast_7091,2025-10-23 11:00:00,1099.504379048195,1130.2987269577409,320.614576
forecast_7092,2025-10-23 12:00:00,1080.8485373653793,1166.1558318806076,307.750904
forecast_7093,2025-10-23 13:00:00,1113.1211503105926,1221.901115264931,318.89036000000004
forecast_7094,2025-10-23 14:00:00,1156.6480608472443,1260.8849766365433,327.99932
forecast_7095,2025-10-23 15:00:00,1127.889800253792,1215.7621768951035,307.750904
forecast_7096,2025-10-23 16:00:00,1205.0016401049425,1190.0650647694779,427.89880000000005
forecast_7097,2025-10-23 17:00:00,1161.7760607796858,1158.6753942058183,407.6504
forecast_7098,2025-10-23 18:00:00,1135.8321369486239,1174.5446626848984,479.8984396277619
forecast_7099,2025-10-23 19:00:00,1179.017259962616,1255.4486466339492,486.403115334549
forecast_7100,2025-10-23 20:00:00,1274.7346729198457,1347.0937847887803,427.89880000000005
forecast_7101,2025-10-23 21:00:00,1368.6691312714768,1473.0249976314926,517.2014309922753
forecast_7102,2025-10-23 22:00:00,1420.3543704751587,1637.6779873786927,527.062570486126
forecast_7103,2025-10-23 23:00:00,1237.70078027462,1397.4250380904007,475.8283524672089
forecast_7104,2025-10-24 00:00:00,1284.038925317955,1501.5656602988815,489.75317467847447
forecast_7105,2025-10-24 01:00:00,1575.578112317238,1610.7423227888871,455.286
forecast_7106,2025-10-24 02:00:00,1975.973592462654,2058.6234491493224,589.2245026685678
forecast_7107,2025-10-24 03:00:00,2266.6976107928467,2624.34380378479,1168.9316791931344
forecast_7108,2025-10-24 04:00:00,2437.1024072790146,2866.7486624682238,1220.181161773281
forecast_7109,2025-10-24 05:00:00,3241.2907731192017,3510.0075814305114,1320.4575406772806
forecast_7110,2025-10-24 06:00:00,3478.9109991490172,4073.5635803205873,1479.6487262664605
forecast_7111,2025-10-24 07:00:00,3175.885767676544,3585.6516379187015,1306.4843878504944
forecast_7112,2025-10-24 08:00:00,3489.0228665189366,3314.493730956421,1229.5882125948144
forecast_7113,2025-10-24 09:00:00,3034.9293805342104,3064.869015716553,1325.6478213706398
forecast_7114,2025-10-24 10:00:00,3856.9078260700226,4406.452249726104,1790.6307482252694
forecast_7115,2025-10-24 11:00:00,3538.9186944560242,4195.121752413177,1835.4253080182077
forecast_7116,2025-10-24 12:00:00,2869.7867593542483,3075.8627992919924,1288.7115868066217
forecast_7117,2025-10-24 13:00:00,2449.4556828593445,2730.897671818848,1299.3717734461402
forecast_7118,2025-10-24 14:00:00,2154.2399946579744,2200.353938841858,1004.3214715418435
forecast_7119,2025-10-24 15:00:00,2248.6373925141907,2284.6837172064593,889.7776716976548
forecast_7120,2025-10-24 16:00:00,2619.12424498024,2709.3350562418746,901.8604012203027
forecast_7121,2025-10-24 17:00:00,2751.852312357865,2703.1765540952683,774.48456
forecast_7122,2025-10-24 18:00:00,3190.239801081734,2958.7369775550465,857.2861600000001
forecast_7123,2025-10-24 19:00:00,3468.481282729721,3214.4441648866273,894.3384000000001
forecast_7124,2025-10-24 20:00:00,3460.8769408352664,3209.6974216911317,956.07336
forecast_7125,2025-10-24 21:00:00,3903.960930301514,3523.549212406311,1040.3162399999999
forecast_7126,2025-10-24 22:00:00,4141.108024990845,4085.4680872596746,1189.9380800000001
forecast_7127,2025-10-24 23:00:00,3670.455050075913,3536.0502456825257,1028.5185600000002
forecast_7128,2025-10-25 00:00:00,3232.8272947003175,3431.93408591156,850.9616264591218
forecast_7129,2025-10-25 01:00:00,3950.3256662662507,3729.494369677887,1288.684033788624
forecast_7130,2025-10-25 02:00:00,3726.4625391181944,3697.800262519226,1306.0897300878717
forecast_7131,2025-10-25 03:00:00,3450.906025998764,3594.397539921265,1374.04017116869
forecast_7132,2025-10-25 04:00:00,3619.984520414124,3591.5125141326907,1427.7430414538765
forecast_7133,2025-10-25 05:00:00,3038.7842954576113,3426.247525874939,1208.873643365116
forecast_7134,2025-10-25 06:00:00,2795.8006725854493,3309.2663155319215,1256.121858060627
forecast_7135,2025-10-25 07:00:00,3279.874987527466,3675.2360363536072,1397.5148716838266
forecast_7136,2025-10-25 08:00:00,2866.6541377935027,3283.3621334671025,1108.5431836174967
forecast_7137,2025-10-25 09:00:00,2692.4975057473757,3201.5619148263554,1148.126410049496
forecast_7138,2025-10-25 10:00:00,1830.0953055809023,2025.6409235935976,725.9944791023751
forecast_7139,2025-10-25 11:00:00,1619.2044224731446,2019.3188567042544,821.2730799781609
forecast_7140,2025-10-25 12:00:00,1715.9547618370057,2034.1607179254152,857.4079432004738
forecast_7141,2025-10-25 13:00:00,1738.2489932154847,1896.5130102833557,765.0013802796364
forecast_7142,2025-10-25 14:00:00,1765.2054500899505,1904.9178617834473,853.7121885578728
forecast_7143,2025-10-25 15:00:00,1553.5665191244507,1680.454383909607,627.7401703024293
forecast_7144,2025-10-25 16:00:00,1866.4350990348055,1841.6848354255678,651.708117591076
forecast_7145,2025-10-25 17:00:00,1768.2259146429444,1862.9881278871155,547.2791242932053
forecast_7146,2025-10-25 18:00:00,2062.2640122148896,2210.606572571564,739.7222414182359
forecast_7147,2025-10-25 19:00:00,1970.4371946071624,2182.6938088143925,696.8616891978569
forecast_7148,2025-10-25 20:00:00,2099.5734894583893,2310.500363606262,706.3062144092179
forecast_7149,2025-10-25 21:00:00,1903.0681825017928,2063.438289696045,621.3864174546509
forecast_7150,2025-10-25 22:00:00,2076.918547136497,2201.9705138420104,862.6587890215951
forecast_7151,2025-10-25 23:00:00,2445.052164744568,2523.3634116516114,1007.7244103178979
forecast_7152,2025-10-26 00:00:00,3018.50671736496,2891.381282686463,1209.101964756832
forecast_7153,2025-10-26 01:00:00,1612.6467813351442,1802.5838316780091,676.9069795476723
forecast_7154,2025-10-26 02:00:00,1812.7721532541657,1857.1409625234985,678.0473127028351
forecast_7155,2025-10-26 03:00:00,2195.017235683823,2141.3749990325928,871.2950662750436
forecast_7156,2025-10-26 04:00:00,2343.072212183457,2176.9673701545717,908.7710635549355
forecast_7157,2025-10-26 05:00:00,2906.657868554688,2649.5004872644045,945.6976236015893
forecast_7158,2025-10-26 06:00:00,2893.900840582047,2715.013570511475,927.7860066622047
forecast_7159,2025-10-26 07:00:00,4144.547144640351,3735.3870670274355,1274.285104352093
forecast_7160,2025-10-26 08:00:00,3933.0187222461705,3514.086562402344,1275.8907258882523
forecast_7161,2025-10-26 09:00:00,3913.116177902985,3751.906586810608,1519.6791696354103
forecast_7162,2025-10-26 10:00:00,2853.031997295952,2845.915276359711,1189.797873395405
forecast_7163,2025-10-26 11:00:00,2347.6961392183307,2450.686149598084,1116.3977234733393
forecast_7164,2025-10-26 12:00:00,3495.315402627106,3488.1851771499637,1744.273079783249
forecast_7165,2025-10-26 13:00:00,4103.088980666962,3546.7390489331056,1898.0662824399567
forecast_7166,2025-10-26 14:00:00,5321.491632183838,4726.754844953308,2343.657393660202
forecast_7167,2025-10-26 15:00:00,5415.734249838867,4889.431513277283,2382.5681245824435
forecast_7168,2025-10-26 16:00:00,5806.480041340637,5106.887974790039,2580.344955748291
forecast_7169,2025-10-26 17:00:00,6879.168921852112,5502.687466983032,3075.680157152176
forecast_7170,2025-10-26 18:00:00,7408.481939430237,6561.939737689209,3851.1037556186675
forecast_7171,2025-10-26 19:00:00,8172.480441772461,7683.78701198578,4834.800893884659
forecast_7172,2025-10-26 20:00:00,8963.354353660583,9435.262104731752,6331.71652323845
forecast_7173,2025-10-26 21:00:00,11333.303842919922,12278.841097811892,9120.967201282121
forecast_7174,2025-10-26 22:00:00,13094.922877682497,14154.286303936768,10263.486681989289
forecast_7175,2025-10-26 23:00:00,13338.0177206604,14282.323114746094,10690.656550650789
forecast_7176,2025-10-27 00:00:00,14934.249116995241,15013.709724835206,11159.710183831025
forecast_7177,2025-10-27 01:00:00,15986.322949771118,16428.45004487,13276.39791496811
forecast_7178,2025-10-27 02:00:00,17606.954647839353,17943.31452787781,13537.245207089996
forecast_7179,2025-10-27 03:00:00,17656.64137003784,18226.991990594484,14464.118779808045
forecast_7180,2025-10-27 04:00:00,17440.576910232543,18068.824489974977,13772.897695907594
forecast_7181,2025-10-27 05:00:00,16829.939159985355,17228.687456402586,13142.528719865419
forecast_7182,2025-10-27 06:00:00,15343.761849279785,15464.696650912476,11220.560910687256
forecast_7183,2025-10-27 07:00:00,14500.072919259645,14960.416151193238,10451.66722722702
forecast_7184,2025-10-27 08:00:00,13671.401785809327,14512.62254468994,9961.668823715592
forecast_7185,2025-10-27 09:00:00,13060.080580212403,13691.20415916748,9560.967475320052
forecast_7186,2025-10-27 10:00:00,12293.659284829713,12684.554781570434,8719.936521987915
forecast_7187,2025-10-27 11:00:00,12161.98324979248,12708.876081835937,8691.329981738281
forecast_7188,2025-10-27 12:00:00,12768.097722848512,12713.091151016235,8839.850632525253
forecast_7189,2025-10-27 13:00:00,13025.79858350525,12693.55689322815,9143.195820833971
forecast_7190,2025-10-27 14:00:00,13923.371925234986,13588.03582874756,9900.060438582612
forecast_7191,2025-10-27 15:00:00,14448.024464822389,14139.894820663452,10300.21241549759
forecast_7192,2025-10-27 16:00:00,14889.979165942384,14489.845838388062,10700.146532771301
forecast_7193,2025-10-27 17:00:00,15507.394391339112,15604.151533044434,12007.38948062973
forecast_7194,2025-10-27 18:00:00,14984.151264157104,14729.71695876465,10978.494330215455
forecast_7195,2025-10-27 19:00:00,14654.710364233399,14186.474854663087,10420.859343715669
forecast_7196,2025-10-27 20:00:00,14450.69897605896,13621.317400827027,9936.202416429902
forecast_7197,2025-10-27 21:00:00,13595.587716232301,13348.054377465822,9628.274536306382
forecast_7198,2025-10-27 22:00:00,12994.130481533815,12865.881228787232,9435.1897145298
forecast_7199,2025-10-27 23:00:00,12482.351731564333,12057.673376123048,8694.221008348084
forecast_7200,2025-10-28 00:00:00,11725.913747821047,12027.534610896302,7946.648516968537
forecast_7201,2025-10-28 01:00:00,13658.634425561524,14159.978744467164,10391.663919703675
forecast_7202,2025-10-28 02:00:00,14264.142852301025,14796.031582144165,10125.957941917039
forecast_7203,2025-10-28 03:00:00,13924.492493081665,14579.04686194153,9507.226532789231
forecast_7204,2025-10-28 04:00:00,13438.807077487183,14046.298576947022,9005.576013333513
forecast_7205,2025-10-28 05:00:00,12386.122578845216,13408.547032058717,8587.984706034087
forecast_7206,2025-10-28 06:00:00,11939.69983623047,12469.786872772216,7975.413202025224
forecast_7207,2025-10-28 07:00:00,11787.98501477356,12242.96035831604,7647.543248532638
forecast_7208,2025-10-28 08:00:00,11008.258214689637,11292.550518301392,6673.4061073276525
forecast_7209,2025-10-28 09:00:00,8107.635406163025,8003.141450341797,4508.471759573841
forecast_7210,2025-10-28 10:00:00,4968.053419245911,5288.584171041871,2748.284853150845
forecast_7211,2025-10-28 11:00:00,3982.621076524353,3668.604227541962,1581.2370269635965
forecast_7212,2025-10-28 12:00:00,4498.6670296754455,3867.944273957825,1876.3595750514032
forecast_7213,2025-10-28 13:00:00,5058.639663440705,4192.819859307099,2071.4560067069433
forecast_7214,2025-10-28 14:00:00,5288.9093468139645,4106.919655023346,2159.3291403336334
forecast_7215,2025-10-28 15:00:00,5009.945729579315,3857.378055896912,2130.870697675343
forecast_7216,2025-10-28 16:00:00,5014.576433864594,4072.0119008181764,1958.3639554842186
forecast_7217,2025-10-28 17:00:00,4749.998991380311,4126.146649332428,1989.9427045467949
forecast_7218,2025-10-28 18:00:00,6099.723049266053,5930.991931381226,3205.9337252902988
forecast_7219,2025-10-28 19:00:00,7346.745161788636,7576.2736823083505,4999.047633130264
forecast_7220,2025-10-28 20:00:00,8737.727103445435,9121.37757751007,5497.120369911347
forecast_7221,2025-10-28 21:00:00,9209.64673789978,9913.25360644989,5579.188538501358
forecast_7222,2025-10-28 22:00:00,9201.011602572633,9992.532316648865,5616.838088456726
forecast_7223,2025-10-28 23:00:00,8865.123766790772,9668.423342300415,4950.972911795502
forecast_7224,2025-10-29 00:00:00,8541.279172317505,9358.203842832947,4709.515700786972
forecast_7225,2025-10-29 01:00:00,6883.568783800965,5976.599812080079,2760.7029039604
forecast_7226,2025-10-29 02:00:00,6531.713883386231,5727.956498166657,2460.5487038099864
forecast_7227,2025-10-29 03:00:00,7046.514885847474,5943.500797457276,2239.905679426899
forecast_7228,2025-10-29 04:00:00,5841.546181334839,5001.391173011933,1986.754550060978
forecast_7229,2025-10-29 05:00:00,5239.723314038849,4508.517450655366,1733.0211786471368
forecast_7230,2025-10-29 06:00:00,4271.415719779739,3892.511446746254,1551.2905863396263
forecast_7231,2025-10-29 07:00:00,3736.4771972383883,3396.7316858842855,1273.4838994278336
forecast_7232,2025-10-29 08:00:00,2979.570318683243,2579.1174284833146,969.3320702642059
forecast_7233,2025-10-29 09:00:00,1898.7660850889206,1637.1600944317627,619.357645727787
forecast_7234,2025-10-29 10:00:00,1115.9116369396593,1129.08768,320.614576
forecast_7235,2025-10-29 11:00:00,994.2000089658164,964.349829292717,307.750904
forecast_7236,2025-10-29 12:00:00,1032.749085065689,1026.6193515790558,307.750904
forecast_7237,2025-10-29 13:00:00,1014.5812874820518,1076.4788187827683,318.74288
forecast_7238,2025-10-29 14:00:00,1074.7771316591645,1157.3646798605728,307.750904
forecast_7239,2025-10-29 15:00:00,1010.2513033440399,1056.0651094381333,305.17588
forecast_7240,2025-10-29 16:00:00,1056.056573794861,1110.8877511288833,308.5373656885758
forecast_7241,2025-10-29 17:00:00,1128.7078958499528,1124.5160673366165,307.750904
forecast_7242,2025-10-29 18:00:00,1404.0430662230683,1345.4687284137344,346.50800000000004
forecast_7243,2025-10-29 19:00:00,2029.2964509897233,1969.9436370798876,761.9214315263176
forecast_7244,2025-10-29 20:00:00,2945.0653305265046,2695.8812135823446,1212.288747898941
forecast_7245,2025-10-29 21:00:00,4226.0358610051735,3958.1316416244513,2010.4392446812628
forecast_7246,2025-10-29 22:00:00,5904.07523436554,5512.3144576176455,3014.0409210460666
forecast_7247,2025-10-29 23:00:00,5147.548889687348,4891.254087521515,2440.1711932911876
forecast_7248,2025-10-30 00:00:00,6805.312682526398,6093.545553657532,3827.745876148682
forecast_7249,2025-10-30 01:00:00,6580.540569937287,6249.618959563141,3303.867634932614
forecast_7250,2025-10-30 02:00:00,8728.762619676208,8839.62700185852,5435.658317206726
forecast_7251,2025-10-30 03:00:00,12593.237738203432,12708.353266966247,8391.147949358368
forecast_7252,2025-10-30 04:00:00,13216.823810777283,13042.34530126648,8293.72399530754
forecast_7253,2025-10-30 05:00:00,13035.064356610108,13154.104047970583,8232.890412749482
forecast_7254,2025-10-30 06:00:00,13817.436990597535,13553.045071185305,9117.780474190902
forecast_7255,2025-10-30 07:00:00,11641.791755743408,11151.339533345032,6390.37911779892
forecast_7256,2025-10-30 08:00:00,10337.901932455445,9385.80734218445,4832.880782714081
forecast_7257,2025-10-30 09:00:00,8395.698064440156,7801.899465618897,3573.9645773996735
forecast_7258,2025-10-30 10:00:00,5382.153938118744,5036.357194100189,2088.1053979500775
forecast_7259,2025-10-30 11:00:00,3552.3195969010926,3031.624309758759,1301.7173082320785
forecast_7260,2025-10-30 12:00:00,2571.802691470871,2325.130824815254,960.4583009991455
forecast_7261,2025-10-30 13:00:00,2168.1811022938537,1980.9475572160723,775.5789903150368
forecast_7262,2025-10-30 14:00:00,2267.1322905062107,2022.237760040474,812.5599528915711
forecast_7263,2025-10-30 15:00:00,1696.4668111875153,1637.6831997613144,575.9429906474877
forecast_7264,2025-10-30 16:00:00,1775.075126431656,1792.7114230476382,770.4475155682754
forecast_7265,2025-10-30 17:00:00,3076.7665470235443,2771.4857890138246,1215.4531772633936
forecast_7266,2025-10-30 18:00:00,3567.1290814640047,3036.792946421967,1231.083555746212
forecast_7267,2025-10-30 19:00:00,3708.304588139343,3029.4757333799744,1256.579882011509
forecast_7268,2025-10-30 20:00:00,3685.341747719727,2773.706941028099,1194.2667474855423
forecast_7269,2025-10-30 21:00:00,3649.08921317215,2782.884438688469,1327.064241970749
forecast_7270,2025-10-30 22:00:00,2667.985913181305,2300.162575351143,929.232573966217
forecast_7271,2025-10-30 23:00:00,2814.743081006699,2227.918553876152,983.7838207916452
forecast_7272,2025-10-31 00:00:00,2608.8141065818027,2226.2810029797747,858.7963636948243
forecast_7273,2025-10-31 01:00:00,1545.0342793842317,1614.0349295821,457.42776000000003
forecast_7274,2025-10-31 02:00:00,1571.6839959498216,1624.7255872766495,455.16645600000004
forecast_7275,2025-10-31 03:00:00,1572.2400753729248,1650.8000985368349,455.16645600000004
forecast_7276,2025-10-31 04:00:00,1479.9684121803284,1631.1797410714723,454.77056000000005
forecast_7277,2025-10-31 05:00:00,1374.7827293424225,1571.2116477729799,425.074856
forecast_7278,2025-10-31 06:00:00,1442.8807094881438,1556.920725219574,407.6504
forecast_7279,2025-10-31 07:00:00,1527.9647710237505,1538.4544995214844,407.6504
forecast_7280,2025-10-31 08:00:00,1381.202504154663,1492.27354573658,421.2012
forecast_7281,2025-10-31 09:00:00,1324.4414194951248,1551.4396000325014,433.93976000000004
forecast_7282,2025-10-31 10:00:00,1093.8426983552172,1351.1396197991562,320.614576
forecast_7283,2025-10-31 11:00:00,1093.116627223463,1366.554106683693,320.614576
forecast_7284,2025-10-31 12:00:00,1080.0305460161971,1252.2288461104965,320.614576
forecast_7285,2025-10-31 13:00:00,1090.8370176695253,1234.812406844368,307.750904
forecast_7286,2025-10-31 14:00:00,1052.445753681221,1199.6662727538683,320.614576
forecast_7287,2025-10-31 15:00:00,1040.9662329051591,1151.0085158167649,307.750904
forecast_7288,2025-10-31 16:00:00,1139.2969303854752,1225.4106596491624,307.750904
forecast_7289,2025-10-31 17:00:00,1191.9953524162675,1229.734827560997,390.8245753824959
forecast_7290,2025-10-31 18:00:00,1577.4623889489749,1811.9191665045166,631.9746791283188
forecast_7291,2025-10-31 19:00:00,2291.8135164396667,2545.7782668940736,1068.2279029527704
forecast_7292,2025-10-31 20:00:00,3952.178850669861,3939.003642117157,1513.1500770973014
forecast_7293,2025-10-31 21:00:00,7591.462335957337,7639.0447317977905,3506.7881397971346
forecast_7294,2025-10-31 22:00:00,8614.352953736878,8644.94288177643,4122.767564662858
forecast_7295,2025-10-31 23:00:00,9089.341801338196,9703.11206636505,4900.599868183442
forecast_7296,2025-11-01 00:00:00,9960.595780773925,10157.380673986816,6014.690509489823
forecast_7297,2025-11-01 01:00:00,10439.976347080994,11705.621770259095,8138.11577306137
forecast_7298,2025-11-01 02:00:00,8902.180639842223,11022.104543927002,7291.3632811771395
forecast_7299,2025-11-01 03:00:00,8852.514775422667,10136.171895103455,7274.370853176118
forecast_7300,2025-11-01 04:00:00,10676.977393318177,11964.796582333374,8701.186486837007
forecast_7301,2025-11-01 05:00:00,12411.268894638062,13568.120291030886,9826.287445916367
forecast_7302,2025-11-01 06:00:00,12989.338248641969,13698.709051043703,9972.43275289116
forecast_7303,2025-11-01 07:00:00,12654.876969436646,13579.907412423707,9842.751648024368
forecast_7304,2025-11-01 08:00:00,13409.021320233156,13858.860985891724,9793.768661114122
forecast_7305,2025-11-01 09:00:00,13899.371496627808,14461.560837106324,10554.418816030504
forecast_7306,2025-11-01 10:00:00,14662.12112489624,14925.874911068728,10475.474844282913
forecast_7307,2025-11-01 11:00:00,14533.039803652955,14785.846666567995,10507.245698606872
forecast_7308,2025-11-01 12:00:00,13967.187800183106,14087.930044226076,10149.709915415955
forecast_7309,2025-11-01 13:00:00,13887.301233172608,13904.142825250245,9835.076459312058
forecast_7310,2025-11-01 14:00:00,14169.723574240114,13896.606003387453,10047.707356927109
forecast_7311,2025-11-01 15:00:00,13998.206174243165,13757.204241336061,10163.756068889237
forecast_7312,2025-11-01 16:00:00,13898.970976702882,13709.896532821656,9936.646546274947
forecast_7313,2025-11-01 17:00:00,14325.061402661133,14630.025631701661,10715.499874141313
forecast_7314,2025-11-01 18:00:00,15089.938140597535,15080.241587695313,12197.35924414673
forecast_7315,2025-11-01 19:00:00,15417.868383618164,15537.218288168335,12132.726439514923
forecast_7316,2025-11-01 20:00:00,15613.815041400147,15893.076670217895,12451.445509998322
forecast_7317,2025-11-01 21:00:00,15361.62328935852,15242.152762823487,11979.093434036256
forecast_7318,2025-11-01 22:00:00,15338.69521069641,15530.528074014284,11848.345063671111
forecast_7319,2025-11-01 23:00:00,17198.74029682007,17608.61358147278,13705.940661334993
forecast_7320,2025-11-02 00:00:00,17307.62633773804,17914.111836431886,14585.752106034852
forecast_7321,2025-11-02 01:00:00,16795.512659625245,17220.423053985596,13409.603417998505
forecast_7322,2025-11-02 02:00:00,16737.836539678952,17384.367189053344,13556.287051197054
forecast_7323,2025-11-02 03:00:00,16362.309737240603,16259.674767407229,12856.71148764496
forecast_7324,2025-11-02 04:00:00,16022.432526043702,16265.90110569763,12870.040730679322
forecast_7325,2025-11-02 05:00:00,15843.390082296753,16334.586852325441,12927.208574229431
forecast_7326,2025-11-02 06:00:00,15962.11206798401,16674.953163635255,13392.077363381197
forecast_7327,2025-11-02 07:00:00,16885.69346760254,17780.330501968383,14418.718064832306
forecast_7328,2025-11-02 08:00:00,17491.372368792727,18436.589014367673,14464.175937438966
forecast_7329,2025-11-02 09:00:00,17437.8208862854,18551.98134293518,13783.089247662354
forecast_7330,2025-11-02 10:00:00,17647.805516213994,18871.729857730104,13495.608683630373
forecast_7331,2025-11-02 11:00:00,17119.948890457155,17882.32448421936,13316.181393215942
forecast_7332,2025-11-02 12:00:00,15706.253988320925,16634.09195838623,12701.980654806519
forecast_7333,2025-11-02 13:00:00,15096.283874383545,15603.962630218506,11608.004931028749
forecast_7334,2025-11-02 14:00:00,14786.266689196778,14823.35227097168,10899.936082494736
forecast_7335,2025-11-02 15:00:00,15003.690121990967,15192.697703909304,10904.992500281905
forecast_7336,2025-11-02 16:00:00,14756.473004135132,14560.971480178834,10867.991111658861
forecast_7337,2025-11-02 17:00:00,13976.819691201783,13765.802271636963,9756.327558203506
forecast_7338,2025-11-02 18:00:00,13387.342203308106,13466.607713027955,9329.296827980043
forecast_7339,2025-11-02 19:00:00,14476.730872125245,13625.005210894777,9620.857609885788
forecast_7340,2025-11-02 20:00:00,12931.655948559572,12719.170131140138,9064.901823923112
forecast_7341,2025-11-02 21:00:00,9263.402424819946,7644.798586102295,4797.207557934571
forecast_7342,2025-11-02 22:00:00,9797.69244761963,9992.613217793274,5773.327094473038
forecast_7343,2025-11-02 23:00:00,9620.87377957306,9616.084251812745,5138.671076870728
forecast_7344,2025-11-03 00:00:00,7002.959789931489,8053.1368266204845,4126.305038837623
forecast_7345,2025-11-03 01:00:00,7911.89860506134,9312.845615431213,5462.536014511052
forecast_7346,2025-11-03 02:00:00,7230.1627434043885,8322.601709944152,4658.99478561821
forecast_7347,2025-11-03 03:00:00,6251.7550947428135,7643.019911133575,3648.533868628845
forecast_7348,2025-11-03 04:00:00,6183.92683146019,7224.815728467561,3538.822904885769
forecast_7349,2025-11-03 05:00:00,4761.7676839765545,5463.043864967538,2683.275008354988
forecast_7350,2025-11-03 06:00:00,3905.9229518515017,4041.7238594671253,1556.32136
forecast_7351,2025-11-03 07:00:00,3430.6777395860295,3725.206847167969,1276.2000563536644
forecast_7352,2025-11-03 08:00:00,3186.614042781868,3400.9616392807006,1151.1320422778322
forecast_7353,2025-11-03 09:00:00,3254.035844921303,3960.8468927279664,1535.011969052105
forecast_7354,2025-11-03 10:00:00,1847.044040419388,2245.3194487791825,874.5957866386224
forecast_7355,2025-11-03 11:00:00,1272.9329633810235,1449.9489226924516,547.28224
forecast_7356,2025-11-03 12:00:00,1167.5381344404602,1300.2205249310684,455.16645600000004
forecast_7357,2025-11-03 13:00:00,1039.182563647461,1098.4524180414962,318.74288
forecast_7358,2025-11-03 14:00:00,1029.4728134226227,1107.8821021973802,326.970824
forecast_7359,2025-11-03 15:00:00,1027.0610100575636,1129.5644735468672,307.750904
forecast_7360,2025-11-03 16:00:00,1035.8013418364335,1202.3609252479935,293.67343999999997
forecast_7361,2025-11-03 17:00:00,1269.3913754481507,1500.9320709180834,407.6504
forecast_7362,2025-11-03 18:00:00,1617.4233793382264,1668.6841006994248,428.87712000000005
forecast_7363,2025-11-03 19:00:00,2202.5096522212216,2221.2872525742723,595.5915200000001
forecast_7364,2025-11-03 20:00:00,2875.929919196091,3139.882462027321,974.951660522976
forecast_7365,2025-11-03 21:00:00,3985.999377654267,4154.124931146431,1508.640665434475
forecast_7366,2025-11-03 22:00:00,5043.189067607422,5900.345896804047,2395.116102691288
forecast_7367,2025-11-03 23:00:00,7775.485827009583,8431.331517710114,4220.844279457931
forecast_7368,2025-11-04 00:00:00,9475.614825108338,11008.687409106446,6687.750357143403
forecast_7369,2025-11-04 01:00:00,8681.037399011993,10007.422749501038,5315.239741600419
forecast_7370,2025-11-04 02:00:00,9456.458552751159,11134.413521842956,7201.419038799973
forecast_7371,2025-11-04 03:00:00,9963.548801091003,11230.659718450928,6529.699881686631
forecast_7372,2025-11-04 04:00:00,10749.44737148285,11830.453041268922,7921.459199043656
forecast_7373,2025-11-04 05:00:00,11795.564574430848,13381.027687384034,8752.154491139601
forecast_7374,2025-11-04 06:00:00,12349.891173007203,13867.31812145691,9345.817422205353
forecast_7375,2025-11-04 07:00:00,13838.889252713014,14734.563200735474,10197.719609440994
forecast_7376,2025-11-04 08:00:00,14202.025433978271,15046.67554768677,10591.731565387345
forecast_7377,2025-11-04 09:00:00,13622.76635947876,14966.660984796144,10792.115701579285
forecast_7378,2025-11-04 10:00:00,13674.731063531493,15104.173651919557,11718.283471073913
forecast_7379,2025-11-04 11:00:00,13013.175203067018,14548.108596337892,11109.979010980605
forecast_7380,2025-11-04 12:00:00,11545.503879667665,12812.327542349245,9976.623009640121
forecast_7381,2025-11-04 13:00:00,9819.531606121825,10145.321356192018,8171.450660432434
forecast_7382,2025-11-04 14:00:00,10161.006409773254,10181.804770880128,7732.102311992493
forecast_7383,2025-11-04 15:00:00,10647.036002806091,10512.419739805604,8561.144971064376
forecast_7384,2025-11-04 16:00:00,10522.367853161622,10459.814159744263,8331.063537876893
forecast_7385,2025-11-04 17:00:00,10856.593188369752,11450.800497851564,8039.803779109727
forecast_7386,2025-11-04 18:00:00,11839.695530966186,12542.34234456482,8039.465446396256
forecast_7387,2025-11-04 19:00:00,11526.96549890442,12177.269644120788,7447.261167398454
forecast_7388,2025-11-04 20:00:00,11143.932596693421,11672.07679398651,7208.6628494245915
forecast_7389,2025-11-04 21:00:00,11022.013645617675,11540.729997070313,7165.163637976838
forecast_7390,2025-11-04 22:00:00,9935.361219671631,9651.93754606018,5468.275585858536
forecast_7391,2025-11-04 23:00:00,8385.687891548157,7649.370060464478,4068.276197164364
forecast_7392,2025-11-05 00:00:00,7730.138375594331,6675.577334827882,3042.600123211346
forecast_7393,2025-11-05 01:00:00,9579.292024836732,8740.025887446594,4653.314175635911
forecast_7394,2025-11-05 02:00:00,6595.655626740266,5101.73060008133,2156.9064131908226
forecast_7395,2025-11-05 03:00:00,4009.386005723572,3124.1596807929996,1264.0426214419174
forecast_7396,2025-11-05 04:00:00,2692.5333305469517,2254.919750179596,955.6336349855042
forecast_7397,2025-11-05 05:00:00,1958.6479397666933,1604.2320088918686,520.3937312152023
forecast_7398,2025-11-05 06:00:00,1750.0822871183016,1525.5619637509537,463.40501092529297
forecast_7399,2025-11-05 07:00:00,1637.662704967575,1551.5396177286148,474.44538981630325
forecast_7400,2025-11-05 08:00:00,1552.1311502562714,1437.941823042717,437.6672638391495
forecast_7401,2025-11-05 09:00:00,1203.189198120842,1288.0197120139694,425.6311207137108
forecast_7402,2025-11-05 10:00:00,1006.2350734886932,1153.9305067125322,307.750904
forecast_7403,2025-11-05 11:00:00,1006.671157876916,1153.2293071603012,307.750904
forecast_7404,2025-11-05 12:00:00,1021.5507176419735,1166.60379378582,307.750904
forecast_7405,2025-11-05 13:00:00,1008.3020498383427,1184.6995314235307,307.750904
forecast_7406,2025-11-05 14:00:00,1027.9630607182312,1177.3663968073654,307.750904
forecast_7407,2025-11-05 15:00:00,1038.3769485572625,1234.1251324792863,307.750904
forecast_7408,2025-11-05 16:00:00,1206.4905038019563,1330.8946828354262,320.614576
forecast_7409,2025-11-05 17:00:00,1179.8598418576432,1281.5378397061538,407.6504
forecast_7410,2025-11-05 18:00:00,1236.9426455693435,1284.5307147574997,407.6504
forecast_7411,2025-11-05 19:00:00,1365.1236649346163,1335.0506389979935,424.04464
forecast_7412,2025-11-05 20:00:00,1344.4547888754273,1353.276230312233,439.86908800000003
forecast_7413,2025-11-05 21:00:00,1412.9213187174225,1354.7372860307696,448.09704000000005
forecast_7414,2025-11-05 22:00:00,1588.990119202118,1369.8532412392808,449.12552
forecast_7415,2025-11-05 23:00:00,1675.8943179470825,1364.5515786836625,485.76403924308784
forecast_7416,2025-11-06 00:00:00,1873.133232566147,1567.325100794716,641.6324541779824
forecast_7417,2025-11-06 01:00:00,2515.5831516954804,2457.3660411486817,1137.709824737072
forecast_7418,2025-11-06 02:00:00,3838.865185146332,3321.668966479645,1541.236286778164
forecast_7419,2025-11-06 03:00:00,5643.833150816346,4717.592792126465,2154.8642447650145
forecast_7420,2025-11-06 04:00:00,6769.30704803772,5350.1403484176635,2475.665806899643
forecast_7421,2025-11-06 05:00:00,8462.229895407105,6768.873770431213,3307.861419953919
forecast_7422,2025-11-06 06:00:00,9021.512059126282,7733.608353546143,3710.875418202515
forecast_7423,2025-11-06 07:00:00,7408.517962305451,5796.957069743348,3059.597917014523
forecast_7424,2025-11-06 08:00:00,4460.912149968719,3483.973500784912,1397.8833095651817
forecast_7425,2025-11-06 09:00:00,2696.4115679273227,2138.454160288353,846.4935789524461
forecast_7426,2025-11-06 10:00:00,1774.8843283257295,1537.206131434822,520.2972545186577
forecast_7427,2025-11-06 11:00:00,1402.9643787852099,1350.2508923017504,438.96659183864597
forecast_7428,2025-11-06 12:00:00,1055.7647533822726,1165.1357924295808,331.60656
forecast_7429,2025-11-06 13:00:00,1068.945137050705,1184.3287220195389,307.750904
forecast_7430,2025-11-06 14:00:00,1068.664394728985,1127.016215019417,307.750904
forecast_7431,2025-11-06 15:00:00,1015.5468677201272,1063.1893235680009,307.750904
forecast_7432,2025-11-06 16:00:00,986.621868576765,1144.5370360562517,320.614576
forecast_7433,2025-11-06 17:00:00,1177.059595601616,1251.6905184216691,407.6504
forecast_7434,2025-11-06 18:00:00,1408.2507413962937,1562.2975715015793,407.6504
forecast_7435,2025-11-06 19:00:00,1543.8756832987215,1711.8556818081665,448.09704000000005
forecast_7436,2025-11-06 20:00:00,1518.3579180849838,1691.4978983605959,407.6504
forecast_7437,2025-11-06 21:00:00,1532.595657091637,1696.4102898699953,418.6424
forecast_7438,2025-11-06 22:00:00,1461.3675516736603,1559.167909122963,436.71435199999996
forecast_7439,2025-11-06 23:00:00,1505.1578662818529,1579.4492218537905,448.09704000000005
forecast_7440,2025-11-07 00:00:00,1499.340667360115,1455.1165710483933,425.26888
forecast_7441,2025-11-07 01:00:00,1523.1909654927065,1436.641841512871,520.775950738411
forecast_7442,2025-11-07 02:00:00,2169.5674707508088,2158.6115717544553,983.1743356016808
forecast_7443,2025-11-07 03:00:00,2438.3279654231264,2278.6823521987917,1071.2012312277793
forecast_7444,2025-11-07 04:00:00,3454.376196132355,2943.627776550293,1281.0299792231558
forecast_7445,2025-11-07 05:00:00,4786.042486538239,4030.709109714508,1805.3737701900673
forecast_7446,2025-11-07 06:00:00,4630.7061037460335,3765.960895966797,1765.0942003773307
forecast_7447,2025-11-07 07:00:00,3323.0462648339085,2691.6600084638594,1212.3346339230538
forecast_7448,2025-11-07 08:00:00,2001.8172139286044,1582.5438463282396,519.1177998649407
forecast_7449,2025-11-07 09:00:00,1315.992483369255,1217.5547869538498,407.6504
forecast_7450,2025-11-07 10:00:00,1079.0442352417563,1135.3511835039903,320.614576
forecast_7451,2025-11-07 11:00:00,1035.3336173130228,1132.1014248833849,293.67343999999997
forecast_7452,2025-11-07 12:00:00,1069.9122930215453,1144.5131256983568,295.7737571801567
forecast_7453,2025-11-07 13:00:00,945.2381600000001,1047.3935826072693,371.835472
forecast_7454,2025-11-07 14:00:00,1067.40448,1218.23136,455.16645600000004
forecast_7455,2025-11-07 15:00:00,1501.606616056881,1566.1831342344285,590.131883337822
forecast_7456,2025-11-07 16:00:00,1719.9115466483117,1863.3323684376146,727.7791115636254
forecast_7457,2025-11-07 17:00:00,2034.007201398163,2209.2628483966446,845.2133504317933
forecast_7458,2025-11-07 18:00:00,2186.3782699635312,2686.9828364498903,901.7102689255524
forecast_7459,2025-11-07 19:00:00,2522.0210251389312,3032.4939041522216,916.2201329035951
forecast_7460,2025-11-07 20:00:00,2891.2731968112184,2893.1101554491047,937.7725596678926
forecast_7461,2025-11-07 21:00:00,3289.9391221838378,3744.2921696868902,1016.6417018464089
forecast_7462,2025-11-07 22:00:00,3364.2224855054856,3314.9984311676026,1030.3133463654135
forecast_7463,2025-11-07 23:00:00,3545.9854072554404,3380.4306484170534,1067.3068812099457
forecast_7464,2025-11-08 00:00:00,2949.435200995102,3059.3979948187257,874.3049568323518
forecast_7465,2025-11-08 01:00:00,2699.3318915911104,2710.2568915800475,767.6368578043366
forecast_7466,2025-11-08 02:00:00,2477.3718729479983,2149.975055665741,508.86768000000006
forecast_7467,2025-11-08 03:00:00,2358.77319876709,2456.0900321807862,771.3873113902283
forecast_7468,2025-11-08 04:00:00,2857.1877087353514,2871.435669210816,825.3822007009506
forecast_7469,2025-11-08 05:00:00,3042.4562016650393,2896.9080870185853,1013.400120575924
forecast_7470,2025-11-08 06:00:00,2990.637611954651,3083.69539428421,1086.89552751791
forecast_7471,2025-11-08 07:00:00,3233.930533004952,3115.095029218636,1160.5498227328874
forecast_7472,2025-11-08 08:00:00,2859.6395338857656,2853.259814353447,1161.4565684920312
forecast_7473,2025-11-08 09:00:00,2587.903783434639,2766.866304549904,940.4418890175706
forecast_7474,2025-11-08 10:00:00,2361.9749266249087,2527.281890341301,920.3457141787071
forecast_7475,2025-11-08 11:00:00,1930.1321730171967,2344.640644259834,820.7360410543442
forecast_7476,2025-11-08 12:00:00,1870.1540042754366,1945.830197674408,739.0095920463372
forecast_7477,2025-11-08 13:00:00,2118.150948583374,2371.289553735047,683.9010910006829
forecast_7478,2025-11-08 14:00:00,2357.6553685086824,2703.653512597809,972.8868554599114
forecast_7479,2025-11-08 15:00:00,2443.2223290773773,2879.066423552704,987.3377874064064
forecast_7480,2025-11-08 16:00:00,2434.1229815334323,2979.5247627565004,1042.003746246357
forecast_7481,2025-11-08 17:00:00,2509.0437479174043,3049.5760792349247,1181.1607807696341
forecast_7482,2025-11-08 18:00:00,3341.537818216553,3829.0375162005616,1623.3092581210137
forecast_7483,2025-11-08 19:00:00,3454.8033862020875,4201.470414652253,1829.4176351517488
forecast_7484,2025-11-08 20:00:00,4160.324363253785,4876.589694436951,2114.8797621521
forecast_7485,2025-11-08 21:00:00,5070.331838228608,5792.807382203674,2671.2086325115206
forecast_7486,2025-11-08 22:00:00,5550.5037700080875,6231.998468577881,2822.6465009800722
forecast_7487,2025-11-08 23:00:00,9019.109153381349,10771.652822177124,6639.016392964935
forecast_7488,2025-11-09 00:00:00,8642.347808067323,10120.05411565857,6629.2326398693085
forecast_7489,2025-11-09 01:00:00,7359.029912558594,8214.70244593506,4888.025824226608
forecast_7490,2025-11-09 02:00:00,8049.3862016647345,8784.510206681824,5873.487636021271
forecast_7491,2025-11-09 03:00:00,9032.435303227234,9353.559945246889,5565.176266353531
forecast_7492,2025-11-09 04:00:00,10186.197954429626,10328.851842347718,6924.44320698967
forecast_7493,2025-11-09 05:00:00,12395.882396408082,13324.936959429933,8974.009374075318
forecast_7494,2025-11-09 06:00:00,13043.820376821901,13876.836799386598,9672.08699216156
forecast_7495,2025-11-09 07:00:00,13107.036461688233,14477.455915783692,10317.088906132127
forecast_7496,2025-11-09 08:00:00,13826.872769100954,14335.881107919311,10064.663813570023
forecast_7497,2025-11-09 09:00:00,13181.03261741028,13960.95465492859,9906.493807037736
forecast_7498,2025-11-09 10:00:00,14078.742530984498,14644.06740836487,10401.221441760636
forecast_7499,2025-11-09 11:00:00,11915.685628842164,13161.2247008667,9404.243398197556
forecast_7500,2025-11-09 12:00:00,11468.722072064209,11987.761477130129,8432.014332502364
forecast_7501,2025-11-09 13:00:00,11994.434660469056,12136.803836798097,8608.844833584593
forecast_7502,2025-11-09 14:00:00,12358.177418356325,12552.690146276856,9150.950847499083
forecast_7503,2025-11-09 15:00:00,13118.949108651734,12823.96865500183,9717.293260739516
forecast_7504,2025-11-09 16:00:00,14155.652197781374,14022.906767715454,10307.204182293703
forecast_7505,2025-11-09 17:00:00,14128.988415417482,14276.41796137085,10461.167004712295
forecast_7506,2025-11-09 18:00:00,14387.636658065796,14479.93392522583,11426.350228384019
forecast_7507,2025-11-09 19:00:00,15289.56194142151,15324.81130201416,12705.756160347366
forecast_7508,2025-11-09 20:00:00,16941.674213586426,16889.713244058228,13820.540511494446
forecast_7509,2025-11-09 21:00:00,17013.099814190675,16812.006237515263,13512.778476023865
forecast_7510,2025-11-09 22:00:00,16284.223488208008,16299.831483309938,12860.321520539857
forecast_7511,2025-11-09 23:00:00,15142.759907235719,15144.413465393067,11550.806497465897
forecast_7512,2025-11-10 00:00:00,14786.602868444825,14382.913778533935,10865.526624108505
forecast_7513,2025-11-10 01:00:00,14886.155629647828,14467.540526287841,10513.942037475968
forecast_7514,2025-11-10 02:00:00,14123.244883489991,13559.13964147339,9782.838863069152
forecast_7515,2025-11-10 03:00:00,14140.191570606996,13304.365591261292,9412.215989247896
forecast_7516,2025-11-10 04:00:00,13233.586443557739,12900.572541262818,9008.88383757477
forecast_7517,2025-11-10 05:00:00,13944.851758276367,13576.367572648622,9794.257036206818
forecast_7518,2025-11-10 06:00:00,15086.37567739563,15436.1752840271,10926.923005901337
forecast_7519,2025-11-10 07:00:00,16637.022946356203,16197.863317306517,11962.24243250885
forecast_7520,2025-11-10 08:00:00,15832.960919531251,15929.742837930298,11881.866035531615
forecast_7521,2025-11-10 09:00:00,14718.549082418824,14856.761811795044,10630.984726119614
forecast_7522,2025-11-10 10:00:00,13516.228697195436,13949.014104586793,9510.109724539947
forecast_7523,2025-11-10 11:00:00,11934.570128063966,12416.47356522522,8516.248653819275
forecast_7524,2025-11-10 12:00:00,10673.796383601379,10674.312259210206,7285.79412709816
forecast_7525,2025-11-10 13:00:00,7954.427575645447,7402.951621176453,3938.4440471418
forecast_7526,2025-11-10 14:00:00,7510.4950325897225,6469.902447177735,3449.2651195646667
forecast_7527,2025-11-10 15:00:00,6262.27457139679,5287.627607399902,3028.780192181778
forecast_7528,2025-11-10 16:00:00,6599.488118134155,5771.757091430664,3929.7353381538396
forecast_7529,2025-11-10 17:00:00,8184.5455700286875,7328.391584122315,5059.336501775436
forecast_7530,2025-11-10 18:00:00,12619.380648034668,12759.197373893738,8888.655803203965
forecast_7531,2025-11-10 19:00:00,15265.614291818238,14456.18701338501,10933.789357062149
forecast_7532,2025-11-10 20:00:00,16959.055150881955,16449.370438140868,11898.61110192337
forecast_7533,2025-11-10 21:00:00,17585.8170292511,16892.095071981814,12972.603084126284
forecast_7534,2025-11-10 22:00:00,17797.621963583377,17316.42286342773,12800.626258357239
forecast_7535,2025-11-10 23:00:00,17760.131061300657,17094.633655996706,12113.70678853836
forecast_7536,2025-11-11 00:00:00,17958.796465478517,17472.95116086121,12408.306875205231
forecast_7537,2025-11-11 01:00:00,19835.936071258548,19274.81346914368,14895.911477586365
forecast_7538,2025-11-11 02:00:00,18988.329979727176,18429.757413772582,13479.59043704834
forecast_7539,2025-11-11 03:00:00,17845.150506518556,17460.71129107361,12064.874310116578
forecast_7540,2025-11-11 04:00:00,16197.467122854616,16005.573579449463,10428.518783140564
forecast_7541,2025-11-11 05:00:00,13197.310196994018,13494.781241973877,8057.1148760116575
forecast_7542,2025-11-11 06:00:00,8692.315981289674,8061.0211074661265,4247.880519839573
forecast_7543,2025-11-11 07:00:00,7138.97133387909,5486.940366620789,2486.396519223232
forecast_7544,2025-11-11 08:00:00,4847.346767684174,3658.761884099579,1403.4908657316782
forecast_7545,2025-11-11 09:00:00,4703.269078163528,3510.0779106225586,1221.736238859768
forecast_7546,2025-11-11 10:00:00,3624.4213875130463,2831.179210775299,1052.5396444589423
forecast_7547,2025-11-11 11:00:00,2726.1578133758544,2314.355424467316,948.6640343329811
forecast_7548,2025-11-11 12:00:00,2441.4692321617126,2175.451336857605,948.1157778468514
forecast_7549,2025-11-11 13:00:00,2301.68164414856,1956.9447101719668,868.5636912626534
forecast_7550,2025-11-11 14:00:00,2162.6206499862674,1802.2368049412155,759.4155856530762
forecast_7551,2025-11-11 15:00:00,1988.2325150157549,1724.6136525057602,648.603375719719
forecast_7552,2025-11-11 16:00:00,1649.4446687012864,1447.0157518243027,455.286
forecast_7553,2025-11-11 17:00:00,1694.671599155693,1568.2941039051439,455.286
forecast_7554,2025-11-11 18:00:00,1720.6404411976243,1494.0988533942796,451.38688
forecast_7555,2025-11-11 19:00:00,1457.2113806210327,1318.9427657831193,428.87712000000005
forecast_7556,2025-11-11 20:00:00,1355.773084207573,1401.3741578197098,451.939332550705
forecast_7557,2025-11-11 21:00:00,1523.5335459756852,1562.3880022163773,491.88663055101017
forecast_7558,2025-11-11 22:00:00,1718.9450429551316,1594.6691216322708,505.8629914084969
forecast_7559,2025-11-11 23:00:00,1909.493005999527,1649.797066462822,500.32105648017887
forecast_7560,2025-11-12 00:00:00,1872.1986063938905,1636.4103375358964,490.1722811923027
forecast_7561,2025-11-12 01:00:00,1830.630109608307,1497.2171318548203,457.031888
forecast_7562,2025-11-12 02:00:00,2049.4812130485534,1683.1006698429492,457.547312
forecast_7563,2025-11-12 03:00:00,2015.8283954085543,1687.9597711499407,460.39256
forecast_7564,2025-11-12 04:00:00,2237.7124551773836,1927.2983070516589,594.641945992054
forecast_7565,2025-11-12 05:00:00,2416.6660073697662,2080.960690090599,740.6576518979073
forecast_7566,2025-11-12 06:00:00,3280.0446042486574,3279.614090901184,1209.7646740029336
forecast_7567,2025-11-12 07:00:00,4783.611872871399,4470.26283319687,1648.4651591335296
forecast_7568,2025-11-12 08:00:00,5506.607546259613,5189.335784631195,1849.2338594139292
forecast_7569,2025-11-12 09:00:00,5716.650560903626,5478.459738952637,2110.2298453642843
forecast_7570,2025-11-12 10:00:00,4457.935764767609,4315.089995934295,1891.0686656048774
forecast_7571,2025-11-12 11:00:00,4140.9033060390475,3785.357681507111,1903.4969668994333
forecast_7572,2025-11-12 12:00:00,5123.862463592529,5268.410285752106,2760.0919209047697
forecast_7573,2025-11-12 13:00:00,5658.729167295837,5521.8074639916995,3158.9498703180698
forecast_7574,2025-11-12 14:00:00,5296.783055824891,4929.133779748841,2909.039265059738
forecast_7575,2025-11-12 15:00:00,5644.8631520797735,5441.328088449097,2880.4973372528075
forecast_7576,2025-11-12 16:00:00,6477.7695738214115,6818.414195968323,3473.1099027370456
forecast_7577,2025-11-12 17:00:00,10929.472760992432,11131.473122473144,8211.158223012619
forecast_7578,2025-11-12 18:00:00,13358.087624920656,14049.985142419435,9879.533418383407
forecast_7579,2025-11-12 19:00:00,15590.0126236969,16276.296913201904,12070.175550813294
forecast_7580,2025-11-12 20:00:00,16213.993034976198,16850.989403356936,12222.370993518829
forecast_7581,2025-11-12 21:00:00,17721.24650840149,18309.208123846438,13260.101288508607
forecast_7582,2025-11-12 22:00:00,18414.274888311767,18407.09145131836,13459.955669351197
forecast_7583,2025-11-12 23:00:00,19397.748204852294,19227.745990078736,15029.762106402588
forecast_7584,2025-11-13 00:00:00,20126.477531991575,20088.695516357424,15945.288817444613
forecast_7585,2025-11-13 01:00:00,20623.99532692871,20147.62059313965,15797.016390299988
forecast_7586,2025-11-13 02:00:00,19894.896811050417,19807.411550283814,15744.540063300323
forecast_7587,2025-11-13 03:00:00,20125.303226953125,19692.934859832763,15938.504517305757
forecast_7588,2025-11-13 04:00:00,19643.26701452637,19603.17904871521,15076.565902677155
forecast_7589,2025-11-13 05:00:00,18780.154455526736,19209.795283734133,14730.095566166689
forecast_7590,2025-11-13 06:00:00,18096.358341906736,18125.80142293701,13206.721094731904
forecast_7591,2025-11-13 07:00:00,16835.66778302002,17510.274162979127,11974.94113531723
forecast_7592,2025-11-13 08:00:00,14941.642810061647,16041.174562194825,10877.376962422944
forecast_7593,2025-11-13 09:00:00,13767.081509890748,15268.622924423218,10051.760933514786
forecast_7594,2025-11-13 10:00:00,12662.850171299744,14132.104608810427,9907.558237679674
forecast_7595,2025-11-13 11:00:00,11908.773110025024,13255.922615322877,9253.856225759508
forecast_7596,2025-11-13 12:00:00,7667.239605836487,8075.416955526734,4219.350849496613
forecast_7597,2025-11-13 13:00:00,5042.859660552063,4771.569208309174,2597.4230099327087
forecast_7598,2025-11-13 14:00:00,4346.671344404449,4000.152100258179,2074.2849754130557
forecast_7599,2025-11-13 15:00:00,3940.230649113617,3657.0690033570863,2005.9429595104982
forecast_7600,2025-11-13 16:00:00,4816.819697671509,4294.042902561494,2214.9340254341123
forecast_7601,2025-11-13 17:00:00,4436.357283795929,4453.85912372818,1795.363902249241
forecast_7602,2025-11-13 18:00:00,5477.7168917564395,5663.194589299927,2266.6034846603966
forecast_7603,2025-11-13 19:00:00,6479.2432498062135,7727.883517798462,3262.0497550021173
forecast_7604,2025-11-13 20:00:00,7327.3613957165535,6653.996537324525,3181.9714613684846
forecast_7605,2025-11-13 21:00:00,8519.847087625123,8235.500691365052,4065.4799993675233
forecast_7606,2025-11-13 22:00:00,8691.018272406007,7740.1337599823,4170.7743555084235
forecast_7607,2025-11-13 23:00:00,9350.080095899964,8608.339878790284,4729.213103636551
forecast_7608,2025-11-14 00:00:00,8665.172059103395,7472.1135675231935,4227.0603961017605
forecast_7609,2025-11-14 01:00:00,3240.5293383123017,2763.7974555073547,1386.0314447032358
forecast_7610,2025-11-14 02:00:00,3463.1633277357487,3116.930900354767,1523.1948736977959
forecast_7611,2025-11-14 03:00:00,3294.1711824824524,2865.9855708685304,1398.8560080706216
forecast_7612,2025-11-14 04:00:00,3580.373467871094,3045.6192698902896,1516.7655780514717
forecast_7613,2025-11-14 05:00:00,3738.0359445846557,3117.901671095429,1575.5385249759483
forecast_7614,2025-11-14 06:00:00,3792.459465803375,3103.178878968811,1744.5574807792855
forecast_7615,2025-11-14 07:00:00,4018.332270182038,3282.1458023762516,1716.0319532408714
forecast_7616,2025-11-14 08:00:00,4686.824384288026,4082.769430035401,1874.7736466049766
forecast_7617,2025-11-14 09:00:00,4895.683598390808,3748.6473532112122,1657.0335264652063
forecast_7618,2025-11-14 10:00:00,4566.261760730438,3568.991012188263,1900.4606285304071
forecast_7619,2025-11-14 11:00:00,4000.4642013130187,3449.6919712951662,1785.1436414995005
forecast_7620,2025-11-14 12:00:00,3990.9328673217774,3509.790860698853,1712.2549996848297
forecast_7621,2025-11-14 13:00:00,4220.71280891571,3295.32840233017,1887.8548343821717
forecast_7622,2025-11-14 14:00:00,4418.564217478943,3619.10019013443,1954.761211307068
forecast_7623,2025-11-14 15:00:00,4839.887713418731,4032.380840330353,2161.7944382281494
forecast_7624,2025-11-14 16:00:00,5460.324929727935,4615.294744888459,2392.895039823914
forecast_7625,2025-11-14 17:00:00,5787.499577173157,5290.394529274445,2605.975870937195
forecast_7626,2025-11-14 18:00:00,6990.504774229432,6233.181683439637,3533.587604131928
forecast_7627,2025-11-14 19:00:00,8432.269784226992,8439.946916397095,4966.651765917587
forecast_7628,2025-11-14 20:00:00,10089.6908171875,10037.02139661255,5904.26813859253
forecast_7629,2025-11-14 21:00:00,10057.77753591156,9454.748481071474,5394.027567692948
forecast_7630,2025-11-14 22:00:00,10011.876817111208,9347.56098570404,5145.36910641632
forecast_7631,2025-11-14 23:00:00,9684.74271153717,8944.61471736908,5170.6286105529025
forecast_7632,2025-11-15 00:00:00,8802.386054541017,8175.82532531891,3921.9523285756686
forecast_7633,2025-11-15 01:00:00,6438.462009513092,5182.655152790833,2607.430058690491
forecast_7634,2025-11-15 02:00:00,6044.629647016602,4880.315774565887,2583.1714212067986
forecast_7635,2025-11-15 03:00:00,5543.594554754639,4673.761624802856,2022.9383005109216
forecast_7636,2025-11-15 04:00:00,6136.874820514679,5101.614587032319,2205.489564839306
forecast_7637,2025-11-15 05:00:00,5414.869936493377,4493.8797972898865,1780.4352234835244
forecast_7638,2025-11-15 06:00:00,4750.306026903077,3949.111916126442,1557.2273262682534
forecast_7639,2025-11-15 07:00:00,4819.122844699555,3928.5770629789354,1575.2129596600535
forecast_7640,2025-11-15 08:00:00,3986.611747904968,2985.5802400000002,1101.7229110006142
forecast_7641,2025-11-15 09:00:00,3176.7478422853856,2359.0181749737167,943.7662629532662
forecast_7642,2025-11-15 10:00:00,1990.3280066940308,1687.461965030861,687.9678130077554
forecast_7643,2025-11-15 11:00:00,1530.964114196396,1530.7534935422136,606.5478389809227
forecast_7644,2025-11-15 12:00:00,1735.6473100317382,1642.8674055480958,684.2125519565773
forecast_7645,2025-11-15 13:00:00,1358.4386840678405,1304.1719149509813,558.36824500803
forecast_7646,2025-11-15 14:00:00,1206.842352931061,1215.9124957374192,504.4411667160034
forecast_7647,2025-11-15 15:00:00,1524.3890848817828,1439.4547379273606,582.8882902730943
forecast_7648,2025-11-15 16:00:00,2133.836657941056,2051.2808166275026,879.123429831543
forecast_7649,2025-11-15 17:00:00,3223.5684918181614,3106.9305220857623,1438.8704897041512
forecast_7650,2025-11-15 18:00:00,5421.587023013001,4926.80106633606,2483.2415044827844
forecast_7651,2025-11-15 19:00:00,7732.200218450927,7326.936839221192,4417.953074405957
forecast_7652,2025-11-15 20:00:00,8957.010439024354,9088.421387576294,5473.231601261139
forecast_7653,2025-11-15 21:00:00,10386.905477148437,10255.678708946229,6798.43761152359
forecast_7654,2025-11-15 22:00:00,9905.058041859436,9645.53823058014,5471.681314288711
forecast_7655,2025-11-15 23:00:00,9184.89970888977,8995.752045166017,4971.947130713654
forecast_7656,2025-11-16 00:00:00,9448.798376831055,8892.050163967895,4898.147863796921
forecast_7657,2025-11-16 01:00:00,8493.603749206544,7790.675861335754,5178.662079372788
forecast_7658,2025-11-16 02:00:00,8038.263534820558,7556.6778338729855,3789.9506007969862
forecast_7659,2025-11-16 03:00:00,8387.260691316224,8135.860785198975,4547.39665932188
forecast_7660,2025-11-16 04:00:00,8261.465825639345,8072.528809107971,4513.93596821394
forecast_7661,2025-11-16 05:00:00,9976.995944976807,9348.194126522829,5794.77511353157
forecast_7662,2025-11-16 06:00:00,10613.971938005066,11164.052299484254,7193.983820463792
forecast_7663,2025-11-16 07:00:00,11341.556457525634,12571.864016384889,8672.78110239792
forecast_7664,2025-11-16 08:00:00,11701.22379064789,13008.50018110199,8740.96749212761
forecast_7665,2025-11-16 09:00:00,12132.751398039247,14176.011396600343,9341.957538225937
forecast_7666,2025-11-16 10:00:00,11260.1566552948,13531.116026129152,9357.54671439209
forecast_7667,2025-11-16 11:00:00,10225.656161573792,13172.157765951539,9566.434773526766
forecast_7668,2025-11-16 12:00:00,11796.793048318481,14328.187814950563,10931.452830385972
forecast_7669,2025-11-16 13:00:00,12071.489941641237,14200.595923379517,11489.32206441307
forecast_7670,2025-11-16 14:00:00,12227.888037780762,13832.45763961792,10992.539167661667
forecast_7671,2025-11-16 15:00:00,13730.778571078492,15193.828873062135,12380.078557712557
forecast_7672,2025-11-16 16:00:00,15631.569945477297,16556.947156463622,13909.542531988525
forecast_7673,2025-11-16 17:00:00,17674.603972903442,18595.464800842285,15921.947658005525
forecast_7674,2025-11-16 18:00:00,19042.258936227416,19805.77801520386,16170.483366226197
forecast_7675,2025-11-16 19:00:00,19840.529479034423,20305.356879275514,17357.00859262467
forecast_7676,2025-11-16 20:00:00,20330.10911211243,20491.16700220642,18607.109325625614
forecast_7677,2025-11-16 21:00:00,20161.533517462158,20426.772738375857,19102.03323392792
forecast_7678,2025-11-16 22:00:00,20202.631462240603,20499.409762908934,19158.754238619997
forecast_7679,2025-11-16 23:00:00,19441.020180419924,20280.591521066286,18991.325834241485
forecast_7680,2025-11-17 00:00:00,19035.664735644532,20006.462467535403,17246.597220436095
forecast_7681,2025-11-17 01:00:00,19163.248959930417,19885.191806344603,16355.416085050965
forecast_7682,2025-11-17 02:00:00,19862.822886077884,20319.86584626465,17386.600669419102
forecast_7683,2025-11-17 03:00:00,19468.013180325317,20184.426881600953,16065.443014504242
forecast_7684,2025-11-17 04:00:00,19396.573923382566,20084.03406329956,16091.743878829957
forecast_7685,2025-11-17 05:00:00,19462.23249579773,20121.378089312744,16059.009194934846
forecast_7686,2025-11-17 06:00:00,19562.545281027225,20161.128244515992,15801.047136267853
forecast_7687,2025-11-17 07:00:00,19612.157358218385,19909.236829940797,15640.806963734438
forecast_7688,2025-11-17 08:00:00,18706.43601418152,19451.36229074402,14688.638501081085
forecast_7689,2025-11-17 09:00:00,17887.407667337036,17815.26197070923,13420.914841708374
forecast_7690,2025-11-17 10:00:00,15457.47373949585,15987.376874658205,12418.02391495819
forecast_7691,2025-11-17 11:00:00,14524.267569168092,15213.27262284546,12020.210756060029
forecast_7692,2025-11-17 12:00:00,14145.306108102417,14692.26513538208,10934.232251919557
forecast_7693,2025-11-17 13:00:00,14108.011078445435,14585.89653477173,10878.230299777984
forecast_7694,2025-11-17 14:00:00,13741.797771224978,14403.161128872682,10695.393442079163
forecast_7695,2025-11-17 15:00:00,13793.579846469118,13886.929465039064,10550.043416448212
forecast_7696,2025-11-17 16:00:00,13780.178078863526,14183.235850479126,10609.662805014039
forecast_7697,2025-11-17 17:00:00,14351.87977043457,14549.42194684143,11071.283999485016
forecast_7698,2025-11-17 18:00:00,13973.559250357057,14138.729918218996,10624.169604258728
forecast_7699,2025-11-17 19:00:00,13457.687818588258,14005.798182962037,11189.59485716896
forecast_7700,2025-11-17 20:00:00,14532.847476638795,15196.845093673706,12294.600716270066
forecast_7701,2025-11-17 21:00:00,15406.737718704224,15979.600823129273,12754.210348750305
forecast_7702,2025-11-17 22:00:00,16133.310404296875,17251.057167501833,13342.032666967774
forecast_7703,2025-11-17 23:00:00,16427.14947417908,18043.216212112427,14392.734364963531
forecast_7704,2025-11-18 00:00:00,16276.376445803833,17780.355017675785,13672.601984467316
forecast_7705,2025-11-18 01:00:00,16020.141835852053,17571.51259147034,13435.519829771423
forecast_7706,2025-11-18 02:00:00,15943.95106361084,17487.121218826294,12843.781536831666
forecast_7707,2025-11-18 03:00:00,15775.918094512941,17276.43535378418,12911.984178063965
forecast_7708,2025-11-18 04:00:00,16764.63454107666,17867.128568252563,13213.401540713501
forecast_7709,2025-11-18 05:00:00,16749.787515960692,17831.139152996828,13442.901166477204
forecast_7710,2025-11-18 06:00:00,17178.35675100708,18173.494199642944,13963.39306693573
forecast_7711,2025-11-18 07:00:00,17861.02456644592,18735.38459421692,15203.165189639283
forecast_7712,2025-11-18 08:00:00,16915.270432934572,17492.53807591858,13584.639155419922
forecast_7713,2025-11-18 09:00:00,15065.159180731202,16144.175541671753,12141.481853741456
forecast_7714,2025-11-18 10:00:00,13761.706071002198,14375.735330975343,10694.614337961579
forecast_7715,2025-11-18 11:00:00,13838.59239784546,13767.027222296143,10071.594039134598
forecast_7716,2025-11-18 12:00:00,13438.333827755738,13638.499405575561,9628.870955947496
forecast_7717,2025-11-18 13:00:00,13237.703691638184,12973.136836779786,9255.508114207842
forecast_7718,2025-11-18 14:00:00,13295.97762275696,12559.843930795289,9087.607722619246
forecast_7719,2025-11-18 15:00:00,12778.808089669801,11464.668939859008,8287.059175276185
forecast_7720,2025-11-18 16:00:00,11195.287384883119,9579.752984695435,6759.471246143341
forecast_7721,2025-11-18 17:00:00,9395.618666677856,8249.307598085023,5005.1789624996945
forecast_7722,2025-11-18 18:00:00,7771.024814716492,6701.955999084778,3668.379739031754
forecast_7723,2025-11-18 19:00:00,7179.6953856826785,6870.720174578248,3896.9594139951328
forecast_7724,2025-11-18 20:00:00,7060.459277992554,7173.22423117218,4372.419657315521
forecast_7725,2025-11-18 21:00:00,8372.087956871033,8642.984502677918,5251.182254191208
forecast_7726,2025-11-18 22:00:00,9567.043189811706,9486.768644548036,5597.541610203629
forecast_7727,2025-11-18 23:00:00,10217.572116061403,9932.792000683594,6042.781379581833
forecast_7728,2025-11-19 00:00:00,9718.12410884552,9577.329850785827,5790.820015980454
forecast_7729,2025-11-19 01:00:00,12059.167266131592,13261.981300286867,8810.97880180359
forecast_7730,2025-11-19 02:00:00,12126.005653353883,13253.010074087526,8743.056720145036
forecast_7731,2025-11-19 03:00:00,10830.627535177613,11276.47609431305,7052.738513293458
forecast_7732,2025-11-19 04:00:00,9477.382686032106,8983.975806269838,5213.418853425904
forecast_7733,2025-11-19 05:00:00,7512.228925184631,6153.566858431397,3650.868195289383
forecast_7734,2025-11-19 06:00:00,5201.001669900666,4708.292387420654,2588.0933662294774
forecast_7735,2025-11-19 07:00:00,4270.89102240982,3414.453590991211,1773.1887592272378
forecast_7736,2025-11-19 08:00:00,3759.5817626426697,2998.001804952431,1390.8752735440637
forecast_7737,2025-11-19 09:00:00,2730.0863181957243,2211.3738728115463,994.3360047612458
forecast_7738,2025-11-19 10:00:00,2053.7755851463317,1761.3649253933336,478.7867417122955
forecast_7739,2025-11-19 11:00:00,1647.3285184812928,1438.5098791846847,433.54380000000003
forecast_7740,2025-11-19 12:00:00,1461.9278412316132,1306.5978665552902,428.87712000000005
forecast_7741,2025-11-19 13:00:00,1610.6721849567414,1409.4238920645523,454.77056000000005
forecast_7742,2025-11-19 14:00:00,1983.8608361023714,1688.6261253113175,616.1888
forecast_7743,2025-11-19 15:00:00,2880.625180973358,2451.534474083252,1109.461114700794
forecast_7744,2025-11-19 16:00:00,3793.3865750346376,3285.6666936277775,1519.6231487312507
forecast_7745,2025-11-19 17:00:00,7803.896057808228,6802.837709022522,4653.058053664017
forecast_7746,2025-11-19 18:00:00,11229.355462194826,9504.125545089722,7395.997582994232
forecast_7747,2025-11-19 19:00:00,13314.584933935548,12290.949474487306,9565.92497973976
forecast_7748,2025-11-19 20:00:00,14939.797577389527,13877.855233422852,10325.646618723678
forecast_7749,2025-11-19 21:00:00,17098.343841668702,15852.5140080719,11770.008248077393
forecast_7750,2025-11-19 22:00:00,19802.59316211548,17903.663697329714,14593.740707177734
forecast_7751,2025-11-19 23:00:00,20668.687545892335,19309.326311904908,15795.490136575318
forecast_7752,2025-11-20 00:00:00,20856.13883109741,19913.214321804808,16016.765485395814
forecast_7753,2025-11-20 01:00:00,20970.965226837157,20349.332268884278,16147.561449323273
forecast_7754,2025-11-20 02:00:00,21095.540999441528,20745.787837783817,16243.385309204103
forecast_7755,2025-11-20 03:00:00,21200.918833480835,20977.665367105103,16537.389978734587
forecast_7756,2025-11-20 04:00:00,21167.898784371948,20961.76378286743,16270.251508558656
forecast_7757,2025-11-20 05:00:00,20870.33120900574,20693.570420904543,16056.264709413148
forecast_7758,2025-11-20 06:00:00,20725.093856216434,20535.887297943114,15967.788728126527
forecast_7759,2025-11-20 07:00:00,20790.21440733643,20618.675460241702,16091.320273963167
forecast_7760,2025-11-20 08:00:00,19939.701231378174,20177.069922659302,16068.108450929261
forecast_7761,2025-11-20 09:00:00,19028.970031527708,20137.467780447387,16080.585639372255
forecast_7762,2025-11-20 10:00:00,17758.788459075928,19396.00671390076,15947.9991833313
forecast_7763,2025-11-20 11:00:00,18129.873532800295,19636.16418407898,15966.324386747743
forecast_7764,2025-11-20 12:00:00,18111.296768441774,19570.99808837891,15890.445599311068
forecast_7765,2025-11-20 13:00:00,18416.687124618533,19521.86102418518,16078.233687358857
forecast_7766,2025-11-20 14:00:00,19162.53352987671,19872.52321134338,16244.556013488771
forecast_7767,2025-11-20 15:00:00,18963.175798947144,19618.037508630372,16205.810713638306
forecast_7768,2025-11-20 16:00:00,19489.30923861084,19868.474687298585,16327.213273953248
forecast_7769,2025-11-20 17:00:00,19796.503533239746,20267.25616100769,16444.018151926422
forecast_7770,2025-11-20 18:00:00,20109.4954945282,20256.63253474426,16573.841974986266
forecast_7771,2025-11-20 19:00:00,19868.632789947507,19983.562694421387,16452.80581926956
forecast_7772,2025-11-20 20:00:00,18976.701734133912,19613.02754629517,16295.74486491089
forecast_7773,2025-11-20 21:00:00,18801.2224904541,19654.607549057007,16156.228694390107
forecast_7774,2025-11-20 22:00:00,18558.190153128053,19488.35057574463,16022.921003871917
forecast_7775,2025-11-20 23:00:00,18231.592372296145,19277.62836311951,15842.114517481996
forecast_7776,2025-11-21 00:00:00,18089.698784936525,19199.41316495056,15450.188268148042
forecast_7777,2025-11-21 01:00:00,17627.782962506106,18704.785514898686,14855.36594666214
forecast_7778,2025-11-21 02:00:00,17750.637734295655,18607.629397152712,14095.710488954926
forecast_7779,2025-11-21 03:00:00,17641.683469628908,18299.779372976685,13827.195614159395
forecast_7780,2025-11-21 04:00:00,18217.608125408937,18711.3367597229,13375.936206531525
forecast_7781,2025-11-21 05:00:00,19176.567801498415,19226.337538549808,14611.612215042114
forecast_7782,2025-11-21 06:00:00,19205.777317843625,19525.361045565798,15033.27913725586
forecast_7783,2025-11-21 07:00:00,19233.60025529175,19605.962747955324,14982.21950491028
forecast_7784,2025-11-21 08:00:00,18994.293418188478,19285.79186305237,14166.187612240601
forecast_7785,2025-11-21 09:00:00,17247.698792178344,18376.514109414675,13230.163088347626
forecast_7786,2025-11-21 10:00:00,16067.306108444214,17225.179272802736,13033.17390165863
forecast_7787,2025-11-21 11:00:00,15809.127796517945,17228.439997985843,13075.724605770874
forecast_7788,2025-11-21 12:00:00,16021.118576437379,17051.595436962893,12960.713422462464
forecast_7789,2025-11-21 13:00:00,15842.995438961792,16768.382109848026,12276.859087084198
forecast_7790,2025-11-21 14:00:00,15778.914962347413,16657.342877679446,12194.935406817627
forecast_7791,2025-11-21 15:00:00,15904.289726141358,16933.282809399418,13364.984483381653
forecast_7792,2025-11-21 16:00:00,16727.315979629515,18037.286272546386,13899.459671859742
forecast_7793,2025-11-21 17:00:00,17341.724054995728,18530.718763562014,14951.967111185455
forecast_7794,2025-11-21 18:00:00,17578.620764801024,18996.000647747802,15758.617739167787
forecast_7795,2025-11-21 19:00:00,16860.636727352907,18049.979301104737,14857.762326789856
forecast_7796,2025-11-21 20:00:00,16991.731304580688,18398.54883705444,14974.344520051576
forecast_7797,2025-11-21 21:00:00,17577.49165834656,18956.237657595826,15614.717021351624
forecast_7798,2025-11-21 22:00:00,18082.59514570923,19431.59055362549,15708.735824697113
forecast_7799,2025-11-21 23:00:00,18015.903900180056,19355.647369998173,15592.340150113678
forecast_7800,2025-11-22 00:00:00,18141.345886596682,19358.380875048828,15444.419468454744
forecast_7801,2025-11-22 01:00:00,18661.702857910153,20020.467795358276,15739.937614482118
forecast_7802,2025-11-22 02:00:00,18456.299840490727,19699.6529463501,15215.06027735138
forecast_7803,2025-11-22 03:00:00,18098.865441586306,19386.191113519286,14365.016065309144
forecast_7804,2025-11-22 04:00:00,18336.41847273255,19544.080512283326,14257.324711061097
forecast_7805,2025-11-22 05:00:00,18796.36059399414,19640.19154502869,14800.119850685121
forecast_7806,2025-11-22 06:00:00,19894.174759103393,19786.517580773925,15046.425838406372
forecast_7807,2025-11-22 07:00:00,19559.04361765137,19664.43162508545,14878.484350196839
forecast_7808,2025-11-22 08:00:00,18729.507084573364,18905.240555407716,13544.93712771759
forecast_7809,2025-11-22 09:00:00,17776.93796355286,18100.113172354126,12427.936869010926
forecast_7810,2025-11-22 10:00:00,14812.304423568727,15774.237964382935,11185.635684861756
forecast_7811,2025-11-22 11:00:00,12865.311841241455,14466.800529846192,9925.596237840651
forecast_7812,2025-11-22 12:00:00,12683.621359533692,14169.962096054078,9732.272618139268
forecast_7813,2025-11-22 13:00:00,13037.051488815308,13221.81319273987,9765.590009374238
forecast_7814,2025-11-22 14:00:00,13090.790163974001,13615.486913937379,9885.449591453553
forecast_7815,2025-11-22 15:00:00,13711.702880477906,13878.993795779419,10619.784159593964
forecast_7816,2025-11-22 16:00:00,14194.967184185793,14870.450421444702,11184.250392079926
forecast_7817,2025-11-22 17:00:00,16191.857200271608,17178.876454089354,13092.609404524994
forecast_7818,2025-11-22 18:00:00,17321.911419577027,17706.299422460936,14175.558152866364
forecast_7819,2025-11-22 19:00:00,18403.701004177856,18462.250714642334,15134.541486802675
forecast_7820,2025-11-22 20:00:00,19007.177419396976,18620.463132489014,15239.275304538729
forecast_7821,2025-11-22 21:00:00,19722.926246362305,19396.204531323245,15479.056586228944
forecast_7822,2025-11-22 22:00:00,20050.017813369752,19186.860154846192,15359.570237858583
forecast_7823,2025-11-22 23:00:00,20252.259721566774,19245.321273028567,15609.76162650223
forecast_7824,2025-11-23 00:00:00,20479.175561517335,19783.74781273499,15939.277304714968
forecast_7825,2025-11-23 01:00:00,20609.149031652832,20161.19937644043,16059.51460703888
forecast_7826,2025-11-23 02:00:00,20300.035522610473,20043.3771566803,15956.325164636994
forecast_7827,2025-11-23 03:00:00,20175.428550125125,19986.232921423343,15940.270474781037
forecast_7828,2025-11-23 04:00:00,20409.71401197815,20142.048361434936,15967.879684242249
forecast_7829,2025-11-23 05:00:00,20224.879338943483,19946.448373336792,15748.252568700409
forecast_7830,2025-11-23 06:00:00,20310.499520758058,19842.98707066345,15802.455012580873
forecast_7831,2025-11-23 07:00:00,20425.673797888183,19855.226587234494,16009.596960858918
forecast_7832,2025-11-23 08:00:00,19859.99995735779,19293.572796200562,15802.551906157685
forecast_7833,2025-11-23 09:00:00,18512.693177209472,18789.191469131467,14489.782349945832
forecast_7834,2025-11-23 10:00:00,18837.37915721741,18871.75544445801,14264.06924198227
forecast_7835,2025-11-23 11:00:00,17343.205062332156,17932.655856130983,13260.297712536621
forecast_7836,2025-11-23 12:00:00,17249.420483117676,17835.9954960022,13115.753947813417
forecast_7837,2025-11-23 13:00:00,14531.266012213135,15054.270267507934,10960.497645901107
forecast_7838,2025-11-23 14:00:00,13491.895835806275,14442.747630163576,10902.519167557146
forecast_7839,2025-11-23 15:00:00,13381.607552963258,14384.489934570314,10557.826715629197
forecast_7840,2025-11-23 16:00:00,13438.18818868103,14161.142703421021,10618.375885585785
forecast_7841,2025-11-23 17:00:00,14781.34544015503,15008.565287094118,11594.50058554077
forecast_7842,2025-11-23 18:00:00,16570.48783949585,16277.22790864563,12371.249603314209
forecast_7843,2025-11-23 19:00:00,17823.045915093993,17973.866877456665,13598.176375125886
forecast_7844,2025-11-23 20:00:00,17629.18894576416,17914.089532421876,13513.979564611054
forecast_7845,2025-11-23 21:00:00,17632.966829913334,18035.157591796877,13805.415696001435
forecast_7846,2025-11-23 22:00:00,16957.3003115448,17237.992536947633,14004.489582666778
forecast_7847,2025-11-23 23:00:00,16565.777241705324,16816.74360221863,13411.172923166658
forecast_7848,2025-11-24 00:00:00,15840.791298217775,16234.194775378419,12311.588534360504
forecast_7849,2025-11-24 01:00:00,14688.790338034058,15852.583506344607,11230.134946886063
forecast_7850,2025-11-24 02:00:00,14587.549435488892,15851.788920050049,10764.64212109108
forecast_7851,2025-11-24 03:00:00,13629.628426327516,14888.025403262329,10776.088919086838
forecast_7852,2025-11-24 04:00:00,12604.247792224123,14297.875256134033,10017.372958964157
forecast_7853,2025-11-24 05:00:00,11810.569225904846,13358.146113650513,9260.82957364502
forecast_7854,2025-11-24 06:00:00,12578.062255990602,13975.449045803834,9667.329659688186
forecast_7855,2025-11-24 07:00:00,13410.328779531861,14647.442740344239,10529.772064536668
forecast_7856,2025-11-24 08:00:00,13807.195066696167,14900.660201055909,10507.421022556686
forecast_7857,2025-11-24 09:00:00,12134.953376106263,13743.037046228028,10058.643959766006
forecast_7858,2025-11-24 10:00:00,11414.442857234191,12687.321931060791,9343.839368896866
forecast_7859,2025-11-24 11:00:00,11987.00125145111,13145.704474313356,9705.945734090805
forecast_7860,2025-11-24 12:00:00,12155.345963812257,13140.185068203737,10063.143143688583
forecast_7861,2025-11-24 13:00:00,12813.697126333618,13536.065514297487,10914.971733916855
forecast_7862,2025-11-24 14:00:00,13494.60811678772,14176.657891427612,11702.944006666183
forecast_7863,2025-11-24 15:00:00,13697.3594818573,14852.835290109253,11911.247431674958
forecast_7864,2025-11-24 16:00:00,13506.452344311525,14242.471732769776,11229.033054483034
forecast_7865,2025-11-24 17:00:00,13583.734039578248,14200.620300735474,11290.819386917114
forecast_7866,2025-11-24 18:00:00,12976.596961001589,13738.441234481812,10646.0827771698
forecast_7867,2025-11-24 19:00:00,12804.39476713257,13024.350891183472,10331.169095600892
forecast_7868,2025-11-24 20:00:00,13725.820845040893,14688.649481753542,11551.969346250915
forecast_7869,2025-11-24 21:00:00,13471.680461679078,14665.629699938967,11240.551334293366
forecast_7870,2025-11-24 22:00:00,13184.0200890625,15191.474992144776,11087.229734037019
forecast_7871,2025-11-24 23:00:00,13707.045245559693,15292.93674060669,11297.581088102723
forecast_7872,2025-11-25 00:00:00,13313.519873544312,14701.046676690676,10572.040670475006
forecast_7873,2025-11-25 01:00:00,13211.827548733521,14610.732472024538,10695.252736909486
forecast_7874,2025-11-25 02:00:00,13749.07441411438,14923.827420889284,10983.68927742462
forecast_7875,2025-11-25 03:00:00,13800.290235040284,14735.177870046997,10951.714609157561
forecast_7876,2025-11-25 04:00:00,12775.771326199341,14443.835583218384,10272.390067756272
forecast_7877,2025-11-25 05:00:00,13327.288076712037,14995.803208941652,10778.11886417961
forecast_7878,2025-11-25 06:00:00,12896.657961343384,14758.676972076417,10308.561377048112
forecast_7879,2025-11-25 07:00:00,13239.214368884277,14965.264108291627,10404.19618301506
forecast_7880,2025-11-25 08:00:00,13182.662186322023,14368.886817520142,10156.869888830566
forecast_7881,2025-11-25 09:00:00,10018.910494638061,11812.268136735534,8383.577935790254
forecast_7882,2025-11-25 10:00:00,10191.317729421999,11379.766498864747,8747.196236845399
forecast_7883,2025-11-25 11:00:00,9268.08927195282,10427.996980947877,7207.275398000489
forecast_7884,2025-11-25 12:00:00,8150.398688030396,8612.413645500183,5338.327773250198
forecast_7885,2025-11-25 13:00:00,9711.906767189026,10021.59647836609,6822.851455347824
forecast_7886,2025-11-25 14:00:00,11425.832437731935,11444.102476260376,8531.40580628052
forecast_7887,2025-11-25 15:00:00,11409.10107850647,12047.453668008424,8989.620940921403
forecast_7888,2025-11-25 16:00:00,12055.979379840088,12366.209576480103,8745.24086519699
forecast_7889,2025-11-25 17:00:00,12634.9378651886,12854.444362249757,9298.783232623291
forecast_7890,2025-11-25 18:00:00,12976.144092178345,12910.573438073732,9228.490158955765
forecast_7891,2025-11-25 19:00:00,12832.7924168396,12608.363878320313,8824.071556087112
forecast_7892,2025-11-25 20:00:00,11610.280014704897,11358.930037078859,7061.503518567733
forecast_7893,2025-11-25 21:00:00,8412.113181712342,8280.600472428894,4352.392331334591
forecast_7894,2025-11-25 22:00:00,6484.539470593262,6844.671130105286,2771.3003729739194
forecast_7895,2025-11-25 23:00:00,5958.00241795578,6240.562338916016,2608.9132269867896
forecast_7896,2025-11-26 00:00:00,4759.879907517624,5051.7662391738895,1771.755779996853
forecast_7897,2025-11-26 01:00:00,3887.8177116136935,3632.6144045666506,1561.2421279395103
forecast_7898,2025-11-26 02:00:00,2702.9877096755986,2817.279812732086,1054.1176268893814
forecast_7899,2025-11-26 03:00:00,2100.7445024291037,2252.1977596359256,987.5374303111076
forecast_7900,2025-11-26 04:00:00,1837.5937629184723,2003.7129718270874,950.5895899421502
forecast_7901,2025-11-26 05:00:00,2031.7777434561922,2249.0324970901493,1122.205067248989
forecast_7902,2025-11-26 06:00:00,2361.740315763321,2634.5569847717284,1361.9922710373498
forecast_7903,2025-11-26 07:00:00,2807.74596977417,2970.850087945557,1564.163808943615
forecast_7904,2025-11-26 08:00:00,3179.0036155256657,3241.4081275982667,1534.2257831938743
forecast_7905,2025-11-26 09:00:00,3705.3311044079587,3903.2313466583255,1710.8387300223733
forecast_7906,2025-11-26 10:00:00,4168.224356668243,3872.838986941681,1685.8466294135858
forecast_7907,2025-11-26 11:00:00,3739.6368928303527,3428.081314210358,1475.6426830410196
forecast_7908,2025-11-26 12:00:00,3413.467072063522,3340.6820128152467,1455.2509770226097
forecast_7909,2025-11-26 13:00:00,3209.191198723221,3283.2372525462342,1625.5698822281074
forecast_7910,2025-11-26 14:00:00,4320.77744794693,3911.6526406631474,2400.875032344723
forecast_7911,2025-11-26 15:00:00,5812.511128389893,5104.566137921142,3500.9498112398533
forecast_7912,2025-11-26 16:00:00,7369.382045141602,6545.007916651917,4395.460764283753
forecast_7913,2025-11-26 17:00:00,9007.603356262207,9104.485206834412,6567.137745731049
forecast_7914,2025-11-26 18:00:00,12236.469470776368,12101.213546151734,8851.66879450302
forecast_7915,2025-11-26 19:00:00,13898.58329147339,14242.439192974854,10722.255575445937
forecast_7916,2025-11-26 20:00:00,13924.216672473145,14490.770318515017,10257.30158422966
forecast_7917,2025-11-26 21:00:00,13734.58553739319,14394.798166766357,9976.698121901703
forecast_7918,2025-11-26 22:00:00,14108.89327699585,14484.744598425294,10458.38637478981
forecast_7919,2025-11-26 23:00:00,14402.29642039795,15054.863050213624,10756.232842261887
forecast_7920,2025-11-27 00:00:00,15674.317823806763,16516.619488006592,12551.04801388321
forecast_7921,2025-11-27 01:00:00,15379.11846468811,16689.6381902771,12121.607404611206
forecast_7922,2025-11-27 02:00:00,15573.757083267214,16988.377930880735,13354.937354447175
forecast_7923,2025-11-27 03:00:00,17599.055775247194,18413.675709439085,13875.79898942337
forecast_7924,2025-11-27 04:00:00,16110.086624185182,17350.1507143219,13765.429133667756
forecast_7925,2025-11-27 05:00:00,15579.334764907837,16379.684532177735,13028.54375805588
forecast_7926,2025-11-27 06:00:00,15774.532083386232,16752.68038513184,13247.613146806336
forecast_7927,2025-11-27 07:00:00,13240.501554861452,15335.647573947144,10875.126811117554
forecast_7928,2025-11-27 08:00:00,16041.444905294802,17480.135298583984,13417.957985866547
forecast_7929,2025-11-27 09:00:00,14580.978585528566,16151.728540576172,13368.03441386795
forecast_7930,2025-11-27 10:00:00,13488.876711824036,16280.634209973145,13284.856959855271
forecast_7931,2025-11-27 11:00:00,15545.202584793093,17380.34287623596,14762.044543056489
forecast_7932,2025-11-27 12:00:00,16100.7658384552,17563.66722685242,15340.398021570589
forecast_7933,2025-11-27 13:00:00,15566.149617745972,18626.311962857057,15631.694002791597
forecast_7934,2025-11-27 14:00:00,16451.062993722535,18769.490248703005,16163.52603271103
forecast_7935,2025-11-27 15:00:00,17129.562768438722,18681.755297784424,15381.471231755066
forecast_7936,2025-11-27 16:00:00,17832.459802755737,19311.00631138916,16036.522721160889
forecast_7937,2025-11-27 17:00:00,18165.088137805178,19045.06854191589,15808.297096511842
forecast_7938,2025-11-27 18:00:00,18046.592480422973,19021.949613272096,15897.41643231354
forecast_7939,2025-11-27 19:00:00,18618.402845953373,19681.410018533326,14553.793624106598
forecast_7940,2025-11-27 20:00:00,18586.932440020755,19496.7443691803,14383.941417325594
forecast_7941,2025-11-27 21:00:00,17987.770232724,19007.84566600647,14405.785108513643
forecast_7942,2025-11-27 22:00:00,18082.426670318604,18741.629950405884,14216.348293302917
forecast_7943,2025-11-27 23:00:00,18266.16766315308,19050.1054686615,14897.89357767029
forecast_7944,2025-11-28 00:00:00,18272.717766687012,19150.532695825197,14937.1836775177
forecast_7945,2025-11-28 01:00:00,17820.537570504763,19025.103754058837,15800.916862904358
forecast_7946,2025-11-28 02:00:00,16660.517723144534,17707.484952157596,15350.891619425965
forecast_7947,2025-11-28 03:00:00,16994.455322961425,18084.048192193604,14799.150799589539
forecast_7948,2025-11-28 04:00:00,18108.156696298218,19043.333103634643,15278.790451439667
forecast_7949,2025-11-28 05:00:00,18041.893372622682,19022.98641174927,15070.07600465622
forecast_7950,2025-11-28 06:00:00,18154.341185809324,18504.420091320804,13993.96343549347
forecast_7951,2025-11-28 07:00:00,17378.41964131775,17588.77149282837,12476.630526013947
forecast_7952,2025-11-28 08:00:00,15891.636202651978,15920.77987438965,10601.502138475418
forecast_7953,2025-11-28 09:00:00,13267.835896395874,13752.078557730103,9097.666230120087
forecast_7954,2025-11-28 10:00:00,10524.334874221802,11037.250203546142,7052.261690347443
forecast_7955,2025-11-28 11:00:00,9586.257705868531,11032.103802890015,6361.814581889725
forecast_7956,2025-11-28 12:00:00,8959.111977754212,9991.854093493652,6334.121959902955
forecast_7957,2025-11-28 13:00:00,9027.01575817871,9659.945495683289,6061.659448819428
forecast_7958,2025-11-28 14:00:00,8417.407082347108,8854.699424981689,5570.775045851365
forecast_7959,2025-11-28 15:00:00,6831.328431069946,6647.7333113174445,3591.159013235703
forecast_7960,2025-11-28 16:00:00,6918.007700119018,6466.95039647461,3580.548260004349
forecast_7961,2025-11-28 17:00:00,7821.156464871216,7566.102399390259,3627.0859893492125
forecast_7962,2025-11-28 18:00:00,8353.812948997498,8123.5978890762335,4706.642898976898
forecast_7963,2025-11-28 19:00:00,7480.109337806702,6723.981905958557,3820.148929830933
forecast_7964,2025-11-28 20:00:00,7048.8829853790285,6093.390576676941,3149.078326135006
forecast_7965,2025-11-28 21:00:00,6568.284132697297,5322.888919414673,3027.1814381342506
forecast_7966,2025-11-28 22:00:00,6630.922634622193,5584.3604589668275,2933.365658420353
forecast_7967,2025-11-28 23:00:00,6565.260876418915,5586.374753728485,2855.0102046814154
forecast_7968,2025-11-29 00:00:00,6635.254966410828,5814.170704873963,3084.017894612827
forecast_7969,2025-11-29 01:00:00,5808.020367496338,5004.50967582779,2670.148469274464
forecast_7970,2025-11-29 02:00:00,6444.720806600342,5765.729793211364,2911.4503014736365
forecast_7971,2025-11-29 03:00:00,7857.469673224793,7221.713681742859,4267.210043026733
forecast_7972,2025-11-29 04:00:00,10441.696088433839,10379.88497557373,7114.68494414711
forecast_7973,2025-11-29 05:00:00,13076.600649597169,13568.920325872803,9121.574767413713
forecast_7974,2025-11-29 06:00:00,14145.194720629885,15293.982226834109,10477.903093939209
forecast_7975,2025-11-29 07:00:00,13455.923050482179,15070.884164718627,10390.203019774248
forecast_7976,2025-11-29 08:00:00,12721.757257229614,14253.628498101807,9540.525061613465
forecast_7977,2025-11-29 09:00:00,11635.794970877076,13767.082749346926,9131.354779894256
forecast_7978,2025-11-29 10:00:00,8944.131246461486,11323.648844540407,7155.620437524948
forecast_7979,2025-11-29 11:00:00,9292.34757747345,11513.512648709107,8557.00253712387
forecast_7980,2025-11-29 12:00:00,12201.625097415163,14206.012825051881,10554.306780614852
forecast_7981,2025-11-29 13:00:00,14903.236885742188,16258.49410551758,12488.004447194673
forecast_7982,2025-11-29 14:00:00,15884.75198310547,16959.152816555787,13209.825886190034
forecast_7983,2025-11-29 15:00:00,16905.911761087038,17432.965520996095,13645.29726626053
forecast_7984,2025-11-29 16:00:00,17763.555044760134,18348.670710040285,15479.00330493622
forecast_7985,2025-11-29 17:00:00,19359.72474581909,19619.643385888674,15993.70095382309
forecast_7986,2025-11-29 18:00:00,20227.436384140015,20384.657829400636,16960.285171398926
forecast_7987,2025-11-29 19:00:00,20862.02007579956,20634.0420504303,17328.906310447695
forecast_7988,2025-11-29 20:00:00,20851.805006756593,20769.59178919983,18588.235427684784
forecast_7989,2025-11-29 21:00:00,20944.900065335085,20953.425326531982,19687.468439982607
forecast_7990,2025-11-29 22:00:00,20863.6701790741,20930.90365770874,19604.054273843387
forecast_7991,2025-11-29 23:00:00,20898.88078183594,20821.364547476198,19533.561208787538
forecast_7992,2025-11-30 00:00:00,20580.50302095337,20702.601594515992,18295.27979509735
forecast_7993,2025-11-30 01:00:00,20417.578832455445,20396.98241810608,18400.652698829654
forecast_7994,2025-11-30 02:00:00,20250.586036849978,20355.104991223146,16859.020391710663
forecast_7995,2025-11-30 03:00:00,19693.416561019898,20039.762772811893,16255.041988487246
forecast_7996,2025-11-30 04:00:00,19196.159181451418,19667.225296203615,16132.507618325806
forecast_7997,2025-11-30 05:00:00,18053.011449249265,18826.82540585327,15607.88433154831
forecast_7998,2025-11-30 06:00:00,16084.856214163208,17284.945450576783,13525.617589308167
forecast_7999,2025-11-30 07:00:00,15454.62224210205,16268.805103012084,12636.271776986694
forecast_8000,2025-11-30 08:00:00,15062.473017089844,15858.198313293458,12368.674224813081
forecast_8001,2025-11-30 09:00:00,15116.910641165161,15551.974522808838,12249.660590097046
forecast_8002,2025-11-30 10:00:00,14421.199337646485,14951.088146789552,11791.36489016571
forecast_8003,2025-11-30 11:00:00,14238.858351913454,14919.525258383179,11510.249507670595
forecast_8004,2025-11-30 12:00:00,13597.71649121399,14062.29148940735,10799.157051408769
forecast_8005,2025-11-30 13:00:00,12715.772875656128,13063.829768972779,10198.70358791008
forecast_8006,2025-11-30 14:00:00,12166.965671119691,12958.135622189331,10134.703658810044
forecast_8007,2025-11-30 15:00:00,12184.92665461731,13310.499064688112,10110.110932256699
forecast_8008,2025-11-30 16:00:00,11961.775375686646,13292.309153512573,10608.087501611328
forecast_8009,2025-11-30 17:00:00,12996.777238128663,14781.34131289978,11465.185524646758
forecast_8010,2025-11-30 18:00:00,17074.088485809327,18565.8046793396,15395.887484775543
forecast_8011,2025-11-30 19:00:00,19138.598939746094,19983.697380767822,16989.75102381668
forecast_8012,2025-11-30 20:00:00,19676.573729849246,20334.207407611084,18258.321339933776
forecast_8013,2025-11-30 21:00:00,19813.34845522461,20595.38557940369,19219.17629509735
forecast_8014,2025-11-30 22:00:00,19929.247233050537,20610.873325857545,19149.250397867585
forecast_8015,2025-11-30 23:00:00,19542.8669836853,20494.966041107178,19119.120231520083
forecast_8016,2025-12-01 00:00:00,19634.003794396973,20607.362559381105,18693.274131877137
forecast_8017,2025-12-01 01:00:00,19434.174549057007,20565.490646936036,16391.376570455934
forecast_8018,2025-12-01 02:00:00,18863.353961193847,20265.04133439026,16206.116328863527
forecast_8019,2025-12-01 03:00:00,18605.96882752075,19907.5053578186,15911.313258017732
forecast_8020,2025-12-01 04:00:00,18894.51092765503,20145.544955456542,15469.28782730484
forecast_8021,2025-12-01 05:00:00,18890.862802349853,20148.24085153809,15845.76087546158
forecast_8022,2025-12-01 06:00:00,19477.820072268678,20373.853327041626,16244.188882582093
forecast_8023,2025-12-01 07:00:00,19748.283656173706,20271.156588616945,16109.119872121431
forecast_8024,2025-12-01 08:00:00,19444.21398121643,19865.214082946775,15862.310050357057
forecast_8025,2025-12-01 09:00:00,17375.346018890385,18341.022233493044,13595.452465901186
forecast_8026,2025-12-01 10:00:00,14980.943071212769,16122.363975653076,11452.92306875763
forecast_8027,2025-12-01 11:00:00,10527.261280911254,11359.37788488617,7405.300515392762
forecast_8028,2025-12-01 12:00:00,7625.914319256287,8154.012744911194,4515.540489564666
forecast_8029,2025-12-01 13:00:00,7439.630107434998,7046.205665823364,3481.5884633864594
forecast_8030,2025-12-01 14:00:00,6772.203937265015,6378.860876962128,3320.4707039797404
forecast_8031,2025-12-01 15:00:00,5719.005293597413,4754.6644360672,2418.2402798468593
forecast_8032,2025-12-01 16:00:00,4875.83951657486,4339.38651772583,2126.284423792744
forecast_8033,2025-12-01 17:00:00,5032.944317951965,4579.82860907135,2429.0075265374185
forecast_8034,2025-12-01 18:00:00,5576.498677374725,5003.938518301239,2948.5031045536043
forecast_8035,2025-12-01 19:00:00,7711.330081600952,7143.234205561828,4537.308797036743
forecast_8036,2025-12-01 20:00:00,9206.244666520692,9433.721482392884,5548.566082254792
forecast_8037,2025-12-01 21:00:00,10203.91335339203,10361.07027375946,6191.464703253174
forecast_8038,2025-12-01 22:00:00,11610.52031664734,12411.52215621338,7405.864819281388
forecast_8039,2025-12-01 23:00:00,12158.010150354005,13869.469352149965,8956.23862055855
forecast_8040,2025-12-02 00:00:00,13734.447517218017,15660.775155087282,10043.516095134353
forecast_8041,2025-12-02 01:00:00,14968.414513327029,16253.946608679202,11212.289351051713
forecast_8042,2025-12-02 02:00:00,15943.886376834107,17190.250202102663,12233.630394039155
forecast_8043,2025-12-02 03:00:00,17055.50923800659,17604.99449795227,13101.712519607545
forecast_8044,2025-12-02 04:00:00,16237.674965750124,17485.56995003052,12292.335671301269
forecast_8045,2025-12-02 05:00:00,16315.209323065188,17707.339758145143,12278.719335953521
forecast_8046,2025-12-02 06:00:00,15804.920498812868,17156.976202023317,11632.579720252228
forecast_8047,2025-12-02 07:00:00,13805.043336709596,14903.973211254883,9937.297110277177
forecast_8048,2025-12-02 08:00:00,12050.327699502564,13761.864993826295,9090.706764725877
forecast_8049,2025-12-02 09:00:00,9853.227223851014,12174.3925157959,7275.075838032913
forecast_8050,2025-12-02 10:00:00,7626.852670594788,9225.878439778138,4914.366037561341
forecast_8051,2025-12-02 11:00:00,8296.271958706664,8755.285670619203,4853.4905950103
forecast_8052,2025-12-02 12:00:00,10006.921076437378,10886.134886964417,6290.632841428833
forecast_8053,2025-12-02 13:00:00,10476.76481364441,10431.749915411378,6390.072350824738
forecast_8054,2025-12-02 14:00:00,11669.262058825683,12452.173483120729,8362.56081893692
forecast_8055,2025-12-02 15:00:00,12889.589164486695,13625.181345690919,9375.451134941482
forecast_8056,2025-12-02 16:00:00,14186.297333267212,14754.342186029055,11095.61573429184
forecast_8057,2025-12-02 17:00:00,15306.784310208132,16003.158041229248,11993.321704405213
forecast_8058,2025-12-02 18:00:00,16265.86213998413,17149.175337347413,13709.114321437837
forecast_8059,2025-12-02 19:00:00,16406.971209243777,17200.946701452638,13690.100184895326
forecast_8060,2025-12-02 20:00:00,16755.56082474976,17886.789790957642,14124.0067039711
forecast_8061,2025-12-02 21:00:00,16641.01967821655,17588.62969534912,14186.546900462343
forecast_8062,2025-12-02 22:00:00,16500.84751898804,17645.915722164915,14719.171560357667
forecast_8063,2025-12-02 23:00:00,16284.58935821228,17471.461520291137,14301.31202189026
forecast_8064,2025-12-03 00:00:00,16375.087480618287,17487.61749768982,13834.890653837587
forecast_8065,2025-12-03 01:00:00,16916.053739431765,17896.800977978513,15443.656375431063
forecast_8066,2025-12-03 02:00:00,17109.93848439026,18363.34871364441,15528.743064649963
forecast_8067,2025-12-03 03:00:00,16478.12847402344,17611.57051020203,14959.052931191254
forecast_8068,2025-12-03 04:00:00,16130.35458796692,17039.037853695678,14634.589887273409
forecast_8069,2025-12-03 05:00:00,15464.867607260132,16550.635456781005,13311.98146954422
forecast_8070,2025-12-03 06:00:00,15351.878288491822,17248.328106921388,12621.65711140747
forecast_8071,2025-12-03 07:00:00,15826.561807330323,17966.16600369873,12781.69360560074
forecast_8072,2025-12-03 08:00:00,15602.545180963134,17821.64296105347,12571.177109236907
forecast_8073,2025-12-03 09:00:00,16081.75650571289,18184.777252441407,13539.151989142609
forecast_8074,2025-12-03 10:00:00,16745.861583117676,18500.570942092898,13678.308267853547
forecast_8075,2025-12-03 11:00:00,16749.328194317626,18643.7323384552,13411.73632750702
forecast_8076,2025-12-03 12:00:00,17105.24790621338,19216.47501481018,13635.659422521974
forecast_8077,2025-12-03 13:00:00,16742.204370370484,19334.767686096195,14147.543098187256
forecast_8078,2025-12-03 14:00:00,17081.26187709961,19277.489341900633,14693.84446428757
forecast_8079,2025-12-03 15:00:00,16822.50197033081,18800.554214843753,14759.524917030336
forecast_8080,2025-12-03 16:00:00,16531.08377034912,19049.536466693116,14802.715085095979
forecast_8081,2025-12-03 17:00:00,16499.626086260985,18733.830202587895,14554.594091847992
forecast_8082,2025-12-03 18:00:00,16181.048089578248,17553.586735522462,13686.790905898286
forecast_8083,2025-12-03 19:00:00,15835.80968203125,16988.226228598025,13302.985202980042
forecast_8084,2025-12-03 20:00:00,15319.099749761963,17018.090403875733,13377.941400099182
forecast_8085,2025-12-03 21:00:00,15648.657635263062,17310.93416545105,13164.183120513917
forecast_8086,2025-12-03 22:00:00,16128.51362935791,17784.288257522585,13220.177767786408
forecast_8087,2025-12-03 23:00:00,17187.32516852722,18761.931479544066,13387.16331904297
forecast_8088,2025-12-04 00:00:00,16979.807268545534,18482.21387337952,12681.18119376831
forecast_8089,2025-12-04 01:00:00,16754.659455422974,18712.94522121887,13418.534475758363
forecast_8090,2025-12-04 02:00:00,17959.41115881958,19507.855684729006,13387.270421858979
forecast_8091,2025-12-04 03:00:00,18694.390107333376,19770.98619739075,13969.635035985566
forecast_8092,2025-12-04 04:00:00,19093.877103057865,19849.960902658084,14796.253738832092
forecast_8093,2025-12-04 05:00:00,19393.346109484864,19961.303159664916,15505.121860167696
forecast_8094,2025-12-04 06:00:00,19859.19025498047,20285.83206643372,15756.298613630677
forecast_8095,2025-12-04 07:00:00,20356.045189163207,20436.935686514284,15935.250938520814
forecast_8096,2025-12-04 08:00:00,20205.039882577516,20375.605209924317,15980.420134049225
forecast_8097,2025-12-04 09:00:00,18778.0528742218,19890.823628222657,15639.126443096162
forecast_8098,2025-12-04 10:00:00,15980.661990286257,18446.715033837892,13808.078057100678
forecast_8099,2025-12-04 11:00:00,14552.33200562134,16956.171114276123,12790.660962303162
forecast_8100,2025-12-04 12:00:00,13501.11039812317,15109.137499273682,11262.860522620773
forecast_8101,2025-12-04 13:00:00,13616.24475307312,14632.55759597168,10674.153126005936
forecast_8102,2025-12-04 14:00:00,12928.026677502443,14217.129836520386,9709.850711440278
forecast_8103,2025-12-04 15:00:00,12547.732554881288,13916.725339852906,9371.907391107561
forecast_8104,2025-12-04 16:00:00,13042.232216072083,14256.876789959717,10366.188356305312
forecast_8105,2025-12-04 17:00:00,13755.016800506593,15107.873263320924,11320.290015314866
forecast_8106,2025-12-04 18:00:00,15290.602570193483,16846.367572027586,13693.452689017868
forecast_8107,2025-12-04 19:00:00,15689.417763241578,17294.810737808228,15002.082206253815
forecast_8108,2025-12-04 20:00:00,16345.440170303345,17939.87385550232,15543.689325765228
forecast_8109,2025-12-04 21:00:00,16284.029391934206,17513.006326593015,15146.749787439729
forecast_8110,2025-12-04 22:00:00,15878.7845624115,17629.64040725708,13844.41091895981
forecast_8111,2025-12-04 23:00:00,15673.42352784729,16979.051538964843,14487.943440413666
forecast_8112,2025-12-05 00:00:00,15948.414471292115,16983.073087481687,14812.201272281647
forecast_8113,2025-12-05 01:00:00,15891.748603894044,16988.72134133606,14124.332242663575
forecast_8114,2025-12-05 02:00:00,16153.718704080202,17628.04468125,14769.05698910904
forecast_8115,2025-12-05 03:00:00,15631.573091534425,17064.175548171996,14193.642777566529
forecast_8116,2025-12-05 04:00:00,15807.59080994568,17503.66396940918,13611.007413325502
forecast_8117,2025-12-05 05:00:00,16137.055381744385,17809.417890765384,13354.644467326356
forecast_8118,2025-12-05 06:00:00,16517.61541204529,18502.276359817508,13494.794778127289
forecast_8119,2025-12-05 07:00:00,17704.054068258665,19172.878939016726,13605.050527731324
forecast_8120,2025-12-05 08:00:00,18821.63592559204,19704.552654815678,13618.421312747194
forecast_8121,2025-12-05 09:00:00,18456.124550860597,19474.154474844363,13829.84875065384
forecast_8122,2025-12-05 10:00:00,16597.50878580017,17348.260889617923,12842.785363806153
forecast_8123,2025-12-05 11:00:00,15255.480584600831,16517.56835708618,11932.090075982667
forecast_8124,2025-12-05 12:00:00,13278.287169772339,15146.124666098023,10860.960496432495
forecast_8125,2025-12-05 13:00:00,12676.102693807983,14228.988648660279,9982.124800146485
forecast_8126,2025-12-05 14:00:00,14533.897256356811,15990.995166595458,11740.345220261383
forecast_8127,2025-12-05 15:00:00,15801.884978790284,16966.410374273684,12303.086730227662
forecast_8128,2025-12-05 16:00:00,16883.93093612366,18262.703118945312,13357.16920384903
forecast_8129,2025-12-05 17:00:00,18358.702089236453,18734.15646134033,14767.056761284637
forecast_8130,2025-12-05 18:00:00,18969.58486508484,18639.156580413823,13882.717099710848
forecast_8131,2025-12-05 19:00:00,18346.84396428528,17601.091691378784,13287.455231104279
forecast_8132,2025-12-05 20:00:00,19520.772027697756,18627.06177336121,13666.454849858093
forecast_8133,2025-12-05 21:00:00,20018.92691185303,19223.46669640503,14507.97050782547
forecast_8134,2025-12-05 22:00:00,20239.884706729128,19593.508473510745,15044.263639052582
forecast_8135,2025-12-05 23:00:00,20710.304301873777,20019.234973791503,15579.296088955689
forecast_8136,2025-12-06 00:00:00,20862.99162456665,20342.261824334717,15739.20434822922
forecast_8137,2025-12-06 01:00:00,20826.132940124513,20326.722313513186,15550.7406379982
forecast_8138,2025-12-06 02:00:00,20947.939600515747,20539.99528140259,15990.940087770845
forecast_8139,2025-12-06 03:00:00,20890.2961107666,20563.199464117435,15959.129497615053
forecast_8140,2025-12-06 04:00:00,20765.810550677492,20353.70411121521,15876.463732666016
forecast_8141,2025-12-06 05:00:00,20593.713102804566,20265.22324584656,15972.702938642884
forecast_8142,2025-12-06 06:00:00,20564.548882040406,20204.70301624756,15678.285694962311
forecast_8143,2025-12-06 07:00:00,20521.25519274292,20128.446940069578,15307.001299197389
forecast_8144,2025-12-06 08:00:00,20411.059581375124,19947.375522448732,14683.719006767273
forecast_8145,2025-12-06 09:00:00,19585.27919703369,20066.016698178104,14780.276711585999
forecast_8146,2025-12-06 10:00:00,18415.666623599245,19567.426953137205,15354.237081947327
forecast_8147,2025-12-06 11:00:00,17642.12089017334,18839.35180362854,14600.42828889084
forecast_8148,2025-12-06 12:00:00,17161.44480986023,18281.86504421082,13812.170506890106
forecast_8149,2025-12-06 13:00:00,17260.88063935547,18118.399310317996,14600.85491090393
forecast_8150,2025-12-06 14:00:00,18025.322218902587,19094.080151000977,15556.55084319992
forecast_8151,2025-12-06 15:00:00,18499.521471139527,19603.82789724121,15959.37564825592
forecast_8152,2025-12-06 16:00:00,17817.128283499147,19126.773508663944,15938.125328135682
forecast_8153,2025-12-06 17:00:00,17385.193863400273,18486.45941980896,15822.492610429383
forecast_8154,2025-12-06 18:00:00,16686.987492636108,18193.265313864136,15542.134520819855
forecast_8155,2025-12-06 19:00:00,18085.838446029666,19459.39663371277,16141.662179827881
forecast_8156,2025-12-06 20:00:00,18855.569690682983,19884.525512695312,16243.181496715546
forecast_8157,2025-12-06 21:00:00,19476.987618344116,20203.66702493286,16440.534754945373
forecast_8158,2025-12-06 22:00:00,19543.57350198059,20197.90641557312,16458.906535325623
forecast_8159,2025-12-06 23:00:00,19617.829551724244,20355.254047537233,16562.34618376999
forecast_8160,2025-12-07 00:00:00,19670.921340042114,20298.0007984375,16478.38976450119
forecast_8161,2025-12-07 01:00:00,18426.67524350586,19600.487812417603,16021.987103071595
forecast_8162,2025-12-07 02:00:00,18295.203399551392,19521.480160052488,15954.421494272614
forecast_8163,2025-12-07 03:00:00,18597.723163339237,19687.57805908203,15944.077228654482
forecast_8164,2025-12-07 04:00:00,18757.66127182007,19648.870452444462,16050.793483517456
forecast_8165,2025-12-07 05:00:00,18776.91165763855,19730.705872610473,16045.834937890626
forecast_8166,2025-12-07 06:00:00,18859.453034283448,19663.0107383667,16134.161892744447
forecast_8167,2025-12-07 07:00:00,19120.337038494872,19911.293774517824,16111.100404880524
forecast_8168,2025-12-07 08:00:00,19294.012990200805,20134.700744573976,16040.074594812013
forecast_8169,2025-12-07 09:00:00,18793.3613566864,19572.82623521118,16139.154593888856
forecast_8170,2025-12-07 10:00:00,18331.174863357548,19317.120296545414,15836.276686727142
forecast_8171,2025-12-07 11:00:00,18329.537903814697,19096.866820846557,15729.44690814438
forecast_8172,2025-12-07 12:00:00,18060.409062561033,18912.07975612488,15607.236984155274
forecast_8173,2025-12-07 13:00:00,18282.576773883055,19056.226055072024,15650.654417510988
forecast_8174,2025-12-07 14:00:00,18429.729905517575,19220.11884604187,15690.312622707366
forecast_8175,2025-12-07 15:00:00,18791.511743444826,19563.742170809935,16017.404285556795
forecast_8176,2025-12-07 16:00:00,19188.993806002807,20086.69960522766,16129.41952243576
forecast_8177,2025-12-07 17:00:00,18929.99127550049,20123.985639871215,16129.34387138672
forecast_8178,2025-12-07 18:00:00,18868.837636755372,19863.667497390747,16030.052657193759
forecast_8179,2025-12-07 19:00:00,18732.849909155273,19828.605734048462,16033.307267651368
forecast_8180,2025-12-07 20:00:00,18485.58035684204,19596.669417333986,15849.985780380252
forecast_8181,2025-12-07 21:00:00,18447.748562634275,19488.091341354368,15766.86461722641
forecast_8182,2025-12-07 22:00:00,18726.36569826355,19510.081104019166,15644.761930389404
forecast_8183,2025-12-07 23:00:00,18416.76906508179,19587.781441415405,15395.173507585909
forecast_8184,2025-12-08 00:00:00,18188.449317053222,19219.03175876465,15143.545820861817
forecast_8185,2025-12-08 01:00:00,18082.73381829224,19163.96408771057,15342.135250094605
forecast_8186,2025-12-08 02:00:00,17798.853826815794,18794.607165185545,15007.933033119203
forecast_8187,2025-12-08 03:00:00,17548.794322647096,18710.4494467865,13821.762302201081
forecast_8188,2025-12-08 04:00:00,16959.980823620608,17949.23700739441,13431.605728652192
forecast_8189,2025-12-08 05:00:00,15659.78581625061,16391.104275939942,12001.952782162476
forecast_8190,2025-12-08 06:00:00,15031.182725607301,15670.953329434204,10803.825747388459
forecast_8191,2025-12-08 07:00:00,13769.901698883057,14527.041320837403,10178.271497273636
forecast_8192,2025-12-08 08:00:00,12141.720477989198,13722.086527832033,8922.387610297395
forecast_8193,2025-12-08 09:00:00,11376.558318562316,12479.13012315674,7853.240320726777
forecast_8194,2025-12-08 10:00:00,10437.001143437195,11536.603198159792,6969.401492273789
forecast_8195,2025-12-08 11:00:00,7226.9223495977785,7418.691329313965,3707.088556559525
forecast_8196,2025-12-08 12:00:00,5691.322382305298,5472.291780173645,2578.1190003840447
forecast_8197,2025-12-08 13:00:00,5224.89121576233,4327.037072193909,2168.6780350650215
forecast_8198,2025-12-08 14:00:00,5186.063210506439,4563.81871787262,2204.6011552604677
forecast_8199,2025-12-08 15:00:00,5929.281486877441,5185.368222523499,2530.749280569439
forecast_8200,2025-12-08 16:00:00,6769.549285897828,5858.28945652771,2822.3408113316345
forecast_8201,2025-12-08 17:00:00,7795.067289614563,7344.5366440490725,4736.021724825363
forecast_8202,2025-12-08 18:00:00,11165.447234724426,11735.81520141907,8060.677198832245
forecast_8203,2025-12-08 19:00:00,12488.435250534058,13952.761623202516,10023.272009554292
forecast_8204,2025-12-08 20:00:00,14309.119343988037,15834.184494857787,11299.72466330147
forecast_8205,2025-12-08 21:00:00,15632.821465307617,16940.857106826785,11746.432764815141
forecast_8206,2025-12-08 22:00:00,15795.007016342162,16696.98700696411,11450.167721531296
forecast_8207,2025-12-08 23:00:00,15051.620068786622,16320.666536880495,11222.547598408126
forecast_8208,2025-12-09 00:00:00,15104.26877241211,16469.945429040527,10831.874280324937
forecast_8209,2025-12-09 01:00:00,14194.964742385864,15757.968324905396,9969.087247221374
forecast_8210,2025-12-09 02:00:00,15590.529557626343,17162.189672729495,11621.216123723983
forecast_8211,2025-12-09 03:00:00,16235.695214068604,17967.235306277467,11728.72704682808
forecast_8212,2025-12-09 04:00:00,16182.000397497559,17943.608442523197,11674.238838249588
forecast_8213,2025-12-09 05:00:00,15835.433746795654,17750.289514712524,11325.975437416459
forecast_8214,2025-12-09 06:00:00,16233.621094628907,17975.895588690186,11892.528967599488
forecast_8215,2025-12-09 07:00:00,16969.05879377747,18592.043098980714,12647.061764239503
forecast_8216,2025-12-09 08:00:00,18036.288858840944,19195.594660165407,13527.697399633791
forecast_8217,2025-12-09 09:00:00,17636.711325924683,19018.731089208988,13342.809880300141
forecast_8218,2025-12-09 10:00:00,16115.57587998352,18126.51965743408,12745.915161444093
forecast_8219,2025-12-09 11:00:00,15841.381310769655,17974.769315612793,12795.265138935853
forecast_8220,2025-12-09 12:00:00,13959.367174288942,16333.567293029786,11531.86671112442
forecast_8221,2025-12-09 13:00:00,13271.300305029297,15274.288230691529,10632.461491654587
forecast_8222,2025-12-09 14:00:00,13227.726580776978,14849.204534054566,10412.631569642639
forecast_8223,2025-12-09 15:00:00,13202.690351550293,14287.789010226441,10012.613837925339
forecast_8224,2025-12-09 16:00:00,12550.702291607668,13951.382834695434,9685.210516901778
forecast_8225,2025-12-09 17:00:00,13284.592065856934,14471.957232696535,10675.781970803833
forecast_8226,2025-12-09 18:00:00,14837.296202725222,16260.593462680054,11904.79406785965
forecast_8227,2025-12-09 19:00:00,15486.410521417238,17284.200827127075,12144.918946945954
forecast_8228,2025-12-09 20:00:00,15236.306644204713,16248.59269309082,11413.833633473969
forecast_8229,2025-12-09 21:00:00,13995.469966659548,15644.999632058716,10543.052100039291
forecast_8230,2025-12-09 22:00:00,14170.84972112732,15258.26541968689,10202.477173656845
forecast_8231,2025-12-09 23:00:00,13869.152836880494,14563.678850610353,10071.434336125563
forecast_8232,2025-12-10 00:00:00,13712.40754893799,14660.115265490724,9853.028751791764
forecast_8233,2025-12-10 01:00:00,12902.034532736207,13924.711242263795,9488.547267430498
forecast_8234,2025-12-10 02:00:00,14003.742667108156,15390.292775726319,10467.982720350266
forecast_8235,2025-12-10 03:00:00,15628.662855056762,17618.775696960452,12230.14472054367
forecast_8236,2025-12-10 04:00:00,15537.404346795654,16981.824281439207,12175.244277671052
forecast_8237,2025-12-10 05:00:00,15056.847657708742,16847.358120474244,11191.690504633332
forecast_8238,2025-12-10 06:00:00,14563.518832717897,16391.560474954225,11082.215599859619
forecast_8239,2025-12-10 07:00:00,15073.461118362427,16610.183624343874,10744.91451487198
forecast_8240,2025-12-10 08:00:00,14238.545305984497,16196.309837307741,10833.096988488007
forecast_8241,2025-12-10 09:00:00,15256.400870925905,16386.49072935486,10707.185244134522
forecast_8242,2025-12-10 10:00:00,13014.69775283661,14486.774222186279,9613.697703678896
forecast_8243,2025-12-10 11:00:00,11958.511205833434,13832.045615774536,9605.73304900055
forecast_8244,2025-12-10 12:00:00,12119.69285815735,13717.975568844606,9459.854169400787
forecast_8245,2025-12-10 13:00:00,12024.45981526947,13407.740124423219,9176.526155699157
forecast_8246,2025-12-10 14:00:00,11969.639792002868,13281.29104796753,8950.74358686943
forecast_8247,2025-12-10 15:00:00,9222.112217045593,10290.817068434144,6123.479107313538
forecast_8248,2025-12-10 16:00:00,7903.025459266663,8803.008188049316,5401.940546893692
forecast_8249,2025-12-10 17:00:00,7875.38299209137,9037.962242242433,5204.77839186821
forecast_8250,2025-12-10 18:00:00,7310.392132339478,9341.431310574342,5012.3650463290405
forecast_8251,2025-12-10 19:00:00,9843.519723277283,12010.94996239624,7246.135959548722
forecast_8252,2025-12-10 20:00:00,10341.1967145813,12120.74559055481,7806.183889334641
forecast_8253,2025-12-10 21:00:00,12419.507559429932,14487.743736129762,9546.647433471298
forecast_8254,2025-12-10 22:00:00,14391.552416690065,16443.880650253297,11674.52794713478
forecast_8255,2025-12-10 23:00:00,15918.038522061159,17842.664644903565,13228.314384165193
forecast_8256,2025-12-11 00:00:00,15632.86161237488,17409.698258154298,12847.227395326234
forecast_8257,2025-12-11 01:00:00,17779.026748739627,19115.294819335937,15373.629401604463
forecast_8258,2025-12-11 02:00:00,17727.24846159363,19268.945121603392,14755.253232224275
forecast_8259,2025-12-11 03:00:00,19252.341269174198,19971.167165652463,16275.706105887604
forecast_8260,2025-12-11 04:00:00,19871.021473080444,20318.730056359866,16372.210711197664
forecast_8261,2025-12-11 05:00:00,20136.527877853394,20703.844941949465,16521.059296670534
forecast_8262,2025-12-11 06:00:00,19860.94213975525,20567.134858892823,16454.581485514835
forecast_8263,2025-12-11 07:00:00,19194.95938522339,20460.258616577146,16401.83876403122
forecast_8264,2025-12-11 08:00:00,17898.09504426575,19129.8971416626,15690.882588310242
forecast_8265,2025-12-11 09:00:00,16048.103347204591,18530.726800537108,15162.211713053895
forecast_8266,2025-12-11 10:00:00,16552.801006942747,18361.262765039064,15264.088854032136
forecast_8267,2025-12-11 11:00:00,16378.121346884154,17673.10832749939,13695.782686024475
forecast_8268,2025-12-11 12:00:00,15278.341449630738,16565.087889575196,12932.916503575898
forecast_8269,2025-12-11 13:00:00,13315.86288626404,14530.57518633728,9925.95377566948
forecast_8270,2025-12-11 14:00:00,12847.603942871094,13551.101908605959,9033.818199290086
forecast_8271,2025-12-11 15:00:00,12483.021323484803,12913.111397729494,8544.811441728973
forecast_8272,2025-12-11 16:00:00,12796.097032334901,13437.212493280029,9191.598135091019
forecast_8273,2025-12-11 17:00:00,13326.061196510316,14185.479097784424,9790.293855872727
forecast_8274,2025-12-11 18:00:00,13847.320020196534,14830.089107586671,10373.360422609328
forecast_8275,2025-12-11 19:00:00,12769.40323663788,13561.357652049257,8778.510289185717
forecast_8276,2025-12-11 20:00:00,10031.17874832306,11105.018137751771,6472.003013445512
forecast_8277,2025-12-11 21:00:00,5059.005494102325,4386.9336835758595,1659.7277746642494
forecast_8278,2025-12-11 22:00:00,3676.2007476348876,3728.1408128091434,1087.9969600000002
forecast_8279,2025-12-11 23:00:00,3437.3380043813327,3853.6725945471194,1280.5922294153022
forecast_8280,2025-12-12 00:00:00,2921.5061254508973,3108.1125582525638,1196.825964662075
forecast_8281,2025-12-12 01:00:00,1968.4556735443116,1973.201844036522,747.2529082976799
forecast_8282,2025-12-12 02:00:00,2014.3930476001742,1917.4558400000003,791.9835160739251
forecast_8283,2025-12-12 03:00:00,1752.7586823498536,1720.5113600000002,924.88597224329
forecast_8284,2025-12-12 04:00:00,1757.8467623415374,1939.9352285844425,742.3203133507882
forecast_8285,2025-12-12 05:00:00,1783.722213234253,1987.1774151998522,755.784014962906
forecast_8286,2025-12-12 06:00:00,2051.844443169632,2225.1629842271423,754.9461857304802
forecast_8287,2025-12-12 07:00:00,1978.013205727005,2004.1639763142016,734.8675497337495
forecast_8288,2025-12-12 08:00:00,1669.4393577807236,1753.5276361330034,601.8883487534142
forecast_8289,2025-12-12 09:00:00,1280.6374400000002,1413.3424000000002,511.71296000000007
forecast_8290,2025-12-12 10:00:00,1408.8603932678225,1445.66624,455.286
forecast_8291,2025-12-12 11:00:00,1390.4630579787063,1367.3615200000002,460.27304000000004
forecast_8292,2025-12-12 12:00:00,1174.2681887172223,1172.2484000000002,455.16645600000004
forecast_8293,2025-12-12 13:00:00,1058.4471136397933,1074.2032653496935,307.750904
forecast_8294,2025-12-12 14:00:00,1005.0801255871868,1040.5619199999999,304.27976
forecast_8295,2025-12-12 15:00:00,1091.334265159111,1152.9429932759476,307.750904
forecast_8296,2025-12-12 16:00:00,1203.6643789055634,1253.1223409009933,318.74288
forecast_8297,2025-12-12 17:00:00,1448.0517746069336,1363.1947976276779,293.67343999999997
forecast_8298,2025-12-12 18:00:00,1819.3176611392594,1630.7693486346818,320.614576
forecast_8299,2025-12-12 19:00:00,2010.8327734598543,1672.1609098443987,339.834496
forecast_8300,2025-12-12 20:00:00,2262.13143469017,1908.5430187615584,455.16645600000004
forecast_8301,2025-12-12 21:00:00,2733.899315190506,2487.6365130184936,582.961472
forecast_8302,2025-12-12 22:00:00,3031.13444508049,2459.4516683546067,752.76368
forecast_8303,2025-12-12 23:00:00,2944.643988096848,2800.9022944189073,894.20496
forecast_8304,2025-12-13 00:00:00,3501.0108176181798,3526.139389473877,1106.9858412073327
forecast_8305,2025-12-13 01:00:00,3620.470155238114,3749.0520077891542,1290.228901110096
forecast_8306,2025-12-13 02:00:00,3756.333096398163,4040.216503385163,1379.3353331650924
forecast_8307,2025-12-13 03:00:00,3609.8373997740937,3436.9194023130804,1179.1662379435159
forecast_8308,2025-12-13 04:00:00,5035.840577924194,5282.565286232605,1907.3581477007865
forecast_8309,2025-12-13 05:00:00,4525.412829734498,5087.815994349671,1952.2133182270243
forecast_8310,2025-12-13 06:00:00,4936.610697915039,5135.683111010438,1869.8264799545098
forecast_8311,2025-12-13 07:00:00,5465.896665162659,5858.033760644532,2384.400649053288
forecast_8312,2025-12-13 08:00:00,5712.270107455445,6426.279335404206,2637.3076597836875
forecast_8313,2025-12-13 09:00:00,4103.223694694214,4012.1565017053226,1736.0346866552927
forecast_8314,2025-12-13 10:00:00,3178.478478824234,3184.8460788267516,1109.2173470173836
forecast_8315,2025-12-13 11:00:00,2540.897903037796,2241.0662268383408,827.4468800000001
forecast_8316,2025-12-13 12:00:00,2506.245887136383,2524.0142803585436,741.2330400000001
forecast_8317,2025-12-13 13:00:00,1826.5751494856263,1758.9382720866015,610.1630528282739
forecast_8318,2025-12-13 14:00:00,1682.2665732154082,1768.0327737156297,738.4358029825974
forecast_8319,2025-12-13 15:00:00,1694.9747958448029,1734.1818908493042,522.7324885344888
forecast_8320,2025-12-13 16:00:00,2250.8935345348355,2202.3641741378788,732.1685596870118
forecast_8321,2025-12-13 17:00:00,2545.978730757065,2863.590389830017,765.8097739412651
forecast_8322,2025-12-13 18:00:00,3557.8667885983277,3831.380654472161,1372.3804921317292
forecast_8323,2025-12-13 19:00:00,3593.709751192093,4071.988988292236,1276.4377960345842
forecast_8324,2025-12-13 20:00:00,4103.295023424378,4742.200429550324,1780.0626540228845
forecast_8325,2025-12-13 21:00:00,4015.1049522926332,4725.89692133667,1755.085452282963
forecast_8326,2025-12-13 22:00:00,5919.545672052154,7485.285053845826,4329.05990440178
forecast_8327,2025-12-13 23:00:00,7026.005906448975,9354.027819622803,5347.2983273838045
forecast_8328,2025-12-14 00:00:00,10152.29884323883,12397.858015597536,7876.439402779771
forecast_8329,2025-12-14 01:00:00,14142.9109118042,15344.629398687744,11390.81608348999
forecast_8330,2025-12-14 02:00:00,15136.343474621583,16333.84420135498,12019.323369128419
forecast_8331,2025-12-14 03:00:00,15401.019022640992,16526.38836451111,11711.146957276535
forecast_8332,2025-12-14 04:00:00,15155.228516018678,16660.656544888305,12358.216292768098
forecast_8333,2025-12-14 05:00:00,15479.795391384889,17000.44593245545,12878.580595318605
forecast_8334,2025-12-14 06:00:00,15812.914495907593,17565.111227340698,12996.756407933808
forecast_8335,2025-12-14 07:00:00,16529.6052603302,18456.08465700684,14071.21361098938
forecast_8336,2025-12-14 08:00:00,16560.021325833128,18342.934870611574,13843.828038154603
forecast_8337,2025-12-14 09:00:00,16184.98119946289,17559.305252014157,13184.087191566468
forecast_8338,2025-12-14 10:00:00,15405.179405886842,16641.003594345093,12541.117455339432
forecast_8339,2025-12-14 11:00:00,14844.176452819825,16034.994030020142,11786.438883318711
forecast_8340,2025-12-14 12:00:00,14020.878173129273,15324.973017468263,11503.70393233452
forecast_8341,2025-12-14 13:00:00,13350.626834315492,14545.574032702636,10620.946848840713
forecast_8342,2025-12-14 14:00:00,12233.372633760071,13136.27663569336,8820.10414108963
forecast_8343,2025-12-14 15:00:00,11778.38759753418,12513.970407861329,8643.773772112276
forecast_8344,2025-12-14 16:00:00,12331.251629611208,13062.694744430542,9345.35250544014
forecast_8345,2025-12-14 17:00:00,13045.916286975098,14416.666990997315,10296.364833016205
forecast_8346,2025-12-14 18:00:00,14333.448117666627,16278.894632598878,12016.52689945526
forecast_8347,2025-12-14 19:00:00,15323.731833840944,17605.63189279175,13254.333012622072
forecast_8348,2025-12-14 20:00:00,15820.41111972046,18120.775175775147,13710.827564739991
forecast_8349,2025-12-14 21:00:00,16123.899388995364,18397.36025812378,14191.88278298569
forecast_8350,2025-12-14 22:00:00,16382.55469928589,18470.86283415222,14590.443991868591
forecast_8351,2025-12-14 23:00:00,16275.40596105652,18516.946888885497,14407.568440125275
forecast_8352,2025-12-15 00:00:00,17555.040719979857,19026.41275461731,14490.111714040375
forecast_8353,2025-12-15 01:00:00,17519.263317312623,19121.957628100587,14159.98671903
forecast_8354,2025-12-15 02:00:00,17993.700908914187,19742.77362083435,15071.833172409059
forecast_8355,2025-12-15 03:00:00,18189.956623269652,19715.79374840088,14911.812676873016
forecast_8356,2025-12-15 04:00:00,18241.05847846985,19610.24292413025,14758.49439595108
forecast_8357,2025-12-15 05:00:00,18296.303141275028,19374.82665987549,13950.389654174041
forecast_8358,2025-12-15 06:00:00,18078.488394744872,18979.27472284851,13378.770397776796
forecast_8359,2025-12-15 07:00:00,18160.399708810426,19127.458001626586,13650.169254618835
forecast_8360,2025-12-15 08:00:00,17756.48333970337,18645.307105545045,13090.509603193665
forecast_8361,2025-12-15 09:00:00,17521.754382202147,18334.723063073732,11982.864646630098
forecast_8362,2025-12-15 10:00:00,16094.64916263428,17480.07705070801,10989.606024897386
forecast_8363,2025-12-15 11:00:00,13855.016740428162,15986.37388265381,10788.29775099411
forecast_8364,2025-12-15 12:00:00,11948.586922608949,13860.206623199463,9113.510048485183
forecast_8365,2025-12-15 13:00:00,11726.307595556642,12655.860270820618,8591.699922221374
forecast_8366,2025-12-15 14:00:00,14458.444540002441,15490.358385195923,10775.712117494584
forecast_8367,2025-12-15 15:00:00,14485.10093704834,15606.796756832886,11460.362448237229
forecast_8368,2025-12-15 16:00:00,15984.874613366701,17034.32560088196,12324.878223420716
forecast_8369,2025-12-15 17:00:00,17741.02511893616,18751.0570858551,14097.102352380372
forecast_8370,2025-12-15 18:00:00,18735.087318710328,19614.259902279664,15318.983776239014
forecast_8371,2025-12-15 19:00:00,18978.56779859314,19718.578463595582,15513.868178138735
forecast_8372,2025-12-15 20:00:00,19146.1204365387,19633.908747985843,15327.743548329163
forecast_8373,2025-12-15 21:00:00,18571.041259796144,19360.437350717162,15131.104139613344
forecast_8374,2025-12-15 22:00:00,18266.612030184937,19170.93408388367,14179.452350960542
forecast_8375,2025-12-15 23:00:00,17250.12482806702,18580.02023229981,12730.018175889589
forecast_8376,2025-12-16 00:00:00,16606.969729888915,17983.044254589844,11904.67186903801
forecast_8377,2025-12-16 01:00:00,16662.511515396116,18001.332908386234,11749.257981319428
forecast_8378,2025-12-16 02:00:00,15873.136502319336,17086.969970239257,10887.280745406342
forecast_8379,2025-12-16 03:00:00,14887.544692175294,16870.38483636475,10414.607380321122
forecast_8380,2025-12-16 04:00:00,13818.188884326173,15576.817165652465,10500.477726495363
forecast_8381,2025-12-16 05:00:00,12491.700208804323,14452.779890457154,10326.76835103035
forecast_8382,2025-12-16 06:00:00,12271.076441674806,14020.00495558777,9817.336717138673
forecast_8383,2025-12-16 07:00:00,12188.864184719849,13909.622656747437,9677.42048196373
forecast_8384,2025-12-16 08:00:00,11680.556264758301,13593.612902633668,9543.450769131852
forecast_8385,2025-12-16 09:00:00,11189.603740145874,12614.646649087525,9151.822649132157
forecast_8386,2025-12-16 10:00:00,11201.648906636048,12463.025699261474,8711.177555233764
forecast_8387,2025-12-16 11:00:00,10958.956286853028,12737.909031298828,8863.329992192077
forecast_8388,2025-12-16 12:00:00,10790.769207333375,12896.556339233399,8800.569386768722
forecast_8389,2025-12-16 13:00:00,11526.573589346313,13287.372163061525,9195.762953430938
forecast_8390,2025-12-16 14:00:00,11447.448133468628,13173.044905285646,8641.912718830872
forecast_8391,2025-12-16 15:00:00,10438.06112611084,12286.522546374512,7820.71651655777
forecast_8392,2025-12-16 16:00:00,11254.012894717407,12936.52021048279,8585.26981361313
forecast_8393,2025-12-16 17:00:00,10471.381420024109,11717.829236849975,8384.31836811409
forecast_8394,2025-12-16 18:00:00,8874.296779716493,9754.231117636107,6718.784901860734
forecast_8395,2025-12-16 19:00:00,7432.6530664772035,8405.140938482666,6046.230767369842
forecast_8396,2025-12-16 20:00:00,7288.586528424073,8323.292378779603,5384.0536879146575
forecast_8397,2025-12-16 21:00:00,7843.325510180054,9010.32967850647,6112.9869234127045
forecast_8398,2025-12-16 22:00:00,6131.745361253052,7236.76397960022,4363.259593869114
forecast_8399,2025-12-16 23:00:00,5685.35763302887,6290.255843167724,3398.6016153331757
forecast_8400,2025-12-17 00:00:00,6704.92253745636,6889.420678499756,3673.265313063431
forecast_8401,2025-12-17 01:00:00,9410.208067686464,11155.292960702514,8499.464102918626
forecast_8402,2025-12-17 02:00:00,9363.511168902589,11111.135655593873,7774.063660595933
forecast_8403,2025-12-17 03:00:00,9005.093019125366,10483.190468630983,7614.081447361756
forecast_8404,2025-12-17 04:00:00,8006.845054016724,8771.705055322265,5870.7011422554015
forecast_8405,2025-12-17 05:00:00,7885.302821489869,8823.271389416503,5296.4610785417935
forecast_8406,2025-12-17 06:00:00,7393.48065037384,8030.522271478272,4965.2852738983165
forecast_8407,2025-12-17 07:00:00,6761.739251674805,7194.08133692627,4891.418564537049
forecast_8408,2025-12-17 08:00:00,6491.942743997192,6731.620678286744,3535.3432393943785
forecast_8409,2025-12-17 09:00:00,5831.969841714478,6202.069487330017,3187.0553881056217
forecast_8410,2025-12-17 10:00:00,5315.444883914185,5767.094116870117,2658.066472305527
forecast_8411,2025-12-17 11:00:00,5512.455881417847,5616.281502223205,2667.265126436081
forecast_8412,2025-12-17 12:00:00,5741.87150205719,5908.210489430237,2518.919358881989
forecast_8413,2025-12-17 13:00:00,5377.028010671997,4955.832979677429,2262.432337478104
forecast_8414,2025-12-17 14:00:00,4689.932064440156,4220.618349948883,1833.448997567978
forecast_8415,2025-12-17 15:00:00,4076.000285180054,3583.039328579407,1495.5774886860847
forecast_8416,2025-12-17 16:00:00,3286.587886272888,2799.1601203962705,1178.9172569872094
forecast_8417,2025-12-17 17:00:00,3829.881504792023,3199.114307354889,1300.5795916254233
forecast_8418,2025-12-17 18:00:00,4619.388609089661,4100.410762623596,1850.335443492527
forecast_8419,2025-12-17 19:00:00,4855.063240945435,4209.570087732544,1942.8016353943635
forecast_8420,2025-12-17 20:00:00,6168.003546799469,5468.448607173157,2968.5778808498385
forecast_8421,2025-12-17 21:00:00,7152.539521939392,6722.108538967896,3410.0368647931673
forecast_8422,2025-12-17 22:00:00,8322.27506411438,8253.007675247194,5031.538868546295
forecast_8423,2025-12-17 23:00:00,9099.31063667755,9059.159453874207,5270.89905506897
forecast_8424,2025-12-18 00:00:00,9487.482774638367,9532.83635592804,5897.6660880020145
forecast_8425,2025-12-18 01:00:00,13306.05068585968,14326.582378912353,9227.604626758195
forecast_8426,2025-12-18 02:00:00,14439.265629864502,15099.40124610901,10063.095231124116
forecast_8427,2025-12-18 03:00:00,14846.922689376832,16149.834829861451,10540.201229003525
forecast_8428,2025-12-18 04:00:00,14305.68610074463,15731.475273205568,9779.94829739647
forecast_8429,2025-12-18 05:00:00,14446.269644656371,15103.23759657898,9582.696776934816
forecast_8430,2025-12-18 06:00:00,14156.517986932375,14579.623164398196,9358.571165690231
forecast_8431,2025-12-18 07:00:00,13560.150616821289,13586.937668823244,8823.785469905091
forecast_8432,2025-12-18 08:00:00,12423.51699335785,12681.70415684204,8265.844417171098
forecast_8433,2025-12-18 09:00:00,10846.774442762757,10451.783749531556,6102.435537552872
forecast_8434,2025-12-18 10:00:00,8740.901900657653,8747.46053230896,5033.433926252365
forecast_8435,2025-12-18 11:00:00,7209.765942977295,6780.376806137086,4133.035593102799
forecast_8436,2025-12-18 12:00:00,5712.84919312439,5886.262053244629,3070.72046052063
forecast_8437,2025-12-18 13:00:00,4827.8026846597295,4823.637838795472,2375.1542328647615
forecast_8438,2025-12-18 14:00:00,4724.803498441773,4591.262715668183,2177.966311336899
forecast_8439,2025-12-18 15:00:00,4682.793204423524,4469.6867056289675,2124.458023962345
forecast_8440,2025-12-18 16:00:00,5734.491517007446,5565.5957315979,2186.2444922522927
forecast_8441,2025-12-18 17:00:00,7089.214468962098,6098.207249924012,3381.4940727491
forecast_8442,2025-12-18 18:00:00,6938.599092451477,6657.516129360963,3706.2464294391634
forecast_8443,2025-12-18 19:00:00,6613.875035696412,6641.795436947632,3267.091938050461
forecast_8444,2025-12-18 20:00:00,6877.223596826478,6986.317422311707,3832.3332293006897
forecast_8445,2025-12-18 21:00:00,8616.219107444764,9185.85908700409,5372.570041794586
forecast_8446,2025-12-18 22:00:00,11482.245644609071,11711.062958862305,7702.08426212349
forecast_8447,2025-12-18 23:00:00,12800.976877482606,13789.520453274537,9135.350404035187
forecast_8448,2025-12-19 00:00:00,13891.468187860108,15093.165791906738,9933.528831792068
forecast_8449,2025-12-19 01:00:00,16439.584079293825,17439.68398553467,12711.297236239625
forecast_8450,2025-12-19 02:00:00,16316.667696130373,17902.61065527344,12887.21166892395
forecast_8451,2025-12-19 03:00:00,16435.77795209045,18000.564446340944,12628.44076550293
forecast_8452,2025-12-19 04:00:00,16430.900910733035,17920.66289104004,12414.29669532013
forecast_8453,2025-12-19 05:00:00,17144.948348861697,17600.802792126466,12783.270985153198
forecast_8454,2025-12-19 06:00:00,17089.791542639163,18293.588843188474,13774.470854607393
forecast_8455,2025-12-19 07:00:00,17650.471823425294,18519.43953824768,14339.796280812836
forecast_8456,2025-12-19 08:00:00,17626.290252493287,18314.28803529358,14287.768199090577
forecast_8457,2025-12-19 09:00:00,17773.18544147339,18458.77197858887,14454.452356482696
forecast_8458,2025-12-19 10:00:00,17896.367883529663,18781.03880044556,15499.24137916794
forecast_8459,2025-12-19 11:00:00,17569.01072536316,19246.533469644164,15758.985757746887
forecast_8460,2025-12-19 12:00:00,17673.390529998782,19376.138265908812,15928.060424786378
forecast_8461,2025-12-19 13:00:00,17315.896980960082,19117.90942220154,15799.818901164246
forecast_8462,2025-12-19 14:00:00,17920.805165249636,19149.813181814578,16133.628518395997
forecast_8463,2025-12-19 15:00:00,18358.04155852356,19684.755930157473,16189.796048416138
forecast_8464,2025-12-19 16:00:00,18411.481834512328,19455.50929284058,16215.836663835908
forecast_8465,2025-12-19 17:00:00,17630.626577780153,19195.89237502136,15720.037516038514
forecast_8466,2025-12-19 18:00:00,18448.251380551148,19515.393990686036,16157.255846919252
forecast_8467,2025-12-19 19:00:00,18231.576313217163,19550.873820428467,16023.77592992325
forecast_8468,2025-12-19 20:00:00,18625.800239791868,19751.463948931887,16207.928325252535
forecast_8469,2025-12-19 21:00:00,17851.17324640503,19400.574836364747,15905.477064982606
forecast_8470,2025-12-19 22:00:00,17896.108338623046,19364.45015673523,15869.104227136231
forecast_8471,2025-12-19 23:00:00,16980.041009994507,18965.342849267578,15402.894512187959
forecast_8472,2025-12-20 00:00:00,16365.175693328856,18441.5782248291,13882.934151113892
forecast_8473,2025-12-20 01:00:00,16132.265842703247,18275.37938520508,13462.500234695435
forecast_8474,2025-12-20 02:00:00,14841.786282824709,17516.517357403565,12514.741786003113
forecast_8475,2025-12-20 03:00:00,14738.558875106814,17418.003819677735,12121.518388694001
forecast_8476,2025-12-20 04:00:00,14535.925858889772,17259.993920095825,12269.607973226928
forecast_8477,2025-12-20 05:00:00,14889.739811550904,16910.339172827153,12045.88648306427
forecast_8478,2025-12-20 06:00:00,14834.581324560548,16549.669096496582,12177.494831771088
forecast_8479,2025-12-20 07:00:00,14198.283080215455,16117.215443276978,12118.11680974045
forecast_8480,2025-12-20 08:00:00,13625.657029556276,15871.967086715698,11667.198076216126
forecast_8481,2025-12-20 09:00:00,13674.794820187379,16018.038695681762,11881.962430834199
forecast_8482,2025-12-20 10:00:00,13469.767756967165,15684.628441192628,12026.246099385833
forecast_8483,2025-12-20 11:00:00,13173.270538345338,15471.593560534668,11724.875394562148
forecast_8484,2025-12-20 12:00:00,13793.15113112793,16367.988243713378,12472.936479561615
forecast_8485,2025-12-20 13:00:00,14975.894771130372,17473.02580857849,13063.646373661042
forecast_8486,2025-12-20 14:00:00,13630.126638108826,16222.768336907959,12509.785492950821
forecast_8487,2025-12-20 15:00:00,12591.524288096618,15094.851462631226,10940.403500352097
forecast_8488,2025-12-20 16:00:00,11835.781257798768,14898.605085910036,10757.560459000779
forecast_8489,2025-12-20 17:00:00,12755.0733874115,15231.640393359376,11177.976832456588
forecast_8490,2025-12-20 18:00:00,12737.322809664918,14757.624198986818,10697.365667702867
forecast_8491,2025-12-20 19:00:00,12650.980472122194,14881.475369186403,10011.666160330584
forecast_8492,2025-12-20 20:00:00,11522.52798577881,13373.012201562502,8877.563322616195
forecast_8493,2025-12-20 21:00:00,10266.00953561554,11925.087206793214,7859.789121214295
forecast_8494,2025-12-20 22:00:00,10954.480520028686,13174.009493267824,9221.141480089187
forecast_8495,2025-12-20 23:00:00,12469.804550881958,14096.470678894044,9895.88249829979
forecast_8496,2025-12-21 00:00:00,15966.662834759523,16503.583453878782,12162.046705519104
forecast_8497,2025-12-21 01:00:00,19500.09205312195,19593.409124639893,15347.5873873909
forecast_8498,2025-12-21 02:00:00,19367.708031170656,19676.19755213013,15203.95610904541
forecast_8499,2025-12-21 03:00:00,18842.481989364624,19885.210968322754,15315.6066804451
forecast_8500,2025-12-21 04:00:00,19440.009282897947,20320.363009527588,14805.490837889862
forecast_8501,2025-12-21 05:00:00,19484.44638991394,20368.00942640991,14372.092334014895
forecast_8502,2025-12-21 06:00:00,18612.876428253177,19981.64271456909,13781.93337497101
forecast_8503,2025-12-21 07:00:00,18152.14129971924,19198.525581372072,12944.984009473419
forecast_8504,2025-12-21 08:00:00,17988.998626150515,18863.926815515137,12863.27285634842
forecast_8505,2025-12-21 09:00:00,16162.920827355958,17281.02147803955,12010.513546360778
forecast_8506,2025-12-21 10:00:00,15268.66200350647,16187.28032229309,10915.435370983125
forecast_8507,2025-12-21 11:00:00,13972.110816876222,15207.321185736086,10234.62600551567
forecast_8508,2025-12-21 12:00:00,13247.062659655763,14460.238703100586,9696.637700602341
forecast_8509,2025-12-21 13:00:00,11897.852758605957,13304.057035836791,8635.333502002333
forecast_8510,2025-12-21 14:00:00,9644.928684951783,10110.2361381073,4915.138787254409
forecast_8511,2025-12-21 15:00:00,7633.8432308883675,6741.796233277589,3044.2655440334324
forecast_8512,2025-12-21 16:00:00,5135.027025538635,4851.600528335572,2258.379839701767
forecast_8513,2025-12-21 17:00:00,4740.884425637818,4231.543302363587,1771.5224502175713
forecast_8514,2025-12-21 18:00:00,4689.311162831116,3985.9624068702697,1743.8954867640496
forecast_8515,2025-12-21 19:00:00,4533.0946446319585,3666.16111526413,1803.638311585064
forecast_8516,2025-12-21 20:00:00,3936.116844081955,3329.6997928746036,1529.0475892645072
forecast_8517,2025-12-21 21:00:00,3417.422532490921,2596.24233161541,1193.253873387394
forecast_8518,2025-12-21 22:00:00,2834.574726006851,2269.9257704080583,1111.5143194731331
forecast_8519,2025-12-21 23:00:00,2293.3662155807497,2047.61168409832,895.2465727440072
forecast_8520,2025-12-22 00:00:00,1921.3495112184908,1626.3732000692369,622.1845791550942
forecast_8521,2025-12-22 01:00:00,2279.1684057406233,1852.2875492905046,855.8625157001534
forecast_8522,2025-12-22 02:00:00,2240.427558095169,1878.8866386209488,821.5884901470375
forecast_8523,2025-12-22 03:00:00,1997.7235373328401,1621.0702354665757,750.1857830429459
forecast_8524,2025-12-22 04:00:00,1784.4714516218567,1570.9531661595536,552.3467218067283
forecast_8525,2025-12-22 05:00:00,1763.31567155571,1549.5368388441086,550.830395263054
forecast_8526,2025-12-22 06:00:00,1742.6832906884003,1565.5436322904588,616.1587055838586
forecast_8527,2025-12-22 07:00:00,1702.569048504715,1548.1799016027453,550.5655404944611
forecast_8528,2025-12-22 08:00:00,1722.418143857422,1522.7721624682235,545.760274979725
forecast_8529,2025-12-22 09:00:00,1538.4766930062106,1481.4900882213974,533.0699081751252
forecast_8530,2025-12-22 10:00:00,1136.4729453199386,1236.311471766777,393.57292800000005
forecast_8531,2025-12-22 11:00:00,1093.5866968924713,1215.3914776934814,393.57292800000005
forecast_8532,2025-12-22 12:00:00,1083.5055619544983,1175.653263329277,320.614576
forecast_8533,2025-12-22 13:00:00,1024.9992890641784,1050.681205098381,293.67343999999997
forecast_8534,2025-12-22 14:00:00,1011.1678372309303,1060.8556317513658,304.27976
forecast_8535,2025-12-22 15:00:00,1005.5632568881607,1041.9435017351916,290.202272
forecast_8536,2025-12-22 16:00:00,1028.3199232731724,1158.9673586303331,306.53712
forecast_8537,2025-12-22 17:00:00,1376.2879372429659,1341.0083736086656,407.6504
forecast_8538,2025-12-22 18:00:00,1751.5579233909227,1598.2285495357896,429.13164
forecast_8539,2025-12-22 19:00:00,1840.8887710819627,1583.0865404958727,446.52064
forecast_8540,2025-12-22 20:00:00,2034.9572586117554,1795.7986541080095,485.698288
forecast_8541,2025-12-22 21:00:00,2371.408616406479,2151.4357796865465,723.8386531885338
forecast_8542,2025-12-22 22:00:00,3546.509089212799,3360.258275048256,1131.2446392562106
forecast_8543,2025-12-22 23:00:00,2829.9571447106937,2715.240815682068,1131.4031200842285
forecast_8544,2025-12-23 00:00:00,3116.0359785177234,3033.12048,1196.8477779473685
forecast_8545,2025-12-23 01:00:00,4866.300632850647,4784.134143139649,1711.8497549546623
forecast_8546,2025-12-23 02:00:00,5560.162164720154,5842.720819187165,1961.8492243891717
forecast_8547,2025-12-23 03:00:00,6266.263553692627,6323.839768559723,2615.781068844471
forecast_8548,2025-12-23 04:00:00,5039.2160164950565,4936.172679901123,2058.6736650071525
forecast_8549,2025-12-23 05:00:00,5582.006682384033,5514.361203561402,2714.2045163443568
forecast_8550,2025-12-23 06:00:00,5924.295183973694,6458.085468845673,2771.5330658077432
forecast_8551,2025-12-23 07:00:00,5718.090294924928,6031.631759488679,2907.1600037378885
forecast_8552,2025-12-23 08:00:00,5238.404297379303,5549.73745753479,2468.2450085144997
forecast_8553,2025-12-23 09:00:00,5688.978167550965,6478.510853273773,2916.4980506344605
forecast_8554,2025-12-23 10:00:00,5756.549762948762,6411.398050561829,3218.46377866026
forecast_8555,2025-12-23 11:00:00,7156.52617893219,7989.5594852188115,4649.326926151505
forecast_8556,2025-12-23 12:00:00,7592.536438774872,9994.41987053833,5380.607857239152
forecast_8557,2025-12-23 13:00:00,7208.868316493225,9453.870332034303,4370.312543513031
forecast_8558,2025-12-23 14:00:00,6187.471986983643,7810.288991860963,2962.637461880417
forecast_8559,2025-12-23 15:00:00,6034.14594300293,7087.192486535645,3056.741100830765
forecast_8560,2025-12-23 16:00:00,5275.221042705536,6052.436661712647,2865.4485536199186
forecast_8561,2025-12-23 17:00:00,6256.004054646912,7678.780145809937,3711.345036604691
forecast_8562,2025-12-23 18:00:00,8368.240866942138,10229.193996368409,5705.89111007286
forecast_8563,2025-12-23 19:00:00,10139.471745829773,12090.490193133546,8169.418598466873
forecast_8564,2025-12-23 20:00:00,10604.568855535888,13686.8377789917,8264.695192383959
forecast_8565,2025-12-23 21:00:00,10454.294242424012,13642.976012701416,7866.102782724686
forecast_8566,2025-12-23 22:00:00,10936.38517937317,14463.092779327393,8002.006694099427
forecast_8567,2025-12-23 23:00:00,10089.32818291626,12888.057385723878,7729.166137869186
forecast_8568,2025-12-24 00:00:00,9876.131338310242,12940.862760162354,7575.190831098556
forecast_8569,2025-12-24 01:00:00,7557.347995326233,9274.077528578186,5242.627300902634
forecast_8570,2025-12-24 02:00:00,6889.17961580597,8231.302275621034,4098.620024256134
forecast_8571,2025-12-24 03:00:00,5297.051165073395,5689.706602951355,2402.9271394474026
forecast_8572,2025-12-24 04:00:00,4910.851425838623,5312.725317817078,2117.0098371628383
forecast_8573,2025-12-24 05:00:00,4251.456464603424,4522.50228350525,1736.910863994732
forecast_8574,2025-12-24 06:00:00,3554.2482782855986,3455.153684375763,1130.3039650027658
forecast_8575,2025-12-24 07:00:00,3090.188358724823,2859.2348434140017,1057.1284462524604
forecast_8576,2025-12-24 08:00:00,2144.171717102051,2109.8641817184453,704.8469408734703
forecast_8577,2025-12-24 09:00:00,1652.881080819397,1841.4848596069337,595.1036927551842
forecast_8578,2025-12-24 10:00:00,1222.9667811584093,1271.1749501957322,428.3181784485817
forecast_8579,2025-12-24 11:00:00,1235.0147404652787,1288.5687687103652,411.5194283894539
forecast_8580,2025-12-24 12:00:00,1252.5375101361467,1314.5616007584763,418.6424
forecast_8581,2025-12-24 13:00:00,1294.685041758957,1374.7658505392076,418.6424
forecast_8582,2025-12-24 14:00:00,1349.091055143738,1439.995051195488,444.02516906232836
forecast_8583,2025-12-24 15:00:00,1517.825218259964,1557.1897505401994,584.3152974910164
forecast_8584,2025-12-24 16:00:00,1510.3603722718813,1593.4978275553513,618.8303401420212
forecast_8585,2025-12-24 17:00:00,1380.5804689961242,1506.7133195913698,542.9366228913307
forecast_8586,2025-12-24 18:00:00,1429.9285875308992,1509.216409994049,511.2931579143105
forecast_8587,2025-12-24 19:00:00,1449.0505335257722,1459.0387599279786,482.96998538663865
forecast_8588,2025-12-24 20:00:00,1543.4950136001587,1633.2133504118347,640.0190830114175
forecast_8589,2025-12-24 21:00:00,1720.8742474382782,1779.4004448504638,661.8484879953576
forecast_8590,2025-12-24 22:00:00,1786.5342447193148,1862.7620414985658,685.2911941784096
forecast_8591,2025-12-24 23:00:00,1884.2177752229309,2118.5408468911746,887.0507743275643
forecast_8592,2025-12-25 00:00:00,2867.449940699005,3008.4016664764404,1409.9933395529174
forecast_8593,2025-12-25 01:00:00,3156.44954573288,2757.3226205545047,1338.7013270884513
forecast_8594,2025-12-25 02:00:00,4275.684566877441,3769.7617266638185,1915.852431071396
forecast_8595,2025-12-25 03:00:00,5040.263379904175,4545.231770419921,2570.9707744905854
forecast_8596,2025-12-25 04:00:00,7177.498194786378,7297.842489416504,3963.8344632795715
forecast_8597,2025-12-25 05:00:00,8636.365049356842,8856.89047279358,5482.161061499787
forecast_8598,2025-12-25 06:00:00,9107.640873875427,10811.403222338868,5846.048354500199
forecast_8599,2025-12-25 07:00:00,12222.308766012575,13901.061112588503,8459.886405836867
forecast_8600,2025-12-25 08:00:00,13248.474488461305,14916.091101823426,9634.677305970765
forecast_8601,2025-12-25 09:00:00,13816.150455696108,15573.865228161621,10704.244955062486
forecast_8602,2025-12-25 10:00:00,14216.750779405214,15509.681224081422,11307.82334035492
forecast_8603,2025-12-25 11:00:00,14682.742023718261,15748.168219818117,11356.429675392534
forecast_8604,2025-12-25 12:00:00,14848.105045724487,15130.144598266603,11240.724251403046
forecast_8605,2025-12-25 13:00:00,14868.666016262818,15369.825332070925,11141.870432803345
forecast_8606,2025-12-25 14:00:00,15258.121689297486,15511.543301794434,11039.58678852234
forecast_8607,2025-12-25 15:00:00,15644.090240719604,16119.621283898925,11449.777890641786
forecast_8608,2025-12-25 16:00:00,15896.153458773806,16162.56982209778,12111.248572257233
forecast_8609,2025-12-25 17:00:00,15952.593831646729,17164.19670882263,12706.461669688417
forecast_8610,2025-12-25 18:00:00,15817.468925552368,17050.908359649657,13153.652967501068
forecast_8611,2025-12-25 19:00:00,15944.114871524049,17419.87893791809,13118.84711632843
forecast_8612,2025-12-25 20:00:00,16216.0696960907,18072.859690524292,13658.05934012909
forecast_8613,2025-12-25 21:00:00,16752.60135524597,18626.705413116455,13600.143488845826
forecast_8614,2025-12-25 22:00:00,16625.818092135618,18438.361819833375,13585.97950678711
forecast_8615,2025-12-25 23:00:00,17269.95457067871,19078.052398843385,13682.166031492616
forecast_8616,2025-12-26 00:00:00,17786.273588107302,19593.035683651735,13739.498382667542
forecast_8617,2025-12-26 01:00:00,16960.38527338257,18936.174947213745,13601.776087188722
forecast_8618,2025-12-26 02:00:00,16373.199198648072,17868.963958209228,12582.678482637788
forecast_8619,2025-12-26 03:00:00,15980.646408056642,18274.171945422364,11589.407082221986
forecast_8620,2025-12-26 04:00:00,15796.926385586548,17947.383683770753,11359.438411903382
forecast_8621,2025-12-26 05:00:00,15976.150489022828,17668.821710458375,10540.893579029465
forecast_8622,2025-12-26 06:00:00,15934.32279930725,17669.44913487549,10488.445190233231
forecast_8623,2025-12-26 07:00:00,15712.24914320984,17733.640509524535,10434.13180014534
forecast_8624,2025-12-26 08:00:00,15419.544639608765,17018.645931939696,10398.473237083816
forecast_8625,2025-12-26 09:00:00,15823.08354032898,17142.488415820313,10648.19286238327
forecast_8626,2025-12-26 10:00:00,14357.242504605103,16108.924682427978,11035.908676656723
forecast_8627,2025-12-26 11:00:00,12516.05683260193,14769.145564385988,9831.455845321274
forecast_8628,2025-12-26 12:00:00,11680.31403456421,13375.642690579225,8903.252398475648
forecast_8629,2025-12-26 13:00:00,11360.549877035523,12414.177799453735,8227.516725729753
forecast_8630,2025-12-26 14:00:00,11751.751152641298,12598.463664627076,8338.496184587097
forecast_8631,2025-12-26 15:00:00,11482.970549720765,12177.486232751466,8151.56886622963
forecast_8632,2025-12-26 16:00:00,11728.467971258546,12924.20416183777,8317.011884172058
forecast_8633,2025-12-26 17:00:00,13264.1962196167,14535.887390948486,10064.505050135422
forecast_8634,2025-12-26 18:00:00,13620.983264886476,15017.680149468993,10442.849861501694
forecast_8635,2025-12-26 19:00:00,14244.30309987488,15746.300693154908,10279.5956711483
forecast_8636,2025-12-26 20:00:00,15717.853140374757,16851.862354156496,11282.96114259491
forecast_8637,2025-12-26 21:00:00,16726.566576010133,17935.226270056155,12562.150295539857
forecast_8638,2025-12-26 22:00:00,17633.43804231262,18868.81983648071,12860.816874889373
forecast_8639,2025-12-26 23:00:00,17538.358591384887,18621.12531054688,12782.171433870697
forecast_8640,2025-12-27 00:00:00,17987.91005847168,18602.81386329956,12814.410654682923
forecast_8641,2025-12-27 01:00:00,19234.153520391847,19872.97639993286,13580.870162776948
forecast_8642,2025-12-27 02:00:00,19157.504182305907,19786.057191357424,13550.638202597047
forecast_8643,2025-12-27 03:00:00,18964.069347109988,19837.80259095459,13376.464410533905
forecast_8644,2025-12-27 04:00:00,19113.30983881836,20034.709906481934,13509.03242562256
forecast_8645,2025-12-27 05:00:00,18413.939187289427,19633.516791488648,13250.982375290681
forecast_8646,2025-12-27 06:00:00,18546.033109191896,19733.835289309693,13275.075859161378
forecast_8647,2025-12-27 07:00:00,18584.18261398621,19705.155504675295,13147.216153044892
forecast_8648,2025-12-27 08:00:00,18529.874635342407,19840.291686077882,13424.70610098877
forecast_8649,2025-12-27 09:00:00,17731.59571857605,18973.51289798889,13055.871732331085
forecast_8650,2025-12-27 10:00:00,14858.15745519104,16504.059517248537,11571.359195806885
forecast_8651,2025-12-27 11:00:00,14409.621097052002,15878.325358642578,11333.968032706453
forecast_8652,2025-12-27 12:00:00,14890.544430630493,16419.56832855835,12071.459299067688
forecast_8653,2025-12-27 13:00:00,15858.804686889649,17561.81535733032,12847.973371113587
forecast_8654,2025-12-27 14:00:00,15795.868298406982,17370.924716705325,12879.964275767517
forecast_8655,2025-12-27 15:00:00,15898.0932130188,17584.88256440735,13030.119736382294
forecast_8656,2025-12-27 16:00:00,15816.74507402954,17207.607783279418,13511.540617969513
forecast_8657,2025-12-27 17:00:00,16535.39809762268,18769.232980319215,15345.612465524293
forecast_8658,2025-12-27 18:00:00,17396.17006506958,19417.007651116946,15925.434314065553
forecast_8659,2025-12-27 19:00:00,17898.84122137451,19694.544020932008,15980.185534999086
forecast_8660,2025-12-27 20:00:00,18071.439654971313,19677.271039978026,15697.313110597992
forecast_8661,2025-12-27 21:00:00,18961.092021069337,20229.658368621826,15862.881063573455
forecast_8662,2025-12-27 22:00:00,19210.19841341858,20424.84049312744,16000.264430957031
forecast_8663,2025-12-27 23:00:00,19093.480444506837,20395.2879696167,15987.651064904023
forecast_8664,2025-12-28 00:00:00,18881.670899801633,20302.85529902649,15590.779252572633
forecast_8665,2025-12-28 01:00:00,20210.314910821533,20824.110195928955,16095.652733457948
forecast_8666,2025-12-28 02:00:00,20300.21563243103,20866.8943513855,16148.130871598816
forecast_8667,2025-12-28 03:00:00,20639.562302120972,20831.080688742066,16123.575799843598
forecast_8668,2025-12-28 04:00:00,20836.0329752594,20831.672532867433,16140.6567436203
forecast_8669,2025-12-28 05:00:00,20807.822089364625,20785.504538534547,16134.197468153383
forecast_8670,2025-12-28 06:00:00,20737.152122787476,20748.0053785553,16099.070100941468
forecast_8671,2025-12-28 07:00:00,20683.60989025879,20708.640190136717,16030.506436260224
forecast_8672,2025-12-28 08:00:00,20308.374400650024,20714.083245480346,16021.251218463134
forecast_8673,2025-12-28 09:00:00,19558.125007928465,20508.685318557742,15977.299414061737
forecast_8674,2025-12-28 10:00:00,19171.72399888611,20062.86095604248,15813.1081244133
forecast_8675,2025-12-28 11:00:00,17950.782037838748,19369.74414693909,14418.881463642883
forecast_8676,2025-12-28 12:00:00,17536.379923596192,18744.8382363739,13915.18634681778
forecast_8677,2025-12-28 13:00:00,15836.166326263428,17598.799927410888,12952.769852137757
forecast_8678,2025-12-28 14:00:00,14371.145201559448,16178.92921141968,11785.633964933777
forecast_8679,2025-12-28 15:00:00,14645.704894522096,16184.556193878174,12117.796380521393
forecast_8680,2025-12-28 16:00:00,15554.652568234254,16657.022376013185,13003.136126031495
forecast_8681,2025-12-28 17:00:00,16455.82273299866,17275.399688217163,14260.105714042664
forecast_8682,2025-12-28 18:00:00,15904.965878036499,16856.55588302612,13454.261139948274
forecast_8683,2025-12-28 19:00:00,15548.723877041626,16251.045546081543,12746.31365325699
forecast_8684,2025-12-28 20:00:00,15160.404080401611,16431.432069268798,13087.499995290374
forecast_8685,2025-12-28 21:00:00,15965.625991806031,17098.54230930481,13432.8306484581
forecast_8686,2025-12-28 22:00:00,16604.468460165408,17787.05205449219,14613.159733091736
forecast_8687,2025-12-28 23:00:00,16893.002670327758,18279.120706408692,14654.390247418214
forecast_8688,2025-12-29 00:00:00,17810.47646374512,18973.50125863037,15195.650229262545
forecast_8689,2025-12-29 01:00:00,17847.421731262206,19273.121717187503,15529.008395907593
forecast_8690,2025-12-29 02:00:00,18325.49242048645,19339.890232351685,15514.410849839784
forecast_8691,2025-12-29 03:00:00,18890.429472335818,19649.80518620911,15754.13426138382
forecast_8692,2025-12-29 04:00:00,18732.326399966434,19644.061695785524,15709.422542279053
forecast_8693,2025-12-29 05:00:00,18597.215291140747,19649.7057519928,16131.006201267242
forecast_8694,2025-12-29 06:00:00,19110.658818066404,19848.83850510559,15844.891783120729
forecast_8695,2025-12-29 07:00:00,19253.93774704895,19907.799250057986,15900.41170106125
forecast_8696,2025-12-29 08:00:00,19403.27073634033,20028.91652255249,16109.537392261505
forecast_8697,2025-12-29 09:00:00,19103.00071642151,19829.680468484497,15933.031495851137
forecast_8698,2025-12-29 10:00:00,18619.2722399231,19479.210051229857,15639.652466719055
forecast_8699,2025-12-29 11:00:00,18650.111446121216,19601.670329040528,15657.951989006044
forecast_8700,2025-12-29 12:00:00,18743.199128335575,19543.729066085816,15861.725768365479
forecast_8701,2025-12-29 13:00:00,18103.729126916503,19004.429424359132,15032.41190675583
forecast_8702,2025-12-29 14:00:00,17604.64638728943,18417.60009081726,15206.420792797851
forecast_8703,2025-12-29 15:00:00,16626.89018355713,17878.96026522217,15022.640107707979
forecast_8704,2025-12-29 16:00:00,17650.225902822876,18298.940215020753,15450.322322595217
forecast_8705,2025-12-29 17:00:00,18015.039542123413,18880.638359710694,15567.065475270843
forecast_8706,2025-12-29 18:00:00,17789.47868071289,18389.93703957214,15046.720222788239
forecast_8707,2025-12-29 19:00:00,17039.3380521698,18089.71199276123,13884.898486598206
forecast_8708,2025-12-29 20:00:00,16308.868328497316,17471.46812383118,13536.942842275239
forecast_8709,2025-12-29 21:00:00,15698.582979943849,17094.798591070554,13447.203763667298
forecast_8710,2025-12-29 22:00:00,15557.149090829469,16881.514831134034,12987.70087468567
forecast_8711,2025-12-29 23:00:00,14992.809731594849,16381.549713912966,12377.131321647645
forecast_8712,2025-12-30 00:00:00,14686.792839016724,16433.514697381594,11889.487440309907
forecast_8713,2025-12-30 01:00:00,12904.311189276123,14324.346910079956,10331.266239476014
forecast_8714,2025-12-30 02:00:00,12920.148967318726,14329.620229699707,10366.860949628448
forecast_8715,2025-12-30 03:00:00,13888.930977087402,14802.83271543579,10383.969145103456
forecast_8716,2025-12-30 04:00:00,14524.37909067688,15121.455277661133,11321.687598003387
forecast_8717,2025-12-30 05:00:00,13946.254039569092,14371.229413745117,10356.286082447052
forecast_8718,2025-12-30 06:00:00,13394.876573114016,14054.162667852783,9638.964621313477
forecast_8719,2025-12-30 07:00:00,12928.013153787231,14091.991670690919,9509.9932161541
forecast_8720,2025-12-30 08:00:00,11987.868270425415,12861.20172685547,8704.909009694291
forecast_8721,2025-12-30 09:00:00,10527.42399562378,12168.298588745118,7563.492054423142
forecast_8722,2025-12-30 10:00:00,10010.962699349975,10562.644876507567,5886.625012521362
forecast_8723,2025-12-30 11:00:00,10315.989808743287,10719.408840657043,6098.992056137467
forecast_8724,2025-12-30 12:00:00,11593.293824359132,12327.702576321411,7981.401576179886
forecast_8725,2025-12-30 13:00:00,11748.443599256896,11662.0743297699,7365.998736371995
forecast_8726,2025-12-30 14:00:00,12305.15659681244,12384.732499331665,8279.246083160018
forecast_8727,2025-12-30 15:00:00,13044.444969561768,12898.931748706054,8579.76004307518
forecast_8728,2025-12-30 16:00:00,13277.182841299438,13340.156098352052,9215.85053139992
forecast_8729,2025-12-30 17:00:00,12951.390251139834,12990.761525140382,8926.056292338944
forecast_8730,2025-12-30 18:00:00,12433.910568492127,12248.724610302736,8859.679664519881
forecast_8731,2025-12-30 19:00:00,12710.055041390991,12977.356560144042,9477.951221883774
forecast_8732,2025-12-30 20:00:00,13217.364622055054,14000.278007992554,9962.013961696244
forecast_8733,2025-12-30 21:00:00,14201.90819840088,14973.079364367677,11443.747997081377
forecast_8734,2025-12-30 22:00:00,14454.336775018312,15508.132872564698,11620.125133837128
forecast_8735,2025-12-30 23:00:00,14564.554016452028,15735.589183706667,11839.58041507263
forecast_8736,2025-12-31 00:00:00,14547.71569342041,15348.526599053956,12051.282300508119
forecast_8737,2025-12-31 01:00:00,16070.31906192627,16915.68821956787,13145.356677050018
forecast_8738,2025-12-31 02:00:00,16331.849177059936,17291.289349542236,13761.755706092074
forecast_8739,2025-12-31 03:00:00,16313.913433572388,16966.347050692748,13392.274845252992
forecast_8740,2025-12-31 04:00:00,15641.805479589844,16545.759018978883,13143.115479424287
forecast_8741,2025-12-31 05:00:00,15384.397007302858,16457.51729666748,12301.844916964721
forecast_8742,2025-12-31 06:00:00,15243.866754660034,16444.138646658328,12480.59032404251
forecast_8743,2025-12-31 07:00:00,15076.243461480713,16152.514337203982,11857.074536505128
forecast_8744,2025-12-31 08:00:00,14852.823836019897,15812.200080352784,11495.173825246047
forecast_8745,2025-12-31 09:00:00,14191.910272366333,15200.466336566162,10260.195861386872
forecast_8746,2025-12-31 10:00:00,13070.877476429749,14161.62801836853,9794.889674311065
forecast_8747,2025-12-31 11:00:00,11646.083381947326,13389.275299353028,9217.532538946914
forecast_8748,2025-12-31 12:00:00,11181.663352165224,12617.331108041382,8637.144118432236
forecast_8749,2025-12-31 13:00:00,11245.834074130249,11672.197382644654,8175.784032104873
forecast_8750,2025-12-31 14:00:00,11336.984345726012,11218.382293255616,7716.376592908478
forecast_8751,2025-12-31 15:00:00,11478.554274211121,11754.776100338746,8173.178230002213
forecast_8752,2025-12-31 16:00:00,12025.861554003906,12163.707297351075,8863.002050049592
forecast_8753,2025-12-31 17:00:00,11432.646394799804,11951.19980847168,8432.463279870986
forecast_8754,2025-12-31 18:00:00,11430.799407063294,12397.681719085695,8699.90941546631
forecast_8755,2025-12-31 19:00:00,12206.785136207582,13518.707308703613,9200.368697234728
forecast_8756,2025-12-31 20:00:00,13512.653768464661,14645.679847366335,10317.021030624772
forecast_8757,2025-12-31 21:00:00,14245.31981012726,15714.116668670655,10625.384546266938
forecast_8758,2025-12-31 22:00:00,14698.493401852418,16401.40545364075,11257.714810832214
forecast_8759,2025-12-31 23:00:00,14821.833709823608,16703.777913095095,11306.708006186676
forecast_8760,2026-01-01 00:00:00,14898.721721194459,17150.48011378479,11528.445572502138
